session_id,page,element,x,y,device
S000001,product_detail,coupon_banner,827,210,app
S000002,product_detail,main_image,406,441,desktop
S000002,product_detail,main_image,496,823,desktop
S000002,product_detail,thumbnails,135,730,desktop
S000002,product_detail,main_image,336,589,desktop
S000002,product_detail,main_image,343,517,desktop
S000003,product_detail,size_chart,834,709,app
S000003,product_detail,main_image,323,106,app
S000004,product_detail,main_image,413,733,mobile
S000004,product_detail,main_image,255,748,mobile
S000004,product_detail,reviews_tab,645,1250,mobile
S000004,product_detail,size_chart,855,701,mobile
S000004,product_detail,add_to_cart,1017,925,mobile
S000004,product_detail,reviews_tab,890,1250,mobile
S000004,product_detail,size_chart,811,711,mobile
S000008,product_detail,wishlist,1151,966,desktop
S000008,product_detail,main_image,386,498,desktop
S000009,product_detail,main_image,447,444,app
S000009,product_detail,main_image,388,674,app
S000009,product_detail,main_image,560,255,app
S000010,product_detail,reviews_tab,794,1224,mobile
S000010,product_detail,reviews_tab,616,1246,mobile
S000010,product_detail,add_to_cart,805,905,mobile
S000010,product_detail,main_image,477,556,mobile
S000011,product_detail,wishlist,1125,929,desktop
S000011,product_detail,main_image,592,658,desktop
S000011,product_detail,main_image,395,284,desktop
S000011,product_detail,reviews_tab,701,1234,desktop
S000013,product_detail,main_image,392,761,mobile
S000014,product_detail,main_image,420,230,mobile
S000014,product_detail,reviews_tab,832,1263,mobile
S000015,product_detail,reviews_tab,967,1281,desktop
S000016,product_detail,size_chart,944,712,mobile
S000016,product_detail,main_image,332,336,mobile
S000017,product_detail,main_image,343,567,mobile
S000019,product_detail,wishlist,1108,912,mobile
S000019,product_detail,reviews_tab,694,1239,mobile
S000021,product_detail,size_chart,878,726,mobile
S000021,product_detail,size_chart,912,704,mobile
S000021,product_detail,size_chart,832,700,mobile
S000021,product_detail,wishlist,1156,955,mobile
S000021,product_detail,main_image,270,280,mobile
S000022,product_detail,main_image,506,450,app
S000023,product_detail,main_image,206,634,mobile
S000023,product_detail,size_chart,968,722,mobile
S000023,product_detail,add_to_cart,912,941,mobile
S000025,product_detail,add_to_cart,1163,911,app
S000026,product_detail,add_to_cart,936,879,app
S000026,product_detail,main_image,596,549,app
S000026,product_detail,thumbnails,74,800,app
S000026,product_detail,add_to_cart,1076,887,app
S000027,product_detail,detail_text,432,1407,desktop
S000027,product_detail,wishlist,1141,929,desktop
S000027,product_detail,reviews_tab,620,1237,desktop
S000027,product_detail,wishlist,1171,926,desktop
S000029,product_detail,main_image,383,572,mobile
S000030,product_detail,detail_text,379,1951,mobile
S000030,product_detail,detail_text,799,2275,mobile
S000030,product_detail,main_image,415,190,mobile
S000030,product_detail,reviews_tab,791,1238,mobile
S000032,product_detail,size_chart,846,701,mobile
S000032,product_detail,main_image,393,750,mobile
S000033,product_detail,add_to_cart,938,917,app
S000033,product_detail,detail_text,791,2453,app
S000033,product_detail,detail_text,312,1463,app
S000034,product_detail,add_to_cart,936,933,desktop
S000035,product_detail,thumbnails,168,719,desktop
S000035,product_detail,add_to_cart,977,912,desktop
S000035,product_detail,size_chart,982,730,desktop
S000036,product_detail,reviews_tab,684,1248,desktop
S000036,product_detail,wishlist,1135,919,desktop
S000036,product_detail,size_chart,854,741,desktop
S000037,product_detail,coupon_banner,849,208,mobile
S000037,product_detail,size_chart,805,699,mobile
S000037,product_detail,reviews_tab,572,1287,mobile
S000037,product_detail,size_chart,821,671,mobile
S000038,product_detail,main_image,225,589,app
S000041,product_detail,main_image,626,328,desktop
S000041,product_detail,reviews_tab,761,1241,desktop
S000042,product_detail,main_image,484,550,desktop
S000043,product_detail,main_image,481,512,app
S000043,product_detail,coupon_banner,829,217,app
S000044,product_detail,reviews_tab,567,1256,mobile
S000044,product_detail,wishlist,1118,956,mobile
S000044,product_detail,reviews_tab,445,1249,mobile
S000045,product_detail,main_image,514,474,mobile
S000045,product_detail,reviews_tab,728,1268,mobile
S000045,product_detail,main_image,299,472,mobile
S000046,product_detail,add_to_cart,1114,935,desktop
S000046,product_detail,main_image,241,429,desktop
S000047,product_detail,main_image,164,546,mobile
S000048,product_detail,size_chart,992,694,mobile
S000050,product_detail,main_image,424,636,mobile
S000056,product_detail,reviews_tab,656,1256,mobile
S000056,product_detail,reviews_tab,219,1244,mobile
S000057,product_detail,size_chart,890,692,mobile
S000058,product_detail,size_chart,882,693,mobile
S000058,product_detail,size_chart,900,716,mobile
S000059,product_detail,main_image,272,446,mobile
S000060,product_detail,main_image,273,493,mobile
S000060,product_detail,thumbnails,215,856,mobile
S000061,product_detail,add_to_cart,1107,940,desktop
S000062,product_detail,main_image,490,416,mobile
S000064,product_detail,size_chart,909,681,desktop
S000065,product_detail,thumbnails,252,724,desktop
S000065,product_detail,size_chart,860,692,desktop
S000065,product_detail,thumbnails,118,831,desktop
S000065,product_detail,add_to_cart,1070,924,desktop
S000065,product_detail,reviews_tab,603,1249,desktop
S000065,product_detail,main_image,442,748,desktop
S000065,product_detail,coupon_banner,626,212,desktop
S000066,product_detail,add_to_cart,1102,942,app
S000066,product_detail,thumbnails,115,731,app
S000066,product_detail,reviews_tab,563,1221,app
S000066,product_detail,thumbnails,104,660,app
S000066,product_detail,main_image,523,477,app
S000066,product_detail,add_to_cart,935,912,app
S000066,product_detail,detail_text,1112,1656,app
S000066,product_detail,main_image,481,632,app
S000066,product_detail,reviews_tab,714,1281,app
S000067,product_detail,reviews_tab,467,1268,app
S000067,product_detail,reviews_tab,605,1243,app
S000067,product_detail,add_to_cart,911,928,app
S000067,product_detail,main_image,344,608,app
S000067,product_detail,main_image,356,470,app
S000067,product_detail,add_to_cart,963,940,app
S000068,product_detail,add_to_cart,914,969,mobile
S000068,product_detail,detail_text,415,2509,mobile
S000068,product_detail,size_chart,1000,699,mobile
S000069,product_detail,size_chart,950,722,desktop
S000069,product_detail,wishlist,1165,939,desktop
S000072,product_detail,reviews_tab,438,1223,desktop
S000072,product_detail,main_image,300,349,desktop
S000072,product_detail,add_to_cart,1094,931,desktop
S000072,product_detail,size_chart,1004,731,desktop
S000074,product_detail,main_image,478,347,app
S000074,product_detail,wishlist,1164,934,app
S000074,product_detail,reviews_tab,696,1238,app
S000075,product_detail,detail_text,398,2082,mobile
S000075,product_detail,reviews_tab,597,1230,mobile
S000076,product_detail,reviews_tab,558,1250,desktop
S000076,product_detail,detail_text,717,1785,desktop
S000076,product_detail,coupon_banner,1279,236,desktop
S000077,product_detail,main_image,236,605,mobile
S000077,product_detail,reviews_tab,573,1251,mobile
S000077,product_detail,main_image,249,797,mobile
S000077,product_detail,add_to_cart,913,916,mobile
S000077,product_detail,add_to_cart,1089,910,mobile
S000082,product_detail,main_image,466,752,app
S000082,product_detail,size_chart,837,721,app
S000082,product_detail,detail_text,917,1466,app
S000082,product_detail,wishlist,1148,920,app
S000084,product_detail,size_chart,922,706,mobile
S000084,product_detail,detail_text,1233,1895,mobile
S000084,product_detail,detail_text,630,2302,mobile
S000084,product_detail,thumbnails,142,634,mobile
S000084,product_detail,main_image,485,838,mobile
S000085,product_detail,wishlist,1103,918,mobile
S000086,product_detail,add_to_cart,886,947,app
S000086,product_detail,main_image,545,424,app
S000086,product_detail,main_image,528,568,app
S000086,product_detail,detail_text,1183,2591,app
S000086,product_detail,main_image,221,283,app
S000086,product_detail,reviews_tab,840,1235,app
S000086,product_detail,size_chart,828,693,app
S000088,product_detail,detail_text,940,1359,mobile
S000089,product_detail,add_to_cart,974,906,mobile
S000089,product_detail,wishlist,1168,880,mobile
S000089,product_detail,main_image,363,415,mobile
S000091,product_detail,main_image,412,346,mobile
S000094,product_detail,main_image,343,512,mobile
S000094,product_detail,main_image,454,599,mobile
S000094,product_detail,size_chart,937,669,mobile
S000094,product_detail,main_image,231,594,mobile
S000094,product_detail,detail_text,552,1373,mobile
S000095,product_detail,add_to_cart,967,939,mobile
S000095,product_detail,main_image,338,659,mobile
S000095,product_detail,size_chart,892,707,mobile
S000096,product_detail,add_to_cart,908,890,app
S000096,product_detail,main_image,209,473,app
S000097,product_detail,main_image,409,609,app
S000097,product_detail,reviews_tab,667,1264,app
S000097,product_detail,add_to_cart,1064,886,app
S000097,product_detail,add_to_cart,1061,940,app
S000098,product_detail,detail_text,63,2246,mobile
S000098,product_detail,reviews_tab,691,1227,mobile
S000098,product_detail,thumbnails,140,750,mobile
S000098,product_detail,wishlist,1162,924,mobile
S000098,product_detail,reviews_tab,391,1204,mobile
S000098,product_detail,detail_text,703,1884,mobile
S000098,product_detail,main_image,415,567,mobile
S000098,product_detail,size_chart,820,699,mobile
S000098,product_detail,main_image,515,705,mobile
S000098,product_detail,coupon_banner,500,189,mobile
S000099,product_detail,main_image,344,594,mobile
S000099,product_detail,detail_text,766,1857,mobile
S000101,product_detail,main_image,484,702,desktop
S000101,product_detail,size_chart,908,677,desktop
S000102,product_detail,size_chart,1030,740,desktop
S000104,product_detail,size_chart,727,694,mobile
S000104,product_detail,add_to_cart,1115,941,mobile
S000104,product_detail,add_to_cart,1082,936,mobile
S000105,product_detail,main_image,515,564,app
S000105,product_detail,size_chart,795,690,app
S000105,product_detail,size_chart,975,711,app
S000106,product_detail,size_chart,882,721,mobile
S000106,product_detail,add_to_cart,973,908,mobile
S000106,product_detail,wishlist,1168,916,mobile
S000106,product_detail,add_to_cart,1184,910,mobile
S000106,product_detail,main_image,487,500,mobile
S000107,product_detail,size_chart,846,692,mobile
S000107,product_detail,detail_text,817,1996,mobile
S000108,product_detail,main_image,230,765,desktop
S000109,product_detail,reviews_tab,712,1246,mobile
S000110,product_detail,main_image,582,593,mobile
S000110,product_detail,thumbnails,143,634,mobile
S000110,product_detail,add_to_cart,906,919,mobile
S000110,product_detail,reviews_tab,420,1257,mobile
S000112,product_detail,size_chart,867,699,mobile
S000112,product_detail,add_to_cart,1168,963,mobile
S000113,product_detail,detail_text,798,2089,mobile
S000113,product_detail,main_image,578,473,mobile
S000113,product_detail,detail_text,564,1504,mobile
S000113,product_detail,main_image,610,411,mobile
S000113,product_detail,size_chart,874,676,mobile
S000114,product_detail,size_chart,719,704,mobile
S000114,product_detail,size_chart,789,724,mobile
S000114,product_detail,reviews_tab,474,1211,mobile
S000114,product_detail,wishlist,1165,939,mobile
S000116,product_detail,main_image,639,364,desktop
S000117,product_detail,reviews_tab,791,1228,mobile
S000118,product_detail,size_chart,873,741,desktop
S000118,product_detail,size_chart,956,675,desktop
S000118,product_detail,reviews_tab,780,1285,desktop
S000119,product_detail,main_image,309,802,mobile
S000120,product_detail,reviews_tab,894,1269,mobile
S000121,product_detail,main_image,361,284,mobile
S000121,product_detail,add_to_cart,1025,914,mobile
S000121,product_detail,add_to_cart,876,904,mobile
S000121,product_detail,reviews_tab,762,1246,mobile
S000122,product_detail,main_image,254,269,mobile
S000123,product_detail,add_to_cart,930,928,app
S000124,product_detail,add_to_cart,868,916,mobile
S000125,product_detail,main_image,474,811,mobile
S000125,product_detail,main_image,475,777,mobile
S000126,product_detail,add_to_cart,944,878,mobile
S000126,product_detail,add_to_cart,932,921,mobile
S000129,product_detail,reviews_tab,586,1267,desktop
S000129,product_detail,main_image,329,510,desktop
S000130,product_detail,reviews_tab,827,1272,mobile
S000130,product_detail,add_to_cart,1141,916,mobile
S000131,product_detail,detail_text,915,1510,mobile
S000131,product_detail,coupon_banner,817,197,mobile
S000131,product_detail,add_to_cart,1087,916,mobile
S000132,product_detail,size_chart,819,682,mobile
S000132,product_detail,reviews_tab,857,1244,mobile
S000132,product_detail,reviews_tab,536,1211,mobile
S000132,product_detail,wishlist,1140,924,mobile
S000132,product_detail,main_image,445,422,mobile
S000133,product_detail,add_to_cart,1061,927,desktop
S000133,product_detail,reviews_tab,641,1268,desktop
S000133,product_detail,main_image,376,392,desktop
S000133,product_detail,add_to_cart,877,902,desktop
S000133,product_detail,add_to_cart,1221,923,desktop
S000133,product_detail,size_chart,900,683,desktop
S000133,product_detail,reviews_tab,999,1216,desktop
S000133,product_detail,main_image,556,571,desktop
S000133,product_detail,main_image,569,673,desktop
S000133,product_detail,main_image,464,548,desktop
S000133,product_detail,size_chart,976,667,desktop
S000135,product_detail,reviews_tab,630,1219,mobile
S000135,product_detail,reviews_tab,718,1253,mobile
S000135,product_detail,main_image,328,657,mobile
S000135,product_detail,wishlist,1151,913,mobile
S000135,product_detail,thumbnails,108,767,mobile
S000136,product_detail,add_to_cart,892,918,mobile
S000140,product_detail,detail_text,690,1719,app
S000140,product_detail,main_image,309,536,app
S000140,product_detail,size_chart,1058,669,app
S000143,product_detail,detail_text,692,1919,mobile
S000143,product_detail,coupon_banner,769,181,mobile
S000143,product_detail,size_chart,1006,700,mobile
S000143,product_detail,main_image,226,465,mobile
S000143,product_detail,add_to_cart,786,903,mobile
S000144,product_detail,reviews_tab,631,1256,desktop
S000144,product_detail,main_image,257,537,desktop
S000144,product_detail,main_image,444,732,desktop
S000144,product_detail,main_image,399,425,desktop
S000144,product_detail,wishlist,1160,924,desktop
S000144,product_detail,reviews_tab,459,1219,desktop
S000145,product_detail,main_image,440,722,mobile
S000145,product_detail,main_image,521,546,mobile
S000145,product_detail,reviews_tab,722,1215,mobile
S000145,product_detail,detail_text,449,2091,mobile
S000146,product_detail,add_to_cart,1210,938,app
S000148,product_detail,main_image,394,655,mobile
S000148,product_detail,main_image,319,653,mobile
S000150,product_detail,main_image,477,584,app
S000151,product_detail,main_image,451,773,mobile
S000152,product_detail,coupon_banner,767,222,desktop
S000152,product_detail,main_image,509,507,desktop
S000153,product_detail,add_to_cart,856,940,desktop
S000153,product_detail,reviews_tab,574,1258,desktop
S000154,product_detail,main_image,350,382,app
S000154,product_detail,reviews_tab,642,1244,app
S000155,product_detail,detail_text,844,2288,desktop
S000155,product_detail,detail_text,853,1633,desktop
S000158,product_detail,main_image,559,543,desktop
S000158,product_detail,size_chart,806,703,desktop
S000158,product_detail,main_image,577,396,desktop
S000158,product_detail,main_image,392,420,desktop
S000159,product_detail,main_image,406,349,mobile
S000159,product_detail,detail_text,956,2288,mobile
S000159,product_detail,size_chart,927,723,mobile
S000160,product_detail,main_image,343,495,mobile
S000160,product_detail,size_chart,1049,670,mobile
S000162,product_detail,detail_text,1067,2021,mobile
S000162,product_detail,main_image,487,353,mobile
S000162,product_detail,main_image,373,558,mobile
S000162,product_detail,reviews_tab,676,1249,mobile
S000162,product_detail,main_image,462,479,mobile
S000163,product_detail,main_image,445,581,mobile
S000163,product_detail,add_to_cart,857,906,mobile
S000165,product_detail,add_to_cart,1261,905,app
S000165,product_detail,add_to_cart,844,905,app
S000166,product_detail,main_image,617,149,mobile
S000166,product_detail,main_image,540,153,mobile
S000167,product_detail,add_to_cart,1089,903,desktop
S000168,product_detail,main_image,587,194,mobile
S000169,product_detail,reviews_tab,606,1222,desktop
S000169,product_detail,thumbnails,179,826,desktop
S000169,product_detail,add_to_cart,1206,906,desktop
S000169,product_detail,add_to_cart,999,916,desktop
S000169,product_detail,reviews_tab,426,1238,desktop
S000169,product_detail,wishlist,1140,917,desktop
S000170,product_detail,add_to_cart,1075,934,mobile
S000170,product_detail,coupon_banner,1044,163,mobile
S000171,product_detail,add_to_cart,980,949,app
S000173,product_detail,thumbnails,141,530,mobile
S000174,product_detail,thumbnails,208,824,mobile
S000175,product_detail,add_to_cart,1117,938,desktop
S000175,product_detail,reviews_tab,569,1204,desktop
S000175,product_detail,add_to_cart,1172,966,desktop
S000175,product_detail,main_image,435,625,desktop
S000175,product_detail,size_chart,861,699,desktop
S000176,product_detail,main_image,275,259,mobile
S000176,product_detail,main_image,386,558,mobile
S000176,product_detail,add_to_cart,997,897,mobile
S000177,product_detail,size_chart,893,731,desktop
S000178,product_detail,size_chart,840,706,desktop
S000178,product_detail,thumbnails,164,845,desktop
S000179,product_detail,add_to_cart,1009,911,app
S000180,product_detail,add_to_cart,892,913,mobile
S000181,product_detail,reviews_tab,559,1238,mobile
S000181,product_detail,main_image,579,389,mobile
S000181,product_detail,main_image,515,485,mobile
S000182,product_detail,add_to_cart,1089,923,mobile
S000182,product_detail,main_image,453,840,mobile
S000183,product_detail,detail_text,808,2110,app
S000183,product_detail,reviews_tab,545,1236,app
S000183,product_detail,reviews_tab,928,1242,app
S000183,product_detail,wishlist,1115,908,app
S000184,product_detail,wishlist,1114,918,app
S000184,product_detail,main_image,212,367,app
S000185,product_detail,reviews_tab,628,1258,app
S000186,product_detail,reviews_tab,303,1280,app
S000186,product_detail,add_to_cart,1086,927,app
S000186,product_detail,main_image,505,253,app
S000186,product_detail,main_image,455,537,app
S000186,product_detail,main_image,289,431,app
S000186,product_detail,size_chart,821,697,app
S000186,product_detail,size_chart,965,739,app
S000186,product_detail,coupon_banner,747,219,app
S000186,product_detail,main_image,494,225,app
S000186,product_detail,reviews_tab,733,1277,app
S000187,product_detail,detail_text,673,1649,mobile
S000187,product_detail,add_to_cart,812,904,mobile
S000189,product_detail,coupon_banner,986,217,app
S000189,product_detail,add_to_cart,1142,965,app
S000189,product_detail,detail_text,518,2300,app
S000189,product_detail,size_chart,789,689,app
S000190,product_detail,main_image,479,597,desktop
S000191,product_detail,coupon_banner,955,205,desktop
S000191,product_detail,reviews_tab,667,1260,desktop
S000191,product_detail,coupon_banner,0,215,desktop
S000192,product_detail,reviews_tab,557,1289,app
S000192,product_detail,main_image,455,549,app
S000193,product_detail,main_image,410,558,desktop
S000193,product_detail,detail_text,363,1806,desktop
S000193,product_detail,size_chart,900,687,desktop
S000193,product_detail,main_image,341,277,desktop
S000194,product_detail,reviews_tab,420,1223,app
S000195,product_detail,main_image,239,427,mobile
S000195,product_detail,add_to_cart,1199,884,mobile
S000196,product_detail,add_to_cart,816,887,desktop
S000197,product_detail,main_image,397,175,desktop
S000197,product_detail,add_to_cart,898,951,desktop
S000200,product_detail,wishlist,1129,916,app
S000200,product_detail,reviews_tab,617,1246,app
S000200,product_detail,reviews_tab,581,1236,app
S000200,product_detail,main_image,534,652,app
S000200,product_detail,detail_text,171,1901,app
S000201,product_detail,main_image,354,696,mobile
S000202,product_detail,reviews_tab,679,1259,mobile
S000203,product_detail,add_to_cart,1075,957,mobile
S000204,product_detail,wishlist,1154,891,desktop
S000204,product_detail,add_to_cart,856,917,desktop
S000206,product_detail,thumbnails,185,768,mobile
S000206,product_detail,main_image,487,611,mobile
S000206,product_detail,main_image,636,388,mobile
S000206,product_detail,main_image,279,564,mobile
S000207,product_detail,add_to_cart,918,953,app
S000210,product_detail,main_image,443,498,mobile
S000211,product_detail,main_image,400,446,desktop
S000211,product_detail,add_to_cart,1122,915,desktop
S000212,product_detail,main_image,240,329,mobile
S000212,product_detail,add_to_cart,1147,961,mobile
S000213,product_detail,main_image,339,639,app
S000213,product_detail,reviews_tab,734,1247,app
S000213,product_detail,wishlist,1153,883,app
S000213,product_detail,add_to_cart,1051,916,app
S000213,product_detail,main_image,547,555,app
S000213,product_detail,thumbnails,203,813,app
S000213,product_detail,main_image,358,459,app
S000214,product_detail,main_image,513,764,app
S000214,product_detail,wishlist,1166,935,app
S000215,product_detail,wishlist,1096,911,app
S000215,product_detail,reviews_tab,379,1282,app
S000215,product_detail,add_to_cart,1135,928,app
S000215,product_detail,main_image,259,549,app
S000218,product_detail,thumbnails,181,458,mobile
S000218,product_detail,reviews_tab,888,1252,mobile
S000218,product_detail,main_image,747,414,mobile
S000218,product_detail,reviews_tab,664,1253,mobile
S000218,product_detail,add_to_cart,911,922,mobile
S000218,product_detail,wishlist,1150,917,mobile
S000218,product_detail,reviews_tab,509,1260,mobile
S000219,product_detail,wishlist,1129,921,mobile
S000219,product_detail,detail_text,1259,1862,mobile
S000221,product_detail,thumbnails,201,814,app
S000223,product_detail,reviews_tab,441,1264,mobile
S000223,product_detail,reviews_tab,654,1246,mobile
S000223,product_detail,wishlist,1167,917,mobile
S000224,product_detail,add_to_cart,844,915,mobile
S000224,product_detail,main_image,283,518,mobile
S000225,product_detail,add_to_cart,867,916,app
S000226,product_detail,size_chart,920,696,mobile
S000226,product_detail,reviews_tab,391,1257,mobile
S000226,product_detail,add_to_cart,994,934,mobile
S000226,product_detail,add_to_cart,900,912,mobile
S000227,product_detail,main_image,384,311,mobile
S000227,product_detail,detail_text,790,2167,mobile
S000228,product_detail,add_to_cart,972,913,mobile
S000228,product_detail,add_to_cart,777,922,mobile
S000228,product_detail,size_chart,858,718,mobile
S000229,product_detail,main_image,483,568,mobile
S000230,product_detail,detail_text,1238,2578,mobile
S000233,product_detail,main_image,500,718,mobile
S000233,product_detail,main_image,178,739,mobile
S000233,product_detail,size_chart,786,700,mobile
S000233,product_detail,main_image,474,324,mobile
S000233,product_detail,main_image,342,369,mobile
S000233,product_detail,main_image,511,849,mobile
S000239,product_detail,main_image,553,371,mobile
S000239,product_detail,reviews_tab,664,1227,mobile
S000239,product_detail,main_image,336,625,mobile
S000240,product_detail,add_to_cart,1057,989,mobile
S000242,product_detail,reviews_tab,386,1256,mobile
S000242,product_detail,detail_text,567,1926,mobile
S000243,product_detail,detail_text,785,2130,app
S000243,product_detail,size_chart,866,693,app
S000243,product_detail,main_image,520,596,app
S000244,product_detail,add_to_cart,1118,921,mobile
S000245,product_detail,size_chart,902,728,mobile
S000245,product_detail,main_image,348,926,mobile
S000246,product_detail,add_to_cart,1066,888,app
S000247,product_detail,thumbnails,134,801,app
S000248,product_detail,detail_text,535,2537,mobile
S000249,product_detail,size_chart,849,708,mobile
S000250,product_detail,add_to_cart,839,914,mobile
S000250,product_detail,add_to_cart,849,897,mobile
S000254,product_detail,reviews_tab,498,1229,app
S000254,product_detail,thumbnails,184,758,app
S000254,product_detail,size_chart,826,695,app
S000256,product_detail,size_chart,903,703,mobile
S000256,product_detail,reviews_tab,954,1247,mobile
S000256,product_detail,main_image,511,424,mobile
S000257,product_detail,reviews_tab,476,1247,app
S000257,product_detail,reviews_tab,563,1238,app
S000258,product_detail,add_to_cart,862,955,mobile
S000259,product_detail,main_image,249,620,mobile
S000259,product_detail,add_to_cart,830,903,mobile
S000260,product_detail,size_chart,858,670,app
S000260,product_detail,thumbnails,130,658,app
S000261,product_detail,add_to_cart,1153,951,mobile
S000261,product_detail,main_image,365,545,mobile
S000261,product_detail,wishlist,1152,921,mobile
S000261,product_detail,size_chart,940,673,mobile
S000261,product_detail,main_image,495,596,mobile
S000262,product_detail,wishlist,1173,899,mobile
S000262,product_detail,size_chart,890,740,mobile
S000262,product_detail,main_image,354,529,mobile
S000264,product_detail,main_image,365,556,mobile
S000264,product_detail,reviews_tab,674,1290,mobile
S000264,product_detail,main_image,497,345,mobile
S000264,product_detail,size_chart,785,689,mobile
S000265,product_detail,main_image,315,376,mobile
S000265,product_detail,thumbnails,128,665,mobile
S000265,product_detail,reviews_tab,477,1226,mobile
S000265,product_detail,size_chart,862,669,mobile
S000266,product_detail,detail_text,961,1771,mobile
S000267,product_detail,main_image,465,401,mobile
S000268,product_detail,reviews_tab,850,1288,desktop
S000268,product_detail,add_to_cart,945,891,desktop
S000268,product_detail,size_chart,818,693,desktop
S000271,product_detail,main_image,479,608,desktop
S000274,product_detail,main_image,222,392,desktop
S000274,product_detail,size_chart,926,693,desktop
S000274,product_detail,main_image,373,669,desktop
S000275,product_detail,detail_text,192,2042,mobile
S000276,product_detail,size_chart,902,703,mobile
S000276,product_detail,main_image,365,495,mobile
S000276,product_detail,add_to_cart,1201,927,mobile
S000277,product_detail,main_image,330,301,mobile
S000277,product_detail,main_image,453,610,mobile
S000279,product_detail,main_image,410,593,mobile
S000279,product_detail,main_image,486,445,mobile
S000279,product_detail,coupon_banner,587,231,mobile
S000280,product_detail,add_to_cart,1021,933,mobile
S000280,product_detail,size_chart,933,705,mobile
S000280,product_detail,main_image,427,460,mobile
S000281,product_detail,detail_text,431,2160,mobile
S000281,product_detail,add_to_cart,1006,930,mobile
S000281,product_detail,thumbnails,211,787,mobile
S000281,product_detail,detail_text,1020,1772,mobile
S000282,product_detail,main_image,430,609,mobile
S000282,product_detail,wishlist,1113,972,mobile
S000282,product_detail,thumbnails,129,864,mobile
S000282,product_detail,reviews_tab,699,1248,mobile
S000282,product_detail,main_image,260,673,mobile
S000283,product_detail,main_image,467,341,desktop
S000283,product_detail,add_to_cart,965,922,desktop
S000283,product_detail,main_image,317,333,desktop
S000284,product_detail,main_image,252,734,app
S000284,product_detail,add_to_cart,834,915,app
S000284,product_detail,size_chart,756,705,app
S000285,product_detail,thumbnails,172,965,app
S000285,product_detail,reviews_tab,684,1244,app
S000285,product_detail,add_to_cart,861,961,app
S000285,product_detail,size_chart,749,708,app
S000286,product_detail,add_to_cart,843,917,app
S000286,product_detail,main_image,342,579,app
S000286,product_detail,add_to_cart,1062,897,app
S000286,product_detail,detail_text,433,2235,app
S000286,product_detail,size_chart,933,684,app
S000286,product_detail,size_chart,911,674,app
S000286,product_detail,thumbnails,154,790,app
S000286,product_detail,main_image,563,500,app
S000286,product_detail,add_to_cart,959,896,app
S000287,product_detail,wishlist,1158,920,mobile
S000287,product_detail,add_to_cart,1036,937,mobile
S000288,product_detail,size_chart,956,706,desktop
S000288,product_detail,wishlist,1145,966,desktop
S000290,product_detail,detail_text,798,1789,mobile
S000290,product_detail,size_chart,1022,697,mobile
S000290,product_detail,main_image,398,408,mobile
S000290,product_detail,main_image,327,868,mobile
S000290,product_detail,size_chart,886,692,mobile
S000290,product_detail,main_image,540,506,mobile
S000291,product_detail,detail_text,735,1462,app
S000291,product_detail,main_image,483,175,app
S000292,product_detail,main_image,365,737,app
S000292,product_detail,add_to_cart,1068,944,app
S000293,product_detail,detail_text,770,1534,mobile
S000295,product_detail,add_to_cart,955,896,mobile
S000295,product_detail,size_chart,844,720,mobile
S000296,product_detail,main_image,468,686,mobile
S000297,product_detail,add_to_cart,1021,958,desktop
S000297,product_detail,add_to_cart,1065,903,desktop
S000299,product_detail,main_image,553,376,desktop
S000299,product_detail,reviews_tab,651,1244,desktop
S000299,product_detail,main_image,369,584,desktop
S000299,product_detail,add_to_cart,1058,938,desktop
S000299,product_detail,main_image,281,468,desktop
S000299,product_detail,add_to_cart,1147,897,desktop
S000299,product_detail,main_image,197,710,desktop
S000299,product_detail,add_to_cart,970,894,desktop
S000300,product_detail,detail_text,933,2599,mobile
S000300,product_detail,add_to_cart,1063,922,mobile
S000300,product_detail,wishlist,1145,904,mobile
S000300,product_detail,size_chart,822,710,mobile
S000300,product_detail,add_to_cart,1112,885,mobile
S000300,product_detail,add_to_cart,990,909,mobile
S000301,product_detail,main_image,510,415,desktop
S000302,product_detail,main_image,423,408,mobile
S000302,product_detail,detail_text,651,1292,mobile
S000302,product_detail,main_image,484,346,mobile
S000302,product_detail,add_to_cart,1103,932,mobile
S000302,product_detail,reviews_tab,521,1259,mobile
S000303,product_detail,size_chart,945,670,desktop
S000303,product_detail,detail_text,644,2017,desktop
S000304,product_detail,add_to_cart,987,941,desktop
S000304,product_detail,main_image,306,539,desktop
S000304,product_detail,detail_text,1023,1692,desktop
S000304,product_detail,reviews_tab,606,1221,desktop
S000304,product_detail,wishlist,1116,877,desktop
S000304,product_detail,size_chart,908,704,desktop
S000304,product_detail,main_image,533,373,desktop
S000305,product_detail,thumbnails,130,879,app
S000305,product_detail,main_image,389,341,app
S000305,product_detail,size_chart,915,662,app
S000306,product_detail,add_to_cart,972,940,desktop
S000306,product_detail,main_image,537,361,desktop
S000306,product_detail,main_image,532,630,desktop
S000306,product_detail,reviews_tab,592,1252,desktop
S000308,product_detail,detail_text,1102,2335,mobile
S000308,product_detail,wishlist,1160,915,mobile
S000308,product_detail,thumbnails,76,814,mobile
S000308,product_detail,coupon_banner,810,144,mobile
S000308,product_detail,main_image,485,485,mobile
S000308,product_detail,coupon_banner,775,195,mobile
S000308,product_detail,add_to_cart,904,922,mobile
S000309,product_detail,main_image,406,614,mobile
S000309,product_detail,reviews_tab,487,1235,mobile
S000309,product_detail,size_chart,891,729,mobile
S000309,product_detail,add_to_cart,1100,917,mobile
S000309,product_detail,wishlist,1151,889,mobile
S000309,product_detail,main_image,518,619,mobile
S000309,product_detail,main_image,328,537,mobile
S000310,product_detail,size_chart,899,690,app
S000311,product_detail,thumbnails,184,635,mobile
S000311,product_detail,main_image,465,589,mobile
S000311,product_detail,reviews_tab,806,1253,mobile
S000311,product_detail,thumbnails,201,802,mobile
S000313,product_detail,main_image,291,548,desktop
S000313,product_detail,wishlist,1133,926,desktop
S000313,product_detail,coupon_banner,536,207,desktop
S000313,product_detail,main_image,521,519,desktop
S000313,product_detail,reviews_tab,857,1245,desktop
S000313,product_detail,add_to_cart,1178,940,desktop
S000313,product_detail,main_image,318,476,desktop
S000314,product_detail,reviews_tab,576,1300,mobile
S000314,product_detail,reviews_tab,690,1231,mobile
S000315,product_detail,thumbnails,163,802,desktop
S000315,product_detail,main_image,360,776,desktop
S000316,product_detail,size_chart,974,698,mobile
S000316,product_detail,add_to_cart,956,901,mobile
S000316,product_detail,reviews_tab,670,1237,mobile
S000316,product_detail,main_image,383,656,mobile
S000316,product_detail,main_image,200,243,mobile
S000316,product_detail,main_image,299,946,mobile
S000316,product_detail,reviews_tab,808,1242,mobile
S000318,product_detail,main_image,766,512,mobile
S000318,product_detail,main_image,538,584,mobile
S000319,product_detail,size_chart,955,677,app
S000319,product_detail,reviews_tab,631,1223,app
S000319,product_detail,reviews_tab,472,1277,app
S000319,product_detail,wishlist,1109,893,app
S000319,product_detail,reviews_tab,535,1312,app
S000319,product_detail,size_chart,825,719,app
S000320,product_detail,add_to_cart,1041,969,app
S000321,product_detail,add_to_cart,1029,919,app
S000321,product_detail,reviews_tab,635,1231,app
S000321,product_detail,add_to_cart,1116,864,app
S000322,product_detail,main_image,369,448,app
S000322,product_detail,wishlist,1136,902,app
S000323,product_detail,main_image,431,507,mobile
S000323,product_detail,reviews_tab,518,1266,mobile
S000324,product_detail,detail_text,792,1995,desktop
S000324,product_detail,wishlist,1136,925,desktop
S000324,product_detail,add_to_cart,1008,964,desktop
S000326,product_detail,detail_text,503,1649,app
S000326,product_detail,reviews_tab,515,1259,app
S000326,product_detail,wishlist,1135,942,app
S000326,product_detail,main_image,329,435,app
S000327,product_detail,thumbnails,194,823,mobile
S000328,product_detail,add_to_cart,938,933,mobile
S000328,product_detail,size_chart,832,731,mobile
S000328,product_detail,reviews_tab,683,1272,mobile
S000329,product_detail,main_image,489,584,desktop
S000329,product_detail,main_image,375,473,desktop
S000329,product_detail,thumbnails,86,649,desktop
S000329,product_detail,detail_text,958,2215,desktop
S000330,product_detail,main_image,374,454,mobile
S000330,product_detail,main_image,479,554,mobile
S000331,product_detail,reviews_tab,897,1205,app
S000331,product_detail,main_image,519,571,app
S000331,product_detail,reviews_tab,466,1281,app
S000331,product_detail,add_to_cart,1063,943,app
S000331,product_detail,wishlist,1144,900,app
S000331,product_detail,reviews_tab,865,1238,app
S000332,product_detail,main_image,435,303,desktop
S000332,product_detail,reviews_tab,342,1274,desktop
S000333,product_detail,coupon_banner,1047,182,mobile
S000333,product_detail,main_image,578,533,mobile
S000334,product_detail,reviews_tab,719,1249,app
S000334,product_detail,main_image,558,671,app
S000334,product_detail,main_image,370,441,app
S000334,product_detail,size_chart,958,731,app
S000334,product_detail,main_image,229,303,app
S000334,product_detail,thumbnails,211,769,app
S000336,product_detail,thumbnails,122,895,app
S000337,product_detail,size_chart,913,720,app
S000338,product_detail,main_image,521,357,mobile
S000338,product_detail,add_to_cart,852,937,mobile
S000339,product_detail,coupon_banner,1247,208,desktop
S000339,product_detail,main_image,407,422,desktop
S000339,product_detail,main_image,478,452,desktop
S000341,product_detail,reviews_tab,693,1269,desktop
S000341,product_detail,wishlist,1111,933,desktop
S000341,product_detail,reviews_tab,829,1247,desktop
S000342,product_detail,reviews_tab,866,1266,mobile
S000342,product_detail,wishlist,1139,905,mobile
S000343,product_detail,main_image,219,447,mobile
S000343,product_detail,size_chart,921,698,mobile
S000343,product_detail,main_image,169,467,mobile
S000343,product_detail,detail_text,340,1067,mobile
S000343,product_detail,reviews_tab,545,1231,mobile
S000345,product_detail,main_image,510,510,app
S000346,product_detail,main_image,475,639,app
S000346,product_detail,add_to_cart,1234,912,app
S000347,product_detail,wishlist,1131,903,desktop
S000347,product_detail,detail_text,452,2312,desktop
S000350,product_detail,main_image,290,348,mobile
S000350,product_detail,size_chart,829,712,mobile
S000350,product_detail,add_to_cart,1047,902,mobile
S000350,product_detail,main_image,398,731,mobile
S000351,product_detail,main_image,462,271,app
S000352,product_detail,thumbnails,103,881,mobile
S000352,product_detail,wishlist,1138,921,mobile
S000352,product_detail,add_to_cart,809,911,mobile
S000352,product_detail,main_image,465,646,mobile
S000352,product_detail,main_image,437,614,mobile
S000353,product_detail,reviews_tab,737,1238,mobile
S000354,product_detail,add_to_cart,1025,951,desktop
S000355,product_detail,size_chart,969,694,desktop
S000355,product_detail,size_chart,859,657,desktop
S000355,product_detail,reviews_tab,917,1255,desktop
S000355,product_detail,thumbnails,152,806,desktop
S000355,product_detail,main_image,471,500,desktop
S000356,product_detail,add_to_cart,1028,874,app
S000356,product_detail,reviews_tab,512,1223,app
S000356,product_detail,size_chart,877,707,app
S000356,product_detail,reviews_tab,666,1246,app
S000358,product_detail,main_image,303,725,mobile
S000358,product_detail,add_to_cart,1173,939,mobile
S000358,product_detail,main_image,284,645,mobile
S000358,product_detail,size_chart,922,687,mobile
S000359,product_detail,detail_text,405,2151,app
S000359,product_detail,size_chart,898,681,app
S000360,product_detail,thumbnails,93,673,app
S000361,product_detail,main_image,569,761,desktop
S000361,product_detail,size_chart,974,745,desktop
S000362,product_detail,main_image,350,574,mobile
S000362,product_detail,detail_text,847,1301,mobile
S000362,product_detail,add_to_cart,1064,949,mobile
S000362,product_detail,main_image,323,595,mobile
S000363,product_detail,size_chart,916,706,desktop
S000366,product_detail,add_to_cart,904,908,desktop
S000366,product_detail,add_to_cart,856,921,desktop
S000367,product_detail,add_to_cart,914,937,mobile
S000367,product_detail,wishlist,1130,938,mobile
S000368,product_detail,main_image,95,436,mobile
S000368,product_detail,main_image,437,368,mobile
S000368,product_detail,coupon_banner,225,170,mobile
S000369,product_detail,reviews_tab,783,1253,mobile
S000370,product_detail,size_chart,876,733,desktop
S000370,product_detail,add_to_cart,1046,873,desktop
S000370,product_detail,add_to_cart,876,937,desktop
S000371,product_detail,reviews_tab,414,1236,desktop
S000371,product_detail,main_image,375,461,desktop
S000371,product_detail,reviews_tab,442,1271,desktop
S000372,product_detail,reviews_tab,575,1274,mobile
S000373,product_detail,size_chart,802,714,mobile
S000373,product_detail,reviews_tab,974,1225,mobile
S000373,product_detail,main_image,229,482,mobile
S000373,product_detail,add_to_cart,1038,914,mobile
S000373,product_detail,main_image,463,736,mobile
S000373,product_detail,coupon_banner,698,178,mobile
S000374,product_detail,main_image,397,538,app
S000374,product_detail,add_to_cart,1081,902,app
S000374,product_detail,detail_text,443,2299,app
S000375,product_detail,main_image,571,461,desktop
S000375,product_detail,reviews_tab,824,1255,desktop
S000375,product_detail,size_chart,809,708,desktop
S000375,product_detail,size_chart,861,732,desktop
S000375,product_detail,main_image,324,618,desktop
S000375,product_detail,add_to_cart,1098,909,desktop
S000376,product_detail,size_chart,948,726,desktop
S000376,product_detail,main_image,220,315,desktop
S000378,product_detail,add_to_cart,946,927,desktop
S000378,product_detail,add_to_cart,911,945,desktop
S000378,product_detail,main_image,556,300,desktop
S000378,product_detail,add_to_cart,857,899,desktop
S000379,product_detail,main_image,543,658,mobile
S000379,product_detail,add_to_cart,929,940,mobile
S000379,product_detail,detail_text,815,2125,mobile
S000380,product_detail,add_to_cart,1038,919,app
S000381,product_detail,size_chart,891,717,app
S000382,product_detail,reviews_tab,605,1240,mobile
S000383,product_detail,add_to_cart,948,959,mobile
S000384,product_detail,add_to_cart,978,911,desktop
S000384,product_detail,size_chart,810,726,desktop
S000385,product_detail,detail_text,891,1952,desktop
S000385,product_detail,main_image,242,388,desktop
S000386,product_detail,main_image,533,466,mobile
S000386,product_detail,reviews_tab,755,1225,mobile
S000386,product_detail,main_image,420,526,mobile
S000386,product_detail,coupon_banner,1030,245,mobile
S000389,product_detail,main_image,496,414,mobile
S000389,product_detail,coupon_banner,584,178,mobile
S000389,product_detail,detail_text,291,2007,mobile
S000390,product_detail,main_image,230,636,mobile
S000390,product_detail,size_chart,826,691,mobile
S000390,product_detail,add_to_cart,974,955,mobile
S000390,product_detail,size_chart,1043,709,mobile
S000390,product_detail,main_image,627,207,mobile
S000391,product_detail,thumbnails,222,819,app
S000394,product_detail,add_to_cart,873,910,mobile
S000394,product_detail,main_image,535,831,mobile
S000396,product_detail,main_image,513,795,mobile
S000396,product_detail,reviews_tab,1029,1251,mobile
S000397,product_detail,size_chart,921,668,desktop
S000397,product_detail,size_chart,887,689,desktop
S000398,product_detail,coupon_banner,891,187,mobile
S000399,product_detail,detail_text,1238,1421,desktop
S000399,product_detail,thumbnails,142,653,desktop
S000400,product_detail,add_to_cart,980,930,desktop
S000401,product_detail,reviews_tab,893,1207,desktop
S000401,product_detail,main_image,217,497,desktop
S000402,product_detail,reviews_tab,642,1272,mobile
S000402,product_detail,size_chart,904,712,mobile
S000404,product_detail,main_image,496,345,desktop
S000404,product_detail,main_image,523,654,desktop
S000405,product_detail,size_chart,975,701,mobile
S000406,product_detail,add_to_cart,962,920,desktop
S000407,product_detail,size_chart,901,723,mobile
S000409,product_detail,reviews_tab,639,1233,mobile
S000410,product_detail,main_image,178,476,desktop
S000411,product_detail,main_image,389,594,mobile
S000411,product_detail,wishlist,1102,922,mobile
S000411,product_detail,detail_text,1226,2086,mobile
S000411,product_detail,add_to_cart,1191,940,mobile
S000412,product_detail,add_to_cart,949,896,mobile
S000412,product_detail,reviews_tab,576,1239,mobile
S000412,product_detail,thumbnails,152,647,mobile
S000412,product_detail,main_image,349,428,mobile
S000414,product_detail,main_image,368,377,mobile
S000414,product_detail,main_image,346,476,mobile
S000415,product_detail,main_image,690,837,mobile
S000415,product_detail,main_image,489,547,mobile
S000415,product_detail,reviews_tab,525,1268,mobile
S000417,product_detail,detail_text,497,1949,app
S000417,product_detail,detail_text,96,1999,app
S000418,product_detail,add_to_cart,907,889,mobile
S000418,product_detail,reviews_tab,665,1262,mobile
S000419,product_detail,size_chart,952,711,desktop
S000419,product_detail,main_image,361,984,desktop
S000419,product_detail,add_to_cart,1090,895,desktop
S000419,product_detail,coupon_banner,784,165,desktop
S000420,product_detail,add_to_cart,1203,940,mobile
S000420,product_detail,size_chart,884,698,mobile
S000422,product_detail,detail_text,445,1849,mobile
S000422,product_detail,main_image,593,308,mobile
S000424,product_detail,wishlist,1147,898,mobile
S000424,product_detail,size_chart,792,705,mobile
S000424,product_detail,add_to_cart,1024,936,mobile
S000426,product_detail,add_to_cart,907,893,mobile
S000427,product_detail,wishlist,1149,936,mobile
S000428,product_detail,detail_text,767,1445,app
S000429,product_detail,main_image,349,649,mobile
S000429,product_detail,add_to_cart,948,893,mobile
S000430,product_detail,reviews_tab,772,1249,desktop
S000430,product_detail,main_image,343,665,desktop
S000430,product_detail,detail_text,775,1779,desktop
S000430,product_detail,main_image,499,625,desktop
S000430,product_detail,main_image,537,280,desktop
S000431,product_detail,reviews_tab,469,1267,desktop
S000432,product_detail,reviews_tab,788,1217,mobile
S000433,product_detail,main_image,385,440,mobile
S000433,product_detail,wishlist,1114,884,mobile
S000433,product_detail,main_image,575,255,mobile
S000433,product_detail,add_to_cart,1031,877,mobile
S000433,product_detail,detail_text,994,1609,mobile
S000434,product_detail,size_chart,886,689,app
S000434,product_detail,reviews_tab,584,1249,app
S000434,product_detail,add_to_cart,1020,928,app
S000435,product_detail,main_image,396,511,app
S000435,product_detail,reviews_tab,439,1243,app
S000437,product_detail,add_to_cart,1279,897,mobile
S000437,product_detail,size_chart,816,689,mobile
S000439,product_detail,add_to_cart,968,926,mobile
S000439,product_detail,thumbnails,142,669,mobile
S000440,product_detail,size_chart,1007,700,mobile
S000440,product_detail,reviews_tab,640,1227,mobile
S000441,product_detail,size_chart,807,703,mobile
S000442,product_detail,main_image,302,627,app
S000442,product_detail,coupon_banner,564,199,app
S000442,product_detail,reviews_tab,740,1261,app
S000442,product_detail,main_image,297,455,app
S000442,product_detail,size_chart,834,721,app
S000443,product_detail,reviews_tab,429,1240,mobile
S000443,product_detail,main_image,720,512,mobile
S000443,product_detail,main_image,402,506,mobile
S000443,product_detail,reviews_tab,836,1285,mobile
S000443,product_detail,reviews_tab,588,1285,mobile
S000444,product_detail,main_image,384,441,mobile
S000444,product_detail,detail_text,589,1660,mobile
S000444,product_detail,wishlist,1151,913,mobile
S000445,product_detail,add_to_cart,976,914,mobile
S000445,product_detail,reviews_tab,365,1232,mobile
S000445,product_detail,detail_text,938,1904,mobile
S000445,product_detail,reviews_tab,754,1242,mobile
S000447,product_detail,main_image,371,638,mobile
S000447,product_detail,size_chart,904,703,mobile
S000447,product_detail,size_chart,834,734,mobile
S000447,product_detail,add_to_cart,1116,931,mobile
S000447,product_detail,add_to_cart,1018,922,mobile
S000448,product_detail,main_image,229,473,mobile
S000450,product_detail,add_to_cart,1134,910,app
S000450,product_detail,wishlist,1172,930,app
S000450,product_detail,thumbnails,102,936,app
S000451,product_detail,coupon_banner,666,173,desktop
S000451,product_detail,thumbnails,129,943,desktop
S000451,product_detail,size_chart,736,689,desktop
S000451,product_detail,size_chart,1015,719,desktop
S000452,product_detail,size_chart,1044,709,app
S000452,product_detail,size_chart,871,697,app
S000453,product_detail,size_chart,734,708,mobile
S000453,product_detail,main_image,383,597,mobile
S000453,product_detail,main_image,324,812,mobile
S000453,product_detail,reviews_tab,698,1248,mobile
S000454,product_detail,wishlist,1149,916,desktop
S000455,product_detail,main_image,519,501,desktop
S000455,product_detail,add_to_cart,964,912,desktop
S000455,product_detail,size_chart,914,724,desktop
S000456,product_detail,size_chart,930,719,mobile
S000456,product_detail,size_chart,973,679,mobile
S000457,product_detail,detail_text,392,2239,mobile
S000459,product_detail,main_image,466,588,desktop
S000459,product_detail,reviews_tab,898,1235,desktop
S000460,product_detail,size_chart,886,676,app
S000460,product_detail,main_image,392,634,app
S000460,product_detail,main_image,519,552,app
S000461,product_detail,main_image,301,601,mobile
S000462,product_detail,main_image,246,524,desktop
S000462,product_detail,main_image,197,559,desktop
S000462,product_detail,main_image,423,646,desktop
S000462,product_detail,wishlist,1161,909,desktop
S000462,product_detail,reviews_tab,676,1260,desktop
S000462,product_detail,reviews_tab,577,1250,desktop
S000463,product_detail,add_to_cart,1041,943,app
S000463,product_detail,wishlist,1137,903,app
S000464,product_detail,reviews_tab,698,1289,mobile
S000465,product_detail,reviews_tab,831,1270,mobile
S000465,product_detail,add_to_cart,1184,906,mobile
S000465,product_detail,add_to_cart,1018,924,mobile
S000465,product_detail,size_chart,925,704,mobile
S000465,product_detail,main_image,143,438,mobile
S000465,product_detail,wishlist,1164,930,mobile
S000466,product_detail,add_to_cart,962,901,mobile
S000467,product_detail,main_image,473,515,app
S000467,product_detail,size_chart,974,678,app
S000467,product_detail,size_chart,809,684,app
S000467,product_detail,main_image,268,280,app
S000468,product_detail,detail_text,414,1958,mobile
S000468,product_detail,detail_text,591,2364,mobile
S000469,product_detail,detail_text,660,2101,mobile
S000469,product_detail,add_to_cart,943,906,mobile
S000469,product_detail,add_to_cart,1036,948,mobile
S000471,product_detail,add_to_cart,1059,964,app
S000474,product_detail,thumbnails,162,860,mobile
S000474,product_detail,add_to_cart,894,892,mobile
S000474,product_detail,add_to_cart,1232,952,mobile
S000475,product_detail,main_image,451,460,mobile
S000475,product_detail,main_image,415,740,mobile
S000475,product_detail,add_to_cart,961,867,mobile
S000476,product_detail,detail_text,228,2144,mobile
S000477,product_detail,add_to_cart,1141,917,app
S000477,product_detail,main_image,549,421,app
S000477,product_detail,coupon_banner,1131,190,app
S000477,product_detail,thumbnails,165,786,app
S000477,product_detail,add_to_cart,738,943,app
S000478,product_detail,add_to_cart,1085,924,desktop
S000478,product_detail,reviews_tab,953,1249,desktop
S000478,product_detail,reviews_tab,407,1234,desktop
S000478,product_detail,reviews_tab,666,1262,desktop
S000479,product_detail,main_image,425,536,desktop
S000479,product_detail,reviews_tab,539,1223,desktop
S000479,product_detail,size_chart,890,662,desktop
S000480,product_detail,size_chart,889,704,mobile
S000480,product_detail,thumbnails,114,851,mobile
S000480,product_detail,add_to_cart,1064,939,mobile
S000480,product_detail,main_image,505,557,mobile
S000481,product_detail,wishlist,1130,919,app
S000481,product_detail,detail_text,730,1826,app
S000482,product_detail,reviews_tab,734,1249,mobile
S000482,product_detail,size_chart,854,712,mobile
S000483,product_detail,main_image,382,553,mobile
S000483,product_detail,reviews_tab,264,1287,mobile
S000484,product_detail,coupon_banner,714,159,mobile
S000484,product_detail,add_to_cart,870,930,mobile
S000484,product_detail,main_image,256,336,mobile
S000486,product_detail,main_image,584,550,mobile
S000488,product_detail,main_image,519,653,mobile
S000488,product_detail,size_chart,896,691,mobile
S000489,product_detail,main_image,446,274,mobile
S000489,product_detail,main_image,297,422,mobile
S000489,product_detail,reviews_tab,634,1259,mobile
S000490,product_detail,size_chart,928,722,desktop
S000490,product_detail,size_chart,866,660,desktop
S000491,product_detail,wishlist,1099,893,desktop
S000492,product_detail,add_to_cart,853,892,mobile
S000494,product_detail,reviews_tab,715,1254,mobile
S000494,product_detail,main_image,424,752,mobile
S000495,product_detail,wishlist,1162,943,mobile
S000495,product_detail,main_image,352,696,mobile
S000495,product_detail,thumbnails,138,753,mobile
S000496,product_detail,add_to_cart,1138,909,mobile
S000496,product_detail,size_chart,908,717,mobile
S000497,product_detail,add_to_cart,1000,895,app
S000497,product_detail,reviews_tab,591,1215,app
S000497,product_detail,main_image,618,593,app
S000497,product_detail,reviews_tab,618,1233,app
S000498,product_detail,add_to_cart,961,914,app
S000498,product_detail,main_image,316,721,app
S000498,product_detail,add_to_cart,702,914,app
S000498,product_detail,size_chart,945,677,app
S000499,product_detail,add_to_cart,1041,892,app
S000499,product_detail,add_to_cart,1123,962,app
S000500,product_detail,reviews_tab,927,1199,mobile
S000501,product_detail,main_image,647,601,mobile
S000501,product_detail,main_image,453,245,mobile
S000501,product_detail,add_to_cart,1264,936,mobile
S000501,product_detail,add_to_cart,1163,886,mobile
S000501,product_detail,main_image,419,555,mobile
S000502,product_detail,main_image,456,694,desktop
S000502,product_detail,coupon_banner,370,168,desktop
S000504,product_detail,main_image,551,330,mobile
S000504,product_detail,coupon_banner,779,222,mobile
S000505,product_detail,size_chart,940,681,mobile
S000505,product_detail,thumbnails,144,860,mobile
S000505,product_detail,main_image,421,409,mobile
S000506,product_detail,add_to_cart,1017,911,mobile
S000506,product_detail,add_to_cart,827,902,mobile
S000507,product_detail,size_chart,888,718,desktop
S000507,product_detail,wishlist,1136,898,desktop
S000507,product_detail,size_chart,915,707,desktop
S000507,product_detail,reviews_tab,763,1268,desktop
S000507,product_detail,detail_text,940,2068,desktop
S000507,product_detail,main_image,426,521,desktop
S000507,product_detail,reviews_tab,866,1244,desktop
S000509,product_detail,size_chart,1040,685,desktop
S000509,product_detail,wishlist,1125,937,desktop
S000509,product_detail,size_chart,919,720,desktop
S000510,product_detail,wishlist,1165,908,mobile
S000510,product_detail,reviews_tab,649,1292,mobile
S000512,product_detail,reviews_tab,961,1227,desktop
S000513,product_detail,size_chart,876,699,mobile
S000513,product_detail,main_image,509,654,mobile
S000513,product_detail,reviews_tab,823,1272,mobile
S000514,product_detail,add_to_cart,1029,883,mobile
S000514,product_detail,main_image,514,613,mobile
S000514,product_detail,add_to_cart,1091,960,mobile
S000516,product_detail,detail_text,547,2000,mobile
S000516,product_detail,reviews_tab,758,1278,mobile
S000516,product_detail,thumbnails,139,923,mobile
S000517,product_detail,detail_text,701,2010,mobile
S000517,product_detail,thumbnails,116,926,mobile
S000517,product_detail,main_image,394,601,mobile
S000518,product_detail,main_image,485,776,mobile
S000519,product_detail,reviews_tab,668,1242,mobile
S000520,product_detail,reviews_tab,778,1227,app
S000521,product_detail,add_to_cart,1099,926,app
S000521,product_detail,detail_text,345,1903,app
S000522,product_detail,reviews_tab,667,1226,mobile
S000523,product_detail,reviews_tab,313,1255,app
S000523,product_detail,main_image,383,346,app
S000524,product_detail,thumbnails,172,727,mobile
S000524,product_detail,add_to_cart,1019,929,mobile
S000524,product_detail,add_to_cart,1090,935,mobile
S000524,product_detail,reviews_tab,637,1244,mobile
S000525,product_detail,reviews_tab,749,1244,mobile
S000525,product_detail,add_to_cart,1154,941,mobile
S000525,product_detail,reviews_tab,588,1274,mobile
S000525,product_detail,add_to_cart,1033,905,mobile
S000525,product_detail,main_image,347,450,mobile
S000526,product_detail,add_to_cart,938,902,mobile
S000526,product_detail,detail_text,913,2496,mobile
S000527,product_detail,add_to_cart,959,915,desktop
S000527,product_detail,size_chart,949,672,desktop
S000527,product_detail,detail_text,771,1731,desktop
S000527,product_detail,reviews_tab,610,1278,desktop
S000528,product_detail,size_chart,878,729,mobile
S000528,product_detail,wishlist,1153,923,mobile
S000529,product_detail,detail_text,676,1825,mobile
S000531,product_detail,reviews_tab,610,1242,mobile
S000531,product_detail,reviews_tab,813,1248,mobile
S000531,product_detail,add_to_cart,1094,946,mobile
S000532,product_detail,size_chart,802,705,mobile
S000534,product_detail,main_image,532,487,desktop
S000534,product_detail,main_image,547,517,desktop
S000535,product_detail,main_image,501,513,mobile
S000535,product_detail,add_to_cart,898,911,mobile
S000535,product_detail,size_chart,858,723,mobile
S000536,product_detail,reviews_tab,692,1246,app
S000536,product_detail,add_to_cart,925,932,app
S000536,product_detail,coupon_banner,762,213,app
S000536,product_detail,main_image,409,478,app
S000536,product_detail,add_to_cart,939,901,app
S000537,product_detail,add_to_cart,888,887,mobile
S000540,product_detail,detail_text,600,2484,mobile
S000540,product_detail,size_chart,996,652,mobile
S000541,product_detail,add_to_cart,1059,957,mobile
S000541,product_detail,wishlist,1151,924,mobile
S000541,product_detail,detail_text,1161,1958,mobile
S000542,product_detail,main_image,454,204,mobile
S000542,product_detail,main_image,306,448,mobile
S000542,product_detail,detail_text,828,2095,mobile
S000542,product_detail,thumbnails,182,709,mobile
S000545,product_detail,thumbnails,142,838,app
S000545,product_detail,detail_text,462,1785,app
S000547,product_detail,main_image,614,501,mobile
S000547,product_detail,detail_text,843,2416,mobile
S000547,product_detail,main_image,388,501,mobile
S000549,product_detail,add_to_cart,983,906,mobile
S000549,product_detail,size_chart,944,678,mobile
S000549,product_detail,reviews_tab,514,1274,mobile
S000550,product_detail,main_image,456,432,mobile
S000550,product_detail,coupon_banner,900,193,mobile
S000550,product_detail,reviews_tab,785,1226,mobile
S000550,product_detail,coupon_banner,800,246,mobile
S000552,product_detail,main_image,305,408,app
S000552,product_detail,detail_text,369,2190,app
S000552,product_detail,wishlist,1145,910,app
S000553,product_detail,detail_text,806,1900,app
S000554,product_detail,main_image,438,403,app
S000556,product_detail,main_image,573,238,app
S000562,product_detail,thumbnails,140,577,desktop
S000562,product_detail,main_image,342,593,desktop
S000563,product_detail,add_to_cart,1062,901,desktop
S000563,product_detail,size_chart,905,695,desktop
S000563,product_detail,main_image,364,340,desktop
S000565,product_detail,coupon_banner,892,175,mobile
S000565,product_detail,main_image,528,875,mobile
S000565,product_detail,reviews_tab,459,1249,mobile
S000565,product_detail,reviews_tab,494,1213,mobile
S000566,product_detail,wishlist,1105,935,app
S000566,product_detail,reviews_tab,617,1257,app
S000566,product_detail,main_image,348,196,app
S000566,product_detail,add_to_cart,1058,908,app
S000566,product_detail,main_image,446,389,app
S000566,product_detail,main_image,371,294,app
S000566,product_detail,main_image,440,523,app
S000567,product_detail,thumbnails,159,623,desktop
S000567,product_detail,main_image,413,406,desktop
S000568,product_detail,main_image,40,313,mobile
S000568,product_detail,add_to_cart,1039,907,mobile
S000569,product_detail,detail_text,485,1437,mobile
S000569,product_detail,main_image,353,351,mobile
S000569,product_detail,main_image,334,812,mobile
S000569,product_detail,main_image,447,375,mobile
S000570,product_detail,thumbnails,198,611,mobile
S000571,product_detail,main_image,648,281,app
S000573,product_detail,main_image,425,249,mobile
S000573,product_detail,reviews_tab,762,1224,mobile
S000574,product_detail,add_to_cart,1009,881,mobile
S000574,product_detail,detail_text,868,2249,mobile
S000575,product_detail,main_image,465,495,mobile
S000575,product_detail,detail_text,877,2058,mobile
S000575,product_detail,detail_text,829,1595,mobile
S000576,product_detail,reviews_tab,385,1252,desktop
S000576,product_detail,main_image,537,574,desktop
S000576,product_detail,size_chart,812,706,desktop
S000577,product_detail,detail_text,349,1571,app
S000577,product_detail,add_to_cart,1091,937,app
S000578,product_detail,reviews_tab,711,1225,mobile
S000578,product_detail,reviews_tab,417,1253,mobile
S000580,product_detail,reviews_tab,846,1231,mobile
S000580,product_detail,size_chart,895,705,mobile
S000581,product_detail,coupon_banner,242,160,mobile
S000581,product_detail,size_chart,988,664,mobile
S000581,product_detail,reviews_tab,635,1273,mobile
S000581,product_detail,add_to_cart,1129,946,mobile
S000582,product_detail,reviews_tab,664,1226,mobile
S000582,product_detail,main_image,241,525,mobile
S000582,product_detail,reviews_tab,484,1253,mobile
S000582,product_detail,detail_text,252,1341,mobile
S000583,product_detail,add_to_cart,1008,890,desktop
S000584,product_detail,size_chart,899,685,mobile
S000584,product_detail,size_chart,984,699,mobile
S000586,product_detail,reviews_tab,539,1289,mobile
S000586,product_detail,size_chart,920,674,mobile
S000586,product_detail,wishlist,1166,919,mobile
S000586,product_detail,main_image,551,660,mobile
S000588,product_detail,detail_text,834,1876,app
S000589,product_detail,coupon_banner,735,226,mobile
S000591,product_detail,main_image,599,295,mobile
S000592,product_detail,main_image,321,480,app
S000592,product_detail,reviews_tab,805,1222,app
S000593,product_detail,main_image,365,551,app
S000593,product_detail,add_to_cart,1001,899,app
S000594,product_detail,add_to_cart,957,914,app
S000594,product_detail,coupon_banner,875,206,app
S000595,product_detail,main_image,494,656,app
S000596,product_detail,reviews_tab,347,1276,app
S000596,product_detail,reviews_tab,516,1280,app
S000596,product_detail,add_to_cart,1220,924,app
S000596,product_detail,detail_text,463,2196,app
S000596,product_detail,thumbnails,125,771,app
S000596,product_detail,add_to_cart,1137,907,app
S000596,product_detail,main_image,521,480,app
S000596,product_detail,reviews_tab,593,1259,app
S000597,product_detail,reviews_tab,584,1233,mobile
S000597,product_detail,detail_text,617,2240,mobile
S000598,product_detail,size_chart,778,641,desktop
S000598,product_detail,reviews_tab,659,1211,desktop
S000600,product_detail,main_image,567,406,mobile
S000600,product_detail,add_to_cart,1048,899,mobile
S000600,product_detail,thumbnails,109,738,mobile
S000600,product_detail,detail_text,658,1542,mobile
S000600,product_detail,main_image,207,662,mobile
S000601,product_detail,main_image,589,365,mobile
S000602,product_detail,detail_text,833,2116,app
S000602,product_detail,main_image,419,396,app
S000602,product_detail,add_to_cart,881,890,app
S000602,product_detail,thumbnails,129,674,app
S000603,product_detail,reviews_tab,566,1241,desktop
S000604,product_detail,main_image,566,599,desktop
S000604,product_detail,wishlist,1114,903,desktop
S000605,product_detail,add_to_cart,859,958,app
S000605,product_detail,main_image,484,689,app
S000605,product_detail,size_chart,904,714,app
S000605,product_detail,size_chart,917,751,app
S000605,product_detail,size_chart,864,685,app
S000605,product_detail,reviews_tab,972,1267,app
S000605,product_detail,main_image,391,195,app
S000605,product_detail,reviews_tab,929,1216,app
S000606,product_detail,reviews_tab,635,1253,desktop
S000606,product_detail,main_image,586,280,desktop
S000607,product_detail,thumbnails,140,943,mobile
S000607,product_detail,add_to_cart,1001,933,mobile
S000608,product_detail,main_image,556,231,mobile
S000608,product_detail,main_image,122,822,mobile
S000608,product_detail,thumbnails,190,916,mobile
S000610,product_detail,main_image,447,764,desktop
S000610,product_detail,reviews_tab,693,1236,desktop
S000610,product_detail,main_image,284,402,desktop
S000610,product_detail,reviews_tab,487,1261,desktop
S000611,product_detail,coupon_banner,497,219,mobile
S000612,product_detail,wishlist,1125,919,mobile
S000612,product_detail,add_to_cart,999,921,mobile
S000612,product_detail,main_image,266,326,mobile
S000612,product_detail,reviews_tab,580,1244,mobile
S000612,product_detail,thumbnails,206,945,mobile
S000612,product_detail,main_image,398,429,mobile
S000612,product_detail,size_chart,869,702,mobile
S000612,product_detail,add_to_cart,1101,912,mobile
S000612,product_detail,reviews_tab,474,1232,mobile
S000613,product_detail,detail_text,1140,1745,app
S000613,product_detail,detail_text,659,1693,app
S000613,product_detail,reviews_tab,668,1256,app
S000613,product_detail,main_image,172,484,app
S000614,product_detail,add_to_cart,990,946,mobile
S000614,product_detail,main_image,552,587,mobile
S000614,product_detail,main_image,271,296,mobile
S000615,product_detail,thumbnails,166,843,desktop
S000615,product_detail,add_to_cart,855,936,desktop
S000618,product_detail,main_image,327,248,desktop
S000618,product_detail,wishlist,1152,916,desktop
S000619,product_detail,main_image,401,709,mobile
S000619,product_detail,reviews_tab,819,1254,mobile
S000619,product_detail,reviews_tab,487,1229,mobile
S000619,product_detail,main_image,584,532,mobile
S000619,product_detail,add_to_cart,1086,916,mobile
S000620,product_detail,add_to_cart,879,854,mobile
S000620,product_detail,main_image,493,534,mobile
S000620,product_detail,add_to_cart,1110,945,mobile
S000620,product_detail,add_to_cart,1007,938,mobile
S000620,product_detail,detail_text,605,1567,mobile
S000621,product_detail,main_image,294,777,mobile
S000621,product_detail,wishlist,1136,922,mobile
S000621,product_detail,wishlist,1126,891,mobile
S000622,product_detail,main_image,637,469,mobile
S000623,product_detail,add_to_cart,781,945,desktop
S000624,product_detail,wishlist,1120,929,mobile
S000626,product_detail,main_image,448,383,app
S000626,product_detail,thumbnails,227,693,app
S000626,product_detail,coupon_banner,614,189,app
S000626,product_detail,reviews_tab,237,1255,app
S000628,product_detail,main_image,406,545,mobile
S000629,product_detail,reviews_tab,843,1241,app
S000629,product_detail,size_chart,1024,684,app
S000629,product_detail,main_image,287,515,app
S000629,product_detail,detail_text,550,1433,app
S000630,product_detail,main_image,431,567,mobile
S000630,product_detail,main_image,441,638,mobile
S000632,product_detail,main_image,215,619,desktop
S000632,product_detail,main_image,377,641,desktop
S000632,product_detail,add_to_cart,969,921,desktop
S000632,product_detail,add_to_cart,930,906,desktop
S000633,product_detail,add_to_cart,1260,941,mobile
S000634,product_detail,main_image,563,668,mobile
S000634,product_detail,add_to_cart,847,932,mobile
S000635,product_detail,coupon_banner,408,194,mobile
S000636,product_detail,main_image,257,327,app
S000636,product_detail,size_chart,783,699,app
S000636,product_detail,reviews_tab,669,1269,app
S000636,product_detail,size_chart,944,669,app
S000636,product_detail,detail_text,609,1482,app
S000636,product_detail,reviews_tab,367,1289,app
S000636,product_detail,main_image,383,960,app
S000636,product_detail,reviews_tab,697,1235,app
S000637,product_detail,add_to_cart,983,913,app
S000637,product_detail,detail_text,362,1592,app
S000637,product_detail,main_image,574,544,app
S000638,product_detail,add_to_cart,1004,921,desktop
S000638,product_detail,add_to_cart,1107,927,desktop
S000640,product_detail,reviews_tab,1009,1259,app
S000641,product_detail,size_chart,896,711,desktop
S000642,product_detail,add_to_cart,986,931,mobile
S000642,product_detail,reviews_tab,373,1247,mobile
S000642,product_detail,main_image,241,716,mobile
S000642,product_detail,main_image,503,419,mobile
S000642,product_detail,main_image,218,425,mobile
S000642,product_detail,reviews_tab,580,1244,mobile
S000644,product_detail,main_image,441,703,mobile
S000644,product_detail,detail_text,683,2343,mobile
S000644,product_detail,add_to_cart,1014,949,mobile
S000644,product_detail,reviews_tab,1016,1223,mobile
S000644,product_detail,detail_text,694,1642,mobile
S000645,product_detail,main_image,478,576,app
S000645,product_detail,main_image,563,639,app
S000646,product_detail,coupon_banner,123,217,mobile
S000646,product_detail,add_to_cart,673,921,mobile
S000646,product_detail,size_chart,997,689,mobile
S000646,product_detail,wishlist,1157,934,mobile
S000647,product_detail,wishlist,1161,933,app
S000647,product_detail,add_to_cart,1074,919,app
S000648,product_detail,main_image,509,442,mobile
S000648,product_detail,main_image,619,115,mobile
S000648,product_detail,add_to_cart,1053,946,mobile
S000649,product_detail,size_chart,822,700,app
S000649,product_detail,main_image,272,516,app
S000649,product_detail,main_image,638,724,app
S000649,product_detail,main_image,163,708,app
S000649,product_detail,reviews_tab,545,1268,app
S000650,product_detail,add_to_cart,886,912,app
S000650,product_detail,main_image,461,557,app
S000651,product_detail,size_chart,911,702,mobile
S000651,product_detail,add_to_cart,1068,953,mobile
S000651,product_detail,main_image,430,770,mobile
S000651,product_detail,reviews_tab,668,1234,mobile
S000651,product_detail,reviews_tab,763,1271,mobile
S000653,product_detail,add_to_cart,904,894,desktop
S000653,product_detail,reviews_tab,932,1254,desktop
S000654,product_detail,detail_text,422,1664,app
S000654,product_detail,size_chart,897,704,app
S000655,product_detail,size_chart,932,667,mobile
S000655,product_detail,add_to_cart,1013,915,mobile
S000655,product_detail,thumbnails,87,626,mobile
S000655,product_detail,reviews_tab,475,1219,mobile
S000655,product_detail,main_image,549,588,mobile
S000656,product_detail,reviews_tab,692,1242,desktop
S000656,product_detail,main_image,412,309,desktop
S000656,product_detail,add_to_cart,1078,955,desktop
S000657,product_detail,thumbnails,182,804,mobile
S000658,product_detail,detail_text,190,2347,mobile
S000658,product_detail,size_chart,829,703,mobile
S000658,product_detail,main_image,324,819,mobile
S000659,product_detail,main_image,534,722,desktop
S000659,product_detail,thumbnails,198,777,desktop
S000660,product_detail,reviews_tab,564,1213,app
S000660,product_detail,main_image,440,698,app
S000660,product_detail,add_to_cart,1019,941,app
S000660,product_detail,coupon_banner,716,222,app
S000660,product_detail,detail_text,894,2317,app
S000660,product_detail,size_chart,1009,692,app
S000661,product_detail,add_to_cart,960,938,desktop
S000661,product_detail,size_chart,884,694,desktop
S000661,product_detail,coupon_banner,699,204,desktop
S000662,product_detail,reviews_tab,535,1263,mobile
S000662,product_detail,main_image,482,492,mobile
S000663,product_detail,main_image,495,477,mobile
S000665,product_detail,wishlist,1147,924,app
S000665,product_detail,coupon_banner,104,189,app
S000665,product_detail,size_chart,985,747,app
S000665,product_detail,thumbnails,134,623,app
S000665,product_detail,main_image,163,513,app
S000666,product_detail,thumbnails,155,821,mobile
S000666,product_detail,main_image,419,716,mobile
S000666,product_detail,add_to_cart,993,928,mobile
S000667,product_detail,main_image,320,648,mobile
S000667,product_detail,detail_text,957,2598,mobile
S000667,product_detail,add_to_cart,786,936,mobile
S000667,product_detail,detail_text,241,1560,mobile
S000667,product_detail,main_image,277,248,mobile
S000667,product_detail,main_image,471,624,mobile
S000667,product_detail,main_image,668,313,mobile
S000671,product_detail,size_chart,935,698,mobile
S000671,product_detail,detail_text,812,1585,mobile
S000673,product_detail,size_chart,985,701,app
S000673,product_detail,add_to_cart,977,940,app
S000673,product_detail,wishlist,1168,931,app
S000675,product_detail,reviews_tab,641,1254,mobile
S000675,product_detail,detail_text,640,1888,mobile
S000675,product_detail,reviews_tab,474,1250,mobile
S000676,product_detail,add_to_cart,988,978,mobile
S000677,product_detail,main_image,665,414,mobile
S000678,product_detail,main_image,484,524,mobile
S000678,product_detail,main_image,395,643,mobile
S000678,product_detail,main_image,342,620,mobile
S000679,product_detail,thumbnails,288,831,app
S000679,product_detail,thumbnails,166,779,app
S000679,product_detail,size_chart,983,691,app
S000679,product_detail,main_image,415,579,app
S000680,product_detail,main_image,275,223,app
S000680,product_detail,main_image,370,320,app
S000680,product_detail,main_image,501,335,app
S000681,product_detail,wishlist,1112,906,desktop
S000681,product_detail,main_image,468,355,desktop
S000683,product_detail,main_image,470,828,app
S000683,product_detail,add_to_cart,959,928,app
S000685,product_detail,main_image,545,283,mobile
S000685,product_detail,wishlist,1118,945,mobile
S000685,product_detail,add_to_cart,970,924,mobile
S000685,product_detail,add_to_cart,992,880,mobile
S000686,product_detail,main_image,516,513,desktop
S000686,product_detail,add_to_cart,968,931,desktop
S000686,product_detail,coupon_banner,876,201,desktop
S000687,product_detail,add_to_cart,686,895,mobile
S000687,product_detail,reviews_tab,637,1278,mobile
S000688,product_detail,add_to_cart,1004,939,desktop
S000688,product_detail,add_to_cart,1002,937,desktop
S000689,product_detail,main_image,290,676,desktop
S000689,product_detail,size_chart,824,727,desktop
S000689,product_detail,reviews_tab,486,1232,desktop
S000689,product_detail,main_image,401,739,desktop
S000689,product_detail,detail_text,958,2015,desktop
S000690,product_detail,coupon_banner,475,225,app
S000691,product_detail,detail_text,197,1800,app
S000691,product_detail,add_to_cart,1060,920,app
S000692,product_detail,add_to_cart,740,951,app
S000692,product_detail,main_image,396,527,app
S000692,product_detail,main_image,360,548,app
S000692,product_detail,main_image,642,538,app
S000693,product_detail,main_image,440,342,mobile
S000693,product_detail,reviews_tab,545,1237,mobile
S000693,product_detail,thumbnails,177,820,mobile
S000693,product_detail,detail_text,1126,1711,mobile
S000694,product_detail,coupon_banner,621,207,app
S000694,product_detail,size_chart,1026,677,app
S000694,product_detail,main_image,743,525,app
S000694,product_detail,add_to_cart,957,919,app
S000695,product_detail,main_image,468,631,app
S000695,product_detail,coupon_banner,1279,193,app
S000695,product_detail,detail_text,277,1639,app
S000695,product_detail,size_chart,998,686,app
S000695,product_detail,wishlist,1147,907,app
S000695,product_detail,main_image,422,559,app
S000696,product_detail,main_image,332,631,mobile
S000696,product_detail,add_to_cart,906,904,mobile
S000696,product_detail,size_chart,904,698,mobile
S000696,product_detail,wishlist,1119,935,mobile
S000696,product_detail,add_to_cart,935,932,mobile
S000696,product_detail,main_image,402,354,mobile
S000696,product_detail,main_image,372,724,mobile
S000696,product_detail,add_to_cart,986,882,mobile
S000697,product_detail,reviews_tab,925,1290,mobile
S000697,product_detail,reviews_tab,614,1246,mobile
S000697,product_detail,size_chart,1016,724,mobile
S000699,product_detail,add_to_cart,969,887,mobile
S000700,product_detail,main_image,411,694,mobile
S000700,product_detail,thumbnails,179,879,mobile
S000700,product_detail,add_to_cart,893,885,mobile
S000700,product_detail,thumbnails,119,860,mobile
S000700,product_detail,size_chart,951,703,mobile
S000703,product_detail,add_to_cart,926,923,mobile
S000703,product_detail,thumbnails,220,597,mobile
S000703,product_detail,main_image,497,174,mobile
S000703,product_detail,add_to_cart,1037,897,mobile
S000703,product_detail,reviews_tab,629,1266,mobile
S000704,product_detail,reviews_tab,811,1239,desktop
S000704,product_detail,add_to_cart,977,882,desktop
S000704,product_detail,add_to_cart,966,942,desktop
S000706,product_detail,reviews_tab,709,1266,app
S000706,product_detail,main_image,465,616,app
S000707,product_detail,add_to_cart,832,931,mobile
S000707,product_detail,detail_text,359,2172,mobile
S000708,product_detail,size_chart,851,702,mobile
S000708,product_detail,add_to_cart,1037,940,mobile
S000709,product_detail,main_image,546,865,mobile
S000709,product_detail,thumbnails,171,797,mobile
S000709,product_detail,wishlist,1160,902,mobile
S000710,product_detail,size_chart,924,687,mobile
S000712,product_detail,main_image,336,356,app
S000712,product_detail,size_chart,855,689,app
S000712,product_detail,main_image,629,618,app
S000713,product_detail,wishlist,1162,914,mobile
S000713,product_detail,reviews_tab,302,1238,mobile
S000713,product_detail,size_chart,957,710,mobile
S000713,product_detail,detail_text,1279,1714,mobile
S000713,product_detail,main_image,529,658,mobile
S000714,product_detail,main_image,546,328,mobile
S000714,product_detail,add_to_cart,851,904,mobile
S000714,product_detail,detail_text,807,1438,mobile
S000716,product_detail,coupon_banner,600,153,app
S000716,product_detail,main_image,390,292,app
S000717,product_detail,add_to_cart,914,918,app
S000717,product_detail,detail_text,540,2480,app
S000717,product_detail,main_image,422,491,app
S000717,product_detail,add_to_cart,760,931,app
S000717,product_detail,detail_text,84,1955,app
S000717,product_detail,thumbnails,128,863,app
S000718,product_detail,reviews_tab,907,1245,app
S000718,product_detail,add_to_cart,970,912,app
S000718,product_detail,add_to_cart,953,953,app
S000718,product_detail,reviews_tab,408,1255,app
S000718,product_detail,size_chart,822,671,app
S000718,product_detail,reviews_tab,579,1243,app
S000719,product_detail,main_image,519,477,mobile
S000719,product_detail,main_image,420,253,mobile
S000719,product_detail,main_image,591,670,mobile
S000720,product_detail,reviews_tab,775,1271,mobile
S000720,product_detail,add_to_cart,1046,938,mobile
S000720,product_detail,reviews_tab,706,1241,mobile
S000720,product_detail,main_image,384,411,mobile
S000720,product_detail,main_image,455,490,mobile
S000720,product_detail,main_image,431,515,mobile
S000720,product_detail,size_chart,764,701,mobile
S000720,product_detail,main_image,558,386,mobile
S000720,product_detail,add_to_cart,900,953,mobile
S000721,product_detail,reviews_tab,896,1263,app
S000721,product_detail,reviews_tab,501,1220,app
S000721,product_detail,main_image,276,361,app
S000723,product_detail,add_to_cart,1045,878,mobile
S000723,product_detail,main_image,611,276,mobile
S000723,product_detail,size_chart,832,676,mobile
S000724,product_detail,main_image,521,217,mobile
S000724,product_detail,reviews_tab,455,1208,mobile
S000724,product_detail,coupon_banner,501,285,mobile
S000725,product_detail,main_image,187,395,desktop
S000725,product_detail,add_to_cart,951,940,desktop
S000725,product_detail,main_image,446,786,desktop
S000726,product_detail,main_image,383,696,app
S000726,product_detail,detail_text,1035,1983,app
S000726,product_detail,thumbnails,189,771,app
S000726,product_detail,reviews_tab,530,1236,app
S000728,product_detail,main_image,455,369,mobile
S000728,product_detail,add_to_cart,1093,946,mobile
S000728,product_detail,main_image,757,455,mobile
S000728,product_detail,size_chart,852,713,mobile
S000729,product_detail,main_image,471,455,mobile
S000731,product_detail,main_image,476,233,mobile
S000731,product_detail,reviews_tab,791,1263,mobile
S000731,product_detail,add_to_cart,1127,904,mobile
S000733,product_detail,size_chart,957,663,app
S000733,product_detail,reviews_tab,605,1224,app
S000733,product_detail,wishlist,1129,919,app
S000734,product_detail,main_image,278,730,desktop
S000736,product_detail,reviews_tab,644,1191,mobile
S000737,product_detail,main_image,379,689,mobile
S000738,product_detail,main_image,396,687,mobile
S000738,product_detail,add_to_cart,993,903,mobile
S000739,product_detail,wishlist,1133,947,mobile
S000740,product_detail,main_image,557,272,mobile
S000740,product_detail,reviews_tab,559,1241,mobile
S000740,product_detail,reviews_tab,570,1280,mobile
S000741,product_detail,add_to_cart,879,887,app
S000741,product_detail,add_to_cart,981,926,app
S000741,product_detail,main_image,362,376,app
S000741,product_detail,reviews_tab,758,1251,app
S000741,product_detail,reviews_tab,488,1215,app
S000743,product_detail,thumbnails,108,766,mobile
S000743,product_detail,main_image,294,276,mobile
S000743,product_detail,size_chart,824,695,mobile
S000744,product_detail,wishlist,1159,925,desktop
S000744,product_detail,thumbnails,112,807,desktop
S000744,product_detail,main_image,450,559,desktop
S000744,product_detail,size_chart,890,697,desktop
S000744,product_detail,add_to_cart,1120,878,desktop
S000745,product_detail,size_chart,954,669,mobile
S000745,product_detail,reviews_tab,268,1241,mobile
S000746,product_detail,detail_text,1277,1932,mobile
S000747,product_detail,main_image,499,506,mobile
S000747,product_detail,add_to_cart,896,898,mobile
S000749,product_detail,main_image,567,507,app
S000749,product_detail,main_image,266,581,app
S000749,product_detail,main_image,439,335,app
S000749,product_detail,detail_text,1055,2175,app
S000750,product_detail,wishlist,1164,950,mobile
S000752,product_detail,wishlist,1129,925,app
S000752,product_detail,add_to_cart,1055,873,app
S000752,product_detail,add_to_cart,1012,909,app
S000752,product_detail,coupon_banner,404,163,app
S000752,product_detail,reviews_tab,707,1208,app
S000752,product_detail,thumbnails,128,459,app
S000752,product_detail,main_image,532,867,app
S000752,product_detail,add_to_cart,938,921,app
S000752,product_detail,reviews_tab,732,1243,app
S000753,product_detail,thumbnails,99,777,mobile
S000753,product_detail,thumbnails,164,725,mobile
S000759,product_detail,main_image,392,405,desktop
S000759,product_detail,wishlist,1107,938,desktop
S000760,product_detail,add_to_cart,941,880,mobile
S000760,product_detail,detail_text,435,2103,mobile
S000760,product_detail,add_to_cart,847,917,mobile
S000760,product_detail,size_chart,933,681,mobile
S000760,product_detail,add_to_cart,903,965,mobile
S000761,product_detail,main_image,573,571,mobile
S000762,product_detail,detail_text,399,2142,desktop
S000762,product_detail,size_chart,963,711,desktop
S000762,product_detail,main_image,498,514,desktop
S000762,product_detail,reviews_tab,649,1234,desktop
S000762,product_detail,reviews_tab,761,1258,desktop
S000763,product_detail,main_image,352,477,app
S000763,product_detail,thumbnails,129,880,app
S000763,product_detail,size_chart,916,731,app
S000763,product_detail,main_image,352,616,app
S000764,product_detail,reviews_tab,742,1226,mobile
S000764,product_detail,thumbnails,153,743,mobile
S000764,product_detail,detail_text,1091,1631,mobile
S000766,product_detail,reviews_tab,596,1235,mobile
S000766,product_detail,add_to_cart,1089,892,mobile
S000766,product_detail,reviews_tab,673,1221,mobile
S000766,product_detail,main_image,305,779,mobile
S000767,product_detail,add_to_cart,1038,928,mobile
S000767,product_detail,size_chart,948,711,mobile
S000767,product_detail,detail_text,0,1450,mobile
S000767,product_detail,size_chart,858,697,mobile
S000768,product_detail,main_image,557,454,desktop
S000768,product_detail,coupon_banner,651,173,desktop
S000768,product_detail,size_chart,862,706,desktop
S000769,product_detail,coupon_banner,530,221,app
S000769,product_detail,add_to_cart,1051,951,app
S000769,product_detail,main_image,453,547,app
S000771,product_detail,size_chart,941,672,app
S000771,product_detail,detail_text,680,1903,app
S000772,product_detail,add_to_cart,738,957,mobile
S000772,product_detail,thumbnails,154,637,mobile
S000772,product_detail,add_to_cart,1115,933,mobile
S000773,product_detail,wishlist,1115,922,mobile
S000773,product_detail,main_image,451,598,mobile
S000773,product_detail,main_image,478,488,mobile
S000774,product_detail,thumbnails,148,643,mobile
S000774,product_detail,size_chart,858,695,mobile
S000775,product_detail,add_to_cart,1012,977,desktop
S000775,product_detail,detail_text,0,1888,desktop
S000776,product_detail,main_image,512,339,app
S000777,product_detail,reviews_tab,768,1283,mobile
S000777,product_detail,main_image,553,344,mobile
S000778,product_detail,wishlist,1131,918,app
S000779,product_detail,size_chart,832,685,mobile
S000780,product_detail,main_image,220,357,mobile
S000781,product_detail,detail_text,0,1634,desktop
S000781,product_detail,thumbnails,173,837,desktop
S000782,product_detail,add_to_cart,1070,915,desktop
S000782,product_detail,main_image,390,470,desktop
S000782,product_detail,main_image,568,468,desktop
S000782,product_detail,main_image,484,498,desktop
S000783,product_detail,size_chart,936,695,desktop
S000783,product_detail,size_chart,839,698,desktop
S000785,product_detail,main_image,234,547,app
S000785,product_detail,detail_text,1213,2006,app
S000785,product_detail,add_to_cart,932,926,app
S000785,product_detail,reviews_tab,734,1242,app
S000785,product_detail,thumbnails,114,484,app
S000785,product_detail,main_image,438,392,app
S000785,product_detail,add_to_cart,1082,948,app
S000786,product_detail,size_chart,915,687,mobile
S000786,product_detail,reviews_tab,571,1253,mobile
S000787,product_detail,thumbnails,184,762,mobile
S000787,product_detail,main_image,336,752,mobile
S000787,product_detail,wishlist,1128,927,mobile
S000787,product_detail,add_to_cart,1044,925,mobile
S000789,product_detail,thumbnails,130,662,mobile
S000789,product_detail,main_image,421,616,mobile
S000790,product_detail,main_image,433,646,mobile
S000790,product_detail,wishlist,1143,918,mobile
S000791,product_detail,main_image,421,318,mobile
S000791,product_detail,detail_text,690,1827,mobile
S000791,product_detail,main_image,321,655,mobile
S000792,product_detail,size_chart,869,688,mobile
S000793,product_detail,coupon_banner,163,164,app
S000793,product_detail,add_to_cart,1083,951,app
S000793,product_detail,main_image,454,411,app
S000793,product_detail,detail_text,285,2213,app
S000795,product_detail,add_to_cart,912,942,desktop
S000797,product_detail,main_image,446,627,mobile
S000797,product_detail,reviews_tab,414,1248,mobile
S000799,product_detail,thumbnails,147,799,desktop
S000800,product_detail,main_image,388,501,app
S000800,product_detail,reviews_tab,427,1284,app
S000800,product_detail,detail_text,847,2239,app
S000800,product_detail,main_image,622,710,app
S000800,product_detail,wishlist,1130,915,app
S000801,product_detail,reviews_tab,302,1203,mobile
S000801,product_detail,add_to_cart,1001,949,mobile
S000801,product_detail,size_chart,927,694,mobile
S000801,product_detail,detail_text,762,1817,mobile
S000801,product_detail,main_image,328,137,mobile
S000802,product_detail,add_to_cart,909,950,app
S000802,product_detail,main_image,384,768,app
S000803,product_detail,reviews_tab,779,1272,mobile
S000803,product_detail,reviews_tab,301,1261,mobile
S000803,product_detail,thumbnails,162,816,mobile
S000803,product_detail,wishlist,1186,931,mobile
S000804,product_detail,thumbnails,165,766,mobile
S000804,product_detail,main_image,476,563,mobile
S000804,product_detail,wishlist,1158,912,mobile
S000805,product_detail,add_to_cart,887,918,mobile
S000805,product_detail,thumbnails,154,801,mobile
S000807,product_detail,thumbnails,141,872,desktop
S000807,product_detail,size_chart,841,677,desktop
S000808,product_detail,coupon_banner,239,189,desktop
S000809,product_detail,add_to_cart,1042,922,mobile
S000809,product_detail,reviews_tab,602,1262,mobile
S000809,product_detail,main_image,418,305,mobile
S000811,product_detail,add_to_cart,887,963,app
S000811,product_detail,main_image,411,703,app
S000811,product_detail,add_to_cart,966,959,app
S000813,product_detail,size_chart,914,712,app
S000814,product_detail,add_to_cart,1037,927,mobile
S000814,product_detail,reviews_tab,573,1265,mobile
S000815,product_detail,size_chart,858,704,app
S000816,product_detail,main_image,314,344,mobile
S000816,product_detail,size_chart,1045,698,mobile
S000818,product_detail,add_to_cart,913,916,desktop
S000818,product_detail,add_to_cart,1033,886,desktop
S000818,product_detail,reviews_tab,672,1233,desktop
S000818,product_detail,thumbnails,189,790,desktop
S000819,product_detail,main_image,416,481,mobile
S000819,product_detail,size_chart,923,687,mobile
S000819,product_detail,reviews_tab,1002,1249,mobile
S000820,product_detail,add_to_cart,808,919,mobile
S000820,product_detail,size_chart,970,700,mobile
S000820,product_detail,reviews_tab,633,1223,mobile
S000820,product_detail,thumbnails,154,790,mobile
S000820,product_detail,thumbnails,121,761,mobile
S000821,product_detail,size_chart,831,698,desktop
S000821,product_detail,size_chart,960,728,desktop
S000821,product_detail,main_image,230,508,desktop
S000822,product_detail,detail_text,842,1885,mobile
S000823,product_detail,main_image,518,532,mobile
S000823,product_detail,main_image,603,551,mobile
S000824,product_detail,size_chart,967,716,mobile
S000824,product_detail,size_chart,914,713,mobile
S000825,product_detail,main_image,478,609,app
S000825,product_detail,size_chart,993,709,app
S000825,product_detail,reviews_tab,643,1276,app
S000825,product_detail,thumbnails,70,764,app
S000825,product_detail,wishlist,1101,928,app
S000825,product_detail,add_to_cart,894,906,app
S000825,product_detail,main_image,142,522,app
S000825,product_detail,wishlist,1111,921,app
S000827,product_detail,add_to_cart,1098,903,mobile
S000827,product_detail,add_to_cart,1001,902,mobile
S000827,product_detail,add_to_cart,1216,928,mobile
S000827,product_detail,detail_text,458,1764,mobile
S000828,product_detail,add_to_cart,960,889,mobile
S000829,product_detail,size_chart,890,724,mobile
S000829,product_detail,coupon_banner,670,211,mobile
S000830,product_detail,add_to_cart,978,942,mobile
S000830,product_detail,size_chart,887,685,mobile
S000831,product_detail,add_to_cart,913,952,mobile
S000831,product_detail,size_chart,940,741,mobile
S000831,product_detail,main_image,194,579,mobile
S000832,product_detail,add_to_cart,932,883,mobile
S000832,product_detail,add_to_cart,852,914,mobile
S000835,product_detail,thumbnails,117,734,app
S000837,product_detail,coupon_banner,666,209,desktop
S000837,product_detail,main_image,494,481,desktop
S000839,product_detail,main_image,557,626,mobile
S000839,product_detail,detail_text,332,1792,mobile
S000839,product_detail,main_image,554,412,mobile
S000840,product_detail,main_image,352,137,app
S000840,product_detail,main_image,476,372,app
S000840,product_detail,main_image,663,267,app
S000840,product_detail,add_to_cart,968,910,app
S000840,product_detail,main_image,540,579,app
S000840,product_detail,size_chart,871,713,app
S000841,product_detail,main_image,458,454,desktop
S000841,product_detail,size_chart,841,719,desktop
S000841,product_detail,detail_text,266,2102,desktop
S000841,product_detail,main_image,295,579,desktop
S000842,product_detail,main_image,412,621,mobile
S000842,product_detail,reviews_tab,739,1265,mobile
S000843,product_detail,coupon_banner,1132,188,app
S000843,product_detail,reviews_tab,754,1255,app
S000844,product_detail,main_image,306,311,mobile
S000844,product_detail,wishlist,1163,941,mobile
S000844,product_detail,main_image,501,348,mobile
S000845,product_detail,main_image,313,533,mobile
S000845,product_detail,wishlist,1115,930,mobile
S000845,product_detail,size_chart,896,691,mobile
S000846,product_detail,main_image,424,633,app
S000847,product_detail,size_chart,833,707,app
S000848,product_detail,size_chart,897,713,app
S000848,product_detail,main_image,475,611,app
S000849,product_detail,main_image,440,378,app
S000849,product_detail,main_image,229,819,app
S000849,product_detail,add_to_cart,925,918,app
S000851,product_detail,add_to_cart,1034,934,mobile
S000851,product_detail,main_image,297,561,mobile
S000852,product_detail,size_chart,825,708,desktop
S000853,product_detail,size_chart,855,690,mobile
S000853,product_detail,detail_text,292,2306,mobile
S000854,product_detail,thumbnails,208,673,desktop
S000854,product_detail,main_image,349,725,desktop
S000854,product_detail,size_chart,890,710,desktop
S000855,product_detail,wishlist,1111,940,desktop
S000855,product_detail,thumbnails,198,795,desktop
S000856,product_detail,main_image,410,347,mobile
S000856,product_detail,main_image,363,641,mobile
S000857,product_detail,size_chart,1077,687,mobile
S000857,product_detail,main_image,612,685,mobile
S000858,product_detail,size_chart,928,685,mobile
S000858,product_detail,reviews_tab,735,1262,mobile
S000859,product_detail,detail_text,454,2064,mobile
S000860,product_detail,wishlist,1126,915,mobile
S000861,product_detail,detail_text,953,1545,app
S000861,product_detail,reviews_tab,703,1219,app
S000861,product_detail,reviews_tab,484,1253,app
S000861,product_detail,main_image,444,421,app
S000863,product_detail,detail_text,248,1431,mobile
S000863,product_detail,detail_text,1271,1809,mobile
S000864,product_detail,thumbnails,132,712,mobile
S000865,product_detail,main_image,428,635,mobile
S000865,product_detail,reviews_tab,386,1221,mobile
S000868,product_detail,reviews_tab,778,1248,mobile
S000868,product_detail,add_to_cart,906,958,mobile
S000869,product_detail,main_image,487,678,mobile
S000869,product_detail,main_image,411,492,mobile
S000869,product_detail,reviews_tab,839,1221,mobile
S000869,product_detail,reviews_tab,601,1187,mobile
S000871,product_detail,main_image,259,538,mobile
S000872,product_detail,thumbnails,143,910,app
S000872,product_detail,main_image,121,682,app
S000873,product_detail,reviews_tab,698,1254,mobile
S000874,product_detail,detail_text,611,1873,app
S000875,product_detail,detail_text,886,2494,mobile
S000876,product_detail,reviews_tab,989,1227,app
S000876,product_detail,reviews_tab,437,1224,app
S000877,product_detail,main_image,211,504,app
S000877,product_detail,size_chart,956,697,app
S000878,product_detail,main_image,342,697,mobile
S000878,product_detail,size_chart,816,686,mobile
S000878,product_detail,detail_text,27,2043,mobile
S000878,product_detail,add_to_cart,1137,873,mobile
S000879,product_detail,thumbnails,156,619,desktop
S000879,product_detail,main_image,511,486,desktop
S000879,product_detail,coupon_banner,747,162,desktop
S000879,product_detail,main_image,416,618,desktop
S000879,product_detail,coupon_banner,614,201,desktop
S000880,product_detail,main_image,465,544,mobile
S000880,product_detail,main_image,410,284,mobile
S000880,product_detail,wishlist,1129,933,mobile
S000880,product_detail,main_image,357,440,mobile
S000880,product_detail,main_image,549,13,mobile
S000881,product_detail,wishlist,1116,930,mobile
S000881,product_detail,main_image,230,497,mobile
S000881,product_detail,main_image,527,713,mobile
S000881,product_detail,reviews_tab,829,1250,mobile
S000881,product_detail,size_chart,978,676,mobile
S000881,product_detail,main_image,698,378,mobile
S000882,product_detail,add_to_cart,1087,886,desktop
S000883,product_detail,reviews_tab,525,1271,app
S000884,product_detail,detail_text,738,2599,mobile
S000884,product_detail,detail_text,907,2199,mobile
S000884,product_detail,reviews_tab,696,1230,mobile
S000884,product_detail,detail_text,536,1997,mobile
S000886,product_detail,main_image,392,484,app
S000886,product_detail,add_to_cart,951,934,app
S000887,product_detail,main_image,568,570,app
S000888,product_detail,detail_text,972,1988,mobile
S000888,product_detail,reviews_tab,713,1272,mobile
S000888,product_detail,main_image,425,657,mobile
S000888,product_detail,reviews_tab,423,1250,mobile
S000888,product_detail,main_image,609,458,mobile
S000890,product_detail,thumbnails,142,779,app
S000890,product_detail,main_image,435,454,app
S000891,product_detail,add_to_cart,1097,896,mobile
S000891,product_detail,main_image,250,485,mobile
S000891,product_detail,detail_text,275,2207,mobile
S000892,product_detail,add_to_cart,1174,918,mobile
S000892,product_detail,add_to_cart,1168,879,mobile
S000892,product_detail,main_image,405,319,mobile
S000892,product_detail,main_image,500,295,mobile
S000893,product_detail,size_chart,1017,685,desktop
S000894,product_detail,thumbnails,133,707,desktop
S000894,product_detail,main_image,485,408,desktop
S000895,product_detail,add_to_cart,1112,916,desktop
S000895,product_detail,add_to_cart,1065,941,desktop
S000896,product_detail,reviews_tab,531,1249,mobile
S000896,product_detail,reviews_tab,564,1259,mobile
S000896,product_detail,main_image,421,527,mobile
S000898,product_detail,size_chart,836,687,app
S000898,product_detail,reviews_tab,810,1222,app
S000900,product_detail,thumbnails,96,787,mobile
S000900,product_detail,main_image,326,66,mobile
S000900,product_detail,main_image,558,423,mobile
S000901,product_detail,add_to_cart,1007,958,mobile
S000901,product_detail,thumbnails,160,432,mobile
S000901,product_detail,main_image,334,356,mobile
S000901,product_detail,coupon_banner,505,213,mobile
S000903,product_detail,add_to_cart,1057,941,mobile
S000904,product_detail,main_image,417,487,app
S000906,product_detail,coupon_banner,578,163,mobile
S000906,product_detail,wishlist,1120,925,mobile
S000906,product_detail,main_image,388,464,mobile
S000906,product_detail,wishlist,1097,917,mobile
S000906,product_detail,add_to_cart,1047,889,mobile
S000907,product_detail,main_image,362,543,mobile
S000909,product_detail,main_image,261,200,desktop
S000909,product_detail,main_image,377,316,desktop
S000909,product_detail,main_image,441,486,desktop
S000909,product_detail,detail_text,795,1636,desktop
S000910,product_detail,size_chart,932,707,desktop
S000911,product_detail,add_to_cart,1036,926,mobile
S000912,product_detail,size_chart,794,669,mobile
S000912,product_detail,thumbnails,144,606,mobile
S000912,product_detail,add_to_cart,1074,939,mobile
S000913,product_detail,main_image,431,595,mobile
S000915,product_detail,main_image,294,555,mobile
S000915,product_detail,add_to_cart,1141,897,mobile
S000917,product_detail,reviews_tab,767,1257,mobile
S000917,product_detail,reviews_tab,620,1260,mobile
S000918,product_detail,size_chart,793,697,mobile
S000918,product_detail,size_chart,770,693,mobile
S000919,product_detail,reviews_tab,537,1258,mobile
S000919,product_detail,size_chart,890,721,mobile
S000919,product_detail,detail_text,1279,1881,mobile
S000919,product_detail,reviews_tab,684,1250,mobile
S000920,product_detail,size_chart,883,704,app
S000920,product_detail,wishlist,1162,942,app
S000921,product_detail,reviews_tab,898,1272,mobile
S000921,product_detail,wishlist,1107,922,mobile
S000921,product_detail,main_image,222,636,mobile
S000921,product_detail,coupon_banner,0,178,mobile
S000923,product_detail,size_chart,851,687,desktop
S000923,product_detail,size_chart,998,708,desktop
S000924,product_detail,add_to_cart,1014,908,app
S000924,product_detail,size_chart,854,699,app
S000924,product_detail,detail_text,295,1939,app
S000924,product_detail,detail_text,848,1752,app
S000925,product_detail,coupon_banner,581,187,desktop
S000925,product_detail,reviews_tab,860,1245,desktop
S000925,product_detail,main_image,297,607,desktop
S000925,product_detail,size_chart,976,672,desktop
S000925,product_detail,size_chart,990,682,desktop
S000925,product_detail,detail_text,1140,1759,desktop
S000926,product_detail,size_chart,745,706,mobile
S000926,product_detail,add_to_cart,942,925,mobile
S000927,product_detail,add_to_cart,1042,916,desktop
S000927,product_detail,reviews_tab,835,1224,desktop
S000927,product_detail,main_image,615,510,desktop
S000928,product_detail,add_to_cart,1019,922,mobile
S000928,product_detail,reviews_tab,1050,1252,mobile
S000929,product_detail,main_image,247,304,desktop
S000930,product_detail,reviews_tab,619,1216,mobile
S000931,product_detail,main_image,407,754,mobile
S000931,product_detail,main_image,434,411,mobile
S000932,product_detail,main_image,525,600,mobile
S000932,product_detail,size_chart,899,698,mobile
S000932,product_detail,size_chart,886,721,mobile
S000932,product_detail,size_chart,891,691,mobile
S000932,product_detail,reviews_tab,892,1267,mobile
S000932,product_detail,add_to_cart,889,948,mobile
S000932,product_detail,add_to_cart,1134,900,mobile
S000933,product_detail,size_chart,826,716,app
S000933,product_detail,detail_text,794,2018,app
S000933,product_detail,size_chart,886,703,app
S000934,product_detail,thumbnails,106,940,app
S000934,product_detail,main_image,510,652,app
S000936,product_detail,main_image,535,531,mobile
S000936,product_detail,size_chart,956,693,mobile
S000936,product_detail,coupon_banner,543,185,mobile
S000936,product_detail,main_image,550,624,mobile
S000936,product_detail,main_image,408,379,mobile
S000936,product_detail,reviews_tab,681,1244,mobile
S000937,product_detail,add_to_cart,1062,948,mobile
S000939,product_detail,main_image,583,597,mobile
S000939,product_detail,thumbnails,177,768,mobile
S000939,product_detail,size_chart,862,712,mobile
S000940,product_detail,add_to_cart,1165,857,mobile
S000940,product_detail,main_image,432,482,mobile
S000940,product_detail,size_chart,863,688,mobile
S000940,product_detail,add_to_cart,945,923,mobile
S000940,product_detail,add_to_cart,858,945,mobile
S000940,product_detail,main_image,469,321,mobile
S000941,product_detail,add_to_cart,1124,906,app
S000941,product_detail,detail_text,991,1347,app
S000941,product_detail,main_image,392,285,app
S000941,product_detail,detail_text,316,1923,app
S000941,product_detail,add_to_cart,1074,914,app
S000941,product_detail,add_to_cart,1096,911,app
S000941,product_detail,add_to_cart,1044,920,app
S000942,product_detail,size_chart,1031,696,app
S000942,product_detail,reviews_tab,862,1241,app
S000943,product_detail,wishlist,1151,918,app
S000943,product_detail,add_to_cart,952,904,app
S000943,product_detail,thumbnails,123,866,app
S000944,product_detail,coupon_banner,621,226,desktop
S000945,product_detail,thumbnails,137,706,desktop
S000945,product_detail,detail_text,781,2046,desktop
S000946,product_detail,add_to_cart,984,907,mobile
S000947,product_detail,reviews_tab,489,1258,app
S000947,product_detail,main_image,296,506,app
S000948,product_detail,main_image,692,580,mobile
S000949,product_detail,reviews_tab,562,1269,app
S000950,product_detail,add_to_cart,994,925,mobile
S000950,product_detail,main_image,338,683,mobile
S000951,product_detail,add_to_cart,1062,881,mobile
S000951,product_detail,main_image,628,347,mobile
S000952,product_detail,size_chart,811,717,mobile
S000952,product_detail,main_image,378,897,mobile
S000952,product_detail,thumbnails,146,849,mobile
S000953,product_detail,add_to_cart,1169,900,mobile
S000954,product_detail,size_chart,882,697,mobile
S000956,product_detail,main_image,316,728,desktop
S000956,product_detail,main_image,516,316,desktop
S000956,product_detail,add_to_cart,928,931,desktop
S000956,product_detail,size_chart,904,747,desktop
S000958,product_detail,main_image,588,230,mobile
S000958,product_detail,main_image,388,580,mobile
S000958,product_detail,reviews_tab,365,1253,mobile
S000958,product_detail,size_chart,948,703,mobile
S000960,product_detail,size_chart,858,718,app
S000960,product_detail,detail_text,472,1291,app
S000961,product_detail,size_chart,1018,719,mobile
S000961,product_detail,add_to_cart,1017,907,mobile
S000961,product_detail,add_to_cart,1074,909,mobile
S000961,product_detail,add_to_cart,984,972,mobile
S000961,product_detail,add_to_cart,872,916,mobile
S000961,product_detail,add_to_cart,819,895,mobile
S000961,product_detail,main_image,510,523,mobile
S000961,product_detail,detail_text,451,1467,mobile
S000962,product_detail,add_to_cart,1064,901,app
S000962,product_detail,detail_text,347,1955,app
S000963,product_detail,reviews_tab,613,1223,app
S000963,product_detail,thumbnails,99,857,app
S000964,product_detail,thumbnails,119,765,app
S000964,product_detail,main_image,396,409,app
S000964,product_detail,detail_text,498,2088,app
S000964,product_detail,main_image,477,780,app
S000965,product_detail,size_chart,754,690,mobile
S000965,product_detail,add_to_cart,978,876,mobile
S000966,product_detail,add_to_cart,1021,879,desktop
S000966,product_detail,add_to_cart,958,911,desktop
S000966,product_detail,main_image,503,517,desktop
S000969,product_detail,main_image,503,324,app
S000970,product_detail,reviews_tab,543,1252,mobile
S000970,product_detail,main_image,376,519,mobile
S000970,product_detail,coupon_banner,897,236,mobile
S000970,product_detail,wishlist,1113,924,mobile
S000970,product_detail,thumbnails,82,690,mobile
S000970,product_detail,main_image,352,512,mobile
S000970,product_detail,thumbnails,111,598,mobile
S000971,product_detail,main_image,394,622,app
S000972,product_detail,add_to_cart,1042,929,desktop
S000972,product_detail,reviews_tab,843,1263,desktop
S000972,product_detail,wishlist,1129,934,desktop
S000972,product_detail,detail_text,495,2073,desktop
S000973,product_detail,size_chart,899,721,desktop
S000973,product_detail,main_image,462,397,desktop
S000973,product_detail,main_image,491,563,desktop
S000973,product_detail,thumbnails,125,808,desktop
S000974,product_detail,main_image,486,634,app
S000974,product_detail,main_image,234,518,app
S000974,product_detail,add_to_cart,1022,928,app
S000974,product_detail,main_image,434,369,app
S000975,product_detail,main_image,544,696,mobile
S000975,product_detail,reviews_tab,387,1293,mobile
S000975,product_detail,main_image,422,327,mobile
S000976,product_detail,main_image,418,178,mobile
S000976,product_detail,size_chart,799,640,mobile
S000976,product_detail,main_image,399,500,mobile
S000977,product_detail,main_image,487,489,app
S000977,product_detail,thumbnails,157,755,app
S000977,product_detail,reviews_tab,756,1247,app
S000978,product_detail,wishlist,1175,917,mobile
S000978,product_detail,detail_text,930,2004,mobile
S000979,product_detail,reviews_tab,750,1268,app
S000981,product_detail,reviews_tab,416,1263,app
S000983,product_detail,reviews_tab,531,1259,mobile
S000984,product_detail,main_image,419,599,mobile
S000984,product_detail,main_image,369,354,mobile
S000984,product_detail,main_image,100,358,mobile
S000984,product_detail,reviews_tab,743,1262,mobile
S000985,product_detail,reviews_tab,634,1257,app
S000986,product_detail,reviews_tab,721,1239,desktop
S000988,product_detail,main_image,504,369,mobile
S000988,product_detail,size_chart,789,703,mobile
S000988,product_detail,wishlist,1134,883,mobile
S000988,product_detail,detail_text,601,1943,mobile
S000988,product_detail,main_image,440,711,mobile
S000989,product_detail,main_image,478,762,mobile
S000990,product_detail,wishlist,1120,919,app
S000991,product_detail,add_to_cart,1092,895,mobile
S000991,product_detail,thumbnails,134,961,mobile
S000992,product_detail,size_chart,976,701,desktop
S000992,product_detail,size_chart,766,710,desktop
S000992,product_detail,wishlist,1152,931,desktop
S000993,product_detail,size_chart,783,734,app
S000993,product_detail,thumbnails,89,766,app
S000993,product_detail,add_to_cart,1107,962,app
S000993,product_detail,main_image,405,652,app
S000993,product_detail,thumbnails,172,730,app
S000994,product_detail,size_chart,776,671,desktop
S000995,product_detail,main_image,475,471,mobile
S000995,product_detail,thumbnails,116,595,mobile
S000996,product_detail,main_image,404,157,app
S000996,product_detail,main_image,419,650,app
S000996,product_detail,main_image,596,652,app
S000996,product_detail,detail_text,816,1642,app
S000997,product_detail,main_image,334,548,app
S000997,product_detail,main_image,376,452,app
S000997,product_detail,coupon_banner,368,256,app
S000999,product_detail,main_image,590,582,app
S001000,product_detail,main_image,565,538,app
S001001,product_detail,size_chart,812,708,desktop
S001002,product_detail,add_to_cart,1024,908,app
S001002,product_detail,size_chart,842,730,app
S001003,product_detail,add_to_cart,973,930,mobile
S001004,product_detail,add_to_cart,1143,906,mobile
S001004,product_detail,reviews_tab,672,1218,mobile
S001004,product_detail,main_image,469,435,mobile
S001004,product_detail,main_image,489,591,mobile
S001004,product_detail,main_image,325,417,mobile
S001004,product_detail,add_to_cart,993,928,mobile
S001004,product_detail,thumbnails,82,812,mobile
S001004,product_detail,reviews_tab,905,1271,mobile
S001005,product_detail,add_to_cart,951,920,mobile
S001005,product_detail,reviews_tab,707,1264,mobile
S001006,product_detail,coupon_banner,966,132,desktop
S001006,product_detail,add_to_cart,1008,926,desktop
S001008,product_detail,main_image,297,518,app
S001009,product_detail,main_image,460,501,mobile
S001009,product_detail,size_chart,994,737,mobile
S001010,product_detail,thumbnails,133,518,mobile
S001011,product_detail,main_image,450,245,mobile
S001012,product_detail,wishlist,1138,916,app
S001012,product_detail,reviews_tab,892,1211,app
S001013,product_detail,size_chart,917,744,mobile
S001013,product_detail,main_image,354,428,mobile
S001013,product_detail,main_image,405,574,mobile
S001013,product_detail,reviews_tab,501,1283,mobile
S001013,product_detail,detail_text,845,1893,mobile
S001013,product_detail,main_image,326,510,mobile
S001013,product_detail,reviews_tab,653,1251,mobile
S001013,product_detail,wishlist,1152,909,mobile
S001014,product_detail,main_image,286,503,mobile
S001014,product_detail,reviews_tab,370,1245,mobile
S001014,product_detail,main_image,459,401,mobile
S001015,product_detail,main_image,578,559,app
S001017,product_detail,size_chart,971,725,mobile
S001017,product_detail,detail_text,1279,1653,mobile
S001017,product_detail,reviews_tab,757,1274,mobile
S001018,product_detail,main_image,586,602,desktop
S001018,product_detail,size_chart,840,710,desktop
S001019,product_detail,add_to_cart,1220,867,mobile
S001019,product_detail,main_image,366,505,mobile
S001022,product_detail,reviews_tab,551,1249,desktop
S001022,product_detail,main_image,386,455,desktop
S001023,product_detail,coupon_banner,590,192,mobile
S001023,product_detail,thumbnails,124,727,mobile
S001024,product_detail,detail_text,477,1990,desktop
S001024,product_detail,size_chart,807,704,desktop
S001025,product_detail,main_image,647,571,mobile
S001025,product_detail,size_chart,944,692,mobile
S001026,product_detail,reviews_tab,497,1267,app
S001026,product_detail,thumbnails,152,696,app
S001029,product_detail,main_image,506,642,mobile
S001029,product_detail,detail_text,457,1703,mobile
S001031,product_detail,detail_text,772,2118,desktop
S001032,product_detail,add_to_cart,1107,936,desktop
S001032,product_detail,thumbnails,136,890,desktop
S001032,product_detail,reviews_tab,877,1225,desktop
S001032,product_detail,detail_text,957,2199,desktop
S001032,product_detail,main_image,437,550,desktop
S001032,product_detail,main_image,456,631,desktop
S001032,product_detail,main_image,431,422,desktop
S001033,product_detail,add_to_cart,1112,926,mobile
S001033,product_detail,main_image,678,692,mobile
S001033,product_detail,wishlist,1158,895,mobile
S001033,product_detail,reviews_tab,432,1236,mobile
S001033,product_detail,add_to_cart,1117,924,mobile
S001033,product_detail,thumbnails,64,940,mobile
S001033,product_detail,main_image,397,294,mobile
S001034,product_detail,add_to_cart,1192,910,app
S001034,product_detail,reviews_tab,601,1247,app
S001034,product_detail,detail_text,905,2541,app
S001036,product_detail,reviews_tab,511,1265,desktop
S001036,product_detail,coupon_banner,491,167,desktop
S001036,product_detail,reviews_tab,658,1284,desktop
S001036,product_detail,size_chart,925,689,desktop
S001036,product_detail,wishlist,1127,925,desktop
S001037,product_detail,add_to_cart,897,873,mobile
S001037,product_detail,main_image,436,414,mobile
S001039,product_detail,reviews_tab,439,1278,mobile
S001039,product_detail,reviews_tab,619,1280,mobile
S001042,product_detail,main_image,561,267,desktop
S001042,product_detail,thumbnails,136,894,desktop
S001043,product_detail,reviews_tab,561,1284,mobile
S001043,product_detail,wishlist,1187,912,mobile
S001044,product_detail,add_to_cart,1148,892,desktop
S001044,product_detail,main_image,416,379,desktop
S001045,product_detail,reviews_tab,924,1233,app
S001045,product_detail,main_image,294,530,app
S001046,product_detail,detail_text,537,1583,mobile
S001046,product_detail,main_image,355,468,mobile
S001046,product_detail,main_image,302,497,mobile
S001046,product_detail,add_to_cart,1011,909,mobile
S001047,product_detail,main_image,321,565,app
S001047,product_detail,main_image,491,973,app
S001047,product_detail,coupon_banner,988,230,app
S001047,product_detail,main_image,346,666,app
S001049,product_detail,detail_text,311,1855,mobile
S001049,product_detail,add_to_cart,996,929,mobile
S001050,product_detail,add_to_cart,925,925,mobile
S001050,product_detail,main_image,361,771,mobile
S001050,product_detail,size_chart,943,721,mobile
S001050,product_detail,add_to_cart,875,903,mobile
S001051,product_detail,main_image,487,435,app
S001052,product_detail,size_chart,809,683,app
S001052,product_detail,main_image,270,373,app
S001052,product_detail,coupon_banner,718,134,app
S001052,product_detail,add_to_cart,1018,914,app
S001052,product_detail,size_chart,896,698,app
S001052,product_detail,reviews_tab,667,1269,app
S001053,product_detail,main_image,353,299,app
S001053,product_detail,main_image,525,638,app
S001053,product_detail,add_to_cart,875,937,app
S001053,product_detail,size_chart,941,721,app
S001053,product_detail,main_image,544,511,app
S001055,product_detail,add_to_cart,1112,933,mobile
S001055,product_detail,coupon_banner,808,163,mobile
S001056,product_detail,main_image,647,672,mobile
S001056,product_detail,reviews_tab,198,1269,mobile
S001056,product_detail,coupon_banner,961,270,mobile
S001056,product_detail,add_to_cart,1111,923,mobile
S001058,product_detail,thumbnails,74,754,app
S001060,product_detail,detail_text,260,1740,desktop
S001060,product_detail,add_to_cart,979,935,desktop
S001060,product_detail,coupon_banner,915,205,desktop
S001060,product_detail,size_chart,884,713,desktop
S001060,product_detail,wishlist,1159,897,desktop
S001060,product_detail,reviews_tab,583,1225,desktop
S001061,product_detail,size_chart,922,719,mobile
S001061,product_detail,thumbnails,175,727,mobile
S001062,product_detail,main_image,538,678,app
S001062,product_detail,reviews_tab,617,1251,app
S001062,product_detail,main_image,232,404,app
S001063,product_detail,coupon_banner,1266,172,desktop
S001063,product_detail,size_chart,791,690,desktop
S001067,product_detail,add_to_cart,954,886,app
S001067,product_detail,main_image,523,458,app
S001069,product_detail,main_image,372,306,mobile
S001070,product_detail,size_chart,959,717,mobile
S001070,product_detail,reviews_tab,634,1285,mobile
S001071,product_detail,wishlist,1143,919,app
S001071,product_detail,add_to_cart,1135,910,app
S001072,product_detail,size_chart,919,729,app
S001072,product_detail,size_chart,891,681,app
S001074,product_detail,add_to_cart,968,895,mobile
S001074,product_detail,size_chart,788,683,mobile
S001074,product_detail,add_to_cart,1098,897,mobile
S001074,product_detail,size_chart,841,720,mobile
S001074,product_detail,reviews_tab,716,1232,mobile
S001074,product_detail,main_image,562,506,mobile
S001075,product_detail,add_to_cart,917,866,app
S001075,product_detail,reviews_tab,632,1288,app
S001075,product_detail,size_chart,856,717,app
S001078,product_detail,add_to_cart,867,935,app
S001079,product_detail,size_chart,845,693,app
S001080,product_detail,add_to_cart,954,934,mobile
S001080,product_detail,add_to_cart,1177,920,mobile
S001081,product_detail,main_image,415,668,mobile
S001083,product_detail,thumbnails,111,603,mobile
S001083,product_detail,main_image,593,643,mobile
S001083,product_detail,reviews_tab,512,1237,mobile
S001085,product_detail,main_image,594,665,app
S001085,product_detail,main_image,226,530,app
S001085,product_detail,reviews_tab,854,1240,app
S001085,product_detail,main_image,551,619,app
S001085,product_detail,add_to_cart,856,926,app
S001088,product_detail,reviews_tab,611,1257,app
S001088,product_detail,reviews_tab,239,1272,app
S001090,product_detail,detail_text,592,2177,mobile
S001090,product_detail,add_to_cart,1096,907,mobile
S001090,product_detail,detail_text,338,2286,mobile
S001090,product_detail,main_image,590,666,mobile
S001091,product_detail,detail_text,670,2060,mobile
S001092,product_detail,main_image,256,346,mobile
S001092,product_detail,wishlist,1142,933,mobile
S001092,product_detail,size_chart,1012,751,mobile
S001092,product_detail,reviews_tab,784,1262,mobile
S001093,product_detail,add_to_cart,978,939,mobile
S001093,product_detail,wishlist,1105,927,mobile
S001093,product_detail,main_image,568,534,mobile
S001095,product_detail,wishlist,1131,933,app
S001095,product_detail,reviews_tab,880,1243,app
S001096,product_detail,main_image,441,913,app
S001096,product_detail,main_image,517,299,app
S001096,product_detail,reviews_tab,494,1274,app
S001096,product_detail,thumbnails,172,827,app
S001097,product_detail,size_chart,768,667,app
S001097,product_detail,main_image,353,514,app
S001099,product_detail,thumbnails,161,665,mobile
S001099,product_detail,coupon_banner,958,177,mobile
S001099,product_detail,add_to_cart,732,898,mobile
S001099,product_detail,add_to_cart,1157,916,mobile
S001099,product_detail,reviews_tab,656,1242,mobile
S001100,product_detail,reviews_tab,487,1276,mobile
S001100,product_detail,reviews_tab,767,1279,mobile
S001100,product_detail,main_image,495,553,mobile
S001100,product_detail,add_to_cart,1247,904,mobile
S001100,product_detail,reviews_tab,561,1255,mobile
S001100,product_detail,reviews_tab,832,1249,mobile
S001101,product_detail,main_image,344,354,mobile
S001102,product_detail,main_image,533,821,desktop
S001102,product_detail,main_image,255,606,desktop
S001102,product_detail,main_image,423,583,desktop
S001103,product_detail,coupon_banner,549,240,mobile
S001103,product_detail,coupon_banner,1006,204,mobile
S001104,product_detail,wishlist,1114,949,desktop
S001104,product_detail,main_image,372,542,desktop
S001105,product_detail,main_image,437,491,mobile
S001105,product_detail,add_to_cart,1058,941,mobile
S001105,product_detail,thumbnails,188,525,mobile
S001105,product_detail,reviews_tab,695,1234,mobile
S001107,product_detail,main_image,365,639,desktop
S001107,product_detail,main_image,626,508,desktop
S001108,product_detail,detail_text,138,2269,desktop
S001108,product_detail,wishlist,1178,938,desktop
S001108,product_detail,wishlist,1161,921,desktop
S001109,product_detail,detail_text,723,1928,app
S001109,product_detail,main_image,550,401,app
S001110,product_detail,main_image,595,355,mobile
S001110,product_detail,main_image,382,591,mobile
S001111,product_detail,add_to_cart,1114,922,mobile
S001111,product_detail,thumbnails,143,851,mobile
S001111,product_detail,main_image,399,481,mobile
S001111,product_detail,reviews_tab,275,1260,mobile
S001111,product_detail,main_image,338,490,mobile
S001111,product_detail,coupon_banner,112,216,mobile
S001113,product_detail,reviews_tab,605,1253,mobile
S001113,product_detail,detail_text,367,2191,mobile
S001113,product_detail,main_image,430,541,mobile
S001113,product_detail,main_image,285,545,mobile
S001113,product_detail,size_chart,802,749,mobile
S001113,product_detail,reviews_tab,935,1246,mobile
S001114,product_detail,main_image,567,467,mobile
S001114,product_detail,add_to_cart,793,928,mobile
S001114,product_detail,reviews_tab,467,1232,mobile
S001115,product_detail,size_chart,851,670,desktop
S001116,product_detail,main_image,496,757,desktop
S001116,product_detail,reviews_tab,388,1220,desktop
S001116,product_detail,thumbnails,237,685,desktop
S001119,product_detail,main_image,304,596,mobile
S001119,product_detail,reviews_tab,596,1251,mobile
S001119,product_detail,size_chart,852,730,mobile
S001119,product_detail,main_image,486,543,mobile
S001120,product_detail,main_image,345,564,desktop
S001120,product_detail,add_to_cart,1053,922,desktop
S001120,product_detail,main_image,509,614,desktop
S001122,product_detail,add_to_cart,1025,924,app
S001122,product_detail,detail_text,635,2173,app
S001122,product_detail,add_to_cart,1056,948,app
S001122,product_detail,main_image,501,730,app
S001122,product_detail,detail_text,911,1762,app
S001122,product_detail,main_image,526,640,app
S001123,product_detail,main_image,380,641,mobile
S001124,product_detail,size_chart,823,685,app
S001124,product_detail,reviews_tab,607,1264,app
S001124,product_detail,add_to_cart,846,956,app
S001124,product_detail,add_to_cart,952,891,app
S001124,product_detail,main_image,519,283,app
S001124,product_detail,add_to_cart,1107,938,app
S001125,product_detail,main_image,314,843,app
S001125,product_detail,add_to_cart,901,918,app
S001126,product_detail,thumbnails,96,1114,app
S001126,product_detail,main_image,420,646,app
S001126,product_detail,reviews_tab,799,1240,app
S001126,product_detail,add_to_cart,1053,923,app
S001127,product_detail,add_to_cart,1031,938,desktop
S001127,product_detail,size_chart,910,730,desktop
S001129,product_detail,main_image,298,437,desktop
S001129,product_detail,detail_text,456,1557,desktop
S001130,product_detail,main_image,361,569,mobile
S001130,product_detail,size_chart,897,701,mobile
S001131,product_detail,detail_text,831,1878,app
S001131,product_detail,add_to_cart,1106,916,app
S001132,product_detail,main_image,553,635,mobile
S001133,product_detail,size_chart,967,688,app
S001134,product_detail,add_to_cart,951,914,desktop
S001134,product_detail,add_to_cart,1037,928,desktop
S001135,product_detail,reviews_tab,759,1252,app
S001135,product_detail,thumbnails,142,921,app
S001136,product_detail,main_image,249,672,app
S001136,product_detail,reviews_tab,603,1268,app
S001137,product_detail,detail_text,820,1561,mobile
S001137,product_detail,coupon_banner,797,247,mobile
S001138,product_detail,reviews_tab,712,1262,mobile
S001138,product_detail,coupon_banner,632,225,mobile
S001138,product_detail,reviews_tab,527,1233,mobile
S001141,product_detail,add_to_cart,1081,908,mobile
S001141,product_detail,main_image,261,563,mobile
S001142,product_detail,detail_text,768,1939,mobile
S001142,product_detail,main_image,347,552,mobile
S001142,product_detail,size_chart,1094,675,mobile
S001143,product_detail,detail_text,471,1900,mobile
S001144,product_detail,size_chart,848,729,mobile
S001144,product_detail,add_to_cart,1018,898,mobile
S001146,product_detail,main_image,632,582,app
S001147,product_detail,size_chart,988,700,desktop
S001149,product_detail,main_image,719,227,mobile
S001150,product_detail,reviews_tab,398,1263,mobile
S001151,product_detail,main_image,348,450,mobile
S001151,product_detail,add_to_cart,1197,942,mobile
S001151,product_detail,add_to_cart,1018,1005,mobile
S001152,product_detail,reviews_tab,721,1232,app
S001153,product_detail,size_chart,867,697,app
S001153,product_detail,add_to_cart,760,935,app
S001155,product_detail,reviews_tab,435,1283,app
S001157,product_detail,add_to_cart,927,910,mobile
S001157,product_detail,wishlist,1157,963,mobile
S001157,product_detail,main_image,372,570,mobile
S001157,product_detail,size_chart,949,717,mobile
S001157,product_detail,reviews_tab,249,1257,mobile
S001158,product_detail,wishlist,1180,947,desktop
S001159,product_detail,detail_text,1021,1960,mobile
S001159,product_detail,thumbnails,234,881,mobile
S001160,product_detail,add_to_cart,1168,931,app
S001160,product_detail,size_chart,853,694,app
S001165,product_detail,reviews_tab,661,1261,desktop
S001165,product_detail,add_to_cart,1048,894,desktop
S001165,product_detail,reviews_tab,678,1235,desktop
S001166,product_detail,add_to_cart,1033,909,app
S001168,product_detail,size_chart,950,724,app
S001169,product_detail,add_to_cart,857,894,desktop
S001169,product_detail,main_image,477,555,desktop
S001170,product_detail,add_to_cart,1085,920,desktop
S001170,product_detail,main_image,353,479,desktop
S001171,product_detail,reviews_tab,563,1243,mobile
S001174,product_detail,add_to_cart,1021,923,desktop
S001174,product_detail,main_image,296,496,desktop
S001175,product_detail,add_to_cart,927,905,mobile
S001175,product_detail,thumbnails,153,750,mobile
S001175,product_detail,reviews_tab,738,1250,mobile
S001176,product_detail,detail_text,525,1578,desktop
S001176,product_detail,main_image,330,569,desktop
S001176,product_detail,main_image,460,486,desktop
S001176,product_detail,size_chart,903,684,desktop
S001176,product_detail,thumbnails,140,906,desktop
S001176,product_detail,main_image,379,756,desktop
S001176,product_detail,reviews_tab,419,1251,desktop
S001176,product_detail,thumbnails,211,668,desktop
S001177,product_detail,main_image,407,542,app
S001177,product_detail,coupon_banner,210,169,app
S001177,product_detail,detail_text,1262,2202,app
S001177,product_detail,detail_text,695,1604,app
S001178,product_detail,main_image,398,278,mobile
S001178,product_detail,reviews_tab,339,1269,mobile
S001178,product_detail,reviews_tab,512,1226,mobile
S001179,product_detail,size_chart,953,688,mobile
S001179,product_detail,main_image,411,394,mobile
S001179,product_detail,add_to_cart,1177,934,mobile
S001180,product_detail,main_image,382,484,app
S001180,product_detail,add_to_cart,998,953,app
S001180,product_detail,detail_text,803,2221,app
S001180,product_detail,detail_text,401,1988,app
S001180,product_detail,size_chart,871,692,app
S001180,product_detail,main_image,477,784,app
S001180,product_detail,main_image,424,636,app
S001180,product_detail,main_image,427,511,app
S001182,product_detail,add_to_cart,1223,938,mobile
S001183,product_detail,main_image,378,805,desktop
S001185,product_detail,coupon_banner,863,172,mobile
S001185,product_detail,add_to_cart,1051,938,mobile
S001185,product_detail,size_chart,850,692,mobile
S001185,product_detail,size_chart,1065,734,mobile
S001186,product_detail,size_chart,902,694,mobile
S001188,product_detail,reviews_tab,638,1249,desktop
S001188,product_detail,reviews_tab,394,1266,desktop
S001188,product_detail,main_image,581,151,desktop
S001188,product_detail,add_to_cart,1003,912,desktop
S001189,product_detail,size_chart,933,712,desktop
S001190,product_detail,main_image,353,678,app
S001190,product_detail,coupon_banner,715,166,app
S001191,product_detail,size_chart,962,689,app
S001191,product_detail,add_to_cart,1052,924,app
S001191,product_detail,coupon_banner,898,184,app
S001191,product_detail,main_image,551,549,app
S001192,product_detail,size_chart,894,705,mobile
S001193,product_detail,main_image,274,512,mobile
S001193,product_detail,size_chart,936,731,mobile
S001193,product_detail,add_to_cart,802,891,mobile
S001194,product_detail,main_image,479,411,app
S001194,product_detail,add_to_cart,810,928,app
S001194,product_detail,main_image,553,622,app
S001194,product_detail,size_chart,824,704,app
S001194,product_detail,main_image,290,522,app
S001194,product_detail,main_image,322,503,app
S001194,product_detail,thumbnails,150,789,app
S001195,product_detail,size_chart,937,714,desktop
S001195,product_detail,add_to_cart,1020,916,desktop
S001195,product_detail,thumbnails,131,862,desktop
S001196,product_detail,main_image,481,454,app
S001196,product_detail,wishlist,1124,957,app
S001196,product_detail,reviews_tab,688,1265,app
S001196,product_detail,main_image,389,438,app
S001197,product_detail,main_image,554,604,mobile
S001197,product_detail,reviews_tab,977,1244,mobile
S001197,product_detail,size_chart,929,698,mobile
S001198,product_detail,main_image,432,807,app
S001198,product_detail,main_image,362,541,app
S001199,product_detail,reviews_tab,856,1257,mobile
S001199,product_detail,coupon_banner,1279,163,mobile
S001200,product_detail,add_to_cart,1003,926,mobile
S001200,product_detail,add_to_cart,1104,938,mobile
S001200,product_detail,main_image,402,454,mobile
S001201,product_detail,coupon_banner,442,250,app
S001201,product_detail,add_to_cart,1040,953,app
S001201,product_detail,add_to_cart,1015,925,app
S001201,product_detail,thumbnails,122,730,app
S001202,product_detail,main_image,640,354,mobile
S001203,product_detail,main_image,440,427,mobile
S001203,product_detail,main_image,333,401,mobile
S001203,product_detail,detail_text,432,1889,mobile
S001203,product_detail,reviews_tab,699,1243,mobile
S001203,product_detail,add_to_cart,1121,923,mobile
S001203,product_detail,detail_text,425,2277,mobile
S001204,product_detail,main_image,541,422,mobile
S001204,product_detail,thumbnails,200,685,mobile
S001205,product_detail,coupon_banner,1061,239,app
S001205,product_detail,main_image,325,310,app
S001206,product_detail,size_chart,1049,699,mobile
S001206,product_detail,detail_text,575,1640,mobile
S001206,product_detail,thumbnails,91,948,mobile
S001206,product_detail,size_chart,871,714,mobile
S001206,product_detail,add_to_cart,840,930,mobile
S001206,product_detail,reviews_tab,603,1244,mobile
S001208,product_detail,reviews_tab,566,1285,desktop
S001208,product_detail,add_to_cart,1084,898,desktop
S001208,product_detail,main_image,433,483,desktop
S001208,product_detail,add_to_cart,837,938,desktop
S001208,product_detail,reviews_tab,736,1269,desktop
S001209,product_detail,add_to_cart,1077,954,desktop
S001209,product_detail,detail_text,659,1447,desktop
S001214,product_detail,main_image,378,348,mobile
S001214,product_detail,main_image,355,203,mobile
S001214,product_detail,main_image,259,554,mobile
S001214,product_detail,main_image,477,600,mobile
S001214,product_detail,main_image,371,428,mobile
S001214,product_detail,add_to_cart,771,909,mobile
S001214,product_detail,size_chart,944,689,mobile
S001215,product_detail,main_image,601,630,mobile
S001215,product_detail,main_image,275,510,mobile
S001215,product_detail,main_image,622,658,mobile
S001216,product_detail,size_chart,877,706,desktop
S001216,product_detail,add_to_cart,1066,928,desktop
S001216,product_detail,main_image,574,661,desktop
S001216,product_detail,add_to_cart,988,895,desktop
S001217,product_detail,reviews_tab,371,1262,app
S001217,product_detail,add_to_cart,946,867,app
S001219,product_detail,thumbnails,124,860,mobile
S001219,product_detail,detail_text,378,1789,mobile
S001221,product_detail,main_image,451,699,app
S001222,product_detail,main_image,328,794,mobile
S001222,product_detail,add_to_cart,1279,872,mobile
S001224,product_detail,coupon_banner,276,227,app
S001224,product_detail,size_chart,906,671,app
S001224,product_detail,main_image,303,830,app
S001224,product_detail,size_chart,928,722,app
S001224,product_detail,main_image,485,293,app
S001224,product_detail,detail_text,918,1590,app
S001226,product_detail,main_image,393,469,app
S001229,product_detail,main_image,468,541,mobile
S001229,product_detail,thumbnails,155,830,mobile
S001230,product_detail,main_image,409,401,mobile
S001230,product_detail,reviews_tab,334,1223,mobile
S001231,product_detail,coupon_banner,941,175,mobile
S001231,product_detail,add_to_cart,821,894,mobile
S001231,product_detail,main_image,485,538,mobile
S001232,product_detail,detail_text,632,2202,desktop
S001233,product_detail,main_image,520,382,mobile
S001233,product_detail,main_image,449,283,mobile
S001234,product_detail,size_chart,863,700,mobile
S001234,product_detail,reviews_tab,792,1273,mobile
S001234,product_detail,wishlist,1139,943,mobile
S001234,product_detail,thumbnails,216,786,mobile
S001234,product_detail,reviews_tab,581,1240,mobile
S001235,product_detail,add_to_cart,1002,940,mobile
S001236,product_detail,main_image,401,569,desktop
S001236,product_detail,reviews_tab,362,1252,desktop
S001237,product_detail,reviews_tab,722,1250,desktop
S001237,product_detail,detail_text,600,1756,desktop
S001237,product_detail,detail_text,421,2212,desktop
S001237,product_detail,wishlist,1128,932,desktop
S001237,product_detail,add_to_cart,1279,929,desktop
S001237,product_detail,add_to_cart,1048,886,desktop
S001238,product_detail,add_to_cart,929,913,desktop
S001239,product_detail,reviews_tab,479,1258,mobile
S001239,product_detail,thumbnails,182,622,mobile
S001239,product_detail,add_to_cart,1190,912,mobile
S001240,product_detail,detail_text,1162,2148,mobile
S001240,product_detail,coupon_banner,564,170,mobile
S001241,product_detail,size_chart,835,688,app
S001241,product_detail,size_chart,941,683,app
S001242,product_detail,reviews_tab,513,1234,mobile
S001242,product_detail,detail_text,1089,2091,mobile
S001243,product_detail,add_to_cart,982,937,app
S001244,product_detail,detail_text,607,1898,desktop
S001246,product_detail,main_image,556,663,mobile
S001246,product_detail,wishlist,1135,907,mobile
S001247,product_detail,detail_text,524,1775,mobile
S001247,product_detail,main_image,404,408,mobile
S001249,product_detail,add_to_cart,1005,915,desktop
S001249,product_detail,main_image,407,403,desktop
S001250,product_detail,add_to_cart,1106,896,app
S001250,product_detail,size_chart,852,683,app
S001251,product_detail,add_to_cart,945,941,app
S001251,product_detail,add_to_cart,989,930,app
S001251,product_detail,main_image,445,460,app
S001251,product_detail,size_chart,1001,692,app
S001252,product_detail,size_chart,892,683,app
S001253,product_detail,reviews_tab,492,1240,mobile
S001253,product_detail,main_image,365,612,mobile
S001254,product_detail,add_to_cart,1209,908,app
S001254,product_detail,main_image,667,400,app
S001254,product_detail,wishlist,1094,931,app
S001254,product_detail,main_image,536,471,app
S001255,product_detail,main_image,533,732,app
S001255,product_detail,add_to_cart,961,925,app
S001257,product_detail,main_image,429,514,mobile
S001257,product_detail,size_chart,822,712,mobile
S001257,product_detail,detail_text,657,1672,mobile
S001257,product_detail,main_image,246,547,mobile
S001258,product_detail,add_to_cart,757,957,mobile
S001258,product_detail,size_chart,948,722,mobile
S001259,product_detail,detail_text,700,2026,desktop
S001259,product_detail,add_to_cart,1137,938,desktop
S001260,product_detail,main_image,186,737,mobile
S001260,product_detail,size_chart,930,715,mobile
S001261,product_detail,size_chart,886,704,desktop
S001261,product_detail,main_image,514,496,desktop
S001261,product_detail,main_image,475,763,desktop
S001262,product_detail,main_image,460,299,mobile
S001262,product_detail,main_image,502,690,mobile
S001263,product_detail,main_image,723,541,app
S001263,product_detail,reviews_tab,710,1253,app
S001263,product_detail,add_to_cart,1153,964,app
S001264,product_detail,main_image,438,529,mobile
S001264,product_detail,coupon_banner,522,257,mobile
S001265,product_detail,main_image,352,393,mobile
S001265,product_detail,main_image,556,468,mobile
S001265,product_detail,size_chart,926,689,mobile
S001265,product_detail,main_image,501,805,mobile
S001265,product_detail,coupon_banner,982,172,mobile
S001265,product_detail,main_image,583,681,mobile
S001265,product_detail,size_chart,959,686,mobile
S001266,product_detail,size_chart,875,739,mobile
S001266,product_detail,size_chart,1017,693,mobile
S001266,product_detail,size_chart,865,730,mobile
S001267,product_detail,reviews_tab,555,1263,app
S001267,product_detail,main_image,318,692,app
S001268,product_detail,detail_text,238,2088,mobile
S001268,product_detail,wishlist,1122,934,mobile
S001269,product_detail,add_to_cart,959,963,desktop
S001269,product_detail,detail_text,1279,2146,desktop
S001269,product_detail,size_chart,825,706,desktop
S001270,product_detail,main_image,252,346,mobile
S001273,product_detail,wishlist,1137,907,mobile
S001273,product_detail,coupon_banner,557,154,mobile
S001274,product_detail,reviews_tab,589,1262,mobile
S001274,product_detail,coupon_banner,935,215,mobile
S001275,product_detail,size_chart,935,675,mobile
S001277,product_detail,main_image,383,470,mobile
S001277,product_detail,detail_text,479,1925,mobile
S001279,product_detail,thumbnails,139,824,mobile
S001280,product_detail,add_to_cart,1134,936,mobile
S001280,product_detail,size_chart,883,666,mobile
S001280,product_detail,add_to_cart,1040,930,mobile
S001281,product_detail,add_to_cart,835,958,mobile
S001281,product_detail,size_chart,890,685,mobile
S001284,product_detail,add_to_cart,1196,929,desktop
S001284,product_detail,main_image,393,627,desktop
S001284,product_detail,detail_text,146,1888,desktop
S001284,product_detail,detail_text,301,1674,desktop
S001285,product_detail,main_image,296,555,app
S001285,product_detail,size_chart,992,704,app
S001285,product_detail,main_image,472,458,app
S001286,product_detail,main_image,304,438,mobile
S001286,product_detail,detail_text,1088,1739,mobile
S001287,product_detail,main_image,416,674,app
S001288,product_detail,main_image,400,779,desktop
S001291,product_detail,add_to_cart,970,951,mobile
S001292,product_detail,size_chart,827,748,mobile
S001292,product_detail,main_image,324,492,mobile
S001292,product_detail,add_to_cart,962,903,mobile
S001292,product_detail,detail_text,796,1730,mobile
S001293,product_detail,thumbnails,171,581,app
S001293,product_detail,main_image,215,245,app
S001293,product_detail,add_to_cart,1109,956,app
S001293,product_detail,reviews_tab,740,1283,app
S001293,product_detail,size_chart,932,729,app
S001293,product_detail,coupon_banner,946,204,app
S001293,product_detail,reviews_tab,705,1269,app
S001293,product_detail,main_image,422,533,app
S001295,product_detail,size_chart,785,735,desktop
S001295,product_detail,size_chart,872,698,desktop
S001296,product_detail,add_to_cart,1066,941,app
S001297,product_detail,reviews_tab,449,1226,desktop
S001297,product_detail,main_image,435,445,desktop
S001299,product_detail,reviews_tab,799,1243,mobile
S001302,product_detail,add_to_cart,982,887,app
S001304,product_detail,size_chart,965,677,desktop
S001304,product_detail,detail_text,738,1400,desktop
S001304,product_detail,add_to_cart,787,898,desktop
S001305,product_detail,detail_text,582,1644,desktop
S001305,product_detail,main_image,533,558,desktop
S001305,product_detail,main_image,491,542,desktop
S001307,product_detail,size_chart,986,700,app
S001307,product_detail,reviews_tab,570,1266,app
S001307,product_detail,detail_text,281,1873,app
S001307,product_detail,add_to_cart,961,913,app
S001308,product_detail,size_chart,950,742,app
S001309,product_detail,add_to_cart,938,931,mobile
S001309,product_detail,wishlist,1062,918,mobile
S001310,product_detail,add_to_cart,1041,905,desktop
S001310,product_detail,reviews_tab,856,1238,desktop
S001312,product_detail,detail_text,417,2330,app
S001312,product_detail,add_to_cart,1212,924,app
S001312,product_detail,main_image,367,447,app
S001313,product_detail,main_image,265,156,mobile
S001315,product_detail,size_chart,936,731,mobile
S001315,product_detail,size_chart,870,697,mobile
S001315,product_detail,main_image,390,64,mobile
S001315,product_detail,main_image,603,723,mobile
S001315,product_detail,size_chart,777,714,mobile
S001315,product_detail,main_image,301,424,mobile
S001315,product_detail,size_chart,831,693,mobile
S001315,product_detail,add_to_cart,938,923,mobile
S001316,product_detail,size_chart,907,718,mobile
S001317,product_detail,detail_text,503,1848,desktop
S001317,product_detail,main_image,214,550,desktop
S001317,product_detail,size_chart,910,713,desktop
S001317,product_detail,main_image,193,484,desktop
S001320,product_detail,add_to_cart,1031,896,desktop
S001320,product_detail,main_image,509,535,desktop
S001320,product_detail,wishlist,1120,938,desktop
S001320,product_detail,add_to_cart,1041,945,desktop
S001320,product_detail,size_chart,829,660,desktop
S001320,product_detail,main_image,322,664,desktop
S001320,product_detail,reviews_tab,590,1257,desktop
S001320,product_detail,main_image,428,704,desktop
S001321,product_detail,main_image,509,673,desktop
S001321,product_detail,size_chart,1039,698,desktop
S001321,product_detail,main_image,501,742,desktop
S001321,product_detail,detail_text,0,1580,desktop
S001321,product_detail,add_to_cart,938,922,desktop
S001322,product_detail,wishlist,1147,915,mobile
S001322,product_detail,detail_text,858,2266,mobile
S001324,product_detail,coupon_banner,599,205,mobile
S001325,product_detail,size_chart,860,699,app
S001325,product_detail,reviews_tab,563,1268,app
S001325,product_detail,thumbnails,187,582,app
S001326,product_detail,coupon_banner,1016,202,app
S001326,product_detail,main_image,442,365,app
S001326,product_detail,reviews_tab,647,1263,app
S001328,product_detail,reviews_tab,511,1252,desktop
S001328,product_detail,reviews_tab,707,1257,desktop
S001328,product_detail,size_chart,820,687,desktop
S001328,product_detail,main_image,282,493,desktop
S001328,product_detail,size_chart,859,724,desktop
S001330,product_detail,main_image,540,230,app
S001330,product_detail,add_to_cart,1067,923,app
S001332,product_detail,add_to_cart,983,899,mobile
S001332,product_detail,detail_text,0,1882,mobile
S001332,product_detail,size_chart,895,740,mobile
S001333,product_detail,reviews_tab,605,1243,mobile
S001333,product_detail,main_image,418,473,mobile
S001333,product_detail,reviews_tab,431,1298,mobile
S001334,product_detail,reviews_tab,784,1287,desktop
S001335,product_detail,detail_text,640,1829,desktop
S001337,product_detail,thumbnails,130,1005,mobile
S001337,product_detail,size_chart,852,679,mobile
S001337,product_detail,main_image,405,514,mobile
S001338,product_detail,thumbnails,135,878,mobile
S001339,product_detail,main_image,283,242,mobile
S001339,product_detail,main_image,452,373,mobile
S001341,product_detail,add_to_cart,1048,927,desktop
S001341,product_detail,detail_text,608,1846,desktop
S001341,product_detail,reviews_tab,638,1249,desktop
S001342,product_detail,wishlist,1149,890,mobile
S001343,product_detail,reviews_tab,943,1256,app
S001343,product_detail,thumbnails,143,770,app
S001343,product_detail,size_chart,851,715,app
S001343,product_detail,wishlist,1120,915,app
S001343,product_detail,reviews_tab,577,1248,app
S001344,product_detail,add_to_cart,1217,944,mobile
S001344,product_detail,size_chart,858,708,mobile
S001345,product_detail,reviews_tab,538,1237,desktop
S001345,product_detail,reviews_tab,569,1245,desktop
S001345,product_detail,reviews_tab,705,1229,desktop
S001345,product_detail,add_to_cart,835,950,desktop
S001345,product_detail,coupon_banner,484,241,desktop
S001345,product_detail,add_to_cart,981,939,desktop
S001346,product_detail,add_to_cart,1083,954,desktop
S001347,product_detail,main_image,472,601,app
S001347,product_detail,add_to_cart,988,909,app
S001348,product_detail,wishlist,1150,882,mobile
S001348,product_detail,reviews_tab,833,1228,mobile
S001349,product_detail,thumbnails,122,618,app
S001349,product_detail,add_to_cart,1125,905,app
S001350,product_detail,reviews_tab,818,1225,mobile
S001350,product_detail,add_to_cart,1109,885,mobile
S001350,product_detail,main_image,564,560,mobile
S001350,product_detail,wishlist,1160,932,mobile
S001351,product_detail,main_image,383,765,desktop
S001351,product_detail,detail_text,865,1764,desktop
S001352,product_detail,reviews_tab,743,1269,app
S001354,product_detail,thumbnails,121,688,mobile
S001354,product_detail,main_image,227,547,mobile
S001355,product_detail,size_chart,760,694,mobile
S001355,product_detail,reviews_tab,848,1238,mobile
S001355,product_detail,size_chart,868,724,mobile
S001355,product_detail,add_to_cart,968,869,mobile
S001355,product_detail,add_to_cart,1155,899,mobile
S001356,product_detail,size_chart,801,691,desktop
S001356,product_detail,size_chart,895,704,desktop
S001356,product_detail,main_image,473,219,desktop
S001356,product_detail,thumbnails,189,704,desktop
S001356,product_detail,thumbnails,197,725,desktop
S001357,product_detail,reviews_tab,758,1241,mobile
S001357,product_detail,coupon_banner,764,157,mobile
S001357,product_detail,reviews_tab,322,1233,mobile
S001357,product_detail,main_image,363,585,mobile
S001360,product_detail,detail_text,0,2210,desktop
S001360,product_detail,detail_text,507,1485,desktop
S001361,product_detail,main_image,379,741,mobile
S001361,product_detail,wishlist,1157,908,mobile
S001362,product_detail,reviews_tab,752,1247,desktop
S001362,product_detail,main_image,582,497,desktop
S001363,product_detail,add_to_cart,1091,958,mobile
S001363,product_detail,main_image,217,383,mobile
S001363,product_detail,main_image,842,447,mobile
S001364,product_detail,coupon_banner,705,224,mobile
S001364,product_detail,reviews_tab,637,1233,mobile
S001365,product_detail,reviews_tab,699,1253,app
S001366,product_detail,main_image,413,813,mobile
S001366,product_detail,reviews_tab,658,1243,mobile
S001366,product_detail,reviews_tab,282,1284,mobile
S001366,product_detail,size_chart,1007,659,mobile
S001366,product_detail,main_image,346,659,mobile
S001366,product_detail,main_image,627,762,mobile
S001367,product_detail,coupon_banner,948,223,app
S001367,product_detail,reviews_tab,361,1257,app
S001367,product_detail,size_chart,933,697,app
S001367,product_detail,reviews_tab,694,1248,app
S001367,product_detail,reviews_tab,610,1247,app
S001367,product_detail,detail_text,771,1997,app
S001368,product_detail,coupon_banner,633,204,mobile
S001368,product_detail,reviews_tab,281,1269,mobile
S001368,product_detail,add_to_cart,1214,903,mobile
S001368,product_detail,wishlist,1136,911,mobile
S001368,product_detail,thumbnails,174,868,mobile
S001370,product_detail,add_to_cart,1269,927,app
S001370,product_detail,add_to_cart,1041,933,app
S001370,product_detail,size_chart,894,686,app
S001370,product_detail,coupon_banner,409,210,app
S001370,product_detail,main_image,640,256,app
S001370,product_detail,main_image,374,376,app
S001371,product_detail,main_image,317,371,mobile
S001372,product_detail,size_chart,847,697,desktop
S001373,product_detail,size_chart,860,701,desktop
S001373,product_detail,reviews_tab,495,1237,desktop
S001374,product_detail,detail_text,666,1792,mobile
S001374,product_detail,coupon_banner,796,223,mobile
S001374,product_detail,add_to_cart,992,928,mobile
S001374,product_detail,wishlist,1114,923,mobile
S001376,product_detail,add_to_cart,1120,905,mobile
S001376,product_detail,thumbnails,143,761,mobile
S001378,product_detail,main_image,326,346,app
S001378,product_detail,wishlist,1167,954,app
S001378,product_detail,add_to_cart,896,902,app
S001379,product_detail,size_chart,916,697,mobile
S001379,product_detail,wishlist,1102,898,mobile
S001379,product_detail,wishlist,1142,938,mobile
S001379,product_detail,thumbnails,185,697,mobile
S001379,product_detail,size_chart,986,730,mobile
S001379,product_detail,reviews_tab,513,1270,mobile
S001380,product_detail,detail_text,533,1660,desktop
S001380,product_detail,reviews_tab,819,1235,desktop
S001380,product_detail,add_to_cart,962,941,desktop
S001382,product_detail,main_image,504,315,app
S001382,product_detail,add_to_cart,1067,915,app
S001383,product_detail,thumbnails,115,779,mobile
S001383,product_detail,detail_text,7,1926,mobile
S001384,product_detail,add_to_cart,981,932,app
S001384,product_detail,add_to_cart,807,918,app
S001385,product_detail,main_image,314,465,mobile
S001385,product_detail,main_image,482,419,mobile
S001385,product_detail,coupon_banner,389,211,mobile
S001385,product_detail,wishlist,1100,916,mobile
S001386,product_detail,reviews_tab,921,1244,mobile
S001386,product_detail,reviews_tab,678,1257,mobile
S001387,product_detail,main_image,446,536,mobile
S001387,product_detail,main_image,651,609,mobile
S001387,product_detail,detail_text,703,2039,mobile
S001387,product_detail,coupon_banner,708,179,mobile
S001387,product_detail,add_to_cart,1270,945,mobile
S001388,product_detail,coupon_banner,918,226,mobile
S001388,product_detail,coupon_banner,443,203,mobile
S001388,product_detail,main_image,504,753,mobile
S001389,product_detail,add_to_cart,1049,911,mobile
S001390,product_detail,main_image,431,335,desktop
S001390,product_detail,coupon_banner,999,232,desktop
S001392,product_detail,add_to_cart,876,910,mobile
S001393,product_detail,reviews_tab,678,1262,app
S001393,product_detail,add_to_cart,1092,923,app
S001394,product_detail,main_image,550,451,desktop
S001394,product_detail,reviews_tab,695,1266,desktop
S001395,product_detail,add_to_cart,883,934,app
S001395,product_detail,wishlist,1149,935,app
S001395,product_detail,main_image,336,392,app
S001396,product_detail,main_image,323,577,mobile
S001397,product_detail,add_to_cart,1067,920,desktop
S001398,product_detail,main_image,491,303,mobile
S001398,product_detail,add_to_cart,936,932,mobile
S001399,product_detail,add_to_cart,1160,966,desktop
S001399,product_detail,main_image,478,703,desktop
S001400,product_detail,detail_text,418,1780,app
S001402,product_detail,add_to_cart,1017,921,mobile
S001402,product_detail,add_to_cart,1041,934,mobile
S001402,product_detail,size_chart,942,741,mobile
S001403,product_detail,wishlist,1104,939,app
S001403,product_detail,add_to_cart,985,878,app
S001403,product_detail,reviews_tab,775,1223,app
S001403,product_detail,reviews_tab,694,1213,app
S001404,product_detail,coupon_banner,665,172,app
S001404,product_detail,add_to_cart,949,898,app
S001404,product_detail,main_image,283,373,app
S001404,product_detail,add_to_cart,1093,940,app
S001404,product_detail,reviews_tab,636,1254,app
S001404,product_detail,size_chart,881,678,app
S001406,product_detail,add_to_cart,1079,940,app
S001406,product_detail,add_to_cart,1079,923,app
S001406,product_detail,detail_text,810,1823,app
S001406,product_detail,size_chart,919,673,app
S001406,product_detail,size_chart,870,698,app
S001406,product_detail,add_to_cart,1105,947,app
S001407,product_detail,main_image,598,416,app
S001407,product_detail,size_chart,951,689,app
S001408,product_detail,wishlist,1166,896,mobile
S001409,product_detail,main_image,379,520,mobile
S001411,product_detail,detail_text,873,2033,desktop
S001411,product_detail,thumbnails,164,1034,desktop
S001411,product_detail,main_image,392,453,desktop
S001412,product_detail,size_chart,844,724,desktop
S001412,product_detail,add_to_cart,1128,943,desktop
S001413,product_detail,main_image,552,311,mobile
S001413,product_detail,size_chart,817,675,mobile
S001413,product_detail,main_image,663,420,mobile
S001413,product_detail,size_chart,890,704,mobile
S001414,product_detail,detail_text,631,1859,mobile
S001414,product_detail,add_to_cart,1179,964,mobile
S001415,product_detail,add_to_cart,925,905,mobile
S001415,product_detail,add_to_cart,893,903,mobile
S001415,product_detail,add_to_cart,1028,897,mobile
S001416,product_detail,add_to_cart,1056,902,desktop
S001417,product_detail,main_image,365,467,app
S001418,product_detail,main_image,322,512,mobile
S001418,product_detail,add_to_cart,1178,908,mobile
S001418,product_detail,add_to_cart,972,929,mobile
S001418,product_detail,main_image,546,341,mobile
S001418,product_detail,main_image,369,420,mobile
S001420,product_detail,size_chart,885,701,app
S001420,product_detail,thumbnails,158,1070,app
S001420,product_detail,main_image,434,568,app
S001420,product_detail,add_to_cart,1019,932,app
S001420,product_detail,main_image,336,753,app
S001421,product_detail,add_to_cart,1144,928,desktop
S001421,product_detail,main_image,440,671,desktop
S001422,product_detail,add_to_cart,1107,889,mobile
S001422,product_detail,detail_text,467,1938,mobile
S001422,product_detail,main_image,296,525,mobile
S001424,product_detail,thumbnails,193,567,mobile
S001424,product_detail,size_chart,793,698,mobile
S001424,product_detail,main_image,521,649,mobile
S001426,product_detail,add_to_cart,758,895,mobile
S001427,product_detail,main_image,470,579,mobile
S001429,product_detail,main_image,516,628,desktop
S001429,product_detail,thumbnails,142,558,desktop
S001429,product_detail,size_chart,738,691,desktop
S001430,product_detail,size_chart,869,724,mobile
S001433,product_detail,reviews_tab,445,1253,mobile
S001433,product_detail,main_image,304,89,mobile
S001433,product_detail,main_image,334,346,mobile
S001434,product_detail,add_to_cart,1132,896,mobile
S001434,product_detail,main_image,266,430,mobile
S001434,product_detail,main_image,485,550,mobile
S001435,product_detail,main_image,355,494,app
S001435,product_detail,reviews_tab,503,1269,app
S001435,product_detail,coupon_banner,197,189,app
S001436,product_detail,add_to_cart,950,938,mobile
S001437,product_detail,main_image,336,418,mobile
S001437,product_detail,reviews_tab,612,1240,mobile
S001437,product_detail,add_to_cart,883,910,mobile
S001437,product_detail,reviews_tab,571,1253,mobile
S001437,product_detail,detail_text,509,2083,mobile
S001437,product_detail,size_chart,737,698,mobile
S001439,product_detail,main_image,592,609,app
S001439,product_detail,main_image,467,463,app
S001439,product_detail,add_to_cart,935,907,app
S001439,product_detail,add_to_cart,1096,935,app
S001440,product_detail,coupon_banner,643,167,mobile
S001440,product_detail,reviews_tab,928,1248,mobile
S001443,product_detail,main_image,393,666,mobile
S001443,product_detail,coupon_banner,495,228,mobile
S001444,product_detail,add_to_cart,1148,869,mobile
S001444,product_detail,size_chart,1023,701,mobile
S001446,product_detail,thumbnails,150,485,mobile
S001446,product_detail,main_image,299,527,mobile
S001446,product_detail,thumbnails,123,496,mobile
S001447,product_detail,main_image,474,464,desktop
S001447,product_detail,add_to_cart,1037,940,desktop
S001447,product_detail,reviews_tab,679,1278,desktop
S001449,product_detail,size_chart,935,731,app
S001449,product_detail,main_image,324,406,app
S001451,product_detail,add_to_cart,1049,922,app
S001451,product_detail,reviews_tab,781,1246,app
S001452,product_detail,size_chart,858,716,mobile
S001452,product_detail,thumbnails,147,881,mobile
S001452,product_detail,size_chart,786,708,mobile
S001454,product_detail,add_to_cart,1077,904,mobile
S001454,product_detail,size_chart,888,707,mobile
S001455,product_detail,main_image,422,789,app
S001455,product_detail,wishlist,1081,972,app
S001455,product_detail,main_image,375,535,app
S001456,product_detail,add_to_cart,955,912,mobile
S001456,product_detail,main_image,243,583,mobile
S001461,product_detail,add_to_cart,838,924,app
S001461,product_detail,main_image,356,748,app
S001461,product_detail,add_to_cart,1117,896,app
S001461,product_detail,size_chart,986,668,app
S001461,product_detail,detail_text,774,2346,app
S001462,product_detail,main_image,584,460,desktop
S001462,product_detail,main_image,732,402,desktop
S001462,product_detail,size_chart,897,733,desktop
S001463,product_detail,main_image,466,681,mobile
S001465,product_detail,reviews_tab,655,1278,app
S001466,product_detail,reviews_tab,680,1217,mobile
S001466,product_detail,size_chart,907,656,mobile
S001466,product_detail,reviews_tab,498,1234,mobile
S001467,product_detail,reviews_tab,718,1287,mobile
S001468,product_detail,detail_text,644,2144,app
S001468,product_detail,main_image,355,634,app
S001469,product_detail,add_to_cart,1154,896,mobile
S001469,product_detail,reviews_tab,615,1270,mobile
S001469,product_detail,coupon_banner,182,197,mobile
S001469,product_detail,main_image,343,606,mobile
S001471,product_detail,main_image,395,417,mobile
S001472,product_detail,main_image,527,480,app
S001472,product_detail,main_image,536,547,app
S001473,product_detail,detail_text,275,2165,desktop
S001474,product_detail,size_chart,880,709,desktop
S001475,product_detail,add_to_cart,1130,882,desktop
S001475,product_detail,thumbnails,116,689,desktop
S001475,product_detail,main_image,278,368,desktop
S001475,product_detail,size_chart,964,692,desktop
S001475,product_detail,reviews_tab,671,1244,desktop
S001476,product_detail,main_image,365,671,mobile
S001476,product_detail,add_to_cart,1027,944,mobile
S001478,product_detail,main_image,292,581,app
S001478,product_detail,reviews_tab,666,1258,app
S001480,product_detail,add_to_cart,1125,915,mobile
S001480,product_detail,reviews_tab,488,1228,mobile
S001481,product_detail,size_chart,863,695,app
S001481,product_detail,thumbnails,88,696,app
S001484,product_detail,detail_text,483,1231,mobile
S001484,product_detail,reviews_tab,636,1251,mobile
S001484,product_detail,add_to_cart,798,885,mobile
S001485,product_detail,add_to_cart,1154,918,mobile
S001485,product_detail,thumbnails,191,825,mobile
S001485,product_detail,reviews_tab,598,1257,mobile
S001487,product_detail,reviews_tab,551,1247,desktop
S001488,product_detail,main_image,403,535,mobile
S001489,product_detail,size_chart,907,726,desktop
S001489,product_detail,add_to_cart,1014,896,desktop
S001490,product_detail,reviews_tab,728,1245,mobile
S001490,product_detail,size_chart,882,696,mobile
S001490,product_detail,thumbnails,157,694,mobile
S001491,product_detail,main_image,542,386,app
S001494,product_detail,reviews_tab,421,1222,app
S001494,product_detail,add_to_cart,1097,949,app
S001494,product_detail,main_image,275,595,app
S001494,product_detail,thumbnails,136,1031,app
S001494,product_detail,reviews_tab,524,1270,app
S001495,product_detail,main_image,498,504,mobile
S001495,product_detail,main_image,349,549,mobile
S001496,product_detail,main_image,616,701,mobile
S001496,product_detail,main_image,194,551,mobile
S001498,product_detail,reviews_tab,752,1229,mobile
S001498,product_detail,reviews_tab,538,1238,mobile
S001498,product_detail,size_chart,817,689,mobile
S001498,product_detail,coupon_banner,824,170,mobile
S001498,product_detail,main_image,816,587,mobile
S001501,product_detail,coupon_banner,552,198,desktop
S001501,product_detail,add_to_cart,1056,958,desktop
S001501,product_detail,reviews_tab,698,1263,desktop
S001501,product_detail,thumbnails,117,759,desktop
S001501,product_detail,reviews_tab,602,1274,desktop
S001503,product_detail,main_image,322,536,desktop
S001503,product_detail,main_image,410,428,desktop
S001505,product_detail,add_to_cart,928,874,mobile
S001505,product_detail,detail_text,323,1487,mobile
S001505,product_detail,reviews_tab,460,1247,mobile
S001505,product_detail,thumbnails,151,1060,mobile
S001505,product_detail,add_to_cart,1012,913,mobile
S001506,product_detail,wishlist,1158,916,desktop
S001506,product_detail,main_image,378,771,desktop
S001506,product_detail,reviews_tab,543,1234,desktop
S001506,product_detail,size_chart,855,673,desktop
S001506,product_detail,thumbnails,111,888,desktop
S001506,product_detail,size_chart,988,729,desktop
S001508,product_detail,add_to_cart,1279,956,mobile
S001508,product_detail,coupon_banner,506,179,mobile
S001509,product_detail,size_chart,826,711,mobile
S001509,product_detail,thumbnails,157,854,mobile
S001512,product_detail,add_to_cart,1231,916,app
S001512,product_detail,thumbnails,90,737,app
S001512,product_detail,main_image,496,328,app
S001514,product_detail,main_image,344,743,app
S001514,product_detail,size_chart,951,709,app
S001515,product_detail,coupon_banner,343,206,mobile
S001516,product_detail,add_to_cart,993,956,mobile
S001516,product_detail,main_image,243,197,mobile
S001516,product_detail,main_image,423,588,mobile
S001516,product_detail,reviews_tab,514,1267,mobile
S001517,product_detail,add_to_cart,1107,912,app
S001517,product_detail,thumbnails,198,546,app
S001517,product_detail,main_image,523,428,app
S001517,product_detail,coupon_banner,654,183,app
S001517,product_detail,main_image,375,463,app
S001519,product_detail,main_image,514,641,mobile
S001519,product_detail,size_chart,888,726,mobile
S001520,product_detail,main_image,583,337,desktop
S001520,product_detail,size_chart,931,663,desktop
S001520,product_detail,add_to_cart,1077,931,desktop
S001520,product_detail,detail_text,780,2321,desktop
S001520,product_detail,main_image,685,141,desktop
S001520,product_detail,add_to_cart,1150,904,desktop
S001520,product_detail,main_image,427,645,desktop
S001521,product_detail,thumbnails,113,871,desktop
S001521,product_detail,size_chart,887,726,desktop
S001521,product_detail,reviews_tab,678,1254,desktop
S001522,product_detail,detail_text,641,1722,mobile
S001522,product_detail,add_to_cart,964,885,mobile
S001523,product_detail,size_chart,898,708,mobile
S001523,product_detail,main_image,513,541,mobile
S001523,product_detail,main_image,605,501,mobile
S001524,product_detail,reviews_tab,526,1270,app
S001524,product_detail,size_chart,812,662,app
S001525,product_detail,main_image,437,420,mobile
S001526,product_detail,wishlist,1140,881,mobile
S001527,product_detail,size_chart,963,712,mobile
S001527,product_detail,wishlist,1135,917,mobile
S001528,product_detail,main_image,392,455,desktop
S001528,product_detail,coupon_banner,754,229,desktop
S001530,product_detail,reviews_tab,809,1226,desktop
S001530,product_detail,reviews_tab,354,1268,desktop
S001530,product_detail,reviews_tab,342,1250,desktop
S001530,product_detail,size_chart,878,673,desktop
S001531,product_detail,size_chart,1020,643,mobile
S001531,product_detail,main_image,302,641,mobile
S001531,product_detail,main_image,503,472,mobile
S001532,product_detail,main_image,410,383,mobile
S001533,product_detail,reviews_tab,448,1225,mobile
S001534,product_detail,main_image,283,652,mobile
S001534,product_detail,main_image,435,651,mobile
S001535,product_detail,size_chart,958,727,mobile
S001536,product_detail,main_image,562,541,app
S001536,product_detail,reviews_tab,700,1244,app
S001536,product_detail,detail_text,374,2094,app
S001536,product_detail,add_to_cart,1016,912,app
S001536,product_detail,add_to_cart,1049,965,app
S001537,product_detail,main_image,611,637,desktop
S001537,product_detail,reviews_tab,776,1218,desktop
S001537,product_detail,main_image,530,685,desktop
S001537,product_detail,size_chart,976,686,desktop
S001537,product_detail,size_chart,1084,714,desktop
S001537,product_detail,add_to_cart,1202,901,desktop
S001538,product_detail,main_image,605,786,desktop
S001538,product_detail,main_image,491,695,desktop
S001538,product_detail,add_to_cart,927,905,desktop
S001539,product_detail,main_image,553,233,mobile
S001539,product_detail,main_image,602,539,mobile
S001539,product_detail,size_chart,899,715,mobile
S001539,product_detail,wishlist,1124,910,mobile
S001539,product_detail,size_chart,915,720,mobile
S001539,product_detail,add_to_cart,837,924,mobile
S001539,product_detail,reviews_tab,621,1264,mobile
S001540,product_detail,thumbnails,147,835,app
S001541,product_detail,thumbnails,161,696,desktop
S001541,product_detail,wishlist,1148,919,desktop
S001542,product_detail,size_chart,903,670,desktop
S001542,product_detail,thumbnails,124,791,desktop
S001542,product_detail,add_to_cart,873,880,desktop
S001542,product_detail,detail_text,451,1758,desktop
S001543,product_detail,add_to_cart,1040,911,mobile
S001543,product_detail,coupon_banner,477,235,mobile
S001544,product_detail,add_to_cart,914,915,app
S001544,product_detail,main_image,404,645,app
S001545,product_detail,size_chart,951,679,mobile
S001545,product_detail,add_to_cart,1142,920,mobile
S001545,product_detail,add_to_cart,867,939,mobile
S001545,product_detail,size_chart,1048,708,mobile
S001546,product_detail,wishlist,1138,934,mobile
S001546,product_detail,detail_text,624,1682,mobile
S001546,product_detail,size_chart,777,697,mobile
S001546,product_detail,size_chart,789,728,mobile
S001546,product_detail,main_image,307,547,mobile
S001549,product_detail,size_chart,889,723,mobile
S001550,product_detail,main_image,593,539,mobile
S001550,product_detail,size_chart,809,684,mobile
S001550,product_detail,wishlist,1122,946,mobile
S001553,product_detail,size_chart,910,680,desktop
S001555,product_detail,size_chart,975,679,app
S001555,product_detail,reviews_tab,747,1240,app
S001556,product_detail,reviews_tab,586,1218,mobile
S001557,product_detail,detail_text,548,1548,desktop
S001559,product_detail,main_image,494,381,mobile
S001559,product_detail,coupon_banner,736,214,mobile
S001559,product_detail,reviews_tab,827,1281,mobile
S001560,product_detail,main_image,508,296,app
S001560,product_detail,main_image,440,531,app
S001560,product_detail,add_to_cart,950,927,app
S001561,product_detail,size_chart,850,740,app
S001562,product_detail,add_to_cart,834,874,mobile
S001562,product_detail,coupon_banner,643,243,mobile
S001564,product_detail,main_image,474,558,app
S001564,product_detail,add_to_cart,1010,877,app
S001564,product_detail,add_to_cart,1146,900,app
S001567,product_detail,reviews_tab,787,1253,desktop
S001567,product_detail,thumbnails,145,809,desktop
S001567,product_detail,add_to_cart,872,945,desktop
S001567,product_detail,add_to_cart,945,906,desktop
S001569,product_detail,main_image,508,401,mobile
S001570,product_detail,detail_text,630,2265,mobile
S001570,product_detail,main_image,360,132,mobile
S001570,product_detail,main_image,482,507,mobile
S001570,product_detail,main_image,428,642,mobile
S001571,product_detail,detail_text,829,2178,mobile
S001572,product_detail,wishlist,1160,935,mobile
S001572,product_detail,wishlist,1142,881,mobile
S001573,product_detail,thumbnails,178,782,mobile
S001574,product_detail,add_to_cart,923,949,app
S001574,product_detail,size_chart,849,680,app
S001574,product_detail,reviews_tab,812,1230,app
S001574,product_detail,reviews_tab,808,1262,app
S001575,product_detail,size_chart,753,687,desktop
S001576,product_detail,reviews_tab,374,1262,desktop
S001577,product_detail,thumbnails,157,628,desktop
S001579,product_detail,main_image,491,799,desktop
S001579,product_detail,detail_text,596,2510,desktop
S001582,product_detail,reviews_tab,406,1249,app
S001585,product_detail,size_chart,988,660,app
S001585,product_detail,add_to_cart,892,915,app
S001586,product_detail,size_chart,941,675,mobile
S001586,product_detail,reviews_tab,675,1240,mobile
S001586,product_detail,reviews_tab,654,1214,mobile
S001587,product_detail,add_to_cart,889,932,app
S001587,product_detail,thumbnails,254,731,app
S001587,product_detail,detail_text,715,1220,app
S001587,product_detail,size_chart,928,670,app
S001587,product_detail,main_image,158,563,app
S001587,product_detail,add_to_cart,1045,925,app
S001587,product_detail,main_image,295,469,app
S001587,product_detail,add_to_cart,963,942,app
S001587,product_detail,detail_text,815,1740,app
S001589,product_detail,main_image,623,742,desktop
S001590,product_detail,wishlist,1104,934,mobile
S001590,product_detail,main_image,505,587,mobile
S001590,product_detail,reviews_tab,438,1264,mobile
S001590,product_detail,add_to_cart,1041,946,mobile
S001590,product_detail,add_to_cart,947,855,mobile
S001590,product_detail,reviews_tab,674,1244,mobile
S001595,product_detail,main_image,455,614,desktop
S001595,product_detail,main_image,226,519,desktop
S001595,product_detail,main_image,499,702,desktop
S001595,product_detail,size_chart,742,677,desktop
S001595,product_detail,main_image,379,339,desktop
S001595,product_detail,detail_text,1279,1600,desktop
S001595,product_detail,main_image,226,747,desktop
S001597,product_detail,add_to_cart,869,936,mobile
S001597,product_detail,size_chart,890,733,mobile
S001597,product_detail,coupon_banner,898,160,mobile
S001597,product_detail,add_to_cart,849,957,mobile
S001599,product_detail,thumbnails,104,826,desktop
S001600,product_detail,wishlist,1119,935,app
S001600,product_detail,add_to_cart,1055,914,app
S001600,product_detail,reviews_tab,763,1293,app
S001600,product_detail,main_image,325,776,app
S001600,product_detail,add_to_cart,1020,883,app
S001600,product_detail,coupon_banner,261,211,app
S001600,product_detail,coupon_banner,791,247,app
S001600,product_detail,main_image,464,510,app
S001601,product_detail,add_to_cart,903,907,mobile
S001601,product_detail,reviews_tab,714,1230,mobile
S001601,product_detail,main_image,651,191,mobile
S001601,product_detail,main_image,373,483,mobile
S001602,product_detail,add_to_cart,993,915,mobile
S001602,product_detail,size_chart,852,682,mobile
S001603,product_detail,main_image,444,713,mobile
S001603,product_detail,reviews_tab,525,1225,mobile
S001603,product_detail,size_chart,947,706,mobile
S001609,product_detail,reviews_tab,628,1212,mobile
S001609,product_detail,reviews_tab,490,1250,mobile
S001609,product_detail,add_to_cart,979,879,mobile
S001609,product_detail,add_to_cart,990,901,mobile
S001609,product_detail,thumbnails,67,630,mobile
S001610,product_detail,reviews_tab,785,1296,mobile
S001611,product_detail,thumbnails,114,664,mobile
S001611,product_detail,add_to_cart,787,933,mobile
S001611,product_detail,main_image,396,463,mobile
S001612,product_detail,detail_text,413,2013,mobile
S001612,product_detail,wishlist,1146,941,mobile
S001613,product_detail,main_image,348,482,desktop
S001613,product_detail,main_image,344,500,desktop
S001613,product_detail,size_chart,899,690,desktop
S001615,product_detail,wishlist,1175,900,mobile
S001615,product_detail,thumbnails,121,815,mobile
S001615,product_detail,detail_text,1268,1667,mobile
S001616,product_detail,add_to_cart,1133,930,mobile
S001616,product_detail,reviews_tab,941,1219,mobile
S001617,product_detail,size_chart,794,712,mobile
S001618,product_detail,detail_text,1172,1838,app
S001619,product_detail,main_image,543,483,mobile
S001619,product_detail,main_image,561,553,mobile
S001619,product_detail,thumbnails,113,988,mobile
S001619,product_detail,size_chart,1002,701,mobile
S001619,product_detail,size_chart,1044,743,mobile
S001621,product_detail,main_image,398,603,mobile
S001621,product_detail,detail_text,910,2232,mobile
S001621,product_detail,wishlist,1089,921,mobile
S001623,product_detail,coupon_banner,862,165,mobile
S001623,product_detail,add_to_cart,957,951,mobile
S001624,product_detail,add_to_cart,931,955,mobile
S001626,product_detail,main_image,500,610,mobile
S001626,product_detail,add_to_cart,1003,912,mobile
S001626,product_detail,add_to_cart,866,940,mobile
S001626,product_detail,main_image,353,298,mobile
S001626,product_detail,main_image,245,449,mobile
S001626,product_detail,size_chart,871,684,mobile
S001626,product_detail,main_image,229,633,mobile
S001627,product_detail,main_image,453,675,app
S001627,product_detail,reviews_tab,569,1226,app
S001628,product_detail,size_chart,1040,697,mobile
S001628,product_detail,reviews_tab,581,1241,mobile
S001629,product_detail,detail_text,1279,1957,mobile
S001629,product_detail,reviews_tab,438,1260,mobile
S001630,product_detail,detail_text,856,1952,mobile
S001630,product_detail,thumbnails,81,501,mobile
S001631,product_detail,main_image,592,797,app
S001631,product_detail,add_to_cart,982,941,app
S001631,product_detail,wishlist,1119,936,app
S001632,product_detail,add_to_cart,865,891,mobile
S001632,product_detail,thumbnails,132,899,mobile
S001632,product_detail,main_image,380,719,mobile
S001632,product_detail,size_chart,926,718,mobile
S001634,product_detail,add_to_cart,949,890,mobile
S001634,product_detail,main_image,580,530,mobile
S001634,product_detail,main_image,627,307,mobile
S001634,product_detail,add_to_cart,1098,942,mobile
S001634,product_detail,main_image,437,446,mobile
S001635,product_detail,reviews_tab,543,1253,mobile
S001635,product_detail,wishlist,1144,934,mobile
S001636,product_detail,coupon_banner,460,202,app
S001636,product_detail,thumbnails,210,945,app
S001637,product_detail,add_to_cart,1027,887,desktop
S001637,product_detail,detail_text,397,2026,desktop
S001638,product_detail,main_image,484,934,mobile
S001638,product_detail,main_image,385,637,mobile
S001638,product_detail,size_chart,944,696,mobile
S001638,product_detail,main_image,432,569,mobile
S001639,product_detail,main_image,420,620,app
S001639,product_detail,reviews_tab,976,1248,app
S001639,product_detail,add_to_cart,945,876,app
S001639,product_detail,size_chart,928,722,app
S001641,product_detail,detail_text,516,2289,desktop
S001641,product_detail,main_image,450,303,desktop
S001641,product_detail,size_chart,820,742,desktop
S001641,product_detail,main_image,476,483,desktop
S001641,product_detail,reviews_tab,400,1283,desktop
S001641,product_detail,size_chart,1032,704,desktop
S001641,product_detail,thumbnails,161,630,desktop
S001642,product_detail,thumbnails,143,713,desktop
S001642,product_detail,size_chart,892,714,desktop
S001642,product_detail,wishlist,1164,924,desktop
S001643,product_detail,size_chart,847,706,mobile
S001643,product_detail,main_image,450,403,mobile
S001643,product_detail,add_to_cart,1058,926,mobile
S001644,product_detail,main_image,558,308,desktop
S001648,product_detail,size_chart,823,700,app
S001648,product_detail,size_chart,841,703,app
S001649,product_detail,detail_text,882,1685,app
S001649,product_detail,main_image,499,598,app
S001649,product_detail,add_to_cart,894,905,app
S001649,product_detail,wishlist,1125,926,app
S001649,product_detail,add_to_cart,1033,914,app
S001651,product_detail,reviews_tab,583,1213,desktop
S001651,product_detail,main_image,426,232,desktop
S001651,product_detail,thumbnails,152,724,desktop
S001652,product_detail,main_image,407,489,mobile
S001652,product_detail,add_to_cart,793,904,mobile
S001652,product_detail,detail_text,867,1742,mobile
S001652,product_detail,reviews_tab,570,1242,mobile
S001654,product_detail,coupon_banner,857,219,mobile
S001654,product_detail,size_chart,861,721,mobile
S001654,product_detail,detail_text,181,1652,mobile
S001654,product_detail,add_to_cart,1013,935,mobile
S001654,product_detail,detail_text,246,2097,mobile
S001654,product_detail,add_to_cart,887,954,mobile
S001654,product_detail,thumbnails,167,628,mobile
S001654,product_detail,thumbnails,96,652,mobile
S001655,product_detail,main_image,325,533,app
S001655,product_detail,main_image,386,497,app
S001657,product_detail,main_image,551,447,mobile
S001657,product_detail,main_image,658,426,mobile
S001657,product_detail,detail_text,448,1814,mobile
S001657,product_detail,add_to_cart,998,894,mobile
S001657,product_detail,reviews_tab,525,1264,mobile
S001657,product_detail,wishlist,1138,925,mobile
S001659,product_detail,main_image,597,666,app
S001659,product_detail,reviews_tab,791,1271,app
S001659,product_detail,thumbnails,106,901,app
S001659,product_detail,coupon_banner,907,179,app
S001659,product_detail,main_image,371,467,app
S001662,product_detail,main_image,447,400,mobile
S001663,product_detail,reviews_tab,700,1271,mobile
S001664,product_detail,main_image,356,226,app
S001665,product_detail,wishlist,1112,921,desktop
S001666,product_detail,size_chart,961,686,desktop
S001666,product_detail,size_chart,978,724,desktop
S001667,product_detail,thumbnails,131,867,app
S001667,product_detail,reviews_tab,914,1266,app
S001668,product_detail,thumbnails,162,727,app
S001669,product_detail,add_to_cart,1122,891,mobile
S001669,product_detail,add_to_cart,1053,908,mobile
S001669,product_detail,add_to_cart,1025,908,mobile
S001669,product_detail,thumbnails,167,761,mobile
S001669,product_detail,main_image,526,580,mobile
S001669,product_detail,wishlist,1149,938,mobile
S001669,product_detail,wishlist,1147,950,mobile
S001670,product_detail,main_image,535,600,mobile
S001670,product_detail,size_chart,860,692,mobile
S001671,product_detail,size_chart,956,664,mobile
S001671,product_detail,reviews_tab,1049,1258,mobile
S001671,product_detail,thumbnails,154,729,mobile
S001673,product_detail,size_chart,851,699,mobile
S001675,product_detail,add_to_cart,980,918,app
S001675,product_detail,reviews_tab,528,1260,app
S001675,product_detail,main_image,418,316,app
S001676,product_detail,reviews_tab,767,1214,mobile
S001676,product_detail,main_image,488,428,mobile
S001677,product_detail,thumbnails,198,678,desktop
S001677,product_detail,main_image,620,369,desktop
S001678,product_detail,main_image,409,474,app
S001678,product_detail,size_chart,965,707,app
S001679,product_detail,main_image,430,607,mobile
S001679,product_detail,main_image,287,619,mobile
S001681,product_detail,wishlist,1135,916,desktop
S001681,product_detail,add_to_cart,1092,960,desktop
S001681,product_detail,main_image,635,329,desktop
S001682,product_detail,thumbnails,167,773,mobile
S001682,product_detail,add_to_cart,957,913,mobile
S001682,product_detail,detail_text,526,1733,mobile
S001682,product_detail,main_image,363,486,mobile
S001682,product_detail,reviews_tab,567,1286,mobile
S001683,product_detail,main_image,419,463,mobile
S001683,product_detail,main_image,307,518,mobile
S001683,product_detail,main_image,449,341,mobile
S001683,product_detail,detail_text,498,1804,mobile
S001683,product_detail,size_chart,941,690,mobile
S001683,product_detail,wishlist,1153,877,mobile
S001683,product_detail,main_image,191,642,mobile
S001684,product_detail,detail_text,662,1730,mobile
S001684,product_detail,main_image,506,502,mobile
S001684,product_detail,size_chart,782,723,mobile
S001684,product_detail,size_chart,907,679,mobile
S001686,product_detail,coupon_banner,352,240,app
S001686,product_detail,detail_text,503,1954,app
S001686,product_detail,size_chart,913,683,app
S001687,product_detail,add_to_cart,992,884,mobile
S001688,product_detail,coupon_banner,400,178,mobile
S001688,product_detail,add_to_cart,998,954,mobile
S001688,product_detail,add_to_cart,1027,966,mobile
S001688,product_detail,size_chart,752,721,mobile
S001688,product_detail,main_image,592,988,mobile
S001689,product_detail,reviews_tab,825,1257,mobile
S001689,product_detail,wishlist,1144,925,mobile
S001689,product_detail,add_to_cart,977,883,mobile
S001690,product_detail,size_chart,940,694,mobile
S001692,product_detail,size_chart,901,698,mobile
S001692,product_detail,add_to_cart,889,930,mobile
S001692,product_detail,reviews_tab,454,1289,mobile
S001692,product_detail,thumbnails,164,896,mobile
S001692,product_detail,detail_text,605,2363,mobile
S001693,product_detail,main_image,180,428,mobile
S001693,product_detail,reviews_tab,646,1253,mobile
S001693,product_detail,reviews_tab,721,1250,mobile
S001693,product_detail,reviews_tab,515,1278,mobile
S001694,product_detail,reviews_tab,725,1231,desktop
S001694,product_detail,wishlist,1146,971,desktop
S001694,product_detail,main_image,229,522,desktop
S001694,product_detail,size_chart,891,660,desktop
S001694,product_detail,main_image,322,482,desktop
S001695,product_detail,coupon_banner,533,120,mobile
S001696,product_detail,main_image,434,538,desktop
S001696,product_detail,detail_text,455,2097,desktop
S001697,product_detail,add_to_cart,929,904,app
S001697,product_detail,size_chart,931,715,app
S001697,product_detail,size_chart,804,704,app
S001697,product_detail,main_image,522,371,app
S001697,product_detail,reviews_tab,240,1282,app
S001697,product_detail,detail_text,912,2174,app
S001697,product_detail,add_to_cart,977,941,app
S001698,product_detail,detail_text,930,1814,app
S001698,product_detail,size_chart,909,664,app
S001699,product_detail,add_to_cart,873,922,mobile
S001700,product_detail,reviews_tab,403,1235,app
S001700,product_detail,add_to_cart,916,936,app
S001701,product_detail,main_image,250,594,app
S001702,product_detail,reviews_tab,426,1264,app
S001702,product_detail,reviews_tab,509,1251,app
S001702,product_detail,thumbnails,150,852,app
S001703,product_detail,reviews_tab,860,1262,mobile
S001703,product_detail,add_to_cart,680,916,mobile
S001703,product_detail,add_to_cart,1157,918,mobile
S001703,product_detail,main_image,457,517,mobile
S001703,product_detail,detail_text,201,2378,mobile
S001703,product_detail,size_chart,734,718,mobile
S001704,product_detail,coupon_banner,937,195,desktop
S001704,product_detail,reviews_tab,528,1278,desktop
S001704,product_detail,main_image,326,795,desktop
S001704,product_detail,reviews_tab,373,1250,desktop
S001704,product_detail,size_chart,813,655,desktop
S001705,product_detail,add_to_cart,931,916,desktop
S001705,product_detail,size_chart,903,705,desktop
S001705,product_detail,main_image,454,604,desktop
S001706,product_detail,add_to_cart,1124,922,app
S001707,product_detail,add_to_cart,1102,966,mobile
S001707,product_detail,reviews_tab,746,1210,mobile
S001707,product_detail,add_to_cart,1015,911,mobile
S001708,product_detail,main_image,367,338,mobile
S001708,product_detail,add_to_cart,1151,922,mobile
S001709,product_detail,reviews_tab,929,1245,app
S001710,product_detail,main_image,592,318,app
S001710,product_detail,reviews_tab,640,1218,app
S001711,product_detail,size_chart,899,724,app
S001711,product_detail,thumbnails,229,806,app
S001711,product_detail,coupon_banner,12,225,app
S001711,product_detail,reviews_tab,388,1256,app
S001711,product_detail,reviews_tab,561,1283,app
S001712,product_detail,add_to_cart,779,973,mobile
S001713,product_detail,wishlist,1145,890,mobile
S001713,product_detail,main_image,564,708,mobile
S001713,product_detail,main_image,276,568,mobile
S001713,product_detail,main_image,612,464,mobile
S001713,product_detail,wishlist,1186,913,mobile
S001713,product_detail,reviews_tab,757,1276,mobile
S001715,product_detail,reviews_tab,920,1284,app
S001715,product_detail,detail_text,671,2065,app
S001716,product_detail,add_to_cart,1071,918,app
S001716,product_detail,add_to_cart,1040,952,app
S001716,product_detail,add_to_cart,1101,950,app
S001716,product_detail,main_image,479,543,app
S001717,product_detail,main_image,615,481,app
S001719,product_detail,reviews_tab,554,1268,mobile
S001719,product_detail,wishlist,1146,930,mobile
S001719,product_detail,main_image,550,399,mobile
S001719,product_detail,main_image,378,674,mobile
S001720,product_detail,coupon_banner,0,257,mobile
S001720,product_detail,size_chart,957,699,mobile
S001720,product_detail,reviews_tab,799,1256,mobile
S001721,product_detail,size_chart,959,701,desktop
S001722,product_detail,reviews_tab,438,1231,mobile
S001723,product_detail,reviews_tab,728,1248,app
S001723,product_detail,reviews_tab,672,1260,app
S001724,product_detail,size_chart,923,708,mobile
S001724,product_detail,main_image,406,592,mobile
S001724,product_detail,size_chart,869,687,mobile
S001724,product_detail,coupon_banner,741,183,mobile
S001725,product_detail,thumbnails,116,682,mobile
S001725,product_detail,detail_text,182,2029,mobile
S001725,product_detail,wishlist,1158,924,mobile
S001725,product_detail,add_to_cart,910,905,mobile
S001726,product_detail,reviews_tab,676,1243,mobile
S001726,product_detail,main_image,356,399,mobile
S001729,product_detail,coupon_banner,600,187,mobile
S001729,product_detail,reviews_tab,715,1232,mobile
S001730,product_detail,main_image,499,387,mobile
S001731,product_detail,detail_text,818,2302,mobile
S001731,product_detail,add_to_cart,1050,949,mobile
S001732,product_detail,wishlist,1075,925,mobile
S001732,product_detail,main_image,430,512,mobile
S001732,product_detail,reviews_tab,441,1239,mobile
S001732,product_detail,size_chart,1014,723,mobile
S001733,product_detail,detail_text,858,2202,desktop
S001733,product_detail,add_to_cart,1147,886,desktop
S001733,product_detail,main_image,540,739,desktop
S001733,product_detail,coupon_banner,530,159,desktop
S001733,product_detail,main_image,305,609,desktop
S001733,product_detail,wishlist,1136,887,desktop
S001733,product_detail,main_image,457,604,desktop
S001733,product_detail,thumbnails,184,673,desktop
S001734,product_detail,main_image,552,487,mobile
S001734,product_detail,add_to_cart,1152,909,mobile
S001735,product_detail,reviews_tab,819,1217,app
S001736,product_detail,main_image,364,414,app
S001736,product_detail,main_image,399,698,app
S001736,product_detail,reviews_tab,580,1238,app
S001737,product_detail,main_image,357,443,app
S001737,product_detail,thumbnails,173,872,app
S001738,product_detail,reviews_tab,720,1233,desktop
S001738,product_detail,main_image,395,464,desktop
S001738,product_detail,detail_text,710,1648,desktop
S001738,product_detail,main_image,459,448,desktop
S001738,product_detail,coupon_banner,429,180,desktop
S001738,product_detail,main_image,428,480,desktop
S001738,product_detail,add_to_cart,962,883,desktop
S001738,product_detail,size_chart,937,696,desktop
S001740,product_detail,coupon_banner,737,170,desktop
S001740,product_detail,reviews_tab,668,1280,desktop
S001740,product_detail,reviews_tab,876,1205,desktop
S001741,product_detail,size_chart,882,703,mobile
S001741,product_detail,add_to_cart,936,910,mobile
S001742,product_detail,reviews_tab,621,1246,mobile
S001742,product_detail,add_to_cart,1153,966,mobile
S001743,product_detail,size_chart,945,672,mobile
S001743,product_detail,size_chart,905,684,mobile
S001744,product_detail,main_image,630,590,app
S001744,product_detail,main_image,332,615,app
S001744,product_detail,main_image,347,584,app
S001744,product_detail,add_to_cart,1021,911,app
S001744,product_detail,size_chart,850,694,app
S001745,product_detail,main_image,469,641,app
S001747,product_detail,size_chart,982,705,app
S001747,product_detail,add_to_cart,911,898,app
S001748,product_detail,main_image,530,932,desktop
S001748,product_detail,size_chart,918,701,desktop
S001748,product_detail,add_to_cart,893,916,desktop
S001748,product_detail,detail_text,870,1599,desktop
S001750,product_detail,thumbnails,207,957,mobile
S001750,product_detail,add_to_cart,975,931,mobile
S001750,product_detail,main_image,134,431,mobile
S001751,product_detail,main_image,469,419,app
S001751,product_detail,main_image,277,488,app
S001752,product_detail,main_image,723,314,app
S001753,product_detail,thumbnails,151,787,mobile
S001753,product_detail,coupon_banner,663,196,mobile
S001754,product_detail,main_image,375,296,desktop
S001754,product_detail,thumbnails,133,510,desktop
S001754,product_detail,reviews_tab,681,1286,desktop
S001754,product_detail,add_to_cart,1071,931,desktop
S001754,product_detail,size_chart,1003,700,desktop
S001754,product_detail,main_image,70,600,desktop
S001754,product_detail,main_image,412,312,desktop
S001755,product_detail,add_to_cart,1037,912,app
S001755,product_detail,add_to_cart,863,928,app
S001756,product_detail,add_to_cart,910,951,mobile
S001756,product_detail,thumbnails,133,824,mobile
S001756,product_detail,thumbnails,189,703,mobile
S001756,product_detail,reviews_tab,761,1244,mobile
S001756,product_detail,wishlist,1152,902,mobile
S001756,product_detail,coupon_banner,284,242,mobile
S001757,product_detail,add_to_cart,968,932,desktop
S001758,product_detail,main_image,439,528,mobile
S001758,product_detail,thumbnails,85,693,mobile
S001759,product_detail,main_image,494,767,desktop
S001759,product_detail,main_image,452,585,desktop
S001759,product_detail,reviews_tab,758,1218,desktop
S001759,product_detail,add_to_cart,994,960,desktop
S001759,product_detail,size_chart,974,712,desktop
S001759,product_detail,add_to_cart,965,922,desktop
S001759,product_detail,wishlist,1113,920,desktop
S001760,product_detail,main_image,363,457,desktop
S001760,product_detail,wishlist,1156,927,desktop
S001760,product_detail,main_image,467,455,desktop
S001761,product_detail,add_to_cart,853,906,mobile
S001762,product_detail,main_image,386,753,app
S001762,product_detail,main_image,506,590,app
S001762,product_detail,main_image,566,455,app
S001762,product_detail,detail_text,681,1532,app
S001763,product_detail,main_image,605,760,app
S001765,product_detail,wishlist,1152,909,mobile
S001765,product_detail,main_image,374,639,mobile
S001765,product_detail,size_chart,919,705,mobile
S001766,product_detail,add_to_cart,971,921,app
S001768,product_detail,main_image,323,496,mobile
S001768,product_detail,reviews_tab,713,1285,mobile
S001768,product_detail,main_image,236,822,mobile
S001769,product_detail,wishlist,1100,925,mobile
S001769,product_detail,add_to_cart,923,875,mobile
S001769,product_detail,main_image,706,298,mobile
S001769,product_detail,add_to_cart,1074,925,mobile
S001769,product_detail,add_to_cart,986,916,mobile
S001769,product_detail,main_image,237,168,mobile
S001770,product_detail,size_chart,822,699,mobile
S001770,product_detail,thumbnails,150,510,mobile
S001770,product_detail,size_chart,825,729,mobile
S001770,product_detail,main_image,576,612,mobile
S001771,product_detail,main_image,254,648,mobile
S001771,product_detail,main_image,318,643,mobile
S001771,product_detail,main_image,550,594,mobile
S001771,product_detail,main_image,477,765,mobile
S001773,product_detail,main_image,502,692,app
S001773,product_detail,add_to_cart,1002,954,app
S001774,product_detail,detail_text,942,1895,mobile
S001774,product_detail,main_image,365,467,mobile
S001774,product_detail,detail_text,284,1923,mobile
S001774,product_detail,main_image,317,416,mobile
S001774,product_detail,add_to_cart,847,886,mobile
S001775,product_detail,main_image,604,456,desktop
S001775,product_detail,reviews_tab,421,1234,desktop
S001775,product_detail,main_image,395,679,desktop
S001777,product_detail,coupon_banner,911,176,mobile
S001777,product_detail,reviews_tab,1007,1215,mobile
S001777,product_detail,wishlist,1156,942,mobile
S001778,product_detail,detail_text,313,1570,app
S001778,product_detail,main_image,450,140,app
S001779,product_detail,reviews_tab,876,1253,mobile
S001779,product_detail,reviews_tab,516,1229,mobile
S001780,product_detail,add_to_cart,982,933,mobile
S001782,product_detail,main_image,335,462,mobile
S001782,product_detail,main_image,285,383,mobile
S001783,product_detail,size_chart,915,697,desktop
S001784,product_detail,size_chart,891,677,mobile
S001785,product_detail,add_to_cart,877,921,mobile
S001785,product_detail,main_image,387,760,mobile
S001785,product_detail,thumbnails,175,776,mobile
S001785,product_detail,main_image,571,746,mobile
S001785,product_detail,wishlist,1126,949,mobile
S001786,product_detail,size_chart,865,687,mobile
S001786,product_detail,size_chart,911,675,mobile
S001786,product_detail,add_to_cart,1038,886,mobile
S001787,product_detail,main_image,675,603,mobile
S001787,product_detail,main_image,452,492,mobile
S001789,product_detail,main_image,616,451,app
S001789,product_detail,main_image,632,696,app
S001790,product_detail,main_image,583,444,app
S001790,product_detail,size_chart,948,708,app
S001791,product_detail,add_to_cart,1124,892,mobile
S001791,product_detail,main_image,350,92,mobile
S001793,product_detail,detail_text,1150,2373,desktop
S001793,product_detail,reviews_tab,542,1288,desktop
S001795,product_detail,main_image,422,460,mobile
S001795,product_detail,size_chart,891,698,mobile
S001795,product_detail,main_image,688,679,mobile
S001796,product_detail,add_to_cart,1000,942,mobile
S001796,product_detail,add_to_cart,974,960,mobile
S001798,product_detail,thumbnails,130,668,mobile
S001798,product_detail,main_image,450,596,mobile
S001798,product_detail,thumbnails,150,848,mobile
S001799,product_detail,add_to_cart,862,921,mobile
S001800,product_detail,main_image,410,649,app
S001800,product_detail,main_image,344,464,app
S001800,product_detail,main_image,438,442,app
S001800,product_detail,detail_text,401,1592,app
S001800,product_detail,main_image,455,622,app
S001800,product_detail,coupon_banner,156,179,app
S001800,product_detail,main_image,459,354,app
S001800,product_detail,detail_text,618,2211,app
S001801,product_detail,add_to_cart,919,910,mobile
S001801,product_detail,reviews_tab,775,1216,mobile
S001802,product_detail,main_image,594,535,app
S001802,product_detail,main_image,461,463,app
S001802,product_detail,size_chart,1015,728,app
S001802,product_detail,main_image,552,637,app
S001802,product_detail,reviews_tab,707,1291,app
S001802,product_detail,reviews_tab,622,1258,app
S001803,product_detail,main_image,213,411,app
S001805,product_detail,main_image,440,459,app
S001805,product_detail,size_chart,849,719,app
S001808,product_detail,size_chart,875,709,desktop
S001810,product_detail,main_image,523,704,mobile
S001810,product_detail,main_image,507,521,mobile
S001811,product_detail,detail_text,539,1379,desktop
S001811,product_detail,reviews_tab,444,1240,desktop
S001812,product_detail,main_image,409,717,mobile
S001812,product_detail,reviews_tab,540,1240,mobile
S001813,product_detail,add_to_cart,1105,910,app
S001813,product_detail,add_to_cart,1151,977,app
S001814,product_detail,reviews_tab,696,1241,mobile
S001814,product_detail,main_image,691,654,mobile
S001814,product_detail,size_chart,964,714,mobile
S001814,product_detail,reviews_tab,504,1253,mobile
S001814,product_detail,main_image,319,583,mobile
S001814,product_detail,main_image,270,355,mobile
S001814,product_detail,reviews_tab,910,1255,mobile
S001814,product_detail,reviews_tab,647,1240,mobile
S001814,product_detail,main_image,469,515,mobile
S001815,product_detail,main_image,635,571,mobile
S001816,product_detail,add_to_cart,1109,876,mobile
S001816,product_detail,main_image,425,427,mobile
S001817,product_detail,add_to_cart,1042,904,mobile
S001817,product_detail,size_chart,909,702,mobile
S001817,product_detail,main_image,477,512,mobile
S001819,product_detail,main_image,436,754,mobile
S001820,product_detail,add_to_cart,890,896,desktop
S001820,product_detail,add_to_cart,835,933,desktop
S001821,product_detail,main_image,451,170,desktop
S001821,product_detail,main_image,449,547,desktop
S001821,product_detail,add_to_cart,937,911,desktop
S001822,product_detail,detail_text,1279,1911,mobile
S001824,product_detail,size_chart,975,708,mobile
S001824,product_detail,add_to_cart,917,910,mobile
S001824,product_detail,main_image,268,437,mobile
S001826,product_detail,main_image,411,886,mobile
S001826,product_detail,wishlist,1196,896,mobile
S001828,product_detail,wishlist,1140,945,mobile
S001828,product_detail,main_image,500,563,mobile
S001828,product_detail,add_to_cart,876,913,mobile
S001829,product_detail,reviews_tab,487,1247,mobile
S001829,product_detail,add_to_cart,863,884,mobile
S001829,product_detail,add_to_cart,985,850,mobile
S001831,product_detail,add_to_cart,1041,893,desktop
S001832,product_detail,size_chart,896,700,desktop
S001832,product_detail,detail_text,200,1845,desktop
S001833,product_detail,main_image,412,389,mobile
S001833,product_detail,add_to_cart,1012,932,mobile
S001833,product_detail,main_image,463,573,mobile
S001833,product_detail,main_image,598,574,mobile
S001833,product_detail,main_image,365,512,mobile
S001834,product_detail,add_to_cart,851,902,mobile
S001834,product_detail,reviews_tab,729,1218,mobile
S001835,product_detail,main_image,281,563,mobile
S001836,product_detail,reviews_tab,616,1239,mobile
S001836,product_detail,reviews_tab,815,1260,mobile
S001836,product_detail,main_image,284,419,mobile
S001836,product_detail,main_image,323,782,mobile
S001836,product_detail,main_image,463,599,mobile
S001837,product_detail,reviews_tab,627,1254,mobile
S001837,product_detail,size_chart,959,667,mobile
S001838,product_detail,thumbnails,149,620,desktop
S001838,product_detail,main_image,339,450,desktop
S001838,product_detail,main_image,588,802,desktop
S001838,product_detail,detail_text,626,2254,desktop
S001839,product_detail,wishlist,1135,941,mobile
S001839,product_detail,wishlist,1093,915,mobile
S001839,product_detail,add_to_cart,994,894,mobile
S001839,product_detail,reviews_tab,785,1240,mobile
S001839,product_detail,main_image,463,969,mobile
S001839,product_detail,add_to_cart,833,920,mobile
S001840,product_detail,reviews_tab,446,1201,mobile
S001840,product_detail,add_to_cart,942,889,mobile
S001840,product_detail,reviews_tab,615,1279,mobile
S001840,product_detail,main_image,550,311,mobile
S001840,product_detail,size_chart,831,732,mobile
S001840,product_detail,reviews_tab,584,1248,mobile
S001841,product_detail,reviews_tab,617,1243,mobile
S001841,product_detail,main_image,514,458,mobile
S001842,product_detail,size_chart,853,701,app
S001842,product_detail,add_to_cart,1032,936,app
S001842,product_detail,wishlist,1174,924,app
S001842,product_detail,thumbnails,84,668,app
S001847,product_detail,main_image,520,362,app
S001847,product_detail,add_to_cart,799,963,app
S001849,product_detail,detail_text,493,1619,desktop
S001850,product_detail,wishlist,1137,908,app
S001850,product_detail,main_image,271,666,app
S001851,product_detail,main_image,706,671,app
S001851,product_detail,reviews_tab,521,1237,app
S001851,product_detail,main_image,309,320,app
S001852,product_detail,size_chart,924,740,app
S001852,product_detail,reviews_tab,1035,1236,app
S001853,product_detail,detail_text,31,1765,app
S001853,product_detail,main_image,614,129,app
S001853,product_detail,reviews_tab,462,1242,app
S001853,product_detail,add_to_cart,1120,909,app
S001853,product_detail,main_image,293,721,app
S001854,product_detail,detail_text,397,2119,desktop
S001855,product_detail,add_to_cart,905,901,mobile
S001855,product_detail,main_image,511,530,mobile
S001855,product_detail,wishlist,1124,948,mobile
S001856,product_detail,main_image,540,531,mobile
S001858,product_detail,main_image,282,668,mobile
S001858,product_detail,add_to_cart,1045,896,mobile
S001858,product_detail,main_image,427,218,mobile
S001859,product_detail,add_to_cart,1028,923,mobile
S001859,product_detail,main_image,468,660,mobile
S001860,product_detail,wishlist,1102,931,mobile
S001860,product_detail,main_image,167,587,mobile
S001860,product_detail,reviews_tab,532,1268,mobile
S001860,product_detail,reviews_tab,856,1241,mobile
S001860,product_detail,add_to_cart,787,933,mobile
S001860,product_detail,main_image,484,321,mobile
S001860,product_detail,reviews_tab,442,1255,mobile
S001861,product_detail,add_to_cart,854,957,mobile
S001862,product_detail,main_image,415,717,desktop
S001862,product_detail,reviews_tab,642,1244,desktop
S001862,product_detail,add_to_cart,1139,901,desktop
S001864,product_detail,main_image,292,450,mobile
S001864,product_detail,size_chart,910,683,mobile
S001865,product_detail,wishlist,1114,940,app
S001865,product_detail,size_chart,978,713,app
S001865,product_detail,reviews_tab,705,1269,app
S001866,product_detail,reviews_tab,478,1223,mobile
S001866,product_detail,detail_text,535,1670,mobile
S001866,product_detail,thumbnails,156,747,mobile
S001866,product_detail,thumbnails,189,1033,mobile
S001866,product_detail,add_to_cart,1178,852,mobile
S001866,product_detail,main_image,293,593,mobile
S001867,product_detail,main_image,577,526,mobile
S001867,product_detail,add_to_cart,1007,904,mobile
S001867,product_detail,main_image,567,272,mobile
S001868,product_detail,size_chart,859,653,mobile
S001868,product_detail,main_image,396,745,mobile
S001869,product_detail,main_image,500,452,mobile
S001870,product_detail,add_to_cart,993,905,mobile
S001870,product_detail,main_image,277,500,mobile
S001871,product_detail,reviews_tab,909,1285,desktop
S001872,product_detail,size_chart,853,661,app
S001872,product_detail,size_chart,784,710,app
S001873,product_detail,main_image,431,470,desktop
S001873,product_detail,reviews_tab,632,1268,desktop
S001874,product_detail,main_image,410,420,desktop
S001874,product_detail,main_image,418,694,desktop
S001875,product_detail,add_to_cart,1113,946,app
S001875,product_detail,size_chart,816,719,app
S001875,product_detail,add_to_cart,995,891,app
S001876,product_detail,main_image,444,157,mobile
S001876,product_detail,main_image,571,273,mobile
S001877,product_detail,reviews_tab,482,1263,app
S001877,product_detail,coupon_banner,186,208,app
S001877,product_detail,add_to_cart,1072,935,app
S001877,product_detail,main_image,497,289,app
S001877,product_detail,add_to_cart,885,932,app
S001878,product_detail,main_image,290,436,mobile
S001878,product_detail,main_image,395,301,mobile
S001878,product_detail,main_image,267,209,mobile
S001878,product_detail,add_to_cart,859,905,mobile
S001879,product_detail,reviews_tab,601,1264,desktop
S001880,product_detail,main_image,410,530,app
S001880,product_detail,size_chart,752,705,app
S001880,product_detail,reviews_tab,661,1271,app
S001880,product_detail,thumbnails,156,821,app
S001880,product_detail,reviews_tab,634,1287,app
S001881,product_detail,add_to_cart,857,891,app
S001881,product_detail,wishlist,1179,935,app
S001881,product_detail,main_image,499,753,app
S001881,product_detail,size_chart,804,694,app
S001881,product_detail,reviews_tab,798,1247,app
S001881,product_detail,reviews_tab,384,1245,app
S001881,product_detail,detail_text,1212,1770,app
S001881,product_detail,main_image,451,682,app
S001881,product_detail,size_chart,951,712,app
S001883,product_detail,thumbnails,230,902,mobile
S001883,product_detail,detail_text,737,1916,mobile
S001883,product_detail,reviews_tab,893,1247,mobile
S001883,product_detail,add_to_cart,1051,910,mobile
S001883,product_detail,main_image,315,520,mobile
S001883,product_detail,reviews_tab,601,1263,mobile
S001884,product_detail,add_to_cart,1077,927,app
S001884,product_detail,thumbnails,182,694,app
S001884,product_detail,main_image,486,249,app
S001884,product_detail,main_image,491,274,app
S001888,product_detail,add_to_cart,853,925,mobile
S001888,product_detail,wishlist,1142,911,mobile
S001890,product_detail,main_image,416,561,mobile
S001890,product_detail,wishlist,1159,927,mobile
S001890,product_detail,main_image,467,526,mobile
S001890,product_detail,detail_text,852,1588,mobile
S001891,product_detail,size_chart,883,690,app
S001892,product_detail,reviews_tab,683,1297,app
S001892,product_detail,reviews_tab,539,1251,app
S001892,product_detail,add_to_cart,885,927,app
S001896,product_detail,thumbnails,169,866,mobile
S001896,product_detail,main_image,361,348,mobile
S001896,product_detail,reviews_tab,957,1263,mobile
S001896,product_detail,add_to_cart,812,898,mobile
S001896,product_detail,detail_text,619,2031,mobile
S001896,product_detail,main_image,397,550,mobile
S001896,product_detail,main_image,412,791,mobile
S001899,product_detail,main_image,390,647,mobile
S001900,product_detail,reviews_tab,775,1265,mobile
S001900,product_detail,add_to_cart,884,923,mobile
S001900,product_detail,thumbnails,112,863,mobile
S001901,product_detail,reviews_tab,440,1254,desktop
S001901,product_detail,add_to_cart,1137,952,desktop
S001902,product_detail,main_image,497,448,desktop
S001903,product_detail,coupon_banner,397,194,desktop
S001903,product_detail,thumbnails,175,770,desktop
S001903,product_detail,reviews_tab,587,1280,desktop
S001903,product_detail,add_to_cart,1025,937,desktop
S001904,product_detail,size_chart,870,698,mobile
S001904,product_detail,main_image,566,84,mobile
S001905,product_detail,main_image,597,704,mobile
S001905,product_detail,size_chart,881,716,mobile
S001905,product_detail,add_to_cart,1002,905,mobile
S001906,product_detail,detail_text,1034,1850,mobile
S001907,product_detail,main_image,511,561,mobile
S001907,product_detail,size_chart,894,713,mobile
S001907,product_detail,main_image,501,602,mobile
S001909,product_detail,main_image,320,775,mobile
S001909,product_detail,main_image,361,509,mobile
S001910,product_detail,thumbnails,94,793,app
S001911,product_detail,add_to_cart,913,962,mobile
S001911,product_detail,size_chart,941,684,mobile
S001912,product_detail,main_image,415,537,mobile
S001912,product_detail,reviews_tab,563,1231,mobile
S001912,product_detail,add_to_cart,924,934,mobile
S001912,product_detail,detail_text,729,1877,mobile
S001913,product_detail,main_image,307,769,desktop
S001914,product_detail,reviews_tab,502,1255,mobile
S001914,product_detail,add_to_cart,1218,962,mobile
S001917,product_detail,main_image,594,568,mobile
S001917,product_detail,size_chart,873,697,mobile
S001917,product_detail,size_chart,843,708,mobile
S001917,product_detail,add_to_cart,963,949,mobile
S001917,product_detail,main_image,353,386,mobile
S001918,product_detail,add_to_cart,1038,905,mobile
S001919,product_detail,reviews_tab,391,1248,mobile
S001919,product_detail,main_image,276,449,mobile
S001920,product_detail,detail_text,251,1581,mobile
S001920,product_detail,main_image,310,561,mobile
S001920,product_detail,main_image,562,179,mobile
S001920,product_detail,wishlist,1117,889,mobile
S001920,product_detail,size_chart,1068,708,mobile
S001920,product_detail,add_to_cart,797,895,mobile
S001920,product_detail,add_to_cart,1172,945,mobile
S001923,product_detail,size_chart,928,708,app
S001923,product_detail,reviews_tab,572,1219,app
S001925,product_detail,add_to_cart,1011,941,mobile
S001925,product_detail,main_image,195,599,mobile
S001925,product_detail,reviews_tab,534,1258,mobile
S001926,product_detail,wishlist,1154,936,app
S001927,product_detail,main_image,168,708,app
S001927,product_detail,main_image,486,757,app
S001927,product_detail,main_image,260,515,app
S001927,product_detail,size_chart,902,683,app
S001927,product_detail,size_chart,897,671,app
S001927,product_detail,reviews_tab,710,1278,app
S001927,product_detail,wishlist,1143,915,app
S001927,product_detail,detail_text,454,2043,app
S001928,product_detail,main_image,460,735,app
S001929,product_detail,reviews_tab,746,1245,desktop
S001930,product_detail,reviews_tab,483,1265,mobile
S001931,product_detail,main_image,546,412,mobile
S001931,product_detail,reviews_tab,497,1207,mobile
S001932,product_detail,add_to_cart,1072,930,mobile
S001932,product_detail,size_chart,864,723,mobile
S001932,product_detail,reviews_tab,628,1282,mobile
S001933,product_detail,add_to_cart,1008,936,mobile
S001933,product_detail,main_image,528,583,mobile
S001934,product_detail,detail_text,733,1937,app
S001935,product_detail,thumbnails,108,530,mobile
S001935,product_detail,add_to_cart,1094,932,mobile
S001936,product_detail,detail_text,724,2266,mobile
S001939,product_detail,size_chart,857,685,app
S001939,product_detail,detail_text,851,1669,app
S001939,product_detail,wishlist,1140,914,app
S001940,product_detail,main_image,297,615,desktop
S001940,product_detail,reviews_tab,578,1207,desktop
S001940,product_detail,reviews_tab,780,1247,desktop
S001940,product_detail,detail_text,210,2279,desktop
S001945,product_detail,size_chart,843,699,desktop
S001945,product_detail,size_chart,983,723,desktop
S001945,product_detail,thumbnails,172,658,desktop
S001945,product_detail,add_to_cart,1192,947,desktop
S001945,product_detail,size_chart,944,709,desktop
S001945,product_detail,detail_text,905,2207,desktop
S001945,product_detail,size_chart,844,687,desktop
S001947,product_detail,size_chart,923,644,mobile
S001947,product_detail,main_image,372,613,mobile
S001947,product_detail,size_chart,997,705,mobile
S001947,product_detail,size_chart,852,696,mobile
S001947,product_detail,reviews_tab,416,1224,mobile
S001948,product_detail,thumbnails,162,787,app
S001948,product_detail,main_image,338,517,app
S001948,product_detail,main_image,371,569,app
S001948,product_detail,main_image,290,575,app
S001949,product_detail,size_chart,935,702,mobile
S001950,product_detail,reviews_tab,515,1246,mobile
S001950,product_detail,detail_text,459,1592,mobile
S001950,product_detail,size_chart,841,703,mobile
S001950,product_detail,thumbnails,159,816,mobile
S001950,product_detail,main_image,634,617,mobile
S001950,product_detail,reviews_tab,589,1247,mobile
S001951,product_detail,reviews_tab,576,1273,mobile
S001951,product_detail,size_chart,830,721,mobile
S001951,product_detail,thumbnails,80,744,mobile
S001952,product_detail,main_image,435,720,app
S001953,product_detail,add_to_cart,1001,912,desktop
S001954,product_detail,add_to_cart,1182,935,mobile
S001954,product_detail,size_chart,814,686,mobile
S001955,product_detail,main_image,500,553,desktop
S001955,product_detail,add_to_cart,841,931,desktop
S001955,product_detail,detail_text,850,2053,desktop
S001955,product_detail,detail_text,154,1237,desktop
S001955,product_detail,thumbnails,114,907,desktop
S001957,product_detail,main_image,275,458,desktop
S001957,product_detail,reviews_tab,383,1246,desktop
S001957,product_detail,main_image,379,412,desktop
S001958,product_detail,main_image,428,472,app
S001958,product_detail,main_image,339,686,app
S001958,product_detail,detail_text,594,1800,app
S001959,product_detail,size_chart,994,691,desktop
S001959,product_detail,add_to_cart,1200,933,desktop
S001959,product_detail,size_chart,915,716,desktop
S001959,product_detail,main_image,420,598,desktop
S001961,product_detail,add_to_cart,1075,928,app
S001961,product_detail,main_image,551,270,app
S001961,product_detail,reviews_tab,830,1238,app
S001962,product_detail,detail_text,630,2472,mobile
S001962,product_detail,size_chart,1033,707,mobile
S001963,product_detail,detail_text,427,1057,desktop
S001963,product_detail,main_image,231,708,desktop
S001964,product_detail,main_image,539,636,mobile
S001964,product_detail,main_image,361,349,mobile
S001964,product_detail,reviews_tab,746,1259,mobile
S001965,product_detail,add_to_cart,1155,899,app
S001965,product_detail,detail_text,133,1680,app
S001965,product_detail,size_chart,1015,704,app
S001965,product_detail,reviews_tab,608,1272,app
S001965,product_detail,size_chart,978,706,app
S001965,product_detail,size_chart,879,722,app
S001966,product_detail,detail_text,621,2208,desktop
S001966,product_detail,main_image,462,589,desktop
S001966,product_detail,main_image,477,401,desktop
S001966,product_detail,size_chart,883,699,desktop
S001966,product_detail,add_to_cart,1036,916,desktop
S001968,product_detail,coupon_banner,916,173,app
S001968,product_detail,size_chart,791,667,app
S001969,product_detail,main_image,335,503,desktop
S001969,product_detail,reviews_tab,655,1230,desktop
S001972,product_detail,coupon_banner,568,228,mobile
S001973,product_detail,main_image,384,578,app
S001975,product_detail,size_chart,841,711,app
S001975,product_detail,add_to_cart,998,891,app
S001977,product_detail,reviews_tab,834,1260,mobile
S001977,product_detail,size_chart,1009,720,mobile
S001978,product_detail,reviews_tab,556,1261,mobile
S001979,product_detail,add_to_cart,1152,894,app
S001979,product_detail,coupon_banner,896,159,app
S001979,product_detail,main_image,31,768,app
S001981,product_detail,main_image,305,225,mobile
S001981,product_detail,thumbnails,129,914,mobile
S001982,product_detail,add_to_cart,772,930,app
S001982,product_detail,main_image,330,572,app
S001983,product_detail,detail_text,289,2076,mobile
S001983,product_detail,wishlist,1158,909,mobile
S001984,product_detail,detail_text,862,2524,mobile
S001984,product_detail,add_to_cart,1055,912,mobile
S001984,product_detail,main_image,781,543,mobile
S001985,product_detail,thumbnails,129,741,mobile
S001985,product_detail,reviews_tab,460,1226,mobile
S001986,product_detail,detail_text,436,1877,app
S001987,product_detail,reviews_tab,706,1280,app
S001987,product_detail,main_image,192,583,app
S001987,product_detail,reviews_tab,751,1244,app
S001987,product_detail,add_to_cart,1118,917,app
S001988,product_detail,main_image,385,457,desktop
S001988,product_detail,add_to_cart,867,956,desktop
S001988,product_detail,reviews_tab,654,1286,desktop
S001989,product_detail,detail_text,930,1777,mobile
S001989,product_detail,reviews_tab,728,1241,mobile
S001990,product_detail,reviews_tab,689,1251,desktop
S001990,product_detail,size_chart,921,710,desktop
S001992,product_detail,detail_text,1107,1632,mobile
S001992,product_detail,add_to_cart,915,913,mobile
S001994,product_detail,reviews_tab,729,1256,mobile
S001994,product_detail,main_image,308,386,mobile
S001994,product_detail,add_to_cart,1100,947,mobile
S001995,product_detail,coupon_banner,705,169,mobile
S001996,product_detail,main_image,401,480,mobile
S001997,product_detail,detail_text,683,1148,mobile
S001997,product_detail,add_to_cart,982,917,mobile
S001997,product_detail,wishlist,1169,919,mobile
S001997,product_detail,size_chart,907,670,mobile
S001997,product_detail,add_to_cart,1038,950,mobile
S001997,product_detail,main_image,367,378,mobile
S001998,product_detail,detail_text,524,1699,app
S001999,product_detail,size_chart,844,662,mobile
S001999,product_detail,coupon_banner,249,192,mobile
S001999,product_detail,add_to_cart,1208,922,mobile
S002000,product_detail,thumbnails,116,925,app
S002001,product_detail,thumbnails,174,656,app
S002001,product_detail,detail_text,438,2382,app
S002001,product_detail,size_chart,926,694,app
S002001,product_detail,reviews_tab,563,1245,app
S002001,product_detail,main_image,457,639,app
S002001,product_detail,main_image,558,264,app
S002002,product_detail,main_image,412,577,app
S002004,product_detail,size_chart,961,705,mobile
S002004,product_detail,detail_text,362,1500,mobile
S002005,product_detail,reviews_tab,535,1216,mobile
S002007,product_detail,main_image,412,798,desktop
S002007,product_detail,detail_text,990,2062,desktop
S002007,product_detail,add_to_cart,784,897,desktop
S002007,product_detail,detail_text,816,2151,desktop
S002008,product_detail,thumbnails,149,484,app
S002009,product_detail,main_image,399,446,mobile
S002009,product_detail,main_image,323,698,mobile
S002009,product_detail,main_image,566,550,mobile
S002010,product_detail,detail_text,1104,1564,mobile
S002011,product_detail,reviews_tab,957,1274,mobile
S002011,product_detail,thumbnails,116,799,mobile
S002012,product_detail,add_to_cart,1145,905,mobile
S002012,product_detail,wishlist,1152,948,mobile
S002014,product_detail,main_image,524,438,mobile
S002014,product_detail,add_to_cart,972,919,mobile
S002014,product_detail,thumbnails,146,766,mobile
S002014,product_detail,size_chart,875,704,mobile
S002014,product_detail,main_image,536,578,mobile
S002015,product_detail,main_image,141,653,desktop
S002015,product_detail,reviews_tab,843,1250,desktop
S002015,product_detail,wishlist,1144,931,desktop
S002015,product_detail,main_image,394,578,desktop
S002015,product_detail,detail_text,453,2193,desktop
S002016,product_detail,main_image,340,694,mobile
S002016,product_detail,reviews_tab,844,1219,mobile
S002017,product_detail,size_chart,937,760,desktop
S002017,product_detail,size_chart,884,695,desktop
S002017,product_detail,thumbnails,143,708,desktop
S002017,product_detail,main_image,548,444,desktop
S002017,product_detail,reviews_tab,653,1271,desktop
S002017,product_detail,main_image,306,486,desktop
S002019,product_detail,add_to_cart,1244,948,desktop
S002019,product_detail,size_chart,803,700,desktop
S002019,product_detail,size_chart,921,699,desktop
S002019,product_detail,reviews_tab,842,1259,desktop
S002020,product_detail,coupon_banner,217,232,mobile
S002020,product_detail,main_image,554,303,mobile
S002021,product_detail,main_image,306,504,mobile
S002021,product_detail,add_to_cart,1083,923,mobile
S002022,product_detail,main_image,415,686,mobile
S002022,product_detail,reviews_tab,920,1258,mobile
S002024,product_detail,main_image,428,546,mobile
S002024,product_detail,main_image,548,852,mobile
S002024,product_detail,main_image,489,557,mobile
S002024,product_detail,main_image,375,372,mobile
S002024,product_detail,add_to_cart,1113,926,mobile
S002025,product_detail,main_image,521,358,mobile
S002025,product_detail,main_image,488,593,mobile
S002026,product_detail,main_image,526,755,app
S002026,product_detail,main_image,248,477,app
S002027,product_detail,thumbnails,249,802,mobile
S002027,product_detail,thumbnails,175,621,mobile
S002027,product_detail,coupon_banner,622,180,mobile
S002027,product_detail,main_image,435,270,mobile
S002029,product_detail,reviews_tab,642,1257,mobile
S002029,product_detail,size_chart,1061,702,mobile
S002030,product_detail,main_image,354,601,app
S002030,product_detail,main_image,398,624,app
S002031,product_detail,detail_text,925,1504,desktop
S002031,product_detail,reviews_tab,606,1261,desktop
S002031,product_detail,add_to_cart,999,892,desktop
S002031,product_detail,main_image,505,491,desktop
S002031,product_detail,coupon_banner,1252,224,desktop
S002031,product_detail,main_image,432,377,desktop
S002031,product_detail,reviews_tab,674,1260,desktop
S002033,product_detail,size_chart,897,704,app
S002033,product_detail,main_image,436,620,app
S002033,product_detail,thumbnails,183,610,app
S002033,product_detail,main_image,475,562,app
S002033,product_detail,add_to_cart,965,900,app
S002033,product_detail,main_image,448,490,app
S002033,product_detail,reviews_tab,537,1297,app
S002034,product_detail,reviews_tab,690,1239,app
S002035,product_detail,main_image,327,312,app
S002035,product_detail,main_image,495,477,app
S002035,product_detail,add_to_cart,1014,935,app
S002036,product_detail,main_image,463,816,mobile
S002036,product_detail,main_image,404,560,mobile
S002040,product_detail,reviews_tab,597,1227,mobile
S002040,product_detail,add_to_cart,1091,936,mobile
S002040,product_detail,size_chart,821,708,mobile
S002041,product_detail,main_image,305,331,desktop
S002041,product_detail,size_chart,879,686,desktop
S002041,product_detail,size_chart,963,709,desktop
S002041,product_detail,main_image,524,451,desktop
S002042,product_detail,add_to_cart,1036,965,app
S002042,product_detail,detail_text,495,2369,app
S002044,product_detail,add_to_cart,826,887,desktop
S002044,product_detail,coupon_banner,793,214,desktop
S002044,product_detail,add_to_cart,978,969,desktop
S002045,product_detail,size_chart,742,690,app
S002045,product_detail,size_chart,869,715,app
S002046,product_detail,detail_text,447,1704,mobile
S002046,product_detail,size_chart,935,714,mobile
S002046,product_detail,main_image,578,493,mobile
S002046,product_detail,size_chart,930,707,mobile
S002048,product_detail,add_to_cart,921,925,app
S002048,product_detail,detail_text,732,1633,app
S002049,product_detail,main_image,600,501,app
S002049,product_detail,thumbnails,183,766,app
S002049,product_detail,detail_text,652,2499,app
S002049,product_detail,add_to_cart,936,873,app
S002049,product_detail,reviews_tab,577,1263,app
S002049,product_detail,wishlist,1163,896,app
S002050,product_detail,main_image,356,591,mobile
S002051,product_detail,coupon_banner,595,217,desktop
S002051,product_detail,main_image,635,383,desktop
S002051,product_detail,size_chart,821,696,desktop
S002052,product_detail,size_chart,760,665,desktop
S002052,product_detail,wishlist,1142,895,desktop
S002052,product_detail,main_image,469,372,desktop
S002052,product_detail,size_chart,826,719,desktop
S002052,product_detail,thumbnails,141,587,desktop
S002053,product_detail,add_to_cart,1054,903,mobile
S002053,product_detail,main_image,384,266,mobile
S002054,product_detail,main_image,426,458,app
S002054,product_detail,main_image,347,715,app
S002055,product_detail,add_to_cart,980,911,desktop
S002056,product_detail,add_to_cart,989,909,mobile
S002057,product_detail,detail_text,401,2068,mobile
S002057,product_detail,size_chart,878,727,mobile
S002058,product_detail,main_image,514,528,app
S002058,product_detail,reviews_tab,578,1245,app
S002058,product_detail,add_to_cart,948,928,app
S002058,product_detail,main_image,543,339,app
S002061,product_detail,main_image,371,481,desktop
S002061,product_detail,detail_text,248,2199,desktop
S002063,product_detail,main_image,418,392,desktop
S002063,product_detail,add_to_cart,915,973,desktop
S002064,product_detail,main_image,340,322,mobile
S002064,product_detail,main_image,443,382,mobile
S002065,product_detail,size_chart,930,682,mobile
S002065,product_detail,main_image,603,431,mobile
S002065,product_detail,reviews_tab,419,1253,mobile
S002065,product_detail,main_image,516,439,mobile
S002066,product_detail,add_to_cart,1122,928,app
S002066,product_detail,add_to_cart,1040,923,app
S002069,product_detail,main_image,274,782,app
S002069,product_detail,wishlist,1142,924,app
S002069,product_detail,add_to_cart,1060,919,app
S002069,product_detail,reviews_tab,784,1283,app
S002070,product_detail,coupon_banner,1100,205,desktop
S002071,product_detail,main_image,459,680,app
S002071,product_detail,reviews_tab,672,1246,app
S002071,product_detail,add_to_cart,1128,906,app
S002071,product_detail,add_to_cart,885,920,app
S002072,product_detail,main_image,510,353,app
S002072,product_detail,add_to_cart,891,927,app
S002073,product_detail,reviews_tab,644,1250,desktop
S002073,product_detail,thumbnails,188,587,desktop
S002073,product_detail,main_image,518,486,desktop
S002073,product_detail,reviews_tab,631,1260,desktop
S002074,product_detail,coupon_banner,618,191,app
S002074,product_detail,reviews_tab,539,1277,app
S002074,product_detail,add_to_cart,959,941,app
S002076,product_detail,main_image,143,408,desktop
S002076,product_detail,reviews_tab,466,1251,desktop
S002077,product_detail,main_image,326,458,app
S002077,product_detail,reviews_tab,718,1254,app
S002077,product_detail,reviews_tab,658,1243,app
S002077,product_detail,main_image,243,680,app
S002079,product_detail,add_to_cart,1101,928,mobile
S002079,product_detail,detail_text,495,1374,mobile
S002080,product_detail,main_image,537,158,app
S002080,product_detail,size_chart,939,736,app
S002080,product_detail,size_chart,886,718,app
S002081,product_detail,reviews_tab,545,1227,desktop
S002082,product_detail,main_image,437,488,mobile
S002083,product_detail,add_to_cart,973,989,app
S002083,product_detail,main_image,314,682,app
S002083,product_detail,size_chart,858,702,app
S002084,product_detail,main_image,414,407,mobile
S002084,product_detail,main_image,541,510,mobile
S002084,product_detail,main_image,450,614,mobile
S002084,product_detail,main_image,548,595,mobile
S002084,product_detail,main_image,284,859,mobile
S002084,product_detail,reviews_tab,675,1223,mobile
S002084,product_detail,thumbnails,116,624,mobile
S002084,product_detail,add_to_cart,963,902,mobile
S002084,product_detail,size_chart,928,714,mobile
S002085,product_detail,thumbnails,145,826,desktop
S002085,product_detail,add_to_cart,1140,897,desktop
S002086,product_detail,reviews_tab,647,1232,mobile
S002086,product_detail,reviews_tab,828,1295,mobile
S002086,product_detail,size_chart,895,714,mobile
S002086,product_detail,detail_text,1025,1548,mobile
S002087,product_detail,reviews_tab,825,1250,mobile
S002087,product_detail,main_image,436,574,mobile
S002088,product_detail,size_chart,885,699,mobile
S002088,product_detail,reviews_tab,401,1220,mobile
S002088,product_detail,reviews_tab,642,1226,mobile
S002088,product_detail,add_to_cart,884,909,mobile
S002088,product_detail,detail_text,572,1385,mobile
S002090,product_detail,add_to_cart,873,936,app
S002090,product_detail,main_image,574,153,app
S002091,product_detail,main_image,617,372,desktop
S002091,product_detail,thumbnails,121,959,desktop
S002092,product_detail,main_image,435,296,desktop
S002092,product_detail,reviews_tab,651,1236,desktop
S002092,product_detail,reviews_tab,648,1281,desktop
S002092,product_detail,coupon_banner,407,221,desktop
S002092,product_detail,add_to_cart,1279,914,desktop
S002092,product_detail,main_image,524,403,desktop
S002093,product_detail,reviews_tab,435,1237,mobile
S002093,product_detail,main_image,540,601,mobile
S002093,product_detail,main_image,676,953,mobile
S002093,product_detail,add_to_cart,1151,906,mobile
S002094,product_detail,main_image,372,286,mobile
S002094,product_detail,thumbnails,100,706,mobile
S002094,product_detail,size_chart,979,689,mobile
S002094,product_detail,thumbnails,129,748,mobile
S002098,product_detail,main_image,582,380,mobile
S002099,product_detail,reviews_tab,735,1242,desktop
S002099,product_detail,main_image,474,352,desktop
S002099,product_detail,main_image,272,775,desktop
S002099,product_detail,reviews_tab,1010,1304,desktop
S002099,product_detail,main_image,164,557,desktop
S002099,product_detail,main_image,603,595,desktop
S002100,product_detail,size_chart,849,697,mobile
S002102,product_detail,main_image,298,436,mobile
S002102,product_detail,reviews_tab,635,1248,mobile
S002104,product_detail,main_image,338,540,mobile
S002104,product_detail,main_image,563,665,mobile
S002105,product_detail,main_image,329,387,mobile
S002105,product_detail,size_chart,953,706,mobile
S002105,product_detail,main_image,492,483,mobile
S002106,product_detail,main_image,365,634,app
S002106,product_detail,main_image,641,498,app
S002106,product_detail,main_image,444,481,app
S002107,product_detail,main_image,318,619,desktop
S002109,product_detail,reviews_tab,816,1251,app
S002109,product_detail,size_chart,880,706,app
S002110,product_detail,main_image,398,564,desktop
S002112,product_detail,add_to_cart,767,915,app
S002113,product_detail,main_image,370,416,mobile
S002113,product_detail,main_image,326,596,mobile
S002115,product_detail,thumbnails,110,570,mobile
S002116,product_detail,size_chart,880,695,desktop
S002116,product_detail,size_chart,971,704,desktop
S002116,product_detail,wishlist,1148,907,desktop
S002117,product_detail,reviews_tab,535,1237,desktop
S002118,product_detail,main_image,375,642,mobile
S002119,product_detail,reviews_tab,273,1261,app
S002119,product_detail,main_image,465,538,app
S002120,product_detail,size_chart,948,724,mobile
S002120,product_detail,size_chart,968,713,mobile
S002120,product_detail,add_to_cart,1086,876,mobile
S002122,product_detail,detail_text,624,977,mobile
S002125,product_detail,wishlist,1122,936,mobile
S002125,product_detail,reviews_tab,506,1262,mobile
S002126,product_detail,size_chart,764,682,app
S002127,product_detail,thumbnails,167,780,mobile
S002130,product_detail,detail_text,572,1963,mobile
S002131,product_detail,main_image,223,346,mobile
S002131,product_detail,size_chart,942,692,mobile
S002131,product_detail,main_image,298,615,mobile
S002131,product_detail,main_image,474,566,mobile
S002131,product_detail,coupon_banner,713,182,mobile
S002131,product_detail,main_image,624,516,mobile
S002131,product_detail,add_to_cart,1090,960,mobile
S002131,product_detail,add_to_cart,1240,912,mobile
S002131,product_detail,coupon_banner,176,157,mobile
S002132,product_detail,detail_text,695,1399,mobile
S002134,product_detail,thumbnails,59,536,app
S002134,product_detail,size_chart,922,689,app
S002134,product_detail,size_chart,732,735,app
S002134,product_detail,main_image,400,720,app
S002135,product_detail,size_chart,890,697,app
S002135,product_detail,main_image,526,664,app
S002135,product_detail,main_image,329,502,app
S002136,product_detail,main_image,501,445,desktop
S002136,product_detail,size_chart,759,669,desktop
S002136,product_detail,add_to_cart,981,953,desktop
S002136,product_detail,main_image,393,351,desktop
S002137,product_detail,main_image,652,635,mobile
S002137,product_detail,reviews_tab,531,1247,mobile
S002138,product_detail,wishlist,1150,929,desktop
S002138,product_detail,thumbnails,134,568,desktop
S002141,product_detail,main_image,466,527,mobile
S002141,product_detail,main_image,261,626,mobile
S002141,product_detail,main_image,299,781,mobile
S002141,product_detail,main_image,442,403,mobile
S002141,product_detail,main_image,337,303,mobile
S002141,product_detail,reviews_tab,939,1254,mobile
S002141,product_detail,reviews_tab,606,1239,mobile
S002141,product_detail,add_to_cart,1091,889,mobile
S002141,product_detail,size_chart,888,722,mobile
S002141,product_detail,thumbnails,187,800,mobile
S002141,product_detail,thumbnails,160,771,mobile
S002147,product_detail,thumbnails,175,849,mobile
S002150,product_detail,main_image,236,739,mobile
S002150,product_detail,add_to_cart,1279,892,mobile
S002151,product_detail,size_chart,985,693,mobile
S002152,product_detail,add_to_cart,1027,912,desktop
S002152,product_detail,wishlist,1127,946,desktop
S002156,product_detail,size_chart,909,709,desktop
S002156,product_detail,reviews_tab,550,1265,desktop
S002156,product_detail,main_image,714,565,desktop
S002156,product_detail,add_to_cart,1112,915,desktop
S002157,product_detail,main_image,376,646,mobile
S002157,product_detail,main_image,558,624,mobile
S002157,product_detail,thumbnails,163,738,mobile
S002157,product_detail,main_image,476,343,mobile
S002158,product_detail,wishlist,1149,910,mobile
S002158,product_detail,reviews_tab,586,1235,mobile
S002159,product_detail,add_to_cart,1257,935,mobile
S002159,product_detail,detail_text,339,1858,mobile
S002159,product_detail,coupon_banner,376,180,mobile
S002160,product_detail,main_image,372,774,desktop
S002161,product_detail,main_image,318,650,mobile
S002161,product_detail,detail_text,467,2176,mobile
S002162,product_detail,detail_text,190,2311,app
S002162,product_detail,add_to_cart,1265,921,app
S002162,product_detail,coupon_banner,729,243,app
S002163,product_detail,size_chart,878,699,mobile
S002163,product_detail,detail_text,587,2360,mobile
S002163,product_detail,add_to_cart,1233,888,mobile
S002163,product_detail,reviews_tab,548,1243,mobile
S002164,product_detail,main_image,484,645,desktop
S002164,product_detail,main_image,273,241,desktop
S002164,product_detail,thumbnails,122,738,desktop
S002165,product_detail,thumbnails,198,731,app
S002165,product_detail,size_chart,857,727,app
S002166,product_detail,size_chart,907,698,mobile
S002166,product_detail,main_image,330,398,mobile
S002167,product_detail,main_image,256,584,desktop
S002167,product_detail,coupon_banner,832,189,desktop
S002168,product_detail,main_image,394,506,app
S002168,product_detail,size_chart,906,716,app
S002168,product_detail,add_to_cart,863,894,app
S002169,product_detail,reviews_tab,588,1241,mobile
S002170,product_detail,add_to_cart,1066,913,app
S002170,product_detail,main_image,648,298,app
S002171,product_detail,reviews_tab,534,1237,app
S002171,product_detail,detail_text,557,2276,app
S002171,product_detail,wishlist,1144,913,app
S002173,product_detail,add_to_cart,1008,950,mobile
S002173,product_detail,size_chart,864,698,mobile
S002174,product_detail,main_image,469,689,app
S002175,product_detail,detail_text,839,2471,app
S002175,product_detail,wishlist,1161,905,app
S002176,product_detail,reviews_tab,430,1228,mobile
S002178,product_detail,main_image,539,573,mobile
S002178,product_detail,add_to_cart,1085,935,mobile
S002178,product_detail,size_chart,789,693,mobile
S002178,product_detail,size_chart,948,679,mobile
S002179,product_detail,size_chart,851,683,mobile
S002179,product_detail,reviews_tab,611,1233,mobile
S002179,product_detail,coupon_banner,655,188,mobile
S002181,product_detail,detail_text,231,2039,mobile
S002181,product_detail,detail_text,389,2060,mobile
S002181,product_detail,size_chart,869,701,mobile
S002181,product_detail,wishlist,1155,922,mobile
S002181,product_detail,size_chart,937,722,mobile
S002181,product_detail,reviews_tab,821,1229,mobile
S002181,product_detail,main_image,421,486,mobile
S002182,product_detail,reviews_tab,653,1237,mobile
S002182,product_detail,add_to_cart,1089,908,mobile
S002182,product_detail,reviews_tab,1091,1211,mobile
S002183,product_detail,add_to_cart,1008,871,app
S002184,product_detail,add_to_cart,1144,922,mobile
S002184,product_detail,main_image,335,332,mobile
S002184,product_detail,reviews_tab,339,1214,mobile
S002184,product_detail,size_chart,956,716,mobile
S002184,product_detail,main_image,437,367,mobile
S002184,product_detail,size_chart,762,692,mobile
S002184,product_detail,main_image,383,392,mobile
S002185,product_detail,main_image,300,466,mobile
S002185,product_detail,size_chart,901,703,mobile
S002185,product_detail,reviews_tab,929,1222,mobile
S002185,product_detail,reviews_tab,505,1244,mobile
S002185,product_detail,thumbnails,96,727,mobile
S002185,product_detail,size_chart,779,704,mobile
S002186,product_detail,main_image,559,453,mobile
S002186,product_detail,reviews_tab,588,1257,mobile
S002187,product_detail,add_to_cart,1196,910,app
S002187,product_detail,reviews_tab,591,1236,app
S002187,product_detail,detail_text,371,1689,app
S002188,product_detail,main_image,480,403,mobile
S002188,product_detail,main_image,360,607,mobile
S002188,product_detail,add_to_cart,936,897,mobile
S002188,product_detail,size_chart,791,662,mobile
S002189,product_detail,add_to_cart,1011,880,desktop
S002189,product_detail,size_chart,804,705,desktop
S002189,product_detail,size_chart,835,706,desktop
S002189,product_detail,add_to_cart,1063,925,desktop
S002189,product_detail,main_image,428,422,desktop
S002190,product_detail,reviews_tab,539,1263,desktop
S002190,product_detail,detail_text,543,1997,desktop
S002190,product_detail,main_image,617,649,desktop
S002190,product_detail,reviews_tab,609,1269,desktop
S002191,product_detail,reviews_tab,640,1271,app
S002191,product_detail,add_to_cart,1101,907,app
S002191,product_detail,main_image,525,530,app
S002192,product_detail,main_image,545,523,mobile
S002193,product_detail,reviews_tab,505,1262,desktop
S002194,product_detail,main_image,343,594,mobile
S002195,product_detail,add_to_cart,982,918,desktop
S002195,product_detail,detail_text,1001,2230,desktop
S002195,product_detail,main_image,342,754,desktop
S002195,product_detail,detail_text,725,1818,desktop
S002196,product_detail,add_to_cart,1146,951,app
S002196,product_detail,main_image,544,480,app
S002196,product_detail,add_to_cart,1156,913,app
S002196,product_detail,main_image,323,360,app
S002196,product_detail,main_image,563,440,app
S002198,product_detail,detail_text,135,1840,mobile
S002198,product_detail,add_to_cart,949,941,mobile
S002198,product_detail,add_to_cart,1036,932,mobile
S002199,product_detail,size_chart,934,706,app
S002200,product_detail,detail_text,645,2138,mobile
S002200,product_detail,detail_text,672,2055,mobile
S002201,product_detail,detail_text,152,1861,mobile
S002202,product_detail,main_image,497,593,app
S002202,product_detail,add_to_cart,1212,945,app
S002202,product_detail,thumbnails,195,929,app
S002203,product_detail,reviews_tab,320,1225,app
S002203,product_detail,size_chart,975,670,app
S002203,product_detail,detail_text,766,1863,app
S002203,product_detail,main_image,321,428,app
S002203,product_detail,reviews_tab,730,1251,app
S002203,product_detail,main_image,571,629,app
S002203,product_detail,add_to_cart,1085,907,app
S002205,product_detail,thumbnails,107,626,app
S002206,product_detail,size_chart,937,676,desktop
S002206,product_detail,add_to_cart,911,916,desktop
S002206,product_detail,add_to_cart,959,930,desktop
S002207,product_detail,main_image,375,685,desktop
S002208,product_detail,main_image,480,450,desktop
S002208,product_detail,main_image,334,825,desktop
S002209,product_detail,add_to_cart,1037,899,app
S002209,product_detail,main_image,352,463,app
S002209,product_detail,main_image,547,547,app
S002209,product_detail,main_image,612,802,app
S002209,product_detail,main_image,268,431,app
S002210,product_detail,main_image,460,561,desktop
S002210,product_detail,coupon_banner,603,187,desktop
S002210,product_detail,main_image,463,681,desktop
S002210,product_detail,size_chart,844,720,desktop
S002211,product_detail,reviews_tab,739,1290,mobile
S002211,product_detail,reviews_tab,483,1219,mobile
S002211,product_detail,reviews_tab,599,1235,mobile
S002211,product_detail,main_image,441,397,mobile
S002212,product_detail,add_to_cart,929,877,mobile
S002213,product_detail,add_to_cart,1157,873,app
S002213,product_detail,main_image,324,762,app
S002214,product_detail,detail_text,698,1817,mobile
S002215,product_detail,reviews_tab,587,1244,mobile
S002216,product_detail,reviews_tab,761,1227,app
S002217,product_detail,main_image,342,627,mobile
S002217,product_detail,add_to_cart,1241,940,mobile
S002217,product_detail,size_chart,921,695,mobile
S002217,product_detail,reviews_tab,730,1260,mobile
S002217,product_detail,detail_text,874,2505,mobile
S002218,product_detail,thumbnails,138,727,mobile
S002218,product_detail,main_image,509,494,mobile
S002219,product_detail,main_image,268,389,app
S002219,product_detail,main_image,378,381,app
S002220,product_detail,size_chart,943,664,mobile
S002220,product_detail,reviews_tab,480,1267,mobile
S002220,product_detail,detail_text,423,2313,mobile
S002221,product_detail,main_image,516,580,mobile
S002221,product_detail,add_to_cart,1067,918,mobile
S002223,product_detail,wishlist,1135,895,app
S002223,product_detail,thumbnails,153,736,app
S002224,product_detail,main_image,460,642,app
S002224,product_detail,add_to_cart,942,876,app
S002224,product_detail,main_image,296,363,app
S002224,product_detail,main_image,516,676,app
S002225,product_detail,reviews_tab,315,1255,mobile
S002225,product_detail,reviews_tab,708,1261,mobile
S002225,product_detail,main_image,250,480,mobile
S002226,product_detail,reviews_tab,623,1256,app
S002226,product_detail,thumbnails,175,885,app
S002226,product_detail,add_to_cart,1051,964,app
S002226,product_detail,main_image,500,581,app
S002227,product_detail,main_image,481,460,mobile
S002227,product_detail,main_image,236,443,mobile
S002228,product_detail,size_chart,906,671,app
S002228,product_detail,add_to_cart,933,891,app
S002229,product_detail,reviews_tab,422,1233,desktop
S002229,product_detail,main_image,324,337,desktop
S002230,product_detail,coupon_banner,1226,185,mobile
S002230,product_detail,add_to_cart,914,911,mobile
S002230,product_detail,add_to_cart,863,915,mobile
S002230,product_detail,main_image,429,313,mobile
S002231,product_detail,main_image,480,271,app
S002231,product_detail,reviews_tab,681,1273,app
S002231,product_detail,size_chart,811,672,app
S002232,product_detail,add_to_cart,1056,920,app
S002232,product_detail,main_image,354,448,app
S002233,product_detail,add_to_cart,1029,952,mobile
S002233,product_detail,size_chart,860,677,mobile
S002233,product_detail,detail_text,353,2245,mobile
S002234,product_detail,reviews_tab,669,1227,app
S002234,product_detail,size_chart,889,666,app
S002234,product_detail,add_to_cart,926,920,app
S002234,product_detail,reviews_tab,764,1223,app
S002236,product_detail,size_chart,869,714,mobile
S002237,product_detail,main_image,320,611,app
S002238,product_detail,main_image,510,302,mobile
S002238,product_detail,detail_text,498,1858,mobile
S002238,product_detail,add_to_cart,1112,907,mobile
S002238,product_detail,thumbnails,238,741,mobile
S002239,product_detail,reviews_tab,347,1262,desktop
S002241,product_detail,main_image,627,748,mobile
S002241,product_detail,add_to_cart,999,934,mobile
S002241,product_detail,reviews_tab,511,1285,mobile
S002241,product_detail,size_chart,933,648,mobile
S002241,product_detail,detail_text,191,1497,mobile
S002242,product_detail,add_to_cart,1144,874,desktop
S002243,product_detail,main_image,266,427,mobile
S002243,product_detail,size_chart,751,691,mobile
S002244,product_detail,detail_text,1079,1904,desktop
S002244,product_detail,main_image,405,568,desktop
S002244,product_detail,main_image,578,297,desktop
S002244,product_detail,size_chart,834,710,desktop
S002246,product_detail,main_image,574,619,desktop
S002247,product_detail,thumbnails,137,904,desktop
S002247,product_detail,main_image,406,327,desktop
S002247,product_detail,main_image,593,712,desktop
S002248,product_detail,detail_text,248,2057,app
S002248,product_detail,main_image,437,634,app
S002248,product_detail,reviews_tab,618,1269,app
S002248,product_detail,reviews_tab,543,1237,app
S002249,product_detail,reviews_tab,651,1228,desktop
S002250,product_detail,main_image,347,715,mobile
S002250,product_detail,main_image,599,476,mobile
S002250,product_detail,detail_text,377,1695,mobile
S002250,product_detail,thumbnails,170,891,mobile
S002252,product_detail,size_chart,969,718,mobile
S002252,product_detail,reviews_tab,838,1235,mobile
S002252,product_detail,reviews_tab,695,1243,mobile
S002252,product_detail,reviews_tab,652,1271,mobile
S002253,product_detail,size_chart,987,715,desktop
S002253,product_detail,main_image,558,401,desktop
S002254,product_detail,main_image,346,190,app
S002254,product_detail,coupon_banner,820,181,app
S002254,product_detail,wishlist,1151,930,app
S002254,product_detail,main_image,415,708,app
S002254,product_detail,main_image,435,498,app
S002255,product_detail,reviews_tab,579,1274,mobile
S002255,product_detail,main_image,407,536,mobile
S002255,product_detail,size_chart,896,692,mobile
S002256,product_detail,wishlist,1129,902,app
S002256,product_detail,size_chart,864,675,app
S002257,product_detail,add_to_cart,1063,908,mobile
S002257,product_detail,reviews_tab,472,1247,mobile
S002258,product_detail,coupon_banner,0,161,desktop
S002258,product_detail,wishlist,1137,925,desktop
S002258,product_detail,main_image,379,267,desktop
S002259,product_detail,reviews_tab,863,1268,mobile
S002259,product_detail,size_chart,912,727,mobile
S002259,product_detail,reviews_tab,800,1266,mobile
S002261,product_detail,coupon_banner,289,211,mobile
S002262,product_detail,reviews_tab,775,1271,app
S002263,product_detail,thumbnails,256,700,app
S002264,product_detail,reviews_tab,423,1255,mobile
S002264,product_detail,add_to_cart,950,905,mobile
S002264,product_detail,reviews_tab,546,1255,mobile
S002264,product_detail,main_image,460,436,mobile
S002265,product_detail,detail_text,589,2184,app
S002265,product_detail,coupon_banner,957,205,app
S002265,product_detail,main_image,260,502,app
S002266,product_detail,coupon_banner,527,179,mobile
S002266,product_detail,main_image,319,167,mobile
S002266,product_detail,size_chart,871,686,mobile
S002266,product_detail,detail_text,402,2222,mobile
S002268,product_detail,coupon_banner,377,179,app
S002268,product_detail,size_chart,891,690,app
S002270,product_detail,wishlist,1155,927,app
S002270,product_detail,add_to_cart,955,954,app
S002270,product_detail,main_image,387,525,app
S002270,product_detail,add_to_cart,878,931,app
S002271,product_detail,add_to_cart,1137,901,desktop
S002271,product_detail,main_image,458,463,desktop
S002272,product_detail,thumbnails,94,658,app
S002272,product_detail,size_chart,991,698,app
S002272,product_detail,main_image,396,825,app
S002274,product_detail,detail_text,1236,1879,mobile
S002274,product_detail,main_image,322,583,mobile
S002274,product_detail,main_image,530,574,mobile
S002274,product_detail,main_image,249,392,mobile
S002274,product_detail,wishlist,1177,937,mobile
S002276,product_detail,coupon_banner,259,222,app
S002276,product_detail,reviews_tab,851,1273,app
S002276,product_detail,main_image,550,549,app
S002277,product_detail,reviews_tab,767,1219,desktop
S002277,product_detail,main_image,362,436,desktop
S002279,product_detail,main_image,346,418,mobile
S002279,product_detail,size_chart,804,692,mobile
S002280,product_detail,size_chart,811,712,app
S002280,product_detail,wishlist,1117,929,app
S002282,product_detail,size_chart,963,681,app
S002282,product_detail,main_image,211,419,app
S002283,product_detail,reviews_tab,736,1225,mobile
S002285,product_detail,size_chart,833,688,desktop
S002286,product_detail,main_image,483,735,mobile
S002286,product_detail,detail_text,405,1774,mobile
S002286,product_detail,thumbnails,191,757,mobile
S002286,product_detail,add_to_cart,1153,909,mobile
S002286,product_detail,wishlist,1152,914,mobile
S002286,product_detail,add_to_cart,1097,912,mobile
S002286,product_detail,thumbnails,188,643,mobile
S002287,product_detail,main_image,547,1018,app
S002290,product_detail,thumbnails,243,608,mobile
S002291,product_detail,main_image,134,186,mobile
S002291,product_detail,main_image,508,351,mobile
S002292,product_detail,coupon_banner,682,265,app
S002292,product_detail,main_image,393,372,app
S002293,product_detail,size_chart,838,688,desktop
S002293,product_detail,size_chart,881,725,desktop
S002293,product_detail,main_image,435,249,desktop
S002295,product_detail,wishlist,1144,892,app
S002295,product_detail,main_image,410,344,app
S002295,product_detail,size_chart,899,705,app
S002295,product_detail,size_chart,985,674,app
S002295,product_detail,main_image,422,500,app
S002295,product_detail,detail_text,48,1550,app
S002295,product_detail,thumbnails,132,826,app
S002296,product_detail,size_chart,983,709,mobile
S002296,product_detail,size_chart,1103,685,mobile
S002297,product_detail,add_to_cart,958,901,app
S002297,product_detail,add_to_cart,1064,937,app
S002297,product_detail,add_to_cart,1065,938,app
S002297,product_detail,main_image,190,1032,app
S002298,product_detail,size_chart,1032,707,mobile
S002298,product_detail,reviews_tab,712,1246,mobile
S002298,product_detail,detail_text,388,1735,mobile
S002298,product_detail,main_image,472,638,mobile
S002298,product_detail,reviews_tab,555,1276,mobile
S002301,product_detail,add_to_cart,1008,941,app
S002301,product_detail,main_image,556,327,app
S002301,product_detail,add_to_cart,1010,903,app
S002301,product_detail,reviews_tab,311,1243,app
S002302,product_detail,main_image,253,567,app
S002303,product_detail,wishlist,1136,914,mobile
S002303,product_detail,reviews_tab,916,1255,mobile
S002304,product_detail,main_image,424,688,mobile
S002304,product_detail,main_image,585,523,mobile
S002304,product_detail,add_to_cart,971,917,mobile
S002304,product_detail,wishlist,1104,892,mobile
S002304,product_detail,main_image,394,410,mobile
S002304,product_detail,main_image,246,329,mobile
S002304,product_detail,size_chart,979,729,mobile
S002304,product_detail,add_to_cart,1024,935,mobile
S002305,product_detail,main_image,332,542,mobile
S002306,product_detail,main_image,501,456,mobile
S002308,product_detail,add_to_cart,785,902,app
S002308,product_detail,reviews_tab,539,1237,app
S002309,product_detail,add_to_cart,1092,933,app
S002311,product_detail,thumbnails,168,862,app
S002311,product_detail,detail_text,558,1552,app
S002311,product_detail,add_to_cart,1074,925,app
S002312,product_detail,main_image,278,597,app
S002313,product_detail,reviews_tab,635,1227,desktop
S002313,product_detail,detail_text,865,1826,desktop
S002313,product_detail,reviews_tab,598,1282,desktop
S002313,product_detail,main_image,285,604,desktop
S002314,product_detail,wishlist,1128,952,app
S002315,product_detail,wishlist,1114,929,desktop
S002315,product_detail,main_image,155,317,desktop
S002315,product_detail,add_to_cart,919,920,desktop
S002316,product_detail,main_image,284,504,desktop
S002317,product_detail,wishlist,1039,934,mobile
S002317,product_detail,add_to_cart,1113,928,mobile
S002317,product_detail,reviews_tab,480,1254,mobile
S002318,product_detail,add_to_cart,1047,894,mobile
S002318,product_detail,main_image,399,383,mobile
S002318,product_detail,add_to_cart,1122,896,mobile
S002319,product_detail,coupon_banner,241,217,mobile
S002319,product_detail,main_image,507,130,mobile
S002319,product_detail,main_image,332,607,mobile
S002320,product_detail,size_chart,949,692,app
S002321,product_detail,reviews_tab,749,1255,desktop
S002321,product_detail,main_image,253,400,desktop
S002321,product_detail,main_image,493,536,desktop
S002322,product_detail,main_image,545,685,app
S002322,product_detail,size_chart,939,726,app
S002323,product_detail,main_image,401,573,mobile
S002324,product_detail,main_image,413,395,mobile
S002325,product_detail,wishlist,1148,915,app
S002326,product_detail,size_chart,906,640,mobile
S002326,product_detail,thumbnails,169,720,mobile
S002327,product_detail,main_image,713,554,desktop
S002328,product_detail,reviews_tab,677,1239,mobile
S002328,product_detail,reviews_tab,538,1273,mobile
S002328,product_detail,detail_text,134,1643,mobile
S002331,product_detail,size_chart,835,703,mobile
S002331,product_detail,main_image,488,674,mobile
S002331,product_detail,size_chart,927,680,mobile
S002332,product_detail,add_to_cart,1136,924,mobile
S002332,product_detail,add_to_cart,1068,882,mobile
S002332,product_detail,main_image,104,379,mobile
S002333,product_detail,detail_text,276,2241,mobile
S002333,product_detail,size_chart,799,700,mobile
S002333,product_detail,reviews_tab,453,1219,mobile
S002333,product_detail,size_chart,897,723,mobile
S002333,product_detail,add_to_cart,984,887,mobile
S002333,product_detail,main_image,463,431,mobile
S002333,product_detail,add_to_cart,1017,909,mobile
S002334,product_detail,reviews_tab,670,1230,desktop
S002334,product_detail,main_image,294,618,desktop
S002334,product_detail,add_to_cart,943,921,desktop
S002335,product_detail,thumbnails,124,602,mobile
S002335,product_detail,detail_text,330,1787,mobile
S002336,product_detail,add_to_cart,906,906,mobile
S002336,product_detail,coupon_banner,949,213,mobile
S002336,product_detail,reviews_tab,621,1279,mobile
S002336,product_detail,size_chart,820,710,mobile
S002337,product_detail,add_to_cart,1057,887,mobile
S002337,product_detail,main_image,533,360,mobile
S002337,product_detail,thumbnails,115,745,mobile
S002337,product_detail,add_to_cart,974,919,mobile
S002337,product_detail,main_image,466,507,mobile
S002337,product_detail,coupon_banner,775,207,mobile
S002338,product_detail,main_image,328,471,mobile
S002338,product_detail,main_image,309,423,mobile
S002340,product_detail,reviews_tab,387,1232,desktop
S002340,product_detail,main_image,327,558,desktop
S002340,product_detail,size_chart,860,694,desktop
S002340,product_detail,main_image,90,587,desktop
S002341,product_detail,reviews_tab,548,1270,mobile
S002341,product_detail,add_to_cart,1094,930,mobile
S002342,product_detail,add_to_cart,1095,960,app
S002342,product_detail,main_image,302,733,app
S002342,product_detail,reviews_tab,554,1244,app
S002343,product_detail,detail_text,64,1382,desktop
S002343,product_detail,main_image,264,495,desktop
S002343,product_detail,main_image,534,441,desktop
S002343,product_detail,main_image,574,799,desktop
S002343,product_detail,size_chart,821,699,desktop
S002344,product_detail,main_image,381,465,app
S002345,product_detail,size_chart,828,670,app
S002345,product_detail,reviews_tab,502,1237,app
S002345,product_detail,main_image,356,707,app
S002345,product_detail,main_image,373,681,app
S002345,product_detail,main_image,505,753,app
S002346,product_detail,coupon_banner,940,164,app
S002346,product_detail,add_to_cart,1076,931,app
S002346,product_detail,coupon_banner,350,209,app
S002346,product_detail,reviews_tab,622,1234,app
S002346,product_detail,reviews_tab,492,1219,app
S002347,product_detail,add_to_cart,997,893,mobile
S002348,product_detail,main_image,279,440,app
S002348,product_detail,main_image,611,351,app
S002348,product_detail,main_image,103,497,app
S002350,product_detail,size_chart,891,696,mobile
S002350,product_detail,main_image,555,728,mobile
S002350,product_detail,reviews_tab,581,1254,mobile
S002350,product_detail,size_chart,845,679,mobile
S002351,product_detail,main_image,420,575,mobile
S002351,product_detail,detail_text,166,1449,mobile
S002352,product_detail,coupon_banner,239,208,desktop
S002352,product_detail,main_image,600,334,desktop
S002352,product_detail,main_image,280,560,desktop
S002352,product_detail,main_image,703,401,desktop
S002353,product_detail,wishlist,1109,901,mobile
S002353,product_detail,main_image,419,546,mobile
S002353,product_detail,size_chart,970,684,mobile
S002354,product_detail,add_to_cart,1142,953,desktop
S002354,product_detail,add_to_cart,1061,909,desktop
S002354,product_detail,main_image,611,658,desktop
S002354,product_detail,size_chart,939,702,desktop
S002355,product_detail,thumbnails,221,880,mobile
S002355,product_detail,size_chart,984,676,mobile
S002355,product_detail,thumbnails,119,961,mobile
S002355,product_detail,thumbnails,182,604,mobile
S002356,product_detail,wishlist,1145,945,desktop
S002356,product_detail,main_image,245,642,desktop
S002356,product_detail,reviews_tab,588,1242,desktop
S002356,product_detail,wishlist,1191,921,desktop
S002356,product_detail,wishlist,1095,926,desktop
S002357,product_detail,add_to_cart,989,882,mobile
S002358,product_detail,main_image,450,201,desktop
S002358,product_detail,add_to_cart,945,918,desktop
S002359,product_detail,main_image,418,678,app
S002361,product_detail,size_chart,955,685,app
S002361,product_detail,reviews_tab,506,1236,app
S002361,product_detail,main_image,604,535,app
S002361,product_detail,reviews_tab,586,1241,app
S002361,product_detail,coupon_banner,666,179,app
S002362,product_detail,detail_text,587,1308,mobile
S002363,product_detail,detail_text,348,2226,mobile
S002363,product_detail,wishlist,1172,941,mobile
S002363,product_detail,reviews_tab,375,1221,mobile
S002363,product_detail,coupon_banner,343,172,mobile
S002364,product_detail,add_to_cart,1086,944,mobile
S002366,product_detail,reviews_tab,731,1259,mobile
S002367,product_detail,reviews_tab,429,1257,app
S002367,product_detail,main_image,283,618,app
S002367,product_detail,add_to_cart,1012,957,app
S002367,product_detail,add_to_cart,1030,903,app
S002367,product_detail,detail_text,180,1723,app
S002368,product_detail,detail_text,0,2111,app
S002368,product_detail,thumbnails,160,660,app
S002368,product_detail,main_image,333,338,app
S002368,product_detail,add_to_cart,1138,906,app
S002369,product_detail,coupon_banner,852,203,app
S002370,product_detail,detail_text,478,1742,mobile
S002370,product_detail,thumbnails,203,797,mobile
S002371,product_detail,size_chart,941,691,app
S002371,product_detail,add_to_cart,1023,893,app
S002371,product_detail,wishlist,1141,953,app
S002372,product_detail,coupon_banner,407,227,app
S002372,product_detail,main_image,566,429,app
S002372,product_detail,main_image,428,686,app
S002372,product_detail,size_chart,767,726,app
S002372,product_detail,size_chart,968,709,app
S002372,product_detail,main_image,461,547,app
S002372,product_detail,main_image,251,693,app
S002372,product_detail,size_chart,980,690,app
S002374,product_detail,main_image,524,609,app
S002374,product_detail,reviews_tab,481,1249,app
S002374,product_detail,main_image,405,456,app
S002374,product_detail,size_chart,895,698,app
S002375,product_detail,coupon_banner,939,204,mobile
S002375,product_detail,add_to_cart,1012,886,mobile
S002376,product_detail,reviews_tab,722,1270,mobile
S002377,product_detail,size_chart,901,727,mobile
S002377,product_detail,main_image,295,847,mobile
S002378,product_detail,add_to_cart,1002,930,desktop
S002378,product_detail,main_image,320,699,desktop
S002378,product_detail,size_chart,787,695,desktop
S002379,product_detail,main_image,434,414,mobile
S002379,product_detail,reviews_tab,702,1242,mobile
S002379,product_detail,add_to_cart,795,944,mobile
S002379,product_detail,detail_text,236,1540,mobile
S002379,product_detail,detail_text,362,1644,mobile
S002380,product_detail,reviews_tab,502,1246,desktop
S002380,product_detail,main_image,456,525,desktop
S002380,product_detail,thumbnails,149,945,desktop
S002380,product_detail,detail_text,253,1961,desktop
S002381,product_detail,reviews_tab,789,1248,app
S002381,product_detail,main_image,301,424,app
S002381,product_detail,thumbnails,121,990,app
S002381,product_detail,add_to_cart,888,892,app
S002381,product_detail,reviews_tab,528,1226,app
S002381,product_detail,reviews_tab,779,1272,app
S002382,product_detail,add_to_cart,745,932,app
S002382,product_detail,add_to_cart,1058,964,app
S002382,product_detail,thumbnails,163,717,app
S002385,product_detail,reviews_tab,617,1228,desktop
S002385,product_detail,add_to_cart,973,906,desktop
S002385,product_detail,main_image,277,727,desktop
S002386,product_detail,thumbnails,202,831,mobile
S002386,product_detail,thumbnails,40,526,mobile
S002386,product_detail,main_image,272,667,mobile
S002386,product_detail,add_to_cart,1101,900,mobile
S002387,product_detail,main_image,269,378,app
S002387,product_detail,main_image,274,559,app
S002387,product_detail,coupon_banner,426,245,app
S002389,product_detail,main_image,574,712,desktop
S002389,product_detail,detail_text,1155,2047,desktop
S002391,product_detail,add_to_cart,932,913,mobile
S002391,product_detail,add_to_cart,1207,973,mobile
S002391,product_detail,reviews_tab,492,1274,mobile
S002391,product_detail,main_image,212,689,mobile
S002391,product_detail,main_image,439,676,mobile
S002392,product_detail,reviews_tab,847,1268,mobile
S002392,product_detail,add_to_cart,1117,947,mobile
S002392,product_detail,add_to_cart,1071,901,mobile
S002393,product_detail,detail_text,416,1683,mobile
S002393,product_detail,add_to_cart,944,922,mobile
S002393,product_detail,main_image,192,509,mobile
S002393,product_detail,thumbnails,244,727,mobile
S002393,product_detail,size_chart,843,687,mobile
S002394,product_detail,main_image,219,397,mobile
S002395,product_detail,size_chart,872,716,app
S002395,product_detail,thumbnails,186,907,app
S002397,product_detail,add_to_cart,996,913,desktop
S002397,product_detail,main_image,249,786,desktop
S002399,product_detail,detail_text,936,2235,mobile
S002399,product_detail,main_image,439,581,mobile
S002399,product_detail,wishlist,1110,916,mobile
S002399,product_detail,wishlist,1160,917,mobile
S002399,product_detail,wishlist,1131,898,mobile
S002399,product_detail,reviews_tab,513,1208,mobile
S002399,product_detail,main_image,397,633,mobile
S002399,product_detail,wishlist,1137,916,mobile
S002402,product_detail,thumbnails,50,770,app
S002403,product_detail,detail_text,283,1726,app
S002403,product_detail,main_image,228,569,app
S002403,product_detail,reviews_tab,694,1276,app
S002403,product_detail,size_chart,885,716,app
S002403,product_detail,add_to_cart,979,924,app
S002403,product_detail,add_to_cart,976,911,app
S002403,product_detail,detail_text,738,2114,app
S002404,product_detail,add_to_cart,1097,923,app
S002404,product_detail,main_image,393,592,app
S002405,product_detail,reviews_tab,876,1244,mobile
S002405,product_detail,reviews_tab,607,1264,mobile
S002405,product_detail,thumbnails,142,971,mobile
S002405,product_detail,detail_text,449,2052,mobile
S002405,product_detail,main_image,356,348,mobile
S002405,product_detail,reviews_tab,520,1252,mobile
S002405,product_detail,add_to_cart,1025,914,mobile
S002407,product_detail,add_to_cart,1251,936,mobile
S002407,product_detail,main_image,575,312,mobile
S002410,product_detail,size_chart,830,727,mobile
S002410,product_detail,size_chart,1025,666,mobile
S002412,product_detail,main_image,452,240,app
S002412,product_detail,reviews_tab,804,1261,app
S002412,product_detail,size_chart,944,717,app
S002412,product_detail,main_image,629,388,app
S002412,product_detail,wishlist,1182,925,app
S002412,product_detail,main_image,547,548,app
S002412,product_detail,wishlist,1141,935,app
S002412,product_detail,add_to_cart,968,915,app
S002412,product_detail,coupon_banner,365,215,app
S002414,product_detail,thumbnails,96,643,mobile
S002414,product_detail,add_to_cart,762,899,mobile
S002414,product_detail,wishlist,1165,916,mobile
S002414,product_detail,main_image,250,285,mobile
S002414,product_detail,main_image,567,676,mobile
S002415,product_detail,main_image,379,432,mobile
S002415,product_detail,add_to_cart,1074,892,mobile
S002418,product_detail,size_chart,913,673,mobile
S002418,product_detail,main_image,202,525,mobile
S002418,product_detail,add_to_cart,1027,928,mobile
S002418,product_detail,add_to_cart,998,923,mobile
S002418,product_detail,main_image,392,485,mobile
S002418,product_detail,main_image,383,715,mobile
S002418,product_detail,detail_text,630,1969,mobile
S002418,product_detail,main_image,577,372,mobile
S002418,product_detail,main_image,228,224,mobile
S002418,product_detail,size_chart,953,680,mobile
S002418,product_detail,add_to_cart,1024,905,mobile
S002419,product_detail,thumbnails,136,786,mobile
S002419,product_detail,main_image,339,716,mobile
S002419,product_detail,size_chart,878,702,mobile
S002420,product_detail,main_image,419,608,desktop
S002420,product_detail,add_to_cart,915,919,desktop
S002420,product_detail,main_image,590,715,desktop
S002420,product_detail,main_image,350,575,desktop
S002422,product_detail,main_image,457,704,mobile
S002423,product_detail,reviews_tab,540,1272,mobile
S002423,product_detail,size_chart,937,715,mobile
S002424,product_detail,main_image,407,763,mobile
S002424,product_detail,reviews_tab,901,1241,mobile
S002425,product_detail,size_chart,902,719,desktop
S002425,product_detail,add_to_cart,845,933,desktop
S002426,product_detail,reviews_tab,675,1245,app
S002426,product_detail,main_image,245,515,app
S002426,product_detail,size_chart,781,709,app
S002426,product_detail,add_to_cart,912,950,app
S002426,product_detail,reviews_tab,796,1251,app
S002429,product_detail,reviews_tab,511,1238,desktop
S002431,product_detail,size_chart,884,717,mobile
S002432,product_detail,coupon_banner,926,210,desktop
S002432,product_detail,main_image,432,629,desktop
S002433,product_detail,add_to_cart,941,913,app
S002433,product_detail,add_to_cart,1064,892,app
S002433,product_detail,reviews_tab,843,1236,app
S002434,product_detail,add_to_cart,732,908,mobile
S002435,product_detail,size_chart,871,697,mobile
S002436,product_detail,main_image,377,469,app
S002439,product_detail,thumbnails,158,857,mobile
S002442,product_detail,wishlist,1170,883,mobile
S002443,product_detail,coupon_banner,436,156,mobile
S002443,product_detail,size_chart,925,679,mobile
S002444,product_detail,add_to_cart,1012,944,mobile
S002444,product_detail,main_image,402,522,mobile
S002444,product_detail,main_image,218,311,mobile
S002444,product_detail,main_image,370,561,mobile
S002444,product_detail,main_image,321,406,mobile
S002445,product_detail,wishlist,1143,898,desktop
S002445,product_detail,add_to_cart,927,936,desktop
S002447,product_detail,reviews_tab,486,1259,app
S002447,product_detail,reviews_tab,621,1202,app
S002447,product_detail,thumbnails,94,1011,app
S002448,product_detail,size_chart,946,679,app
S002448,product_detail,reviews_tab,791,1234,app
S002448,product_detail,add_to_cart,994,953,app
S002449,product_detail,main_image,329,502,mobile
S002450,product_detail,reviews_tab,656,1282,mobile
S002450,product_detail,main_image,195,676,mobile
S002452,product_detail,add_to_cart,988,928,mobile
S002454,product_detail,size_chart,879,705,app
S002455,product_detail,add_to_cart,1260,920,mobile
S002456,product_detail,main_image,588,784,desktop
S002456,product_detail,size_chart,902,702,desktop
S002457,product_detail,add_to_cart,1052,942,desktop
S002457,product_detail,thumbnails,221,786,desktop
S002457,product_detail,main_image,267,354,desktop
S002458,product_detail,add_to_cart,1131,918,mobile
S002458,product_detail,size_chart,827,700,mobile
S002458,product_detail,reviews_tab,561,1257,mobile
S002458,product_detail,wishlist,1142,924,mobile
S002458,product_detail,add_to_cart,1056,921,mobile
S002460,product_detail,thumbnails,145,933,desktop
S002461,product_detail,main_image,483,928,app
S002461,product_detail,detail_text,836,1748,app
S002461,product_detail,reviews_tab,625,1270,app
S002461,product_detail,main_image,311,654,app
S002462,product_detail,add_to_cart,1039,922,mobile
S002462,product_detail,coupon_banner,0,210,mobile
S002463,product_detail,add_to_cart,909,946,mobile
S002463,product_detail,main_image,482,514,mobile
S002464,product_detail,wishlist,1141,903,app
S002464,product_detail,coupon_banner,607,231,app
S002464,product_detail,add_to_cart,968,937,app
S002464,product_detail,coupon_banner,661,169,app
S002464,product_detail,detail_text,447,2062,app
S002464,product_detail,main_image,494,320,app
S002464,product_detail,add_to_cart,1044,903,app
S002464,product_detail,add_to_cart,1033,936,app
S002464,product_detail,thumbnails,99,865,app
S002466,product_detail,reviews_tab,554,1259,desktop
S002466,product_detail,add_to_cart,963,887,desktop
S002466,product_detail,wishlist,1168,946,desktop
S002466,product_detail,reviews_tab,787,1237,desktop
S002466,product_detail,main_image,703,394,desktop
S002467,product_detail,reviews_tab,802,1242,desktop
S002468,product_detail,coupon_banner,1099,223,desktop
S002468,product_detail,coupon_banner,1189,201,desktop
S002468,product_detail,add_to_cart,990,880,desktop
S002468,product_detail,size_chart,875,721,desktop
S002468,product_detail,coupon_banner,805,201,desktop
S002468,product_detail,main_image,425,484,desktop
S002470,product_detail,main_image,536,471,mobile
S002470,product_detail,main_image,493,186,mobile
S002470,product_detail,reviews_tab,470,1232,mobile
S002470,product_detail,size_chart,889,694,mobile
S002471,product_detail,add_to_cart,1147,959,desktop
S002471,product_detail,add_to_cart,1144,923,desktop
S002472,product_detail,main_image,491,415,mobile
S002472,product_detail,wishlist,1172,928,mobile
S002472,product_detail,main_image,619,632,mobile
S002473,product_detail,main_image,296,613,mobile
S002473,product_detail,add_to_cart,982,928,mobile
S002474,product_detail,reviews_tab,756,1230,app
S002474,product_detail,main_image,495,282,app
S002475,product_detail,reviews_tab,807,1237,mobile
S002475,product_detail,size_chart,861,712,mobile
S002475,product_detail,size_chart,848,728,mobile
S002476,product_detail,main_image,311,610,mobile
S002478,product_detail,thumbnails,82,651,app
S002478,product_detail,reviews_tab,476,1271,app
S002480,product_detail,size_chart,877,703,app
S002481,product_detail,reviews_tab,584,1276,mobile
S002481,product_detail,reviews_tab,661,1250,mobile
S002482,product_detail,detail_text,887,2359,app
S002482,product_detail,reviews_tab,530,1241,app
S002482,product_detail,main_image,531,608,app
S002482,product_detail,size_chart,859,734,app
S002483,product_detail,main_image,272,648,desktop
S002484,product_detail,main_image,579,701,mobile
S002484,product_detail,wishlist,1134,914,mobile
S002484,product_detail,main_image,378,629,mobile
S002484,product_detail,detail_text,655,1411,mobile
S002484,product_detail,main_image,304,555,mobile
S002485,product_detail,size_chart,923,700,mobile
S002485,product_detail,reviews_tab,359,1233,mobile
S002486,product_detail,wishlist,1174,924,mobile
S002488,product_detail,add_to_cart,973,928,mobile
S002488,product_detail,size_chart,956,687,mobile
S002488,product_detail,thumbnails,132,819,mobile
S002490,product_detail,wishlist,1137,924,app
S002491,product_detail,wishlist,1124,918,mobile
S002492,product_detail,main_image,375,413,app
S002492,product_detail,size_chart,891,706,app
S002493,product_detail,add_to_cart,825,926,app
S002493,product_detail,reviews_tab,672,1284,app
S002494,product_detail,thumbnails,106,932,mobile
S002494,product_detail,thumbnails,136,855,mobile
S002494,product_detail,reviews_tab,645,1262,mobile
S002494,product_detail,reviews_tab,765,1275,mobile
S002494,product_detail,reviews_tab,1060,1241,mobile
S002495,product_detail,wishlist,1184,921,mobile
S002495,product_detail,add_to_cart,961,947,mobile
S002495,product_detail,main_image,496,656,mobile
S002495,product_detail,main_image,693,340,mobile
S002496,product_detail,coupon_banner,650,216,app
S002497,product_detail,reviews_tab,898,1250,desktop
S002497,product_detail,add_to_cart,1052,918,desktop
S002498,product_detail,size_chart,900,690,mobile
S002498,product_detail,reviews_tab,753,1245,mobile
S002498,product_detail,reviews_tab,612,1224,mobile
S002498,product_detail,main_image,328,231,mobile
S002500,product_detail,reviews_tab,759,1239,mobile
S002500,product_detail,reviews_tab,592,1265,mobile
S002500,product_detail,detail_text,590,1964,mobile
S002500,product_detail,main_image,446,386,mobile
S002500,product_detail,wishlist,1156,924,mobile
S002500,product_detail,main_image,319,430,mobile
S002500,product_detail,main_image,293,541,mobile
S002500,product_detail,size_chart,812,719,mobile
S002501,product_detail,add_to_cart,1008,926,app
S002501,product_detail,detail_text,1086,1335,app
S002502,product_detail,add_to_cart,1038,931,app
S002502,product_detail,wishlist,1134,915,app
S002502,product_detail,detail_text,514,1949,app
S002502,product_detail,thumbnails,146,627,app
S002502,product_detail,main_image,624,296,app
S002503,product_detail,reviews_tab,617,1246,mobile
S002503,product_detail,main_image,577,432,mobile
S002505,product_detail,reviews_tab,606,1257,app
S002505,product_detail,main_image,284,399,app
S002506,product_detail,add_to_cart,1057,892,app
S002506,product_detail,coupon_banner,560,191,app
S002506,product_detail,reviews_tab,819,1224,app
S002508,product_detail,reviews_tab,693,1244,mobile
S002508,product_detail,add_to_cart,956,947,mobile
S002508,product_detail,main_image,324,759,mobile
S002508,product_detail,size_chart,889,722,mobile
S002508,product_detail,add_to_cart,1191,942,mobile
S002509,product_detail,thumbnails,141,771,desktop
S002510,product_detail,reviews_tab,757,1213,mobile
S002510,product_detail,reviews_tab,473,1250,mobile
S002512,product_detail,main_image,514,699,desktop
S002513,product_detail,reviews_tab,537,1249,app
S002513,product_detail,size_chart,929,709,app
S002513,product_detail,main_image,468,284,app
S002514,product_detail,size_chart,947,681,app
S002514,product_detail,size_chart,928,717,app
S002515,product_detail,size_chart,935,686,mobile
S002515,product_detail,coupon_banner,1277,216,mobile
S002516,product_detail,add_to_cart,1065,929,desktop
S002516,product_detail,reviews_tab,658,1244,desktop
S002516,product_detail,add_to_cart,799,921,desktop
S002516,product_detail,detail_text,486,1771,desktop
S002517,product_detail,coupon_banner,320,138,desktop
S002517,product_detail,main_image,274,557,desktop
S002517,product_detail,detail_text,982,1746,desktop
S002517,product_detail,main_image,331,518,desktop
S002517,product_detail,detail_text,901,2006,desktop
S002517,product_detail,main_image,494,354,desktop
S002517,product_detail,add_to_cart,976,922,desktop
S002519,product_detail,main_image,190,639,mobile
S002519,product_detail,main_image,420,477,mobile
S002520,product_detail,main_image,560,561,desktop
S002520,product_detail,main_image,486,831,desktop
S002522,product_detail,size_chart,926,713,app
S002523,product_detail,add_to_cart,952,920,mobile
S002523,product_detail,main_image,411,368,mobile
S002523,product_detail,add_to_cart,878,918,mobile
S002524,product_detail,add_to_cart,928,903,app
S002524,product_detail,main_image,540,387,app
S002524,product_detail,add_to_cart,1021,933,app
S002524,product_detail,reviews_tab,778,1257,app
S002524,product_detail,main_image,464,426,app
S002525,product_detail,main_image,397,343,mobile
S002525,product_detail,main_image,324,495,mobile
S002525,product_detail,reviews_tab,413,1248,mobile
S002526,product_detail,main_image,321,650,mobile
S002526,product_detail,main_image,588,297,mobile
S002526,product_detail,detail_text,53,2406,mobile
S002526,product_detail,add_to_cart,1012,919,mobile
S002527,product_detail,size_chart,908,694,mobile
S002527,product_detail,main_image,471,537,mobile
S002527,product_detail,reviews_tab,683,1244,mobile
S002528,product_detail,size_chart,1007,708,mobile
S002528,product_detail,main_image,188,600,mobile
S002528,product_detail,main_image,332,414,mobile
S002529,product_detail,wishlist,1144,883,mobile
S002531,product_detail,reviews_tab,844,1251,mobile
S002531,product_detail,main_image,419,645,mobile
S002531,product_detail,thumbnails,178,816,mobile
S002532,product_detail,wishlist,1106,952,desktop
S002532,product_detail,detail_text,617,1954,desktop
S002533,product_detail,add_to_cart,927,947,mobile
S002534,product_detail,detail_text,253,2172,mobile
S002534,product_detail,thumbnails,156,713,mobile
S002534,product_detail,reviews_tab,532,1281,mobile
S002537,product_detail,reviews_tab,605,1264,desktop
S002538,product_detail,detail_text,575,2020,app
S002538,product_detail,add_to_cart,927,936,app
S002538,product_detail,add_to_cart,971,948,app
S002538,product_detail,main_image,389,259,app
S002539,product_detail,add_to_cart,905,898,app
S002539,product_detail,size_chart,830,729,app
S002540,product_detail,main_image,500,377,mobile
S002540,product_detail,add_to_cart,1176,871,mobile
S002540,product_detail,add_to_cart,917,919,mobile
S002540,product_detail,main_image,314,402,mobile
S002542,product_detail,reviews_tab,574,1255,app
S002542,product_detail,main_image,446,377,app
S002543,product_detail,reviews_tab,931,1267,app
S002543,product_detail,thumbnails,173,651,app
S002544,product_detail,main_image,492,382,mobile
S002544,product_detail,main_image,547,776,mobile
S002546,product_detail,detail_text,240,1764,mobile
S002546,product_detail,main_image,270,395,mobile
S002546,product_detail,main_image,353,806,mobile
S002546,product_detail,main_image,517,501,mobile
S002547,product_detail,size_chart,900,729,mobile
S002547,product_detail,size_chart,1064,695,mobile
S002551,product_detail,add_to_cart,1005,892,desktop
S002551,product_detail,add_to_cart,891,918,desktop
S002551,product_detail,wishlist,1109,916,desktop
S002551,product_detail,add_to_cart,843,939,desktop
S002551,product_detail,size_chart,911,691,desktop
S002551,product_detail,add_to_cart,1045,965,desktop
S002552,product_detail,reviews_tab,489,1272,app
S002552,product_detail,main_image,510,546,app
S002552,product_detail,main_image,369,664,app
S002552,product_detail,coupon_banner,610,208,app
S002553,product_detail,main_image,227,558,mobile
S002553,product_detail,size_chart,926,746,mobile
S002553,product_detail,main_image,191,628,mobile
S002554,product_detail,add_to_cart,1056,927,desktop
S002554,product_detail,size_chart,961,689,desktop
S002555,product_detail,add_to_cart,771,914,desktop
S002556,product_detail,add_to_cart,1123,910,app
S002556,product_detail,main_image,456,332,app
S002557,product_detail,detail_text,706,1477,mobile
S002557,product_detail,coupon_banner,0,178,mobile
S002558,product_detail,add_to_cart,1067,953,app
S002559,product_detail,detail_text,351,1910,mobile
S002559,product_detail,reviews_tab,744,1256,mobile
S002559,product_detail,size_chart,921,687,mobile
S002560,product_detail,main_image,521,838,app
S002560,product_detail,size_chart,908,706,app
S002561,product_detail,main_image,376,606,mobile
S002561,product_detail,add_to_cart,1064,878,mobile
S002562,product_detail,add_to_cart,917,912,mobile
S002562,product_detail,add_to_cart,1062,912,mobile
S002563,product_detail,main_image,332,321,mobile
S002563,product_detail,size_chart,958,725,mobile
S002564,product_detail,thumbnails,139,680,app
S002564,product_detail,add_to_cart,935,925,app
S002564,product_detail,add_to_cart,1139,935,app
S002565,product_detail,reviews_tab,757,1256,mobile
S002567,product_detail,size_chart,927,670,app
S002567,product_detail,main_image,382,794,app
S002568,product_detail,main_image,464,497,app
S002568,product_detail,size_chart,887,718,app
S002568,product_detail,reviews_tab,771,1271,app
S002569,product_detail,size_chart,890,679,mobile
S002569,product_detail,add_to_cart,1085,924,mobile
S002569,product_detail,size_chart,1019,683,mobile
S002570,product_detail,reviews_tab,634,1255,desktop
S002570,product_detail,size_chart,872,676,desktop
S002570,product_detail,reviews_tab,712,1252,desktop
S002571,product_detail,reviews_tab,419,1255,desktop
S002571,product_detail,reviews_tab,402,1257,desktop
S002572,product_detail,size_chart,830,708,mobile
S002572,product_detail,main_image,447,518,mobile
S002572,product_detail,size_chart,1026,688,mobile
S002575,product_detail,detail_text,1016,1770,mobile
S002576,product_detail,wishlist,1117,890,app
S002577,product_detail,main_image,488,378,mobile
S002579,product_detail,detail_text,460,1821,app
S002579,product_detail,main_image,452,904,app
S002579,product_detail,size_chart,904,702,app
S002580,product_detail,add_to_cart,1016,956,mobile
S002580,product_detail,main_image,394,476,mobile
S002581,product_detail,reviews_tab,423,1252,mobile
S002582,product_detail,thumbnails,130,758,mobile
S002582,product_detail,reviews_tab,764,1247,mobile
S002582,product_detail,main_image,431,351,mobile
S002582,product_detail,main_image,488,492,mobile
S002583,product_detail,main_image,250,505,mobile
S002583,product_detail,main_image,536,583,mobile
S002584,product_detail,main_image,540,406,desktop
S002584,product_detail,reviews_tab,755,1264,desktop
S002584,product_detail,main_image,473,576,desktop
S002585,product_detail,main_image,226,515,mobile
S002585,product_detail,main_image,562,348,mobile
S002586,product_detail,size_chart,1009,695,mobile
S002586,product_detail,size_chart,964,668,mobile
S002587,product_detail,reviews_tab,761,1244,desktop
S002588,product_detail,add_to_cart,1189,924,app
S002589,product_detail,coupon_banner,529,189,app
S002589,product_detail,reviews_tab,484,1276,app
S002590,product_detail,wishlist,1127,917,desktop
S002592,product_detail,add_to_cart,980,926,desktop
S002592,product_detail,reviews_tab,500,1253,desktop
S002592,product_detail,main_image,433,643,desktop
S002592,product_detail,main_image,607,712,desktop
S002592,product_detail,main_image,425,619,desktop
S002592,product_detail,thumbnails,79,802,desktop
S002592,product_detail,wishlist,1145,936,desktop
S002593,product_detail,size_chart,1001,708,mobile
S002593,product_detail,reviews_tab,964,1248,mobile
S002593,product_detail,detail_text,793,2049,mobile
S002593,product_detail,detail_text,615,1860,mobile
S002594,product_detail,size_chart,879,688,app
S002595,product_detail,size_chart,993,708,mobile
S002595,product_detail,main_image,473,550,mobile
S002595,product_detail,reviews_tab,703,1263,mobile
S002596,product_detail,main_image,581,290,app
S002597,product_detail,detail_text,677,2008,desktop
S002597,product_detail,add_to_cart,1141,865,desktop
S002598,product_detail,size_chart,902,695,mobile
S002599,product_detail,detail_text,649,1923,app
S002599,product_detail,detail_text,884,2173,app
S002600,product_detail,thumbnails,158,726,mobile
S002600,product_detail,add_to_cart,1055,943,mobile
S002601,product_detail,main_image,272,511,desktop
S002602,product_detail,main_image,464,569,mobile
S002602,product_detail,thumbnails,176,528,mobile
S002602,product_detail,main_image,391,624,mobile
S002602,product_detail,size_chart,850,697,mobile
S002604,product_detail,size_chart,849,704,mobile
S002604,product_detail,main_image,222,377,mobile
S002604,product_detail,main_image,536,589,mobile
S002605,product_detail,main_image,165,774,app
S002605,product_detail,main_image,361,768,app
S002606,product_detail,main_image,273,599,mobile
S002607,product_detail,main_image,356,391,mobile
S002608,product_detail,main_image,268,642,mobile
S002608,product_detail,main_image,436,530,mobile
S002610,product_detail,size_chart,789,697,mobile
S002610,product_detail,main_image,359,660,mobile
S002610,product_detail,reviews_tab,736,1253,mobile
S002610,product_detail,detail_text,474,2599,mobile
S002610,product_detail,size_chart,866,713,mobile
S002610,product_detail,size_chart,923,723,mobile
S002610,product_detail,main_image,476,766,mobile
S002612,product_detail,main_image,432,624,app
S002612,product_detail,size_chart,818,699,app
S002613,product_detail,main_image,404,307,desktop
S002613,product_detail,main_image,301,488,desktop
S002613,product_detail,detail_text,773,2397,desktop
S002613,product_detail,size_chart,811,722,desktop
S002614,product_detail,add_to_cart,953,901,mobile
S002614,product_detail,size_chart,936,693,mobile
S002615,product_detail,add_to_cart,908,927,mobile
S002615,product_detail,add_to_cart,873,918,mobile
S002615,product_detail,coupon_banner,239,244,mobile
S002616,product_detail,reviews_tab,795,1220,mobile
S002617,product_detail,main_image,216,699,mobile
S002617,product_detail,add_to_cart,1158,964,mobile
S002617,product_detail,main_image,447,462,mobile
S002617,product_detail,main_image,495,992,mobile
S002618,product_detail,main_image,689,379,desktop
S002618,product_detail,size_chart,823,664,desktop
S002618,product_detail,size_chart,968,689,desktop
S002618,product_detail,add_to_cart,1082,931,desktop
S002618,product_detail,main_image,495,498,desktop
S002618,product_detail,main_image,241,601,desktop
S002619,product_detail,thumbnails,189,788,desktop
S002619,product_detail,add_to_cart,910,927,desktop
S002619,product_detail,thumbnails,125,767,desktop
S002619,product_detail,main_image,306,686,desktop
S002619,product_detail,add_to_cart,911,899,desktop
S002619,product_detail,reviews_tab,640,1279,desktop
S002619,product_detail,wishlist,1169,899,desktop
S002620,product_detail,main_image,422,739,desktop
S002620,product_detail,size_chart,862,723,desktop
S002622,product_detail,main_image,555,727,mobile
S002622,product_detail,main_image,465,524,mobile
S002622,product_detail,thumbnails,157,835,mobile
S002622,product_detail,add_to_cart,1012,892,mobile
S002623,product_detail,add_to_cart,1121,915,app
S002623,product_detail,add_to_cart,1035,917,app
S002624,product_detail,detail_text,276,2235,mobile
S002624,product_detail,detail_text,59,1909,mobile
S002625,product_detail,detail_text,564,2038,mobile
S002625,product_detail,coupon_banner,655,216,mobile
S002626,product_detail,size_chart,1032,709,desktop
S002626,product_detail,reviews_tab,417,1260,desktop
S002626,product_detail,main_image,403,789,desktop
S002626,product_detail,add_to_cart,1110,929,desktop
S002627,product_detail,reviews_tab,627,1237,mobile
S002627,product_detail,main_image,390,784,mobile
S002627,product_detail,detail_text,613,2138,mobile
S002627,product_detail,main_image,528,607,mobile
S002627,product_detail,wishlist,1173,899,mobile
S002629,product_detail,reviews_tab,554,1237,mobile
S002629,product_detail,size_chart,985,686,mobile
S002630,product_detail,add_to_cart,1145,934,app
S002630,product_detail,add_to_cart,1071,893,app
S002630,product_detail,add_to_cart,950,927,app
S002630,product_detail,size_chart,861,718,app
S002630,product_detail,size_chart,902,711,app
S002630,product_detail,detail_text,1060,1592,app
S002631,product_detail,main_image,380,610,mobile
S002631,product_detail,detail_text,516,1502,mobile
S002632,product_detail,reviews_tab,610,1253,mobile
S002632,product_detail,main_image,615,608,mobile
S002633,product_detail,main_image,312,685,mobile
S002636,product_detail,main_image,457,512,desktop
S002639,product_detail,main_image,249,273,mobile
S002641,product_detail,main_image,391,535,mobile
S002641,product_detail,main_image,620,113,mobile
S002641,product_detail,main_image,194,318,mobile
S002641,product_detail,add_to_cart,1178,897,mobile
S002642,product_detail,size_chart,826,681,desktop
S002642,product_detail,main_image,344,494,desktop
S002643,product_detail,reviews_tab,781,1240,mobile
S002643,product_detail,add_to_cart,1208,935,mobile
S002643,product_detail,reviews_tab,456,1257,mobile
S002643,product_detail,main_image,400,359,mobile
S002643,product_detail,main_image,551,572,mobile
S002644,product_detail,add_to_cart,1009,865,mobile
S002644,product_detail,thumbnails,114,852,mobile
S002644,product_detail,wishlist,1159,923,mobile
S002644,product_detail,wishlist,1125,900,mobile
S002645,product_detail,main_image,444,188,mobile
S002645,product_detail,add_to_cart,961,913,mobile
S002645,product_detail,detail_text,469,2071,mobile
S002647,product_detail,thumbnails,143,710,mobile
S002647,product_detail,size_chart,842,705,mobile
S002647,product_detail,size_chart,832,710,mobile
S002647,product_detail,main_image,276,102,mobile
S002647,product_detail,thumbnails,208,798,mobile
S002647,product_detail,wishlist,1130,949,mobile
S002647,product_detail,reviews_tab,551,1261,mobile
S002649,product_detail,thumbnails,152,913,mobile
S002649,product_detail,size_chart,907,711,mobile
S002649,product_detail,main_image,544,740,mobile
S002649,product_detail,thumbnails,224,768,mobile
S002649,product_detail,thumbnails,183,821,mobile
S002650,product_detail,main_image,561,711,mobile
S002651,product_detail,reviews_tab,271,1225,app
S002651,product_detail,size_chart,810,731,app
S002651,product_detail,wishlist,1191,934,app
S002651,product_detail,detail_text,817,1856,app
S002651,product_detail,main_image,302,758,app
S002651,product_detail,coupon_banner,168,156,app
S002653,product_detail,add_to_cart,972,937,mobile
S002653,product_detail,main_image,341,322,mobile
S002653,product_detail,reviews_tab,644,1211,mobile
S002654,product_detail,size_chart,876,693,mobile
S002654,product_detail,main_image,478,461,mobile
S002655,product_detail,reviews_tab,736,1241,mobile
S002655,product_detail,wishlist,1159,903,mobile
S002655,product_detail,main_image,523,534,mobile
S002655,product_detail,add_to_cart,1033,928,mobile
S002656,product_detail,main_image,482,337,mobile
S002656,product_detail,main_image,485,759,mobile
S002656,product_detail,add_to_cart,831,866,mobile
S002656,product_detail,coupon_banner,722,234,mobile
S002656,product_detail,reviews_tab,780,1258,mobile
S002657,product_detail,detail_text,867,1988,mobile
S002657,product_detail,coupon_banner,616,233,mobile
S002658,product_detail,add_to_cart,1200,899,desktop
S002658,product_detail,size_chart,856,678,desktop
S002658,product_detail,add_to_cart,1039,961,desktop
S002658,product_detail,detail_text,687,2194,desktop
S002658,product_detail,add_to_cart,1109,912,desktop
S002659,product_detail,detail_text,675,1695,mobile
S002659,product_detail,main_image,335,302,mobile
S002659,product_detail,main_image,427,572,mobile
S002659,product_detail,add_to_cart,925,923,mobile
S002659,product_detail,main_image,363,357,mobile
S002661,product_detail,size_chart,931,734,desktop
S002662,product_detail,main_image,233,302,mobile
S002662,product_detail,main_image,427,191,mobile
S002662,product_detail,reviews_tab,725,1265,mobile
S002662,product_detail,detail_text,1077,2196,mobile
S002662,product_detail,reviews_tab,604,1250,mobile
S002663,product_detail,reviews_tab,634,1258,desktop
S002663,product_detail,main_image,480,414,desktop
S002664,product_detail,add_to_cart,935,951,app
S002664,product_detail,coupon_banner,432,233,app
S002665,product_detail,main_image,531,573,app
S002665,product_detail,wishlist,1130,912,app
S002665,product_detail,add_to_cart,1052,929,app
S002665,product_detail,coupon_banner,402,253,app
S002665,product_detail,thumbnails,56,1062,app
S002666,product_detail,add_to_cart,997,913,mobile
S002667,product_detail,main_image,467,702,desktop
S002667,product_detail,size_chart,934,663,desktop
S002667,product_detail,main_image,270,465,desktop
S002667,product_detail,add_to_cart,868,907,desktop
S002669,product_detail,main_image,640,628,mobile
S002669,product_detail,main_image,392,200,mobile
S002669,product_detail,reviews_tab,790,1254,mobile
S002669,product_detail,reviews_tab,529,1237,mobile
S002670,product_detail,reviews_tab,627,1292,mobile
S002670,product_detail,reviews_tab,542,1232,mobile
S002673,product_detail,reviews_tab,660,1269,desktop
S002674,product_detail,reviews_tab,650,1257,app
S002674,product_detail,main_image,408,581,app
S002674,product_detail,reviews_tab,800,1248,app
S002674,product_detail,detail_text,541,1767,app
S002674,product_detail,add_to_cart,967,950,app
S002674,product_detail,main_image,277,214,app
S002676,product_detail,reviews_tab,777,1274,mobile
S002676,product_detail,size_chart,858,693,mobile
S002676,product_detail,thumbnails,176,913,mobile
S002676,product_detail,reviews_tab,611,1232,mobile
S002676,product_detail,add_to_cart,981,919,mobile
S002676,product_detail,main_image,525,699,mobile
S002676,product_detail,add_to_cart,837,949,mobile
S002676,product_detail,main_image,131,404,mobile
S002676,product_detail,size_chart,923,698,mobile
S002676,product_detail,reviews_tab,753,1253,mobile
S002677,product_detail,size_chart,782,672,mobile
S002677,product_detail,size_chart,936,667,mobile
S002677,product_detail,main_image,253,578,mobile
S002678,product_detail,wishlist,1076,915,mobile
S002679,product_detail,main_image,427,636,mobile
S002679,product_detail,add_to_cart,885,910,mobile
S002679,product_detail,coupon_banner,825,235,mobile
S002679,product_detail,add_to_cart,1210,914,mobile
S002680,product_detail,add_to_cart,1002,924,app
S002680,product_detail,reviews_tab,770,1256,app
S002680,product_detail,reviews_tab,552,1293,app
S002681,product_detail,reviews_tab,712,1262,mobile
S002681,product_detail,wishlist,1145,910,mobile
S002681,product_detail,wishlist,1108,921,mobile
S002681,product_detail,reviews_tab,832,1263,mobile
S002683,product_detail,reviews_tab,650,1278,app
S002683,product_detail,size_chart,986,687,app
S002683,product_detail,main_image,622,330,app
S002683,product_detail,main_image,487,555,app
S002684,product_detail,main_image,623,490,desktop
S002684,product_detail,reviews_tab,707,1219,desktop
S002684,product_detail,main_image,364,485,desktop
S002684,product_detail,add_to_cart,1060,940,desktop
S002685,product_detail,main_image,590,33,desktop
S002686,product_detail,size_chart,1007,707,app
S002686,product_detail,detail_text,1279,1884,app
S002686,product_detail,wishlist,1170,937,app
S002686,product_detail,main_image,533,430,app
S002686,product_detail,add_to_cart,676,962,app
S002687,product_detail,reviews_tab,699,1244,desktop
S002687,product_detail,size_chart,967,721,desktop
S002687,product_detail,main_image,321,478,desktop
S002687,product_detail,size_chart,871,690,desktop
S002689,product_detail,main_image,267,607,mobile
S002691,product_detail,main_image,210,364,mobile
S002692,product_detail,add_to_cart,1036,956,mobile
S002692,product_detail,size_chart,850,677,mobile
S002692,product_detail,add_to_cart,803,914,mobile
S002692,product_detail,coupon_banner,703,199,mobile
S002693,product_detail,thumbnails,178,617,mobile
S002693,product_detail,size_chart,871,676,mobile
S002694,product_detail,size_chart,952,735,app
S002694,product_detail,add_to_cart,1127,907,app
S002695,product_detail,size_chart,778,732,mobile
S002695,product_detail,reviews_tab,388,1233,mobile
S002695,product_detail,add_to_cart,788,915,mobile
S002699,product_detail,reviews_tab,867,1228,mobile
S002700,product_detail,thumbnails,239,661,desktop
S002700,product_detail,wishlist,1089,926,desktop
S002700,product_detail,detail_text,453,2143,desktop
S002700,product_detail,reviews_tab,589,1252,desktop
S002701,product_detail,add_to_cart,972,914,mobile
S002701,product_detail,add_to_cart,878,920,mobile
S002701,product_detail,main_image,374,403,mobile
S002701,product_detail,thumbnails,219,941,mobile
S002702,product_detail,reviews_tab,694,1257,desktop
S002702,product_detail,main_image,658,606,desktop
S002702,product_detail,size_chart,919,688,desktop
S002702,product_detail,size_chart,986,691,desktop
S002702,product_detail,main_image,182,767,desktop
S002702,product_detail,reviews_tab,629,1247,desktop
S002702,product_detail,main_image,304,583,desktop
S002703,product_detail,wishlist,1163,922,app
S002703,product_detail,thumbnails,225,636,app
S002704,product_detail,reviews_tab,667,1223,app
S002704,product_detail,wishlist,1132,932,app
S002704,product_detail,reviews_tab,650,1266,app
S002705,product_detail,reviews_tab,528,1235,mobile
S002705,product_detail,detail_text,368,1825,mobile
S002705,product_detail,main_image,341,299,mobile
S002705,product_detail,add_to_cart,1202,920,mobile
S002705,product_detail,add_to_cart,1020,899,mobile
S002706,product_detail,main_image,432,508,mobile
S002706,product_detail,reviews_tab,694,1265,mobile
S002706,product_detail,detail_text,409,2438,mobile
S002707,product_detail,detail_text,351,1859,mobile
S002708,product_detail,coupon_banner,826,193,app
S002709,product_detail,coupon_banner,379,196,mobile
S002709,product_detail,reviews_tab,396,1238,mobile
S002709,product_detail,wishlist,1149,923,mobile
S002709,product_detail,main_image,343,392,mobile
S002709,product_detail,size_chart,780,667,mobile
S002710,product_detail,main_image,575,532,mobile
S002711,product_detail,detail_text,1266,1546,mobile
S002711,product_detail,main_image,240,336,mobile
S002712,product_detail,reviews_tab,740,1265,mobile
S002712,product_detail,main_image,328,561,mobile
S002712,product_detail,main_image,543,463,mobile
S002712,product_detail,reviews_tab,636,1243,mobile
S002713,product_detail,size_chart,805,744,desktop
S002713,product_detail,main_image,288,521,desktop
S002713,product_detail,size_chart,947,727,desktop
S002713,product_detail,reviews_tab,750,1249,desktop
S002714,product_detail,add_to_cart,1007,887,desktop
S002714,product_detail,reviews_tab,605,1251,desktop
S002715,product_detail,size_chart,934,653,mobile
S002716,product_detail,add_to_cart,1056,932,mobile
S002717,product_detail,size_chart,972,689,desktop
S002717,product_detail,main_image,290,600,desktop
S002718,product_detail,thumbnails,120,821,mobile
S002718,product_detail,add_to_cart,786,953,mobile
S002718,product_detail,add_to_cart,1060,915,mobile
S002719,product_detail,reviews_tab,881,1239,mobile
S002719,product_detail,wishlist,1120,906,mobile
S002720,product_detail,size_chart,958,699,mobile
S002720,product_detail,reviews_tab,616,1234,mobile
S002720,product_detail,size_chart,919,701,mobile
S002720,product_detail,main_image,260,735,mobile
S002722,product_detail,add_to_cart,980,922,app
S002722,product_detail,main_image,373,581,app
S002722,product_detail,reviews_tab,534,1249,app
S002722,product_detail,reviews_tab,713,1257,app
S002723,product_detail,main_image,366,735,mobile
S002724,product_detail,thumbnails,186,724,mobile
S002724,product_detail,main_image,566,559,mobile
S002726,product_detail,add_to_cart,947,931,desktop
S002728,product_detail,detail_text,1056,1749,mobile
S002728,product_detail,add_to_cart,1071,937,mobile
S002729,product_detail,size_chart,892,681,mobile
S002729,product_detail,size_chart,840,728,mobile
S002730,product_detail,main_image,276,339,mobile
S002730,product_detail,size_chart,919,706,mobile
S002730,product_detail,add_to_cart,948,947,mobile
S002731,product_detail,coupon_banner,809,188,app
S002732,product_detail,coupon_banner,236,214,desktop
S002732,product_detail,reviews_tab,477,1225,desktop
S002734,product_detail,main_image,437,127,mobile
S002734,product_detail,add_to_cart,954,890,mobile
S002735,product_detail,thumbnails,160,854,mobile
S002735,product_detail,size_chart,946,718,mobile
S002735,product_detail,main_image,517,491,mobile
S002735,product_detail,add_to_cart,1029,928,mobile
S002736,product_detail,add_to_cart,1009,927,app
S002737,product_detail,main_image,424,593,mobile
S002737,product_detail,add_to_cart,742,929,mobile
S002739,product_detail,thumbnails,221,789,app
S002739,product_detail,thumbnails,130,825,app
S002740,product_detail,main_image,338,489,mobile
S002740,product_detail,add_to_cart,1112,887,mobile
S002740,product_detail,main_image,468,602,mobile
S002741,product_detail,main_image,383,564,mobile
S002741,product_detail,reviews_tab,472,1268,mobile
S002741,product_detail,wishlist,1202,953,mobile
S002741,product_detail,wishlist,1127,910,mobile
S002744,product_detail,main_image,515,554,app
S002745,product_detail,main_image,391,541,app
S002745,product_detail,main_image,541,681,app
S002746,product_detail,detail_text,1170,1630,app
S002746,product_detail,add_to_cart,878,891,app
S002746,product_detail,main_image,457,568,app
S002748,product_detail,main_image,476,487,app
S002749,product_detail,main_image,226,660,mobile
S002749,product_detail,main_image,648,525,mobile
S002753,product_detail,reviews_tab,1078,1246,desktop
S002753,product_detail,main_image,615,320,desktop
S002753,product_detail,add_to_cart,968,957,desktop
S002754,product_detail,add_to_cart,956,903,app
S002754,product_detail,size_chart,883,701,app
S002754,product_detail,main_image,452,520,app
S002754,product_detail,size_chart,885,705,app
S002754,product_detail,thumbnails,197,890,app
S002755,product_detail,wishlist,1107,913,mobile
S002755,product_detail,thumbnails,181,533,mobile
S002755,product_detail,detail_text,727,1763,mobile
S002756,product_detail,detail_text,493,2094,desktop
S002757,product_detail,add_to_cart,1161,913,mobile
S002758,product_detail,main_image,371,427,mobile
S002758,product_detail,wishlist,1171,928,mobile
S002758,product_detail,add_to_cart,977,903,mobile
S002760,product_detail,coupon_banner,495,236,app
S002760,product_detail,add_to_cart,1063,958,app
S002760,product_detail,size_chart,761,687,app
S002760,product_detail,thumbnails,122,788,app
S002762,product_detail,size_chart,781,717,app
S002762,product_detail,detail_text,732,1443,app
S002762,product_detail,add_to_cart,1045,924,app
S002762,product_detail,wishlist,1113,948,app
S002763,product_detail,add_to_cart,1082,937,mobile
S002763,product_detail,size_chart,861,684,mobile
S002765,product_detail,thumbnails,100,972,mobile
S002766,product_detail,add_to_cart,1037,924,mobile
S002766,product_detail,add_to_cart,1078,961,mobile
S002767,product_detail,add_to_cart,1093,914,desktop
S002767,product_detail,main_image,397,500,desktop
S002768,product_detail,add_to_cart,998,899,mobile
S002768,product_detail,main_image,195,685,mobile
S002769,product_detail,size_chart,946,702,mobile
S002769,product_detail,thumbnails,103,815,mobile
S002769,product_detail,wishlist,1133,905,mobile
S002769,product_detail,add_to_cart,936,906,mobile
S002769,product_detail,main_image,535,866,mobile
S002769,product_detail,reviews_tab,1026,1257,mobile
S002769,product_detail,add_to_cart,1035,951,mobile
S002769,product_detail,detail_text,473,1901,mobile
S002770,product_detail,main_image,480,579,mobile
S002771,product_detail,main_image,528,274,mobile
S002772,product_detail,add_to_cart,931,939,app
S002772,product_detail,size_chart,866,699,app
S002773,product_detail,reviews_tab,446,1260,mobile
S002773,product_detail,main_image,386,370,mobile
S002774,product_detail,size_chart,893,700,app
S002774,product_detail,add_to_cart,1144,909,app
S002774,product_detail,main_image,562,347,app
S002774,product_detail,wishlist,1079,925,app
S002774,product_detail,main_image,435,510,app
S002774,product_detail,size_chart,915,722,app
S002775,product_detail,thumbnails,131,760,mobile
S002776,product_detail,detail_text,206,2216,mobile
S002776,product_detail,main_image,318,699,mobile
S002776,product_detail,add_to_cart,1003,894,mobile
S002778,product_detail,detail_text,733,2086,app
S002779,product_detail,thumbnails,137,709,desktop
S002779,product_detail,size_chart,995,685,desktop
S002779,product_detail,reviews_tab,702,1252,desktop
S002779,product_detail,add_to_cart,983,924,desktop
S002779,product_detail,reviews_tab,502,1234,desktop
S002779,product_detail,size_chart,955,713,desktop
S002780,product_detail,main_image,387,488,mobile
S002781,product_detail,reviews_tab,685,1231,mobile
S002781,product_detail,main_image,364,568,mobile
S002781,product_detail,thumbnails,177,840,mobile
S002782,product_detail,main_image,435,463,mobile
S002782,product_detail,add_to_cart,1058,893,mobile
S002782,product_detail,add_to_cart,1164,958,mobile
S002783,product_detail,size_chart,822,678,mobile
S002783,product_detail,main_image,195,440,mobile
S002783,product_detail,main_image,431,495,mobile
S002784,product_detail,size_chart,988,729,mobile
S002784,product_detail,reviews_tab,498,1266,mobile
S002784,product_detail,size_chart,914,755,mobile
S002784,product_detail,size_chart,939,723,mobile
S002784,product_detail,reviews_tab,382,1263,mobile
S002784,product_detail,reviews_tab,539,1191,mobile
S002785,product_detail,size_chart,1009,701,desktop
S002785,product_detail,reviews_tab,673,1246,desktop
S002786,product_detail,main_image,660,634,mobile
S002786,product_detail,reviews_tab,531,1265,mobile
S002786,product_detail,add_to_cart,793,899,mobile
S002786,product_detail,main_image,313,392,mobile
S002787,product_detail,coupon_banner,267,152,mobile
S002789,product_detail,add_to_cart,900,925,app
S002789,product_detail,coupon_banner,528,150,app
S002789,product_detail,add_to_cart,996,940,app
S002790,product_detail,reviews_tab,762,1269,app
S002790,product_detail,size_chart,887,702,app
S002790,product_detail,wishlist,1125,947,app
S002790,product_detail,size_chart,912,722,app
S002790,product_detail,size_chart,906,698,app
S002790,product_detail,add_to_cart,883,917,app
S002791,product_detail,wishlist,1181,923,desktop
S002791,product_detail,thumbnails,163,711,desktop
S002791,product_detail,add_to_cart,1148,911,desktop
S002791,product_detail,thumbnails,170,644,desktop
S002791,product_detail,add_to_cart,1092,919,desktop
S002792,product_detail,wishlist,1179,929,app
S002792,product_detail,reviews_tab,599,1241,app
S002793,product_detail,main_image,462,499,mobile
S002794,product_detail,add_to_cart,972,923,desktop
S002795,product_detail,thumbnails,191,797,app
S002795,product_detail,size_chart,782,711,app
S002796,product_detail,add_to_cart,889,968,desktop
S002797,product_detail,main_image,436,630,app
S002797,product_detail,main_image,355,392,app
S002797,product_detail,size_chart,976,692,app
S002798,product_detail,main_image,347,462,mobile
S002798,product_detail,reviews_tab,733,1258,mobile
S002798,product_detail,size_chart,930,680,mobile
S002799,product_detail,main_image,263,463,app
S002799,product_detail,detail_text,907,2105,app
S002799,product_detail,add_to_cart,1067,944,app
S002800,product_detail,wishlist,1129,902,app
S002800,product_detail,add_to_cart,1179,889,app
S002802,product_detail,thumbnails,139,645,mobile
S002802,product_detail,detail_text,455,1781,mobile
S002802,product_detail,reviews_tab,758,1257,mobile
S002802,product_detail,main_image,409,482,mobile
S002803,product_detail,main_image,386,450,app
S002803,product_detail,main_image,535,413,app
S002804,product_detail,main_image,602,460,mobile
S002805,product_detail,add_to_cart,1033,915,desktop
S002805,product_detail,thumbnails,178,531,desktop
S002806,product_detail,reviews_tab,455,1253,app
S002806,product_detail,reviews_tab,367,1196,app
S002807,product_detail,size_chart,1086,714,desktop
S002807,product_detail,main_image,586,636,desktop
S002807,product_detail,add_to_cart,1000,912,desktop
S002807,product_detail,main_image,410,217,desktop
S002807,product_detail,main_image,485,743,desktop
S002807,product_detail,size_chart,911,693,desktop
S002807,product_detail,wishlist,1122,933,desktop
S002809,product_detail,add_to_cart,871,902,mobile
S002809,product_detail,reviews_tab,540,1240,mobile
S002809,product_detail,size_chart,1005,680,mobile
S002809,product_detail,main_image,333,429,mobile
S002810,product_detail,reviews_tab,627,1244,desktop
S002810,product_detail,add_to_cart,992,955,desktop
S002810,product_detail,size_chart,890,701,desktop
S002810,product_detail,size_chart,868,712,desktop
S002810,product_detail,reviews_tab,627,1263,desktop
S002811,product_detail,reviews_tab,734,1238,mobile
S002811,product_detail,main_image,435,564,mobile
S002813,product_detail,main_image,248,497,mobile
S002813,product_detail,size_chart,1050,721,mobile
S002815,product_detail,main_image,271,336,mobile
S002818,product_detail,detail_text,1279,1837,mobile
S002818,product_detail,add_to_cart,844,918,mobile
S002818,product_detail,reviews_tab,515,1242,mobile
S002818,product_detail,size_chart,1040,683,mobile
S002819,product_detail,detail_text,739,1784,app
S002819,product_detail,detail_text,1090,1870,app
S002821,product_detail,thumbnails,101,700,mobile
S002821,product_detail,detail_text,874,1814,mobile
S002821,product_detail,main_image,456,623,mobile
S002821,product_detail,main_image,700,852,mobile
S002824,product_detail,add_to_cart,838,940,desktop
S002824,product_detail,thumbnails,230,817,desktop
S002824,product_detail,main_image,133,751,desktop
S002824,product_detail,main_image,399,443,desktop
S002824,product_detail,size_chart,877,710,desktop
S002824,product_detail,size_chart,996,690,desktop
S002824,product_detail,detail_text,1048,1652,desktop
S002824,product_detail,main_image,399,448,desktop
S002825,product_detail,reviews_tab,639,1245,desktop
S002825,product_detail,detail_text,1106,1773,desktop
S002825,product_detail,thumbnails,223,710,desktop
S002827,product_detail,add_to_cart,873,917,app
S002827,product_detail,size_chart,907,691,app
S002827,product_detail,coupon_banner,272,200,app
S002828,product_detail,add_to_cart,964,904,mobile
S002829,product_detail,size_chart,946,676,desktop
S002829,product_detail,coupon_banner,465,141,desktop
S002829,product_detail,thumbnails,180,754,desktop
S002829,product_detail,reviews_tab,601,1255,desktop
S002829,product_detail,add_to_cart,1170,911,desktop
S002829,product_detail,size_chart,934,717,desktop
S002830,product_detail,size_chart,972,717,desktop
S002830,product_detail,main_image,528,404,desktop
S002830,product_detail,thumbnails,97,950,desktop
S002831,product_detail,reviews_tab,892,1249,app
S002831,product_detail,thumbnails,93,818,app
S002831,product_detail,main_image,451,435,app
S002833,product_detail,wishlist,1112,947,mobile
S002833,product_detail,add_to_cart,925,949,mobile
S002833,product_detail,main_image,264,592,mobile
S002833,product_detail,reviews_tab,613,1221,mobile
S002834,product_detail,main_image,194,492,desktop
S002834,product_detail,main_image,276,543,desktop
S002834,product_detail,main_image,477,701,desktop
S002836,product_detail,thumbnails,147,852,app
S002836,product_detail,detail_text,1279,2203,app
S002837,product_detail,thumbnails,186,796,desktop
S002837,product_detail,detail_text,870,2060,desktop
S002839,product_detail,size_chart,912,728,desktop
S002840,product_detail,main_image,650,433,mobile
S002840,product_detail,size_chart,813,693,mobile
S002842,product_detail,main_image,462,491,mobile
S002842,product_detail,add_to_cart,866,931,mobile
S002842,product_detail,reviews_tab,790,1253,mobile
S002842,product_detail,reviews_tab,813,1246,mobile
S002844,product_detail,detail_text,546,2079,mobile
S002845,product_detail,add_to_cart,963,909,desktop
S002845,product_detail,reviews_tab,909,1286,desktop
S002846,product_detail,reviews_tab,719,1284,mobile
S002846,product_detail,coupon_banner,373,140,mobile
S002846,product_detail,coupon_banner,858,208,mobile
S002847,product_detail,thumbnails,183,846,mobile
S002847,product_detail,add_to_cart,874,901,mobile
S002847,product_detail,reviews_tab,430,1227,mobile
S002848,product_detail,coupon_banner,707,211,mobile
S002848,product_detail,detail_text,28,2004,mobile
S002848,product_detail,detail_text,1220,1888,mobile
S002848,product_detail,main_image,500,552,mobile
S002849,product_detail,main_image,525,766,desktop
S002849,product_detail,main_image,401,466,desktop
S002849,product_detail,main_image,327,385,desktop
S002849,product_detail,main_image,349,378,desktop
S002851,product_detail,main_image,248,475,mobile
S002852,product_detail,reviews_tab,736,1220,desktop
S002852,product_detail,reviews_tab,165,1236,desktop
S002853,product_detail,reviews_tab,776,1244,app
S002853,product_detail,thumbnails,131,852,app
S002853,product_detail,main_image,374,521,app
S002855,product_detail,size_chart,938,679,app
S002858,product_detail,reviews_tab,735,1225,desktop
S002858,product_detail,add_to_cart,849,928,desktop
S002859,product_detail,add_to_cart,1202,949,mobile
S002859,product_detail,thumbnails,190,583,mobile
S002859,product_detail,reviews_tab,738,1250,mobile
S002861,product_detail,main_image,589,693,desktop
S002861,product_detail,thumbnails,147,593,desktop
S002862,product_detail,add_to_cart,908,887,desktop
S002862,product_detail,size_chart,887,707,desktop
S002862,product_detail,wishlist,1138,920,desktop
S002864,product_detail,reviews_tab,600,1209,app
S002864,product_detail,add_to_cart,893,989,app
S002866,product_detail,thumbnails,188,765,app
S002866,product_detail,main_image,392,637,app
S002866,product_detail,main_image,445,755,app
S002866,product_detail,main_image,183,340,app
S002868,product_detail,add_to_cart,893,956,mobile
S002868,product_detail,add_to_cart,1141,916,mobile
S002868,product_detail,main_image,617,184,mobile
S002868,product_detail,main_image,539,489,mobile
S002870,product_detail,main_image,312,294,app
S002870,product_detail,add_to_cart,1003,909,app
S002870,product_detail,detail_text,369,2112,app
S002870,product_detail,main_image,527,418,app
S002870,product_detail,add_to_cart,1061,872,app
S002871,product_detail,reviews_tab,738,1260,desktop
S002871,product_detail,add_to_cart,892,920,desktop
S002871,product_detail,detail_text,604,1799,desktop
S002871,product_detail,add_to_cart,1029,932,desktop
S002872,product_detail,main_image,600,577,mobile
S002872,product_detail,reviews_tab,548,1216,mobile
S002872,product_detail,size_chart,953,682,mobile
S002872,product_detail,main_image,366,919,mobile
S002872,product_detail,size_chart,799,705,mobile
S002872,product_detail,main_image,555,521,mobile
S002872,product_detail,main_image,542,414,mobile
S002872,product_detail,main_image,415,515,mobile
S002872,product_detail,detail_text,603,1508,mobile
S002873,product_detail,size_chart,941,699,app
S002873,product_detail,add_to_cart,830,864,app
S002874,product_detail,add_to_cart,1105,923,mobile
S002874,product_detail,coupon_banner,807,212,mobile
S002875,product_detail,wishlist,1143,944,desktop
S002875,product_detail,reviews_tab,608,1275,desktop
S002875,product_detail,wishlist,1138,897,desktop
S002875,product_detail,size_chart,826,734,desktop
S002875,product_detail,add_to_cart,828,919,desktop
S002875,product_detail,main_image,490,607,desktop
S002875,product_detail,detail_text,779,1817,desktop
S002875,product_detail,main_image,388,649,desktop
S002877,product_detail,add_to_cart,890,940,mobile
S002877,product_detail,size_chart,887,719,mobile
S002878,product_detail,thumbnails,150,742,desktop
S002878,product_detail,size_chart,930,703,desktop
S002879,product_detail,add_to_cart,825,878,mobile
S002879,product_detail,reviews_tab,545,1232,mobile
S002879,product_detail,coupon_banner,525,211,mobile
S002879,product_detail,thumbnails,62,784,mobile
S002880,product_detail,main_image,270,421,app
S002880,product_detail,reviews_tab,521,1205,app
S002880,product_detail,add_to_cart,810,959,app
S002880,product_detail,main_image,544,176,app
S002881,product_detail,main_image,506,779,desktop
S002881,product_detail,main_image,387,548,desktop
S002881,product_detail,size_chart,826,662,desktop
S002881,product_detail,add_to_cart,1024,867,desktop
S002881,product_detail,reviews_tab,648,1236,desktop
S002881,product_detail,thumbnails,195,740,desktop
S002882,product_detail,reviews_tab,529,1247,mobile
S002882,product_detail,add_to_cart,918,922,mobile
S002883,product_detail,add_to_cart,1075,915,mobile
S002883,product_detail,thumbnails,164,793,mobile
S002883,product_detail,reviews_tab,474,1264,mobile
S002883,product_detail,add_to_cart,975,939,mobile
S002884,product_detail,reviews_tab,718,1257,app
S002884,product_detail,add_to_cart,1070,996,app
S002884,product_detail,add_to_cart,1072,922,app
S002884,product_detail,main_image,348,548,app
S002885,product_detail,add_to_cart,1074,910,mobile
S002888,product_detail,reviews_tab,601,1249,app
S002888,product_detail,main_image,551,517,app
S002888,product_detail,add_to_cart,927,908,app
S002888,product_detail,reviews_tab,1039,1248,app
S002888,product_detail,reviews_tab,737,1239,app
S002889,product_detail,reviews_tab,738,1223,mobile
S002889,product_detail,main_image,490,458,mobile
S002889,product_detail,wishlist,1138,920,mobile
S002889,product_detail,size_chart,935,716,mobile
S002891,product_detail,main_image,441,395,mobile
S002892,product_detail,main_image,238,463,app
S002894,product_detail,reviews_tab,564,1260,mobile
S002894,product_detail,main_image,336,236,mobile
S002894,product_detail,add_to_cart,1279,936,mobile
S002894,product_detail,thumbnails,166,766,mobile
S002896,product_detail,wishlist,1174,905,mobile
S002896,product_detail,main_image,359,264,mobile
S002896,product_detail,main_image,381,652,mobile
S002896,product_detail,main_image,563,549,mobile
S002897,product_detail,reviews_tab,230,1218,app
S002898,product_detail,reviews_tab,349,1253,desktop
S002898,product_detail,main_image,631,666,desktop
S002898,product_detail,add_to_cart,1050,845,desktop
S002898,product_detail,wishlist,1143,910,desktop
S002898,product_detail,thumbnails,122,856,desktop
S002898,product_detail,reviews_tab,602,1260,desktop
S002899,product_detail,wishlist,1106,943,desktop
S002900,product_detail,wishlist,1143,906,app
S002901,product_detail,reviews_tab,725,1246,mobile
S002902,product_detail,detail_text,113,1227,app
S002902,product_detail,reviews_tab,573,1247,app
S002902,product_detail,coupon_banner,43,177,app
S002902,product_detail,size_chart,798,729,app
S002902,product_detail,coupon_banner,804,178,app
S002902,product_detail,thumbnails,206,672,app
S002902,product_detail,reviews_tab,827,1230,app
S002902,product_detail,main_image,328,666,app
S002903,product_detail,add_to_cart,995,880,app
S002903,product_detail,add_to_cart,1054,969,app
S002904,product_detail,reviews_tab,956,1263,desktop
S002904,product_detail,main_image,304,140,desktop
S002905,product_detail,main_image,289,327,app
S002905,product_detail,main_image,562,643,app
S002907,product_detail,coupon_banner,256,221,mobile
S002907,product_detail,main_image,390,470,mobile
S002907,product_detail,main_image,477,446,mobile
S002908,product_detail,add_to_cart,1178,912,mobile
S002908,product_detail,add_to_cart,1179,941,mobile
S002909,product_detail,coupon_banner,577,223,app
S002909,product_detail,main_image,454,710,app
S002912,product_detail,main_image,519,551,mobile
S002912,product_detail,add_to_cart,1044,922,mobile
S002913,product_detail,main_image,648,508,mobile
S002913,product_detail,main_image,532,465,mobile
S002913,product_detail,detail_text,726,1610,mobile
S002913,product_detail,thumbnails,215,852,mobile
S002914,product_detail,add_to_cart,812,936,app
S002914,product_detail,detail_text,712,1546,app
S002915,product_detail,coupon_banner,457,195,mobile
S002915,product_detail,thumbnails,190,939,mobile
S002916,product_detail,detail_text,843,2095,mobile
S002916,product_detail,detail_text,1077,1847,mobile
S002919,product_detail,size_chart,915,724,desktop
S002919,product_detail,reviews_tab,595,1236,desktop
S002919,product_detail,add_to_cart,912,882,desktop
S002920,product_detail,reviews_tab,638,1246,desktop
S002920,product_detail,detail_text,0,1448,desktop
S002920,product_detail,reviews_tab,958,1251,desktop
S002922,product_detail,thumbnails,152,891,mobile
S002923,product_detail,detail_text,515,2011,desktop
S002923,product_detail,add_to_cart,1021,940,desktop
S002923,product_detail,detail_text,715,1757,desktop
S002923,product_detail,main_image,633,893,desktop
S002923,product_detail,reviews_tab,454,1248,desktop
S002924,product_detail,size_chart,938,678,app
S002924,product_detail,add_to_cart,972,917,app
S002925,product_detail,main_image,296,255,app
S002926,product_detail,reviews_tab,853,1248,desktop
S002926,product_detail,main_image,420,583,desktop
S002927,product_detail,add_to_cart,976,923,mobile
S002927,product_detail,main_image,414,418,mobile
S002929,product_detail,reviews_tab,746,1237,mobile
S002929,product_detail,reviews_tab,836,1239,mobile
S002930,product_detail,reviews_tab,835,1265,app
S002930,product_detail,size_chart,942,693,app
S002930,product_detail,thumbnails,172,921,app
S002930,product_detail,detail_text,456,1555,app
S002930,product_detail,reviews_tab,560,1259,app
S002930,product_detail,main_image,433,657,app
S002930,product_detail,detail_text,702,1686,app
S002930,product_detail,size_chart,1057,689,app
S002931,product_detail,main_image,189,98,desktop
S002931,product_detail,main_image,593,477,desktop
S002931,product_detail,add_to_cart,1279,899,desktop
S002932,product_detail,add_to_cart,1100,951,mobile
S002932,product_detail,size_chart,976,723,mobile
S002932,product_detail,add_to_cart,653,933,mobile
S002933,product_detail,main_image,381,663,app
S002936,product_detail,main_image,158,157,desktop
S002936,product_detail,reviews_tab,703,1276,desktop
S002939,product_detail,detail_text,844,1379,mobile
S002939,product_detail,reviews_tab,491,1262,mobile
S002939,product_detail,coupon_banner,592,185,mobile
S002943,product_detail,reviews_tab,694,1260,app
S002943,product_detail,add_to_cart,859,931,app
S002943,product_detail,size_chart,1010,711,app
S002943,product_detail,thumbnails,60,836,app
S002943,product_detail,detail_text,739,1744,app
S002943,product_detail,coupon_banner,88,215,app
S002944,product_detail,main_image,545,526,mobile
S002945,product_detail,main_image,362,470,mobile
S002945,product_detail,detail_text,494,1512,mobile
S002948,product_detail,detail_text,928,1792,app
S002948,product_detail,main_image,506,603,app
S002948,product_detail,reviews_tab,471,1258,app
S002948,product_detail,add_to_cart,1123,940,app
S002948,product_detail,main_image,448,735,app
S002950,product_detail,main_image,326,422,mobile
S002952,product_detail,reviews_tab,107,1271,mobile
S002953,product_detail,reviews_tab,719,1231,mobile
S002953,product_detail,main_image,319,591,mobile
S002955,product_detail,size_chart,910,711,app
S002955,product_detail,reviews_tab,636,1264,app
S002955,product_detail,add_to_cart,950,903,app
S002955,product_detail,main_image,358,562,app
S002955,product_detail,reviews_tab,561,1251,app
S002955,product_detail,main_image,152,777,app
S002955,product_detail,thumbnails,154,629,app
S002956,product_detail,reviews_tab,949,1241,app
S002956,product_detail,reviews_tab,588,1254,app
S002957,product_detail,main_image,509,466,app
S002958,product_detail,add_to_cart,961,890,app
S002958,product_detail,size_chart,813,689,app
S002958,product_detail,main_image,409,511,app
S002961,product_detail,add_to_cart,1042,915,mobile
S002961,product_detail,main_image,142,418,mobile
S002961,product_detail,size_chart,956,689,mobile
S002961,product_detail,reviews_tab,592,1237,mobile
S002961,product_detail,size_chart,840,674,mobile
S002961,product_detail,main_image,512,491,mobile
S002961,product_detail,size_chart,1034,673,mobile
S002961,product_detail,detail_text,739,2599,mobile
S002961,product_detail,detail_text,26,1895,mobile
S002962,product_detail,reviews_tab,572,1276,mobile
S002962,product_detail,reviews_tab,581,1258,mobile
S002963,product_detail,main_image,285,376,app
S002963,product_detail,detail_text,848,2460,app
S002963,product_detail,add_to_cart,1037,909,app
S002963,product_detail,size_chart,860,719,app
S002963,product_detail,main_image,548,675,app
S002965,product_detail,size_chart,868,694,app
S002965,product_detail,add_to_cart,985,930,app
S002967,product_detail,main_image,345,578,mobile
S002967,product_detail,size_chart,867,698,mobile
S002967,product_detail,reviews_tab,440,1275,mobile
S002968,product_detail,size_chart,953,734,desktop
S002968,product_detail,main_image,516,495,desktop
S002969,product_detail,reviews_tab,526,1252,app
S002969,product_detail,main_image,635,332,app
S002970,product_detail,main_image,277,527,desktop
S002970,product_detail,main_image,418,481,desktop
S002970,product_detail,add_to_cart,877,928,desktop
S002970,product_detail,main_image,362,497,desktop
S002971,product_detail,detail_text,666,1979,app
S002971,product_detail,coupon_banner,1279,176,app
S002971,product_detail,size_chart,997,723,app
S002971,product_detail,main_image,303,415,app
S002972,product_detail,main_image,407,627,mobile
S002972,product_detail,coupon_banner,904,257,mobile
S002973,product_detail,add_to_cart,1066,954,mobile
S002973,product_detail,detail_text,866,2028,mobile
S002973,product_detail,main_image,486,643,mobile
S002973,product_detail,add_to_cart,891,868,mobile
S002973,product_detail,main_image,381,314,mobile
S002974,product_detail,main_image,565,720,mobile
S002974,product_detail,add_to_cart,1180,960,mobile
S002974,product_detail,size_chart,944,718,mobile
S002974,product_detail,wishlist,1091,905,mobile
S002976,product_detail,reviews_tab,726,1236,app
S002977,product_detail,thumbnails,114,885,desktop
S002978,product_detail,main_image,175,577,app
S002979,product_detail,detail_text,753,2403,app
S002981,product_detail,reviews_tab,801,1237,app
S002982,product_detail,main_image,385,421,app
S002982,product_detail,main_image,370,339,app
S002983,product_detail,main_image,416,575,app
S002983,product_detail,coupon_banner,978,176,app
S002984,product_detail,reviews_tab,469,1237,mobile
S002984,product_detail,detail_text,808,1921,mobile
S002984,product_detail,reviews_tab,790,1219,mobile
S002984,product_detail,main_image,344,655,mobile
S002984,product_detail,main_image,473,545,mobile
S002984,product_detail,main_image,524,672,mobile
S002985,product_detail,reviews_tab,602,1254,mobile
S002985,product_detail,main_image,446,410,mobile
S002986,product_detail,detail_text,954,1756,desktop
S002986,product_detail,thumbnails,181,898,desktop
S002986,product_detail,reviews_tab,727,1255,desktop
S002987,product_detail,add_to_cart,987,912,desktop
S002987,product_detail,main_image,393,945,desktop
S002988,product_detail,main_image,503,554,app
S002988,product_detail,size_chart,841,712,app
S002988,product_detail,main_image,564,624,app
S002989,product_detail,reviews_tab,636,1246,app
S002989,product_detail,size_chart,840,702,app
S002990,product_detail,add_to_cart,1086,924,mobile
S002990,product_detail,main_image,429,389,mobile
S002991,product_detail,add_to_cart,1040,946,app
S002991,product_detail,add_to_cart,1020,920,app
S002991,product_detail,reviews_tab,709,1253,app
S002991,product_detail,main_image,361,120,app
S002991,product_detail,size_chart,977,703,app
S002991,product_detail,coupon_banner,740,177,app
S002991,product_detail,size_chart,904,744,app
S002992,product_detail,coupon_banner,525,204,app
S002992,product_detail,add_to_cart,995,908,app
S002993,product_detail,detail_text,788,2390,app
S002993,product_detail,main_image,672,296,app
S002993,product_detail,reviews_tab,459,1269,app
S002993,product_detail,main_image,629,607,app
S002994,product_detail,add_to_cart,815,895,app
S002994,product_detail,detail_text,1025,1801,app
S002994,product_detail,coupon_banner,1069,212,app
S002994,product_detail,main_image,292,503,app
S002995,product_detail,wishlist,1117,910,mobile
S002996,product_detail,add_to_cart,1148,919,app
S002996,product_detail,main_image,352,433,app
S002996,product_detail,add_to_cart,1090,911,app
S002996,product_detail,reviews_tab,582,1281,app
S002997,product_detail,add_to_cart,879,966,desktop
S002999,product_detail,size_chart,836,706,mobile
S002999,product_detail,main_image,352,481,mobile
S002999,product_detail,reviews_tab,754,1274,mobile
S003000,product_detail,main_image,437,469,mobile
S003000,product_detail,wishlist,1155,926,mobile
S003000,product_detail,reviews_tab,457,1197,mobile
S003000,product_detail,main_image,605,574,mobile
S003000,product_detail,thumbnails,136,835,mobile
S003003,product_detail,main_image,102,262,mobile
S003003,product_detail,wishlist,1106,913,mobile
S003004,product_detail,reviews_tab,847,1254,desktop
S003004,product_detail,size_chart,980,724,desktop
S003005,product_detail,size_chart,932,700,app
S003005,product_detail,main_image,462,836,app
S003005,product_detail,main_image,636,619,app
S003005,product_detail,add_to_cart,837,929,app
S003005,product_detail,add_to_cart,961,907,app
S003006,product_detail,main_image,493,347,app
S003008,product_detail,main_image,420,558,mobile
S003008,product_detail,reviews_tab,494,1259,mobile
S003008,product_detail,main_image,286,778,mobile
S003008,product_detail,reviews_tab,473,1239,mobile
S003008,product_detail,main_image,219,602,mobile
S003009,product_detail,main_image,559,540,app
S003009,product_detail,size_chart,854,728,app
S003010,product_detail,coupon_banner,1046,167,app
S003011,product_detail,add_to_cart,1162,909,app
S003011,product_detail,size_chart,883,676,app
S003012,product_detail,main_image,370,615,app
S003012,product_detail,main_image,694,403,app
S003013,product_detail,reviews_tab,943,1266,app
S003014,product_detail,reviews_tab,818,1258,mobile
S003015,product_detail,coupon_banner,220,201,mobile
S003016,product_detail,wishlist,1161,925,mobile
S003019,product_detail,add_to_cart,1110,903,mobile
S003019,product_detail,add_to_cart,1136,890,mobile
S003019,product_detail,reviews_tab,572,1284,mobile
S003019,product_detail,main_image,378,484,mobile
S003019,product_detail,main_image,541,540,mobile
S003021,product_detail,reviews_tab,634,1237,mobile
S003021,product_detail,detail_text,1279,1917,mobile
S003022,product_detail,detail_text,960,1927,mobile
S003022,product_detail,main_image,497,423,mobile
S003023,product_detail,add_to_cart,928,917,desktop
S003023,product_detail,coupon_banner,382,209,desktop
S003023,product_detail,add_to_cart,1008,934,desktop
S003024,product_detail,add_to_cart,1026,909,mobile
S003024,product_detail,reviews_tab,578,1221,mobile
S003026,product_detail,size_chart,856,696,desktop
S003026,product_detail,size_chart,763,748,desktop
S003027,product_detail,thumbnails,137,657,mobile
S003027,product_detail,main_image,309,184,mobile
S003027,product_detail,add_to_cart,993,896,mobile
S003027,product_detail,thumbnails,226,705,mobile
S003028,product_detail,add_to_cart,1039,976,desktop
S003028,product_detail,size_chart,933,728,desktop
S003029,product_detail,main_image,484,878,mobile
S003030,product_detail,detail_text,1279,1722,app
S003030,product_detail,add_to_cart,922,904,app
S003030,product_detail,main_image,275,578,app
S003030,product_detail,detail_text,847,2331,app
S003031,product_detail,add_to_cart,1203,954,mobile
S003031,product_detail,main_image,395,342,mobile
S003031,product_detail,size_chart,1035,674,mobile
S003033,product_detail,thumbnails,166,778,app
S003033,product_detail,size_chart,978,704,app
S003033,product_detail,size_chart,910,712,app
S003033,product_detail,size_chart,943,724,app
S003034,product_detail,add_to_cart,1016,918,mobile
S003034,product_detail,wishlist,1206,914,mobile
S003034,product_detail,add_to_cart,1087,929,mobile
S003034,product_detail,detail_text,359,2229,mobile
S003034,product_detail,add_to_cart,983,910,mobile
S003035,product_detail,thumbnails,227,818,desktop
S003035,product_detail,add_to_cart,1141,919,desktop
S003035,product_detail,reviews_tab,553,1244,desktop
S003035,product_detail,main_image,474,532,desktop
S003035,product_detail,add_to_cart,880,911,desktop
S003036,product_detail,reviews_tab,712,1293,mobile
S003036,product_detail,add_to_cart,729,902,mobile
S003037,product_detail,wishlist,1167,909,app
S003037,product_detail,coupon_banner,1049,154,app
S003037,product_detail,reviews_tab,611,1220,app
S003038,product_detail,main_image,274,710,app
S003038,product_detail,thumbnails,120,577,app
S003038,product_detail,main_image,246,655,app
S003039,product_detail,detail_text,1016,2200,mobile
S003039,product_detail,size_chart,968,715,mobile
S003041,product_detail,detail_text,773,2158,mobile
S003042,product_detail,main_image,338,1186,mobile
S003042,product_detail,reviews_tab,654,1264,mobile
S003042,product_detail,reviews_tab,825,1231,mobile
S003043,product_detail,main_image,402,613,desktop
S003043,product_detail,reviews_tab,940,1205,desktop
S003044,product_detail,add_to_cart,643,921,desktop
S003044,product_detail,size_chart,887,678,desktop
S003046,product_detail,add_to_cart,937,913,app
S003046,product_detail,reviews_tab,449,1257,app
S003048,product_detail,reviews_tab,261,1231,mobile
S003048,product_detail,reviews_tab,503,1264,mobile
S003048,product_detail,wishlist,1178,912,mobile
S003048,product_detail,reviews_tab,678,1261,mobile
S003049,product_detail,main_image,314,518,app
S003049,product_detail,main_image,383,479,app
S003049,product_detail,size_chart,959,718,app
S003049,product_detail,main_image,461,529,app
S003049,product_detail,add_to_cart,988,943,app
S003049,product_detail,coupon_banner,519,221,app
S003049,product_detail,add_to_cart,1011,914,app
S003049,product_detail,detail_text,0,2026,app
S003050,product_detail,add_to_cart,1006,889,app
S003050,product_detail,add_to_cart,885,925,app
S003050,product_detail,add_to_cart,1021,929,app
S003051,product_detail,add_to_cart,775,864,mobile
S003053,product_detail,detail_text,696,2092,app
S003053,product_detail,main_image,554,520,app
S003053,product_detail,main_image,500,603,app
S003053,product_detail,size_chart,901,693,app
S003053,product_detail,detail_text,680,2331,app
S003053,product_detail,add_to_cart,1011,900,app
S003054,product_detail,reviews_tab,722,1251,mobile
S003054,product_detail,main_image,302,65,mobile
S003054,product_detail,detail_text,758,1361,mobile
S003055,product_detail,detail_text,828,1793,mobile
S003055,product_detail,main_image,27,927,mobile
S003055,product_detail,reviews_tab,657,1237,mobile
S003055,product_detail,reviews_tab,373,1238,mobile
S003055,product_detail,main_image,459,682,mobile
S003055,product_detail,main_image,548,366,mobile
S003056,product_detail,size_chart,908,683,desktop
S003056,product_detail,detail_text,157,1576,desktop
S003056,product_detail,main_image,399,463,desktop
S003057,product_detail,detail_text,519,2377,mobile
S003058,product_detail,main_image,431,712,app
S003058,product_detail,size_chart,938,666,app
S003058,product_detail,wishlist,1169,914,app
S003058,product_detail,wishlist,1165,912,app
S003064,product_detail,main_image,454,765,mobile
S003064,product_detail,main_image,461,409,mobile
S003065,product_detail,main_image,572,402,app
S003065,product_detail,main_image,421,696,app
S003067,product_detail,reviews_tab,905,1278,desktop
S003067,product_detail,add_to_cart,1091,893,desktop
S003067,product_detail,add_to_cart,823,930,desktop
S003067,product_detail,main_image,466,326,desktop
S003068,product_detail,add_to_cart,979,915,mobile
S003068,product_detail,main_image,400,261,mobile
S003069,product_detail,add_to_cart,714,916,mobile
S003072,product_detail,size_chart,784,667,desktop
S003072,product_detail,main_image,507,445,desktop
S003072,product_detail,wishlist,1147,909,desktop
S003072,product_detail,size_chart,875,677,desktop
S003075,product_detail,wishlist,1152,916,app
S003076,product_detail,wishlist,1160,884,mobile
S003076,product_detail,coupon_banner,569,192,mobile
S003077,product_detail,add_to_cart,860,924,mobile
S003078,product_detail,main_image,453,372,desktop
S003078,product_detail,main_image,578,460,desktop
S003079,product_detail,detail_text,821,1951,mobile
S003079,product_detail,main_image,451,642,mobile
S003080,product_detail,reviews_tab,896,1209,app
S003080,product_detail,main_image,374,661,app
S003080,product_detail,reviews_tab,768,1252,app
S003081,product_detail,add_to_cart,1008,935,mobile
S003081,product_detail,reviews_tab,634,1233,mobile
S003081,product_detail,add_to_cart,924,900,mobile
S003081,product_detail,reviews_tab,639,1255,mobile
S003081,product_detail,reviews_tab,859,1262,mobile
S003084,product_detail,main_image,770,573,mobile
S003085,product_detail,main_image,327,656,mobile
S003086,product_detail,detail_text,859,2288,app
S003086,product_detail,main_image,226,534,app
S003089,product_detail,add_to_cart,1061,919,desktop
S003090,product_detail,wishlist,1136,946,mobile
S003091,product_detail,thumbnails,127,707,app
S003091,product_detail,size_chart,875,683,app
S003092,product_detail,add_to_cart,992,934,app
S003092,product_detail,main_image,388,357,app
S003092,product_detail,add_to_cart,965,924,app
S003092,product_detail,add_to_cart,1101,943,app
S003092,product_detail,reviews_tab,426,1246,app
S003094,product_detail,add_to_cart,931,928,app
S003094,product_detail,reviews_tab,614,1232,app
S003097,product_detail,main_image,510,297,mobile
S003098,product_detail,reviews_tab,507,1251,desktop
S003098,product_detail,main_image,745,465,desktop
S003098,product_detail,size_chart,962,666,desktop
S003098,product_detail,reviews_tab,637,1264,desktop
S003099,product_detail,wishlist,1134,896,desktop
S003099,product_detail,size_chart,864,739,desktop
S003099,product_detail,size_chart,891,720,desktop
S003099,product_detail,main_image,605,914,desktop
S003100,product_detail,add_to_cart,886,951,mobile
S003101,product_detail,add_to_cart,1240,924,mobile
S003101,product_detail,reviews_tab,928,1239,mobile
S003102,product_detail,main_image,333,437,desktop
S003102,product_detail,add_to_cart,1116,914,desktop
S003105,product_detail,thumbnails,139,755,mobile
S003105,product_detail,main_image,338,438,mobile
S003105,product_detail,main_image,357,305,mobile
S003106,product_detail,main_image,603,570,mobile
S003106,product_detail,size_chart,800,733,mobile
S003107,product_detail,main_image,640,627,app
S003107,product_detail,main_image,325,685,app
S003107,product_detail,main_image,420,688,app
S003107,product_detail,add_to_cart,1060,885,app
S003107,product_detail,wishlist,1125,896,app
S003108,product_detail,main_image,95,621,app
S003110,product_detail,add_to_cart,941,934,mobile
S003110,product_detail,size_chart,876,686,mobile
S003111,product_detail,add_to_cart,1183,958,app
S003112,product_detail,add_to_cart,1096,888,app
S003112,product_detail,size_chart,855,706,app
S003113,product_detail,reviews_tab,916,1237,desktop
S003113,product_detail,detail_text,1093,1738,desktop
S003114,product_detail,detail_text,173,2335,mobile
S003114,product_detail,main_image,564,391,mobile
S003114,product_detail,main_image,647,652,mobile
S003114,product_detail,main_image,318,348,mobile
S003114,product_detail,reviews_tab,455,1266,mobile
S003114,product_detail,size_chart,971,707,mobile
S003115,product_detail,main_image,326,533,mobile
S003115,product_detail,add_to_cart,914,963,mobile
S003116,product_detail,detail_text,0,2080,app
S003116,product_detail,size_chart,899,717,app
S003117,product_detail,main_image,536,463,desktop
S003117,product_detail,main_image,495,413,desktop
S003118,product_detail,detail_text,446,2019,app
S003119,product_detail,main_image,355,401,desktop
S003119,product_detail,reviews_tab,726,1260,desktop
S003121,product_detail,main_image,447,515,mobile
S003122,product_detail,reviews_tab,545,1242,app
S003122,product_detail,reviews_tab,462,1264,app
S003123,product_detail,main_image,252,207,mobile
S003123,product_detail,coupon_banner,0,217,mobile
S003125,product_detail,main_image,547,783,app
S003125,product_detail,main_image,510,151,app
S003126,product_detail,add_to_cart,984,931,mobile
S003127,product_detail,main_image,413,359,mobile
S003127,product_detail,reviews_tab,722,1268,mobile
S003127,product_detail,coupon_banner,891,217,mobile
S003130,product_detail,add_to_cart,846,938,mobile
S003131,product_detail,size_chart,928,697,mobile
S003131,product_detail,size_chart,911,709,mobile
S003132,product_detail,detail_text,664,1307,app
S003133,product_detail,size_chart,825,722,app
S003133,product_detail,wishlist,1116,911,app
S003134,product_detail,add_to_cart,970,906,mobile
S003134,product_detail,size_chart,888,687,mobile
S003136,product_detail,main_image,535,338,mobile
S003137,product_detail,thumbnails,148,758,mobile
S003137,product_detail,size_chart,894,726,mobile
S003137,product_detail,main_image,351,775,mobile
S003138,product_detail,detail_text,785,1247,app
S003138,product_detail,reviews_tab,649,1251,app
S003138,product_detail,size_chart,963,707,app
S003139,product_detail,main_image,350,359,app
S003139,product_detail,main_image,399,301,app
S003139,product_detail,thumbnails,120,880,app
S003139,product_detail,detail_text,588,2194,app
S003139,product_detail,detail_text,544,2310,app
S003139,product_detail,main_image,496,498,app
S003139,product_detail,main_image,347,459,app
S003140,product_detail,main_image,540,551,app
S003140,product_detail,detail_text,0,2331,app
S003140,product_detail,size_chart,897,690,app
S003140,product_detail,main_image,415,448,app
S003141,product_detail,detail_text,791,1777,app
S003141,product_detail,wishlist,1112,922,app
S003141,product_detail,main_image,227,433,app
S003142,product_detail,wishlist,1130,914,app
S003142,product_detail,size_chart,868,695,app
S003143,product_detail,main_image,436,698,app
S003144,product_detail,detail_text,534,1985,mobile
S003146,product_detail,main_image,317,595,desktop
S003146,product_detail,size_chart,951,718,desktop
S003146,product_detail,add_to_cart,815,899,desktop
S003147,product_detail,size_chart,869,713,desktop
S003147,product_detail,reviews_tab,541,1255,desktop
S003147,product_detail,detail_text,543,1513,desktop
S003147,product_detail,add_to_cart,1029,923,desktop
S003147,product_detail,main_image,344,411,desktop
S003147,product_detail,wishlist,1154,903,desktop
S003148,product_detail,main_image,421,911,mobile
S003148,product_detail,detail_text,981,2251,mobile
S003148,product_detail,add_to_cart,881,909,mobile
S003149,product_detail,wishlist,1106,946,app
S003149,product_detail,add_to_cart,955,914,app
S003149,product_detail,add_to_cart,853,964,app
S003149,product_detail,size_chart,992,717,app
S003149,product_detail,main_image,272,287,app
S003151,product_detail,wishlist,1114,920,desktop
S003152,product_detail,add_to_cart,1095,974,mobile
S003152,product_detail,main_image,258,331,mobile
S003152,product_detail,reviews_tab,717,1234,mobile
S003152,product_detail,reviews_tab,981,1297,mobile
S003154,product_detail,thumbnails,257,814,desktop
S003155,product_detail,main_image,607,694,app
S003155,product_detail,coupon_banner,424,211,app
S003156,product_detail,coupon_banner,113,135,mobile
S003156,product_detail,add_to_cart,1149,935,mobile
S003157,product_detail,coupon_banner,130,189,desktop
S003157,product_detail,coupon_banner,558,235,desktop
S003158,product_detail,main_image,294,502,desktop
S003159,product_detail,size_chart,961,710,mobile
S003160,product_detail,wishlist,1123,926,desktop
S003160,product_detail,main_image,359,480,desktop
S003160,product_detail,main_image,412,368,desktop
S003160,product_detail,size_chart,877,664,desktop
S003160,product_detail,main_image,438,495,desktop
S003161,product_detail,main_image,436,528,app
S003161,product_detail,size_chart,901,689,app
S003161,product_detail,wishlist,1118,895,app
S003164,product_detail,main_image,544,704,mobile
S003165,product_detail,reviews_tab,547,1260,desktop
S003165,product_detail,wishlist,1157,928,desktop
S003165,product_detail,reviews_tab,609,1257,desktop
S003165,product_detail,reviews_tab,646,1254,desktop
S003168,product_detail,detail_text,850,2178,app
S003168,product_detail,reviews_tab,867,1273,app
S003168,product_detail,size_chart,902,687,app
S003169,product_detail,reviews_tab,613,1244,app
S003169,product_detail,main_image,333,553,app
S003169,product_detail,add_to_cart,1100,897,app
S003169,product_detail,detail_text,55,2172,app
S003169,product_detail,main_image,458,204,app
S003170,product_detail,add_to_cart,1063,920,app
S003170,product_detail,add_to_cart,1020,905,app
S003171,product_detail,main_image,491,383,desktop
S003171,product_detail,main_image,623,917,desktop
S003171,product_detail,size_chart,1032,676,desktop
S003171,product_detail,size_chart,888,672,desktop
S003171,product_detail,thumbnails,169,820,desktop
S003171,product_detail,main_image,239,846,desktop
S003171,product_detail,wishlist,1135,928,desktop
S003173,product_detail,reviews_tab,655,1255,desktop
S003173,product_detail,reviews_tab,659,1272,desktop
S003174,product_detail,size_chart,743,689,desktop
S003174,product_detail,reviews_tab,584,1213,desktop
S003175,product_detail,coupon_banner,319,221,mobile
S003175,product_detail,detail_text,732,2052,mobile
S003175,product_detail,reviews_tab,491,1219,mobile
S003175,product_detail,size_chart,819,707,mobile
S003175,product_detail,main_image,412,636,mobile
S003175,product_detail,add_to_cart,933,920,mobile
S003175,product_detail,add_to_cart,1095,1006,mobile
S003177,product_detail,thumbnails,183,765,mobile
S003177,product_detail,reviews_tab,766,1241,mobile
S003177,product_detail,reviews_tab,607,1181,mobile
S003177,product_detail,main_image,530,694,mobile
S003180,product_detail,add_to_cart,879,865,mobile
S003180,product_detail,coupon_banner,851,214,mobile
S003181,product_detail,coupon_banner,882,195,desktop
S003181,product_detail,reviews_tab,496,1258,desktop
S003181,product_detail,add_to_cart,913,916,desktop
S003181,product_detail,reviews_tab,642,1243,desktop
S003182,product_detail,reviews_tab,671,1276,app
S003184,product_detail,main_image,397,555,app
S003184,product_detail,main_image,466,442,app
S003184,product_detail,add_to_cart,952,917,app
S003185,product_detail,reviews_tab,637,1244,app
S003185,product_detail,size_chart,853,690,app
S003186,product_detail,add_to_cart,991,962,mobile
S003186,product_detail,wishlist,1127,920,mobile
S003186,product_detail,coupon_banner,161,202,mobile
S003186,product_detail,size_chart,891,709,mobile
S003187,product_detail,size_chart,833,702,app
S003188,product_detail,thumbnails,136,675,app
S003189,product_detail,thumbnails,159,835,mobile
S003189,product_detail,size_chart,951,676,mobile
S003189,product_detail,size_chart,879,669,mobile
S003191,product_detail,size_chart,953,684,mobile
S003191,product_detail,thumbnails,141,929,mobile
S003191,product_detail,add_to_cart,1065,914,mobile
S003195,product_detail,reviews_tab,900,1260,desktop
S003195,product_detail,size_chart,890,687,desktop
S003196,product_detail,thumbnails,193,815,mobile
S003196,product_detail,reviews_tab,741,1243,mobile
S003196,product_detail,main_image,389,494,mobile
S003196,product_detail,detail_text,603,1538,mobile
S003196,product_detail,reviews_tab,728,1205,mobile
S003196,product_detail,detail_text,428,2105,mobile
S003196,product_detail,thumbnails,132,555,mobile
S003196,product_detail,add_to_cart,995,944,mobile
S003196,product_detail,add_to_cart,1111,943,mobile
S003197,product_detail,reviews_tab,403,1235,desktop
S003197,product_detail,size_chart,927,735,desktop
S003197,product_detail,main_image,492,418,desktop
S003197,product_detail,main_image,324,582,desktop
S003197,product_detail,reviews_tab,575,1240,desktop
S003197,product_detail,reviews_tab,507,1263,desktop
S003197,product_detail,add_to_cart,831,916,desktop
S003197,product_detail,add_to_cart,1071,949,desktop
S003197,product_detail,size_chart,941,698,desktop
S003198,product_detail,main_image,410,301,app
S003198,product_detail,reviews_tab,924,1260,app
S003199,product_detail,main_image,603,406,app
S003199,product_detail,reviews_tab,465,1265,app
S003199,product_detail,main_image,353,565,app
S003201,product_detail,add_to_cart,990,915,app
S003201,product_detail,detail_text,717,1938,app
S003201,product_detail,add_to_cart,1111,874,app
S003202,product_detail,add_to_cart,725,898,mobile
S003202,product_detail,main_image,380,565,mobile
S003203,product_detail,coupon_banner,870,223,desktop
S003203,product_detail,reviews_tab,399,1253,desktop
S003203,product_detail,main_image,465,602,desktop
S003204,product_detail,size_chart,919,691,app
S003206,product_detail,reviews_tab,707,1248,desktop
S003206,product_detail,add_to_cart,1273,908,desktop
S003206,product_detail,main_image,364,379,desktop
S003206,product_detail,reviews_tab,637,1237,desktop
S003206,product_detail,detail_text,833,1592,desktop
S003206,product_detail,main_image,319,692,desktop
S003206,product_detail,add_to_cart,925,924,desktop
S003208,product_detail,reviews_tab,557,1265,desktop
S003208,product_detail,main_image,246,573,desktop
S003208,product_detail,add_to_cart,1050,915,desktop
S003209,product_detail,size_chart,943,697,mobile
S003209,product_detail,main_image,414,668,mobile
S003209,product_detail,detail_text,700,1508,mobile
S003209,product_detail,coupon_banner,767,183,mobile
S003209,product_detail,main_image,414,388,mobile
S003209,product_detail,main_image,509,361,mobile
S003209,product_detail,add_to_cart,881,929,mobile
S003209,product_detail,main_image,595,650,mobile
S003209,product_detail,size_chart,1017,693,mobile
S003209,product_detail,size_chart,852,689,mobile
S003211,product_detail,add_to_cart,881,939,desktop
S003211,product_detail,size_chart,873,727,desktop
S003211,product_detail,main_image,368,613,desktop
S003212,product_detail,main_image,411,295,mobile
S003212,product_detail,add_to_cart,1090,950,mobile
S003212,product_detail,wishlist,1153,931,mobile
S003212,product_detail,main_image,378,748,mobile
S003212,product_detail,wishlist,1138,917,mobile
S003212,product_detail,main_image,527,787,mobile
S003212,product_detail,detail_text,910,2187,mobile
S003212,product_detail,main_image,286,597,mobile
S003212,product_detail,add_to_cart,1136,934,mobile
S003213,product_detail,wishlist,1164,906,app
S003213,product_detail,thumbnails,182,793,app
S003213,product_detail,size_chart,863,717,app
S003213,product_detail,reviews_tab,508,1237,app
S003213,product_detail,add_to_cart,775,946,app
S003213,product_detail,size_chart,908,696,app
S003214,product_detail,add_to_cart,1188,934,desktop
S003214,product_detail,add_to_cart,940,900,desktop
S003218,product_detail,size_chart,797,702,desktop
S003218,product_detail,main_image,417,513,desktop
S003218,product_detail,reviews_tab,726,1245,desktop
S003221,product_detail,reviews_tab,615,1265,mobile
S003221,product_detail,reviews_tab,485,1246,mobile
S003221,product_detail,wishlist,1138,925,mobile
S003222,product_detail,add_to_cart,933,951,app
S003222,product_detail,wishlist,1160,919,app
S003222,product_detail,main_image,534,122,app
S003222,product_detail,add_to_cart,980,925,app
S003223,product_detail,reviews_tab,633,1255,app
S003223,product_detail,add_to_cart,991,965,app
S003224,product_detail,main_image,619,235,desktop
S003224,product_detail,wishlist,1154,911,desktop
S003224,product_detail,main_image,316,574,desktop
S003224,product_detail,size_chart,845,737,desktop
S003226,product_detail,wishlist,1133,919,mobile
S003226,product_detail,main_image,149,663,mobile
S003226,product_detail,main_image,238,611,mobile
S003226,product_detail,main_image,523,827,mobile
S003227,product_detail,add_to_cart,924,932,app
S003228,product_detail,main_image,556,607,app
S003228,product_detail,size_chart,868,693,app
S003229,product_detail,main_image,328,602,mobile
S003229,product_detail,size_chart,810,711,mobile
S003230,product_detail,size_chart,955,712,mobile
S003231,product_detail,thumbnails,178,970,desktop
S003231,product_detail,reviews_tab,541,1279,desktop
S003232,product_detail,detail_text,1014,2209,mobile
S003232,product_detail,size_chart,816,722,mobile
S003232,product_detail,reviews_tab,571,1246,mobile
S003233,product_detail,coupon_banner,267,183,mobile
S003233,product_detail,main_image,373,534,mobile
S003233,product_detail,add_to_cart,1279,953,mobile
S003233,product_detail,main_image,355,441,mobile
S003233,product_detail,main_image,374,668,mobile
S003235,product_detail,main_image,506,535,mobile
S003235,product_detail,main_image,427,566,mobile
S003236,product_detail,add_to_cart,960,929,app
S003236,product_detail,size_chart,869,709,app
S003236,product_detail,main_image,394,354,app
S003237,product_detail,size_chart,868,707,desktop
S003237,product_detail,reviews_tab,709,1249,desktop
S003238,product_detail,main_image,495,548,desktop
S003238,product_detail,thumbnails,160,734,desktop
S003239,product_detail,add_to_cart,1025,913,mobile
S003239,product_detail,add_to_cart,866,923,mobile
S003239,product_detail,add_to_cart,852,969,mobile
S003239,product_detail,size_chart,878,718,mobile
S003240,product_detail,add_to_cart,868,938,desktop
S003242,product_detail,main_image,319,96,mobile
S003242,product_detail,main_image,536,623,mobile
S003242,product_detail,thumbnails,138,768,mobile
S003242,product_detail,main_image,408,625,mobile
S003243,product_detail,add_to_cart,1014,909,app
S003243,product_detail,reviews_tab,631,1263,app
S003243,product_detail,main_image,204,48,app
S003244,product_detail,main_image,197,628,mobile
S003244,product_detail,thumbnails,146,695,mobile
S003245,product_detail,main_image,518,427,desktop
S003245,product_detail,add_to_cart,1078,925,desktop
S003245,product_detail,add_to_cart,1083,968,desktop
S003245,product_detail,detail_text,632,1243,desktop
S003246,product_detail,size_chart,890,678,mobile
S003246,product_detail,size_chart,872,695,mobile
S003246,product_detail,add_to_cart,1050,891,mobile
S003246,product_detail,main_image,213,784,mobile
S003246,product_detail,wishlist,1142,902,mobile
S003247,product_detail,detail_text,999,1596,desktop
S003248,product_detail,reviews_tab,387,1221,mobile
S003248,product_detail,detail_text,868,1799,mobile
S003248,product_detail,size_chart,882,687,mobile
S003248,product_detail,main_image,394,517,mobile
S003250,product_detail,wishlist,1128,950,mobile
S003251,product_detail,main_image,441,468,mobile
S003251,product_detail,main_image,447,493,mobile
S003251,product_detail,main_image,696,507,mobile
S003251,product_detail,wishlist,1118,946,mobile
S003251,product_detail,reviews_tab,528,1227,mobile
S003252,product_detail,main_image,336,578,app
S003252,product_detail,thumbnails,133,510,app
S003254,product_detail,coupon_banner,172,273,app
S003254,product_detail,main_image,397,594,app
S003254,product_detail,main_image,375,411,app
S003254,product_detail,detail_text,473,1695,app
S003254,product_detail,size_chart,863,728,app
S003256,product_detail,main_image,532,374,app
S003257,product_detail,main_image,386,554,app
S003258,product_detail,reviews_tab,796,1242,app
S003259,product_detail,main_image,527,622,app
S003259,product_detail,main_image,385,801,app
S003260,product_detail,main_image,502,743,desktop
S003260,product_detail,main_image,396,892,desktop
S003260,product_detail,size_chart,880,684,desktop
S003260,product_detail,size_chart,925,681,desktop
S003260,product_detail,main_image,276,645,desktop
S003261,product_detail,main_image,342,346,desktop
S003261,product_detail,reviews_tab,691,1249,desktop
S003261,product_detail,main_image,520,681,desktop
S003262,product_detail,size_chart,968,703,app
S003263,product_detail,main_image,275,286,mobile
S003263,product_detail,reviews_tab,878,1235,mobile
S003263,product_detail,main_image,310,473,mobile
S003265,product_detail,reviews_tab,704,1280,app
S003265,product_detail,main_image,429,646,app
S003265,product_detail,main_image,620,382,app
S003265,product_detail,main_image,544,255,app
S003265,product_detail,thumbnails,126,649,app
S003265,product_detail,reviews_tab,333,1262,app
S003265,product_detail,reviews_tab,779,1230,app
S003265,product_detail,add_to_cart,1076,931,app
S003266,product_detail,reviews_tab,699,1247,mobile
S003266,product_detail,size_chart,857,700,mobile
S003266,product_detail,main_image,209,449,mobile
S003266,product_detail,detail_text,679,1670,mobile
S003268,product_detail,add_to_cart,1067,960,mobile
S003268,product_detail,add_to_cart,836,935,mobile
S003269,product_detail,size_chart,922,722,desktop
S003269,product_detail,main_image,485,311,desktop
S003269,product_detail,coupon_banner,1279,217,desktop
S003270,product_detail,coupon_banner,397,219,mobile
S003270,product_detail,size_chart,913,677,mobile
S003270,product_detail,main_image,581,702,mobile
S003271,product_detail,main_image,433,415,mobile
S003271,product_detail,main_image,387,95,mobile
S003271,product_detail,size_chart,942,710,mobile
S003271,product_detail,main_image,362,458,mobile
S003271,product_detail,detail_text,1037,1673,mobile
S003271,product_detail,main_image,297,549,mobile
S003272,product_detail,main_image,452,497,app
S003272,product_detail,size_chart,859,744,app
S003272,product_detail,size_chart,833,702,app
S003272,product_detail,add_to_cart,1094,923,app
S003273,product_detail,detail_text,1014,2198,app
S003273,product_detail,add_to_cart,1084,913,app
S003273,product_detail,detail_text,474,1792,app
S003273,product_detail,add_to_cart,1076,939,app
S003274,product_detail,reviews_tab,905,1229,mobile
S003274,product_detail,reviews_tab,627,1266,mobile
S003275,product_detail,reviews_tab,73,1220,app
S003275,product_detail,detail_text,670,1628,app
S003276,product_detail,detail_text,705,2210,mobile
S003276,product_detail,detail_text,77,2474,mobile
S003279,product_detail,main_image,405,731,mobile
S003280,product_detail,main_image,294,563,mobile
S003280,product_detail,size_chart,888,688,mobile
S003280,product_detail,coupon_banner,682,252,mobile
S003280,product_detail,main_image,507,634,mobile
S003280,product_detail,coupon_banner,499,157,mobile
S003281,product_detail,add_to_cart,928,932,app
S003282,product_detail,add_to_cart,972,922,mobile
S003282,product_detail,main_image,493,536,mobile
S003283,product_detail,size_chart,902,676,mobile
S003283,product_detail,reviews_tab,572,1254,mobile
S003286,product_detail,size_chart,883,697,mobile
S003288,product_detail,reviews_tab,394,1274,app
S003288,product_detail,size_chart,843,705,app
S003288,product_detail,reviews_tab,321,1260,app
S003289,product_detail,main_image,345,710,app
S003289,product_detail,main_image,482,246,app
S003289,product_detail,thumbnails,171,655,app
S003289,product_detail,size_chart,1063,733,app
S003290,product_detail,thumbnails,196,706,mobile
S003291,product_detail,wishlist,1140,921,app
S003292,product_detail,add_to_cart,1005,928,app
S003292,product_detail,size_chart,1014,667,app
S003292,product_detail,main_image,223,477,app
S003293,product_detail,add_to_cart,722,941,desktop
S003293,product_detail,add_to_cart,1099,928,desktop
S003294,product_detail,reviews_tab,663,1226,app
S003295,product_detail,size_chart,930,718,mobile
S003295,product_detail,size_chart,851,680,mobile
S003295,product_detail,wishlist,1150,945,mobile
S003295,product_detail,main_image,444,875,mobile
S003295,product_detail,main_image,405,695,mobile
S003296,product_detail,add_to_cart,1034,920,app
S003296,product_detail,add_to_cart,1009,904,app
S003297,product_detail,thumbnails,173,749,app
S003297,product_detail,size_chart,919,701,app
S003297,product_detail,main_image,354,723,app
S003297,product_detail,thumbnails,162,727,app
S003298,product_detail,main_image,524,277,mobile
S003298,product_detail,main_image,529,670,mobile
S003298,product_detail,add_to_cart,1200,952,mobile
S003299,product_detail,main_image,334,656,mobile
S003299,product_detail,reviews_tab,297,1286,mobile
S003300,product_detail,reviews_tab,534,1247,mobile
S003301,product_detail,coupon_banner,1267,231,app
S003301,product_detail,main_image,715,430,app
S003301,product_detail,reviews_tab,652,1255,app
S003301,product_detail,add_to_cart,818,975,app
S003301,product_detail,size_chart,924,702,app
S003302,product_detail,size_chart,961,686,desktop
S003302,product_detail,main_image,558,345,desktop
S003302,product_detail,main_image,402,391,desktop
S003302,product_detail,main_image,436,342,desktop
S003302,product_detail,main_image,504,112,desktop
S003302,product_detail,reviews_tab,851,1234,desktop
S003303,product_detail,wishlist,1101,941,mobile
S003303,product_detail,main_image,531,289,mobile
S003305,product_detail,main_image,281,281,mobile
S003307,product_detail,reviews_tab,455,1275,mobile
S003308,product_detail,wishlist,1126,939,app
S003309,product_detail,detail_text,887,2025,mobile
S003310,product_detail,main_image,61,509,app
S003311,product_detail,main_image,642,420,app
S003311,product_detail,add_to_cart,1011,905,app
S003311,product_detail,size_chart,959,680,app
S003311,product_detail,thumbnails,131,668,app
S003313,product_detail,size_chart,789,721,app
S003314,product_detail,main_image,608,568,desktop
S003314,product_detail,add_to_cart,994,927,desktop
S003314,product_detail,add_to_cart,929,901,desktop
S003314,product_detail,size_chart,931,646,desktop
S003314,product_detail,main_image,370,625,desktop
S003314,product_detail,wishlist,1172,915,desktop
S003315,product_detail,main_image,487,503,app
S003316,product_detail,coupon_banner,196,169,app
S003317,product_detail,detail_text,599,1889,desktop
S003318,product_detail,size_chart,885,703,mobile
S003318,product_detail,main_image,485,576,mobile
S003318,product_detail,main_image,593,616,mobile
S003319,product_detail,reviews_tab,425,1248,mobile
S003319,product_detail,detail_text,619,2293,mobile
S003320,product_detail,size_chart,874,672,mobile
S003323,product_detail,add_to_cart,971,886,desktop
S003323,product_detail,add_to_cart,1041,904,desktop
S003324,product_detail,reviews_tab,549,1221,app
S003324,product_detail,reviews_tab,796,1243,app
S003324,product_detail,add_to_cart,1063,937,app
S003325,product_detail,thumbnails,164,857,mobile
S003326,product_detail,reviews_tab,544,1206,app
S003329,product_detail,main_image,278,450,mobile
S003329,product_detail,main_image,566,425,mobile
S003329,product_detail,main_image,494,443,mobile
S003330,product_detail,main_image,467,492,mobile
S003330,product_detail,main_image,637,610,mobile
S003331,product_detail,main_image,220,479,app
S003331,product_detail,add_to_cart,1067,880,app
S003331,product_detail,add_to_cart,1039,898,app
S003331,product_detail,main_image,482,372,app
S003332,product_detail,add_to_cart,1016,925,mobile
S003332,product_detail,add_to_cart,1023,907,mobile
S003333,product_detail,add_to_cart,1096,932,app
S003333,product_detail,main_image,324,583,app
S003333,product_detail,add_to_cart,1099,962,app
S003333,product_detail,add_to_cart,875,929,app
S003334,product_detail,main_image,459,619,mobile
S003334,product_detail,wishlist,1159,919,mobile
S003335,product_detail,add_to_cart,852,936,mobile
S003335,product_detail,reviews_tab,508,1270,mobile
S003335,product_detail,reviews_tab,734,1238,mobile
S003335,product_detail,size_chart,981,715,mobile
S003336,product_detail,reviews_tab,518,1253,desktop
S003336,product_detail,add_to_cart,1046,953,desktop
S003336,product_detail,detail_text,812,2111,desktop
S003336,product_detail,reviews_tab,475,1269,desktop
S003338,product_detail,size_chart,814,681,mobile
S003338,product_detail,main_image,536,467,mobile
S003340,product_detail,size_chart,870,695,app
S003341,product_detail,add_to_cart,1078,932,mobile
S003341,product_detail,coupon_banner,640,198,mobile
S003341,product_detail,size_chart,890,676,mobile
S003342,product_detail,thumbnails,118,759,app
S003343,product_detail,main_image,301,540,app
S003343,product_detail,reviews_tab,594,1258,app
S003343,product_detail,coupon_banner,719,185,app
S003343,product_detail,main_image,521,624,app
S003344,product_detail,main_image,420,302,app
S003345,product_detail,thumbnails,137,800,mobile
S003345,product_detail,main_image,501,703,mobile
S003345,product_detail,add_to_cart,960,914,mobile
S003345,product_detail,size_chart,958,709,mobile
S003345,product_detail,size_chart,888,709,mobile
S003345,product_detail,reviews_tab,821,1215,mobile
S003345,product_detail,detail_text,689,2100,mobile
S003345,product_detail,add_to_cart,909,947,mobile
S003346,product_detail,main_image,462,773,mobile
S003346,product_detail,main_image,412,668,mobile
S003346,product_detail,add_to_cart,993,911,mobile
S003346,product_detail,main_image,420,906,mobile
S003346,product_detail,thumbnails,43,754,mobile
S003347,product_detail,add_to_cart,925,1006,desktop
S003347,product_detail,main_image,252,428,desktop
S003348,product_detail,size_chart,927,715,mobile
S003348,product_detail,main_image,499,484,mobile
S003348,product_detail,reviews_tab,1003,1232,mobile
S003348,product_detail,add_to_cart,1183,885,mobile
S003349,product_detail,reviews_tab,458,1211,desktop
S003350,product_detail,detail_text,561,2097,app
S003352,product_detail,add_to_cart,1022,918,app
S003352,product_detail,size_chart,875,702,app
S003352,product_detail,main_image,664,328,app
S003353,product_detail,main_image,427,624,mobile
S003353,product_detail,main_image,304,594,mobile
S003353,product_detail,main_image,385,652,mobile
S003355,product_detail,add_to_cart,985,940,desktop
S003355,product_detail,wishlist,1141,924,desktop
S003356,product_detail,detail_text,504,1897,desktop
S003356,product_detail,detail_text,633,1953,desktop
S003357,product_detail,wishlist,1109,912,mobile
S003357,product_detail,main_image,552,699,mobile
S003357,product_detail,reviews_tab,857,1252,mobile
S003358,product_detail,wishlist,1161,909,app
S003358,product_detail,main_image,474,435,app
S003358,product_detail,add_to_cart,1010,929,app
S003358,product_detail,add_to_cart,917,939,app
S003359,product_detail,thumbnails,189,780,app
S003359,product_detail,reviews_tab,896,1227,app
S003359,product_detail,reviews_tab,812,1237,app
S003360,product_detail,main_image,301,355,desktop
S003360,product_detail,main_image,292,487,desktop
S003361,product_detail,reviews_tab,435,1270,mobile
S003361,product_detail,main_image,535,676,mobile
S003361,product_detail,main_image,336,601,mobile
S003361,product_detail,main_image,643,459,mobile
S003362,product_detail,reviews_tab,458,1225,app
S003362,product_detail,main_image,617,541,app
S003362,product_detail,coupon_banner,474,165,app
S003362,product_detail,size_chart,952,702,app
S003362,product_detail,reviews_tab,392,1251,app
S003362,product_detail,add_to_cart,1061,916,app
S003362,product_detail,reviews_tab,673,1231,app
S003363,product_detail,detail_text,614,2236,desktop
S003363,product_detail,main_image,411,795,desktop
S003363,product_detail,size_chart,1023,725,desktop
S003364,product_detail,coupon_banner,1162,223,mobile
S003364,product_detail,detail_text,805,1800,mobile
S003365,product_detail,detail_text,893,2097,app
S003365,product_detail,reviews_tab,849,1241,app
S003366,product_detail,wishlist,1152,929,desktop
S003366,product_detail,size_chart,807,694,desktop
S003366,product_detail,reviews_tab,664,1259,desktop
S003366,product_detail,add_to_cart,1211,899,desktop
S003366,product_detail,thumbnails,175,663,desktop
S003367,product_detail,main_image,525,301,mobile
S003367,product_detail,coupon_banner,776,159,mobile
S003367,product_detail,main_image,390,504,mobile
S003368,product_detail,reviews_tab,433,1218,desktop
S003369,product_detail,reviews_tab,567,1228,mobile
S003369,product_detail,reviews_tab,530,1236,mobile
S003369,product_detail,main_image,433,295,mobile
S003369,product_detail,reviews_tab,462,1241,mobile
S003369,product_detail,size_chart,908,650,mobile
S003369,product_detail,size_chart,930,671,mobile
S003369,product_detail,add_to_cart,856,932,mobile
S003369,product_detail,add_to_cart,991,902,mobile
S003370,product_detail,add_to_cart,805,875,app
S003370,product_detail,detail_text,157,2116,app
S003371,product_detail,wishlist,1144,900,mobile
S003371,product_detail,main_image,290,620,mobile
S003372,product_detail,size_chart,858,770,mobile
S003372,product_detail,main_image,449,744,mobile
S003373,product_detail,main_image,480,509,mobile
S003373,product_detail,main_image,657,211,mobile
S003373,product_detail,main_image,462,678,mobile
S003374,product_detail,add_to_cart,987,923,mobile
S003374,product_detail,add_to_cart,1021,914,mobile
S003374,product_detail,thumbnails,173,621,mobile
S003374,product_detail,main_image,468,614,mobile
S003375,product_detail,add_to_cart,846,913,app
S003375,product_detail,main_image,518,664,app
S003375,product_detail,add_to_cart,1110,924,app
S003375,product_detail,size_chart,891,686,app
S003375,product_detail,detail_text,839,1685,app
S003375,product_detail,main_image,244,813,app
S003376,product_detail,detail_text,807,2310,app
S003376,product_detail,detail_text,148,1692,app
S003376,product_detail,detail_text,631,1804,app
S003376,product_detail,size_chart,971,725,app
S003376,product_detail,size_chart,927,723,app
S003377,product_detail,main_image,364,719,desktop
S003378,product_detail,detail_text,902,1850,mobile
S003378,product_detail,reviews_tab,489,1263,mobile
S003379,product_detail,wishlist,1162,913,mobile
S003379,product_detail,coupon_banner,604,194,mobile
S003380,product_detail,coupon_banner,451,230,app
S003381,product_detail,add_to_cart,994,931,mobile
S003381,product_detail,add_to_cart,1006,910,mobile
S003381,product_detail,detail_text,411,1830,mobile
S003382,product_detail,detail_text,941,1908,mobile
S003382,product_detail,reviews_tab,698,1274,mobile
S003382,product_detail,detail_text,609,1810,mobile
S003383,product_detail,main_image,182,602,mobile
S003383,product_detail,reviews_tab,821,1262,mobile
S003383,product_detail,main_image,437,619,mobile
S003383,product_detail,reviews_tab,639,1253,mobile
S003383,product_detail,main_image,265,577,mobile
S003383,product_detail,main_image,311,593,mobile
S003383,product_detail,size_chart,895,714,mobile
S003384,product_detail,main_image,302,642,mobile
S003385,product_detail,detail_text,1279,2312,app
S003385,product_detail,size_chart,792,681,app
S003385,product_detail,add_to_cart,870,890,app
S003385,product_detail,main_image,496,533,app
S003386,product_detail,add_to_cart,1157,911,mobile
S003386,product_detail,wishlist,1110,921,mobile
S003387,product_detail,main_image,501,431,app
S003388,product_detail,coupon_banner,140,220,mobile
S003388,product_detail,add_to_cart,1268,910,mobile
S003389,product_detail,reviews_tab,657,1248,app
S003389,product_detail,size_chart,878,694,app
S003389,product_detail,add_to_cart,1105,923,app
S003389,product_detail,main_image,215,517,app
S003389,product_detail,main_image,734,512,app
S003389,product_detail,main_image,409,567,app
S003391,product_detail,size_chart,848,717,app
S003391,product_detail,reviews_tab,412,1235,app
S003391,product_detail,thumbnails,158,729,app
S003391,product_detail,reviews_tab,561,1237,app
S003391,product_detail,size_chart,1073,700,app
S003392,product_detail,main_image,631,753,desktop
S003392,product_detail,size_chart,826,721,desktop
S003392,product_detail,reviews_tab,434,1266,desktop
S003392,product_detail,main_image,566,536,desktop
S003393,product_detail,reviews_tab,381,1238,app
S003393,product_detail,detail_text,758,2135,app
S003395,product_detail,main_image,301,519,app
S003396,product_detail,main_image,595,187,mobile
S003396,product_detail,reviews_tab,1026,1246,mobile
S003396,product_detail,main_image,644,699,mobile
S003396,product_detail,main_image,486,532,mobile
S003397,product_detail,size_chart,970,745,mobile
S003397,product_detail,main_image,356,488,mobile
S003397,product_detail,add_to_cart,1279,935,mobile
S003397,product_detail,reviews_tab,903,1262,mobile
S003397,product_detail,reviews_tab,803,1247,mobile
S003397,product_detail,add_to_cart,1063,929,mobile
S003397,product_detail,size_chart,953,686,mobile
S003397,product_detail,main_image,197,637,mobile
S003397,product_detail,size_chart,1060,706,mobile
S003400,product_detail,add_to_cart,1124,897,mobile
S003400,product_detail,main_image,351,437,mobile
S003401,product_detail,add_to_cart,1176,926,mobile
S003402,product_detail,wishlist,1177,929,mobile
S003402,product_detail,main_image,310,711,mobile
S003402,product_detail,reviews_tab,802,1217,mobile
S003402,product_detail,main_image,331,703,mobile
S003403,product_detail,main_image,492,478,mobile
S003403,product_detail,reviews_tab,713,1249,mobile
S003403,product_detail,reviews_tab,472,1265,mobile
S003405,product_detail,thumbnails,164,627,desktop
S003406,product_detail,main_image,323,595,desktop
S003406,product_detail,thumbnails,130,717,desktop
S003407,product_detail,add_to_cart,906,943,desktop
S003407,product_detail,add_to_cart,983,962,desktop
S003408,product_detail,reviews_tab,415,1249,mobile
S003408,product_detail,detail_text,767,2037,mobile
S003408,product_detail,main_image,272,837,mobile
S003408,product_detail,main_image,427,748,mobile
S003408,product_detail,size_chart,840,717,mobile
S003408,product_detail,add_to_cart,1021,910,mobile
S003408,product_detail,thumbnails,151,862,mobile
S003408,product_detail,add_to_cart,1135,952,mobile
S003409,product_detail,reviews_tab,203,1258,desktop
S003409,product_detail,size_chart,955,693,desktop
S003410,product_detail,detail_text,998,1859,mobile
S003410,product_detail,main_image,595,669,mobile
S003410,product_detail,add_to_cart,989,941,mobile
S003411,product_detail,add_to_cart,954,888,mobile
S003411,product_detail,add_to_cart,920,911,mobile
S003411,product_detail,main_image,482,521,mobile
S003411,product_detail,add_to_cart,1194,925,mobile
S003412,product_detail,main_image,375,659,mobile
S003412,product_detail,size_chart,999,728,mobile
S003413,product_detail,reviews_tab,789,1258,app
S003413,product_detail,size_chart,895,690,app
S003414,product_detail,main_image,400,479,mobile
S003414,product_detail,thumbnails,196,760,mobile
S003416,product_detail,add_to_cart,966,942,app
S003416,product_detail,reviews_tab,901,1286,app
S003417,product_detail,thumbnails,87,552,app
S003417,product_detail,size_chart,853,676,app
S003417,product_detail,main_image,369,607,app
S003417,product_detail,add_to_cart,936,925,app
S003417,product_detail,add_to_cart,1042,919,app
S003417,product_detail,main_image,343,909,app
S003418,product_detail,main_image,377,454,desktop
S003418,product_detail,add_to_cart,981,894,desktop
S003418,product_detail,main_image,361,467,desktop
S003418,product_detail,reviews_tab,473,1257,desktop
S003419,product_detail,coupon_banner,240,219,app
S003419,product_detail,main_image,532,586,app
S003419,product_detail,size_chart,1011,715,app
S003420,product_detail,size_chart,930,692,desktop
S003420,product_detail,detail_text,739,1841,desktop
S003420,product_detail,size_chart,923,670,desktop
S003420,product_detail,main_image,503,444,desktop
S003420,product_detail,size_chart,816,699,desktop
S003420,product_detail,thumbnails,114,821,desktop
S003420,product_detail,thumbnails,171,756,desktop
S003421,product_detail,detail_text,972,1683,app
S003422,product_detail,size_chart,952,709,mobile
S003422,product_detail,detail_text,349,1774,mobile
S003423,product_detail,main_image,250,613,app
S003423,product_detail,main_image,470,473,app
S003423,product_detail,size_chart,974,737,app
S003423,product_detail,wishlist,1165,932,app
S003425,product_detail,wishlist,1120,938,desktop
S003426,product_detail,reviews_tab,979,1255,app
S003426,product_detail,reviews_tab,355,1240,app
S003426,product_detail,size_chart,823,710,app
S003426,product_detail,detail_text,735,1723,app
S003426,product_detail,detail_text,1115,1944,app
S003426,product_detail,reviews_tab,857,1247,app
S003426,product_detail,add_to_cart,954,904,app
S003426,product_detail,size_chart,821,688,app
S003426,product_detail,main_image,499,328,app
S003426,product_detail,add_to_cart,1032,922,app
S003428,product_detail,reviews_tab,445,1282,app
S003428,product_detail,main_image,335,494,app
S003428,product_detail,size_chart,869,711,app
S003428,product_detail,coupon_banner,860,222,app
S003428,product_detail,thumbnails,148,640,app
S003429,product_detail,thumbnails,145,762,app
S003429,product_detail,add_to_cart,1059,903,app
S003430,product_detail,size_chart,851,668,app
S003430,product_detail,add_to_cart,1025,962,app
S003430,product_detail,reviews_tab,901,1251,app
S003431,product_detail,size_chart,843,692,mobile
S003431,product_detail,main_image,502,556,mobile
S003432,product_detail,wishlist,1126,927,app
S003432,product_detail,main_image,404,397,app
S003432,product_detail,size_chart,827,688,app
S003432,product_detail,thumbnails,226,701,app
S003432,product_detail,reviews_tab,525,1273,app
S003432,product_detail,add_to_cart,947,972,app
S003432,product_detail,reviews_tab,519,1243,app
S003432,product_detail,coupon_banner,952,211,app
S003432,product_detail,main_image,282,459,app
S003434,product_detail,thumbnails,153,816,mobile
S003434,product_detail,size_chart,937,693,mobile
S003434,product_detail,size_chart,838,672,mobile
S003434,product_detail,main_image,282,667,mobile
S003434,product_detail,main_image,303,512,mobile
S003434,product_detail,main_image,340,538,mobile
S003435,product_detail,main_image,604,219,desktop
S003436,product_detail,main_image,481,627,app
S003436,product_detail,main_image,297,441,app
S003436,product_detail,reviews_tab,532,1220,app
S003440,product_detail,size_chart,936,717,app
S003440,product_detail,wishlist,1118,956,app
S003441,product_detail,size_chart,907,687,app
S003441,product_detail,main_image,696,765,app
S003442,product_detail,detail_text,727,1988,app
S003442,product_detail,main_image,312,273,app
S003442,product_detail,size_chart,893,704,app
S003442,product_detail,main_image,490,443,app
S003442,product_detail,size_chart,978,700,app
S003442,product_detail,size_chart,881,690,app
S003443,product_detail,main_image,285,508,mobile
S003444,product_detail,reviews_tab,761,1250,mobile
S003444,product_detail,coupon_banner,771,190,mobile
S003444,product_detail,reviews_tab,465,1248,mobile
S003444,product_detail,add_to_cart,770,938,mobile
S003445,product_detail,detail_text,669,2107,app
S003445,product_detail,reviews_tab,442,1212,app
S003446,product_detail,thumbnails,122,808,mobile
S003446,product_detail,wishlist,1155,912,mobile
S003446,product_detail,main_image,378,685,mobile
S003446,product_detail,main_image,135,334,mobile
S003447,product_detail,reviews_tab,809,1250,mobile
S003447,product_detail,main_image,535,319,mobile
S003449,product_detail,add_to_cart,1009,924,app
S003449,product_detail,size_chart,880,719,app
S003450,product_detail,detail_text,812,1810,mobile
S003450,product_detail,main_image,496,496,mobile
S003451,product_detail,reviews_tab,448,1261,app
S003452,product_detail,reviews_tab,554,1243,app
S003452,product_detail,coupon_banner,861,197,app
S003452,product_detail,detail_text,993,1791,app
S003452,product_detail,reviews_tab,1087,1214,app
S003452,product_detail,main_image,618,654,app
S003453,product_detail,main_image,418,445,mobile
S003453,product_detail,reviews_tab,781,1229,mobile
S003453,product_detail,main_image,392,473,mobile
S003454,product_detail,add_to_cart,1034,934,app
S003454,product_detail,add_to_cart,932,940,app
S003455,product_detail,main_image,415,593,app
S003456,product_detail,coupon_banner,595,194,mobile
S003456,product_detail,main_image,432,455,mobile
S003457,product_detail,detail_text,1171,1822,app
S003457,product_detail,size_chart,952,711,app
S003457,product_detail,size_chart,915,696,app
S003460,product_detail,reviews_tab,505,1254,mobile
S003460,product_detail,size_chart,816,681,mobile
S003461,product_detail,main_image,485,704,desktop
S003462,product_detail,main_image,187,447,app
S003462,product_detail,detail_text,689,1416,app
S003462,product_detail,size_chart,888,692,app
S003463,product_detail,add_to_cart,1127,945,app
S003464,product_detail,size_chart,911,710,mobile
S003466,product_detail,reviews_tab,689,1251,mobile
S003466,product_detail,main_image,527,480,mobile
S003468,product_detail,add_to_cart,904,943,desktop
S003468,product_detail,size_chart,942,683,desktop
S003468,product_detail,detail_text,888,1884,desktop
S003473,product_detail,add_to_cart,1099,912,desktop
S003474,product_detail,thumbnails,142,882,mobile
S003474,product_detail,reviews_tab,360,1262,mobile
S003474,product_detail,add_to_cart,1132,887,mobile
S003474,product_detail,size_chart,925,708,mobile
S003474,product_detail,detail_text,586,1404,mobile
S003474,product_detail,thumbnails,139,806,mobile
S003475,product_detail,main_image,401,472,mobile
S003475,product_detail,size_chart,999,703,mobile
S003475,product_detail,main_image,465,799,mobile
S003476,product_detail,add_to_cart,1099,905,mobile
S003476,product_detail,reviews_tab,622,1240,mobile
S003477,product_detail,main_image,246,394,mobile
S003477,product_detail,reviews_tab,1036,1233,mobile
S003478,product_detail,add_to_cart,957,918,app
S003478,product_detail,coupon_banner,980,239,app
S003479,product_detail,reviews_tab,614,1244,mobile
S003479,product_detail,size_chart,969,673,mobile
S003479,product_detail,add_to_cart,898,930,mobile
S003480,product_detail,add_to_cart,935,933,desktop
S003480,product_detail,size_chart,753,695,desktop
S003481,product_detail,main_image,296,546,app
S003481,product_detail,wishlist,1122,909,app
S003482,product_detail,main_image,403,723,desktop
S003482,product_detail,size_chart,891,721,desktop
S003482,product_detail,add_to_cart,963,926,desktop
S003483,product_detail,main_image,512,633,mobile
S003484,product_detail,add_to_cart,1078,911,desktop
S003484,product_detail,wishlist,1177,894,desktop
S003484,product_detail,add_to_cart,1111,912,desktop
S003484,product_detail,coupon_banner,842,218,desktop
S003484,product_detail,size_chart,897,667,desktop
S003486,product_detail,size_chart,872,656,desktop
S003486,product_detail,add_to_cart,947,897,desktop
S003489,product_detail,size_chart,950,696,desktop
S003489,product_detail,main_image,303,429,desktop
S003489,product_detail,main_image,550,579,desktop
S003489,product_detail,add_to_cart,999,921,desktop
S003490,product_detail,thumbnails,104,850,app
S003490,product_detail,reviews_tab,601,1242,app
S003490,product_detail,main_image,395,511,app
S003490,product_detail,main_image,584,472,app
S003490,product_detail,add_to_cart,954,901,app
S003492,product_detail,thumbnails,197,816,mobile
S003492,product_detail,main_image,416,662,mobile
S003492,product_detail,main_image,515,465,mobile
S003492,product_detail,reviews_tab,518,1250,mobile
S003493,product_detail,main_image,502,286,app
S003493,product_detail,size_chart,990,663,app
S003493,product_detail,reviews_tab,946,1241,app
S003493,product_detail,size_chart,882,689,app
S003494,product_detail,thumbnails,128,715,mobile
S003496,product_detail,detail_text,849,2202,mobile
S003496,product_detail,wishlist,1132,894,mobile
S003496,product_detail,detail_text,982,2264,mobile
S003497,product_detail,main_image,568,641,desktop
S003500,product_detail,reviews_tab,366,1246,mobile
S003500,product_detail,add_to_cart,1183,930,mobile
S003500,product_detail,coupon_banner,1077,203,mobile
S003500,product_detail,detail_text,812,1504,mobile
S003501,product_detail,detail_text,386,2211,mobile
S003502,product_detail,main_image,534,354,mobile
S003502,product_detail,add_to_cart,1165,914,mobile
S003503,product_detail,size_chart,877,727,desktop
S003504,product_detail,reviews_tab,637,1227,mobile
S003504,product_detail,main_image,764,660,mobile
S003505,product_detail,main_image,657,782,app
S003505,product_detail,add_to_cart,796,889,app
S003506,product_detail,main_image,419,491,app
S003506,product_detail,size_chart,990,737,app
S003506,product_detail,reviews_tab,153,1235,app
S003506,product_detail,main_image,385,390,app
S003508,product_detail,size_chart,950,711,app
S003508,product_detail,size_chart,936,678,app
S003510,product_detail,thumbnails,186,839,mobile
S003511,product_detail,reviews_tab,613,1226,mobile
S003512,product_detail,coupon_banner,224,168,mobile
S003512,product_detail,main_image,511,912,mobile
S003512,product_detail,thumbnails,97,948,mobile
S003512,product_detail,add_to_cart,1109,960,mobile
S003514,product_detail,size_chart,882,729,app
S003515,product_detail,main_image,440,580,app
S003515,product_detail,add_to_cart,968,934,app
S003517,product_detail,main_image,578,874,mobile
S003518,product_detail,add_to_cart,824,955,mobile
S003518,product_detail,main_image,585,507,mobile
S003519,product_detail,main_image,294,643,mobile
S003520,product_detail,detail_text,860,2202,mobile
S003520,product_detail,main_image,609,420,mobile
S003520,product_detail,main_image,188,753,mobile
S003520,product_detail,main_image,594,659,mobile
S003520,product_detail,size_chart,776,694,mobile
S003522,product_detail,reviews_tab,433,1258,desktop
S003522,product_detail,size_chart,877,729,desktop
S003522,product_detail,main_image,313,366,desktop
S003522,product_detail,thumbnails,123,847,desktop
S003523,product_detail,size_chart,802,690,app
S003523,product_detail,main_image,505,627,app
S003523,product_detail,main_image,388,451,app
S003523,product_detail,thumbnails,154,840,app
S003523,product_detail,coupon_banner,691,243,app
S003524,product_detail,size_chart,1003,675,app
S003524,product_detail,thumbnails,127,733,app
S003524,product_detail,detail_text,594,1884,app
S003525,product_detail,main_image,201,363,app
S003526,product_detail,thumbnails,88,894,app
S003526,product_detail,add_to_cart,1018,941,app
S003526,product_detail,size_chart,919,709,app
S003526,product_detail,detail_text,122,1383,app
S003526,product_detail,add_to_cart,1088,909,app
S003527,product_detail,size_chart,932,706,desktop
S003527,product_detail,main_image,327,588,desktop
S003527,product_detail,reviews_tab,700,1231,desktop
S003528,product_detail,reviews_tab,786,1227,mobile
S003528,product_detail,add_to_cart,897,901,mobile
S003528,product_detail,main_image,568,573,mobile
S003529,product_detail,main_image,446,528,app
S003529,product_detail,main_image,418,420,app
S003530,product_detail,thumbnails,129,741,desktop
S003530,product_detail,thumbnails,184,896,desktop
S003530,product_detail,main_image,429,308,desktop
S003530,product_detail,reviews_tab,381,1246,desktop
S003531,product_detail,main_image,462,547,app
S003531,product_detail,reviews_tab,643,1247,app
S003532,product_detail,reviews_tab,940,1255,mobile
S003532,product_detail,size_chart,845,704,mobile
S003533,product_detail,add_to_cart,1053,879,app
S003533,product_detail,wishlist,1179,920,app
S003533,product_detail,main_image,454,465,app
S003533,product_detail,main_image,397,621,app
S003534,product_detail,reviews_tab,668,1250,app
S003534,product_detail,main_image,371,832,app
S003537,product_detail,main_image,346,603,desktop
S003538,product_detail,detail_text,625,1673,app
S003539,product_detail,add_to_cart,856,913,app
S003539,product_detail,detail_text,327,1617,app
S003540,product_detail,main_image,301,420,mobile
S003540,product_detail,size_chart,910,707,mobile
S003540,product_detail,add_to_cart,887,916,mobile
S003542,product_detail,main_image,319,398,mobile
S003542,product_detail,main_image,427,641,mobile
S003542,product_detail,reviews_tab,726,1238,mobile
S003542,product_detail,thumbnails,220,696,mobile
S003542,product_detail,main_image,236,146,mobile
S003542,product_detail,add_to_cart,763,966,mobile
S003542,product_detail,main_image,638,195,mobile
S003543,product_detail,add_to_cart,983,907,mobile
S003543,product_detail,add_to_cart,981,953,mobile
S003543,product_detail,reviews_tab,602,1288,mobile
S003543,product_detail,main_image,371,602,mobile
S003544,product_detail,size_chart,1023,708,mobile
S003544,product_detail,reviews_tab,1017,1230,mobile
S003544,product_detail,add_to_cart,1073,940,mobile
S003544,product_detail,size_chart,839,692,mobile
S003544,product_detail,coupon_banner,926,162,mobile
S003544,product_detail,reviews_tab,681,1258,mobile
S003545,product_detail,main_image,414,583,app
S003545,product_detail,main_image,326,465,app
S003545,product_detail,add_to_cart,1139,882,app
S003546,product_detail,add_to_cart,1093,937,app
S003546,product_detail,size_chart,998,670,app
S003546,product_detail,reviews_tab,689,1251,app
S003547,product_detail,main_image,668,572,app
S003547,product_detail,coupon_banner,443,223,app
S003547,product_detail,add_to_cart,1202,910,app
S003547,product_detail,main_image,300,554,app
S003547,product_detail,add_to_cart,1004,933,app
S003547,product_detail,main_image,311,463,app
S003547,product_detail,size_chart,999,710,app
S003549,product_detail,add_to_cart,981,924,desktop
S003549,product_detail,size_chart,899,732,desktop
S003549,product_detail,reviews_tab,618,1246,desktop
S003549,product_detail,add_to_cart,990,928,desktop
S003549,product_detail,coupon_banner,284,193,desktop
S003551,product_detail,main_image,533,500,mobile
S003551,product_detail,reviews_tab,596,1232,mobile
S003552,product_detail,size_chart,875,712,app
S003552,product_detail,main_image,452,482,app
S003553,product_detail,wishlist,1161,906,app
S003553,product_detail,size_chart,931,668,app
S003553,product_detail,thumbnails,122,760,app
S003554,product_detail,thumbnails,169,639,mobile
S003554,product_detail,size_chart,825,685,mobile
S003555,product_detail,main_image,789,700,mobile
S003555,product_detail,main_image,623,760,mobile
S003555,product_detail,add_to_cart,1182,887,mobile
S003556,product_detail,main_image,678,537,mobile
S003556,product_detail,reviews_tab,478,1258,mobile
S003557,product_detail,reviews_tab,780,1231,desktop
S003557,product_detail,main_image,502,584,desktop
S003557,product_detail,coupon_banner,1028,257,desktop
S003558,product_detail,detail_text,615,1517,app
S003558,product_detail,reviews_tab,791,1273,app
S003558,product_detail,main_image,319,462,app
S003558,product_detail,size_chart,1045,699,app
S003558,product_detail,thumbnails,142,607,app
S003558,product_detail,add_to_cart,931,926,app
S003558,product_detail,detail_text,229,1913,app
S003558,product_detail,size_chart,886,683,app
S003559,product_detail,main_image,375,415,mobile
S003559,product_detail,add_to_cart,971,892,mobile
S003560,product_detail,main_image,339,846,mobile
S003561,product_detail,main_image,589,766,mobile
S003562,product_detail,add_to_cart,1055,947,mobile
S003562,product_detail,thumbnails,126,570,mobile
S003562,product_detail,main_image,365,477,mobile
S003562,product_detail,main_image,140,562,mobile
S003566,product_detail,reviews_tab,712,1260,desktop
S003566,product_detail,thumbnails,154,754,desktop
S003567,product_detail,wishlist,1154,907,mobile
S003567,product_detail,thumbnails,181,708,mobile
S003568,product_detail,wishlist,1133,898,desktop
S003568,product_detail,add_to_cart,1033,946,desktop
S003568,product_detail,main_image,289,660,desktop
S003568,product_detail,main_image,395,483,desktop
S003569,product_detail,thumbnails,121,950,desktop
S003569,product_detail,main_image,680,653,desktop
S003569,product_detail,size_chart,838,691,desktop
S003570,product_detail,thumbnails,134,681,mobile
S003570,product_detail,size_chart,992,724,mobile
S003572,product_detail,coupon_banner,330,244,app
S003572,product_detail,detail_text,557,1799,app
S003573,product_detail,detail_text,505,2116,mobile
S003573,product_detail,wishlist,1168,932,mobile
S003573,product_detail,size_chart,872,729,mobile
S003573,product_detail,reviews_tab,533,1260,mobile
S003573,product_detail,wishlist,1102,903,mobile
S003574,product_detail,detail_text,781,1948,app
S003574,product_detail,reviews_tab,926,1261,app
S003576,product_detail,reviews_tab,635,1256,app
S003576,product_detail,reviews_tab,564,1261,app
S003577,product_detail,main_image,369,649,mobile
S003577,product_detail,reviews_tab,563,1243,mobile
S003578,product_detail,main_image,554,555,desktop
S003579,product_detail,add_to_cart,812,858,app
S003579,product_detail,detail_text,102,2064,app
S003579,product_detail,reviews_tab,599,1282,app
S003579,product_detail,detail_text,237,1972,app
S003580,product_detail,add_to_cart,948,932,app
S003581,product_detail,main_image,371,647,app
S003581,product_detail,reviews_tab,596,1236,app
S003582,product_detail,size_chart,883,736,mobile
S003582,product_detail,main_image,452,324,mobile
S003584,product_detail,main_image,528,592,mobile
S003584,product_detail,main_image,362,303,mobile
S003585,product_detail,wishlist,1126,908,desktop
S003586,product_detail,reviews_tab,696,1243,app
S003586,product_detail,main_image,393,575,app
S003586,product_detail,reviews_tab,688,1286,app
S003587,product_detail,add_to_cart,1181,934,mobile
S003587,product_detail,add_to_cart,1006,931,mobile
S003587,product_detail,size_chart,872,688,mobile
S003587,product_detail,reviews_tab,984,1214,mobile
S003587,product_detail,main_image,331,564,mobile
S003588,product_detail,wishlist,1120,940,mobile
S003588,product_detail,main_image,432,425,mobile
S003589,product_detail,add_to_cart,1064,925,mobile
S003589,product_detail,wishlist,1101,950,mobile
S003591,product_detail,detail_text,474,1760,desktop
S003591,product_detail,reviews_tab,940,1229,desktop
S003591,product_detail,main_image,515,490,desktop
S003592,product_detail,wishlist,1123,918,desktop
S003592,product_detail,reviews_tab,691,1250,desktop
S003592,product_detail,add_to_cart,1119,913,desktop
S003592,product_detail,main_image,330,542,desktop
S003592,product_detail,reviews_tab,627,1235,desktop
S003593,product_detail,wishlist,1096,926,mobile
S003596,product_detail,detail_text,953,1644,mobile
S003596,product_detail,main_image,596,337,mobile
S003596,product_detail,main_image,625,643,mobile
S003596,product_detail,main_image,515,400,mobile
S003597,product_detail,wishlist,1105,918,mobile
S003597,product_detail,add_to_cart,769,904,mobile
S003598,product_detail,main_image,555,704,desktop
S003598,product_detail,reviews_tab,285,1228,desktop
S003598,product_detail,add_to_cart,1082,929,desktop
S003598,product_detail,size_chart,918,642,desktop
S003599,product_detail,main_image,139,552,app
S003600,product_detail,reviews_tab,938,1219,mobile
S003601,product_detail,add_to_cart,950,918,app
S003601,product_detail,add_to_cart,1044,898,app
S003603,product_detail,reviews_tab,579,1243,desktop
S003603,product_detail,add_to_cart,1090,925,desktop
S003604,product_detail,coupon_banner,393,157,app
S003604,product_detail,main_image,545,603,app
S003604,product_detail,size_chart,886,690,app
S003604,product_detail,main_image,240,871,app
S003604,product_detail,add_to_cart,861,928,app
S003604,product_detail,add_to_cart,1021,942,app
S003605,product_detail,add_to_cart,1178,930,app
S003605,product_detail,add_to_cart,882,938,app
S003606,product_detail,reviews_tab,513,1247,mobile
S003606,product_detail,main_image,123,520,mobile
S003608,product_detail,add_to_cart,1188,925,mobile
S003608,product_detail,reviews_tab,583,1270,mobile
S003609,product_detail,detail_text,686,1707,desktop
S003609,product_detail,add_to_cart,1071,917,desktop
S003612,product_detail,size_chart,878,684,mobile
S003612,product_detail,main_image,472,747,mobile
S003613,product_detail,main_image,288,374,mobile
S003614,product_detail,reviews_tab,635,1256,app
S003614,product_detail,main_image,560,534,app
S003614,product_detail,main_image,238,503,app
S003614,product_detail,main_image,602,334,app
S003615,product_detail,size_chart,909,683,mobile
S003615,product_detail,reviews_tab,543,1246,mobile
S003615,product_detail,main_image,419,406,mobile
S003616,product_detail,reviews_tab,763,1277,app
S003616,product_detail,reviews_tab,699,1263,app
S003616,product_detail,main_image,409,376,app
S003616,product_detail,add_to_cart,912,941,app
S003616,product_detail,reviews_tab,734,1241,app
S003617,product_detail,wishlist,1133,906,app
S003618,product_detail,coupon_banner,1012,205,mobile
S003619,product_detail,thumbnails,160,712,desktop
S003619,product_detail,add_to_cart,1087,959,desktop
S003619,product_detail,main_image,399,474,desktop
S003619,product_detail,main_image,517,478,desktop
S003620,product_detail,add_to_cart,1106,945,app
S003621,product_detail,reviews_tab,834,1263,desktop
S003621,product_detail,main_image,660,349,desktop
S003622,product_detail,add_to_cart,1073,922,mobile
S003623,product_detail,main_image,502,542,app
S003623,product_detail,add_to_cart,1174,877,app
S003624,product_detail,size_chart,939,708,app
S003624,product_detail,add_to_cart,786,910,app
S003625,product_detail,main_image,489,815,desktop
S003625,product_detail,thumbnails,162,700,desktop
S003626,product_detail,reviews_tab,736,1207,app
S003626,product_detail,add_to_cart,1005,945,app
S003628,product_detail,add_to_cart,1224,924,mobile
S003628,product_detail,size_chart,989,666,mobile
S003628,product_detail,size_chart,899,701,mobile
S003628,product_detail,reviews_tab,563,1250,mobile
S003628,product_detail,main_image,414,502,mobile
S003629,product_detail,detail_text,1066,2056,app
S003629,product_detail,main_image,397,624,app
S003629,product_detail,reviews_tab,607,1234,app
S003629,product_detail,size_chart,875,705,app
S003629,product_detail,main_image,422,624,app
S003630,product_detail,main_image,249,636,mobile
S003630,product_detail,size_chart,884,677,mobile
S003631,product_detail,add_to_cart,1221,917,app
S003631,product_detail,add_to_cart,913,924,app
S003633,product_detail,add_to_cart,868,877,app
S003633,product_detail,reviews_tab,843,1245,app
S003633,product_detail,main_image,372,269,app
S003635,product_detail,size_chart,919,708,app
S003635,product_detail,add_to_cart,1037,920,app
S003636,product_detail,coupon_banner,728,182,app
S003636,product_detail,size_chart,929,689,app
S003636,product_detail,size_chart,822,701,app
S003637,product_detail,main_image,383,641,mobile
S003638,product_detail,main_image,337,690,app
S003638,product_detail,main_image,520,663,app
S003638,product_detail,size_chart,847,693,app
S003638,product_detail,reviews_tab,674,1281,app
S003638,product_detail,main_image,444,523,app
S003639,product_detail,reviews_tab,413,1244,mobile
S003639,product_detail,main_image,571,206,mobile
S003639,product_detail,reviews_tab,710,1226,mobile
S003640,product_detail,add_to_cart,955,942,app
S003644,product_detail,main_image,336,354,app
S003645,product_detail,main_image,356,354,desktop
S003646,product_detail,reviews_tab,482,1248,app
S003647,product_detail,main_image,306,596,desktop
S003647,product_detail,main_image,563,408,desktop
S003648,product_detail,thumbnails,173,627,app
S003649,product_detail,detail_text,671,2543,mobile
S003649,product_detail,main_image,409,528,mobile
S003649,product_detail,main_image,422,410,mobile
S003649,product_detail,main_image,394,728,mobile
S003650,product_detail,add_to_cart,948,953,app
S003650,product_detail,main_image,531,371,app
S003651,product_detail,size_chart,972,685,app
S003651,product_detail,thumbnails,152,518,app
S003651,product_detail,size_chart,944,727,app
S003653,product_detail,main_image,344,491,mobile
S003653,product_detail,add_to_cart,864,940,mobile
S003653,product_detail,detail_text,1231,1747,mobile
S003655,product_detail,main_image,598,50,mobile
S003655,product_detail,size_chart,999,710,mobile
S003655,product_detail,main_image,307,499,mobile
S003655,product_detail,add_to_cart,928,922,mobile
S003655,product_detail,size_chart,955,680,mobile
S003656,product_detail,add_to_cart,926,889,desktop
S003656,product_detail,thumbnails,152,711,desktop
S003656,product_detail,main_image,282,297,desktop
S003656,product_detail,main_image,599,357,desktop
S003656,product_detail,add_to_cart,991,916,desktop
S003657,product_detail,size_chart,909,701,desktop
S003657,product_detail,thumbnails,205,730,desktop
S003657,product_detail,detail_text,470,2507,desktop
S003657,product_detail,coupon_banner,739,239,desktop
S003658,product_detail,reviews_tab,833,1261,mobile
S003658,product_detail,reviews_tab,672,1228,mobile
S003658,product_detail,main_image,237,448,mobile
S003658,product_detail,main_image,213,630,mobile
S003660,product_detail,detail_text,1070,1297,mobile
S003660,product_detail,main_image,392,750,mobile
S003660,product_detail,coupon_banner,545,164,mobile
S003660,product_detail,coupon_banner,711,169,mobile
S003660,product_detail,coupon_banner,1065,153,mobile
S003660,product_detail,reviews_tab,694,1254,mobile
S003660,product_detail,add_to_cart,956,931,mobile
S003661,product_detail,main_image,365,699,app
S003662,product_detail,reviews_tab,541,1237,mobile
S003662,product_detail,wishlist,1167,892,mobile
S003663,product_detail,detail_text,754,1458,desktop
S003663,product_detail,main_image,294,715,desktop
S003663,product_detail,size_chart,902,726,desktop
S003663,product_detail,size_chart,826,692,desktop
S003665,product_detail,thumbnails,135,840,desktop
S003665,product_detail,add_to_cart,1039,906,desktop
S003665,product_detail,reviews_tab,602,1196,desktop
S003667,product_detail,reviews_tab,842,1259,mobile
S003668,product_detail,main_image,317,460,app
S003668,product_detail,main_image,523,524,app
S003669,product_detail,size_chart,941,674,mobile
S003669,product_detail,main_image,601,341,mobile
S003670,product_detail,main_image,484,486,mobile
S003670,product_detail,size_chart,958,678,mobile
S003671,product_detail,main_image,348,632,desktop
S003671,product_detail,reviews_tab,812,1216,desktop
S003671,product_detail,size_chart,874,694,desktop
S003672,product_detail,thumbnails,216,820,mobile
S003672,product_detail,main_image,329,715,mobile
S003672,product_detail,detail_text,250,1581,mobile
S003673,product_detail,detail_text,456,2095,mobile
S003674,product_detail,main_image,735,361,app
S003675,product_detail,wishlist,1128,914,mobile
S003675,product_detail,size_chart,786,689,mobile
S003675,product_detail,size_chart,1010,655,mobile
S003675,product_detail,main_image,327,808,mobile
S003675,product_detail,reviews_tab,464,1242,mobile
S003675,product_detail,reviews_tab,442,1241,mobile
S003675,product_detail,add_to_cart,1021,958,mobile
S003676,product_detail,main_image,418,666,mobile
S003676,product_detail,reviews_tab,496,1237,mobile
S003678,product_detail,add_to_cart,1023,922,app
S003678,product_detail,main_image,323,709,app
S003679,product_detail,add_to_cart,1026,915,mobile
S003679,product_detail,size_chart,912,710,mobile
S003679,product_detail,reviews_tab,358,1215,mobile
S003679,product_detail,wishlist,1151,919,mobile
S003679,product_detail,add_to_cart,982,888,mobile
S003681,product_detail,size_chart,772,696,mobile
S003682,product_detail,add_to_cart,842,862,desktop
S003683,product_detail,size_chart,870,676,mobile
S003683,product_detail,detail_text,738,2599,mobile
S003683,product_detail,size_chart,853,666,mobile
S003684,product_detail,reviews_tab,613,1253,mobile
S003687,product_detail,add_to_cart,1014,885,app
S003687,product_detail,detail_text,601,1784,app
S003687,product_detail,main_image,315,477,app
S003687,product_detail,size_chart,937,687,app
S003689,product_detail,size_chart,780,666,app
S003689,product_detail,main_image,409,479,app
S003689,product_detail,main_image,654,436,app
S003689,product_detail,add_to_cart,1143,928,app
S003692,product_detail,detail_text,567,1986,desktop
S003692,product_detail,reviews_tab,797,1263,desktop
S003692,product_detail,coupon_banner,1143,193,desktop
S003692,product_detail,reviews_tab,539,1205,desktop
S003693,product_detail,reviews_tab,764,1289,app
S003693,product_detail,main_image,355,497,app
S003694,product_detail,size_chart,905,701,app
S003695,product_detail,size_chart,842,686,mobile
S003695,product_detail,add_to_cart,1043,950,mobile
S003698,product_detail,main_image,425,289,app
S003699,product_detail,thumbnails,159,816,app
S003699,product_detail,size_chart,808,717,app
S003699,product_detail,add_to_cart,950,906,app
S003699,product_detail,main_image,423,295,app
S003699,product_detail,size_chart,952,717,app
S003699,product_detail,main_image,480,931,app
S003700,product_detail,main_image,326,273,app
S003700,product_detail,wishlist,1135,932,app
S003700,product_detail,reviews_tab,351,1262,app
S003701,product_detail,reviews_tab,716,1244,desktop
S003702,product_detail,wishlist,1149,894,mobile
S003702,product_detail,main_image,269,441,mobile
S003703,product_detail,detail_text,570,1647,app
S003705,product_detail,main_image,248,649,app
S003705,product_detail,size_chart,874,698,app
S003708,product_detail,add_to_cart,943,954,app
S003708,product_detail,main_image,599,1011,app
S003709,product_detail,main_image,447,635,mobile
S003711,product_detail,add_to_cart,989,922,app
S003712,product_detail,main_image,485,263,mobile
S003714,product_detail,main_image,552,701,app
S003714,product_detail,detail_text,469,1827,app
S003715,product_detail,add_to_cart,1035,918,mobile
S003715,product_detail,size_chart,887,671,mobile
S003715,product_detail,main_image,332,405,mobile
S003715,product_detail,main_image,430,718,mobile
S003715,product_detail,thumbnails,181,880,mobile
S003715,product_detail,add_to_cart,1020,915,mobile
S003716,product_detail,thumbnails,169,765,app
S003716,product_detail,main_image,106,527,app
S003716,product_detail,main_image,298,447,app
S003716,product_detail,thumbnails,120,810,app
S003717,product_detail,coupon_banner,927,218,mobile
S003717,product_detail,add_to_cart,907,935,mobile
S003718,product_detail,size_chart,1050,670,app
S003718,product_detail,detail_text,0,2127,app
S003720,product_detail,main_image,423,318,desktop
S003720,product_detail,wishlist,1099,967,desktop
S003720,product_detail,reviews_tab,512,1243,desktop
S003720,product_detail,main_image,362,585,desktop
S003721,product_detail,size_chart,892,707,desktop
S003721,product_detail,reviews_tab,813,1240,desktop
S003722,product_detail,add_to_cart,1019,924,mobile
S003722,product_detail,main_image,373,961,mobile
S003723,product_detail,size_chart,803,703,mobile
S003726,product_detail,main_image,446,718,app
S003727,product_detail,coupon_banner,976,225,mobile
S003727,product_detail,size_chart,824,711,mobile
S003727,product_detail,main_image,527,755,mobile
S003727,product_detail,reviews_tab,309,1258,mobile
S003730,product_detail,wishlist,1105,929,app
S003730,product_detail,reviews_tab,880,1232,app
S003731,product_detail,reviews_tab,645,1244,mobile
S003731,product_detail,main_image,92,698,mobile
S003732,product_detail,add_to_cart,979,914,mobile
S003732,product_detail,main_image,599,700,mobile
S003732,product_detail,add_to_cart,1061,901,mobile
S003733,product_detail,size_chart,919,715,mobile
S003733,product_detail,main_image,225,337,mobile
S003733,product_detail,detail_text,461,2301,mobile
S003733,product_detail,main_image,523,303,mobile
S003733,product_detail,coupon_banner,494,191,mobile
S003734,product_detail,reviews_tab,465,1251,app
S003734,product_detail,add_to_cart,919,842,app
S003734,product_detail,main_image,327,646,app
S003734,product_detail,main_image,538,400,app
S003735,product_detail,add_to_cart,1110,933,mobile
S003735,product_detail,size_chart,786,726,mobile
S003736,product_detail,main_image,509,411,mobile
S003736,product_detail,add_to_cart,1026,929,mobile
S003737,product_detail,add_to_cart,1183,889,mobile
S003737,product_detail,wishlist,1165,923,mobile
S003737,product_detail,thumbnails,159,873,mobile
S003737,product_detail,reviews_tab,666,1266,mobile
S003739,product_detail,size_chart,967,699,app
S003740,product_detail,add_to_cart,957,890,mobile
S003741,product_detail,main_image,348,608,mobile
S003741,product_detail,size_chart,987,700,mobile
S003743,product_detail,detail_text,666,2228,mobile
S003743,product_detail,main_image,148,638,mobile
S003743,product_detail,add_to_cart,953,913,mobile
S003743,product_detail,detail_text,682,1876,mobile
S003746,product_detail,coupon_banner,530,189,mobile
S003746,product_detail,add_to_cart,924,903,mobile
S003746,product_detail,wishlist,1104,958,mobile
S003746,product_detail,size_chart,968,685,mobile
S003746,product_detail,detail_text,714,1981,mobile
S003746,product_detail,reviews_tab,554,1228,mobile
S003748,product_detail,add_to_cart,955,957,desktop
S003748,product_detail,main_image,513,716,desktop
S003748,product_detail,add_to_cart,1082,984,desktop
S003749,product_detail,size_chart,744,683,mobile
S003750,product_detail,thumbnails,183,719,mobile
S003750,product_detail,reviews_tab,611,1253,mobile
S003750,product_detail,reviews_tab,281,1249,mobile
S003750,product_detail,thumbnails,106,830,mobile
S003750,product_detail,main_image,265,442,mobile
S003750,product_detail,thumbnails,186,811,mobile
S003751,product_detail,thumbnails,96,709,mobile
S003752,product_detail,reviews_tab,758,1246,desktop
S003752,product_detail,add_to_cart,989,862,desktop
S003752,product_detail,main_image,444,543,desktop
S003753,product_detail,detail_text,722,1996,app
S003754,product_detail,main_image,494,343,desktop
S003755,product_detail,add_to_cart,909,903,app
S003758,product_detail,main_image,253,245,desktop
S003759,product_detail,coupon_banner,301,207,mobile
S003759,product_detail,detail_text,701,2330,mobile
S003759,product_detail,size_chart,949,699,mobile
S003760,product_detail,reviews_tab,803,1258,mobile
S003760,product_detail,main_image,403,469,mobile
S003762,product_detail,detail_text,799,2109,mobile
S003762,product_detail,add_to_cart,1093,941,mobile
S003762,product_detail,reviews_tab,657,1243,mobile
S003763,product_detail,thumbnails,138,799,app
S003763,product_detail,reviews_tab,880,1257,app
S003764,product_detail,main_image,521,334,app
S003764,product_detail,main_image,644,356,app
S003766,product_detail,main_image,145,597,app
S003767,product_detail,reviews_tab,975,1219,desktop
S003767,product_detail,reviews_tab,806,1254,desktop
S003768,product_detail,add_to_cart,1118,911,app
S003768,product_detail,add_to_cart,938,912,app
S003768,product_detail,reviews_tab,384,1256,app
S003770,product_detail,main_image,287,370,mobile
S003770,product_detail,add_to_cart,856,919,mobile
S003772,product_detail,reviews_tab,730,1238,mobile
S003772,product_detail,main_image,453,215,mobile
S003773,product_detail,add_to_cart,980,910,app
S003773,product_detail,size_chart,914,708,app
S003774,product_detail,reviews_tab,664,1259,app
S003774,product_detail,main_image,448,340,app
S003775,product_detail,size_chart,765,681,mobile
S003776,product_detail,add_to_cart,767,937,mobile
S003779,product_detail,main_image,596,805,mobile
S003781,product_detail,size_chart,797,664,app
S003781,product_detail,add_to_cart,1029,948,app
S003785,product_detail,thumbnails,214,799,app
S003786,product_detail,reviews_tab,704,1265,app
S003786,product_detail,reviews_tab,585,1249,app
S003786,product_detail,add_to_cart,1086,942,app
S003786,product_detail,reviews_tab,676,1229,app
S003787,product_detail,size_chart,979,714,mobile
S003789,product_detail,main_image,433,663,mobile
S003790,product_detail,main_image,420,690,mobile
S003790,product_detail,add_to_cart,1008,883,mobile
S003791,product_detail,add_to_cart,863,977,desktop
S003792,product_detail,main_image,571,560,mobile
S003792,product_detail,reviews_tab,514,1238,mobile
S003792,product_detail,detail_text,570,1935,mobile
S003793,product_detail,reviews_tab,557,1218,app
S003795,product_detail,reviews_tab,960,1259,desktop
S003796,product_detail,size_chart,857,693,app
S003798,product_detail,detail_text,502,1862,app
S003798,product_detail,thumbnails,118,831,app
S003799,product_detail,main_image,404,107,mobile
S003799,product_detail,main_image,431,196,mobile
S003799,product_detail,wishlist,1182,910,mobile
S003800,product_detail,reviews_tab,576,1264,desktop
S003800,product_detail,add_to_cart,852,924,desktop
S003802,product_detail,main_image,594,590,app
S003802,product_detail,main_image,363,929,app
S003803,product_detail,add_to_cart,1154,942,desktop
S003803,product_detail,size_chart,935,707,desktop
S003804,product_detail,main_image,293,528,desktop
S003805,product_detail,main_image,351,547,desktop
S003805,product_detail,size_chart,930,686,desktop
S003805,product_detail,size_chart,917,697,desktop
S003805,product_detail,add_to_cart,812,884,desktop
S003807,product_detail,reviews_tab,573,1269,desktop
S003807,product_detail,reviews_tab,332,1225,desktop
S003809,product_detail,add_to_cart,984,924,desktop
S003809,product_detail,reviews_tab,509,1254,desktop
S003809,product_detail,size_chart,989,749,desktop
S003809,product_detail,main_image,293,723,desktop
S003810,product_detail,detail_text,651,1656,desktop
S003810,product_detail,add_to_cart,1049,916,desktop
S003811,product_detail,size_chart,784,684,app
S003811,product_detail,reviews_tab,832,1230,app
S003812,product_detail,add_to_cart,951,906,mobile
S003812,product_detail,reviews_tab,748,1236,mobile
S003814,product_detail,add_to_cart,1064,917,desktop
S003814,product_detail,thumbnails,126,970,desktop
S003815,product_detail,size_chart,872,675,desktop
S003815,product_detail,size_chart,777,701,desktop
S003815,product_detail,main_image,433,687,desktop
S003815,product_detail,reviews_tab,742,1210,desktop
S003817,product_detail,add_to_cart,1057,896,app
S003817,product_detail,add_to_cart,1001,933,app
S003817,product_detail,main_image,348,703,app
S003817,product_detail,wishlist,1163,892,app
S003818,product_detail,coupon_banner,1073,183,app
S003818,product_detail,add_to_cart,997,952,app
S003820,product_detail,detail_text,1206,2417,mobile
S003820,product_detail,reviews_tab,659,1265,mobile
S003820,product_detail,size_chart,861,704,mobile
S003820,product_detail,main_image,309,558,mobile
S003820,product_detail,main_image,204,600,mobile
S003820,product_detail,thumbnails,167,794,mobile
S003821,product_detail,reviews_tab,664,1261,mobile
S003821,product_detail,add_to_cart,1020,920,mobile
S003824,product_detail,wishlist,1148,937,app
S003824,product_detail,add_to_cart,1093,941,app
S003825,product_detail,detail_text,846,1771,mobile
S003825,product_detail,detail_text,453,1665,mobile
S003825,product_detail,main_image,362,368,mobile
S003825,product_detail,detail_text,239,2342,mobile
S003825,product_detail,coupon_banner,133,196,mobile
S003825,product_detail,main_image,336,538,mobile
S003825,product_detail,main_image,685,585,mobile
S003827,product_detail,thumbnails,159,800,mobile
S003827,product_detail,size_chart,890,708,mobile
S003827,product_detail,add_to_cart,1101,897,mobile
S003828,product_detail,size_chart,888,724,app
S003828,product_detail,main_image,380,230,app
S003828,product_detail,add_to_cart,810,934,app
S003829,product_detail,main_image,543,393,desktop
S003829,product_detail,main_image,578,394,desktop
S003831,product_detail,detail_text,1081,2247,app
S003831,product_detail,reviews_tab,443,1281,app
S003831,product_detail,thumbnails,119,527,app
S003832,product_detail,size_chart,805,718,app
S003832,product_detail,main_image,406,340,app
S003832,product_detail,detail_text,947,1806,app
S003832,product_detail,add_to_cart,1009,878,app
S003832,product_detail,main_image,534,569,app
S003833,product_detail,main_image,642,420,app
S003833,product_detail,reviews_tab,932,1246,app
S003833,product_detail,reviews_tab,851,1253,app
S003834,product_detail,reviews_tab,902,1279,mobile
S003835,product_detail,add_to_cart,920,929,desktop
S003835,product_detail,add_to_cart,1079,925,desktop
S003835,product_detail,size_chart,917,674,desktop
S003835,product_detail,main_image,496,292,desktop
S003835,product_detail,main_image,483,265,desktop
S003835,product_detail,reviews_tab,588,1249,desktop
S003836,product_detail,size_chart,927,702,mobile
S003837,product_detail,main_image,419,809,desktop
S003837,product_detail,main_image,453,661,desktop
S003838,product_detail,add_to_cart,887,868,mobile
S003839,product_detail,main_image,554,409,desktop
S003839,product_detail,add_to_cart,906,887,desktop
S003839,product_detail,thumbnails,182,878,desktop
S003840,product_detail,reviews_tab,436,1227,desktop
S003840,product_detail,main_image,403,545,desktop
S003841,product_detail,main_image,456,544,mobile
S003843,product_detail,add_to_cart,981,919,app
S003844,product_detail,thumbnails,136,817,mobile
S003845,product_detail,reviews_tab,463,1248,mobile
S003845,product_detail,size_chart,790,732,mobile
S003845,product_detail,main_image,401,582,mobile
S003845,product_detail,add_to_cart,938,916,mobile
S003846,product_detail,main_image,525,543,desktop
S003846,product_detail,size_chart,803,683,desktop
S003849,product_detail,add_to_cart,1110,944,app
S003849,product_detail,reviews_tab,659,1274,app
S003849,product_detail,size_chart,773,695,app
S003849,product_detail,detail_text,295,2085,app
S003849,product_detail,main_image,482,291,app
S003850,product_detail,reviews_tab,543,1254,desktop
S003850,product_detail,size_chart,937,704,desktop
S003850,product_detail,reviews_tab,469,1270,desktop
S003851,product_detail,add_to_cart,1003,892,desktop
S003851,product_detail,wishlist,1151,933,desktop
S003851,product_detail,add_to_cart,1069,899,desktop
S003853,product_detail,add_to_cart,781,865,mobile
S003853,product_detail,size_chart,790,674,mobile
S003853,product_detail,add_to_cart,1027,881,mobile
S003853,product_detail,detail_text,252,1863,mobile
S003853,product_detail,add_to_cart,1006,895,mobile
S003853,product_detail,coupon_banner,774,146,mobile
S003855,product_detail,main_image,384,355,mobile
S003857,product_detail,size_chart,955,712,desktop
S003857,product_detail,detail_text,301,1782,desktop
S003859,product_detail,reviews_tab,707,1267,mobile
S003860,product_detail,reviews_tab,948,1245,app
S003860,product_detail,main_image,600,574,app
S003862,product_detail,size_chart,851,704,mobile
S003862,product_detail,size_chart,797,705,mobile
S003862,product_detail,detail_text,584,2070,mobile
S003863,product_detail,main_image,524,421,mobile
S003863,product_detail,add_to_cart,1072,898,mobile
S003864,product_detail,add_to_cart,1074,939,mobile
S003864,product_detail,add_to_cart,939,910,mobile
S003865,product_detail,detail_text,973,1845,app
S003865,product_detail,coupon_banner,620,196,app
S003866,product_detail,add_to_cart,917,927,mobile
S003866,product_detail,main_image,485,629,mobile
S003866,product_detail,add_to_cart,970,922,mobile
S003867,product_detail,reviews_tab,787,1237,mobile
S003868,product_detail,detail_text,113,1734,app
S003868,product_detail,thumbnails,195,691,app
S003868,product_detail,size_chart,955,663,app
S003868,product_detail,thumbnails,146,723,app
S003870,product_detail,main_image,298,595,app
S003871,product_detail,add_to_cart,840,905,mobile
S003871,product_detail,main_image,349,484,mobile
S003871,product_detail,detail_text,518,2189,mobile
S003872,product_detail,coupon_banner,732,191,app
S003872,product_detail,detail_text,218,2003,app
S003873,product_detail,main_image,389,632,mobile
S003873,product_detail,wishlist,1148,905,mobile
S003874,product_detail,detail_text,232,2169,mobile
S003874,product_detail,add_to_cart,922,938,mobile
S003874,product_detail,main_image,420,461,mobile
S003874,product_detail,main_image,514,685,mobile
S003874,product_detail,add_to_cart,1243,899,mobile
S003874,product_detail,add_to_cart,970,882,mobile
S003874,product_detail,add_to_cart,1016,880,mobile
S003874,product_detail,main_image,606,573,mobile
S003874,product_detail,thumbnails,177,628,mobile
S003875,product_detail,detail_text,0,1594,mobile
S003875,product_detail,detail_text,689,1789,mobile
S003876,product_detail,add_to_cart,1200,899,mobile
S003876,product_detail,size_chart,953,688,mobile
S003876,product_detail,size_chart,931,674,mobile
S003876,product_detail,reviews_tab,660,1254,mobile
S003876,product_detail,add_to_cart,1015,898,mobile
S003876,product_detail,add_to_cart,1069,897,mobile
S003877,product_detail,main_image,597,277,desktop
S003877,product_detail,size_chart,966,741,desktop
S003878,product_detail,main_image,509,459,mobile
S003878,product_detail,reviews_tab,922,1280,mobile
S003880,product_detail,add_to_cart,1109,914,mobile
S003880,product_detail,size_chart,942,682,mobile
S003880,product_detail,reviews_tab,701,1253,mobile
S003881,product_detail,thumbnails,191,761,mobile
S003881,product_detail,detail_text,361,1445,mobile
S003881,product_detail,thumbnails,143,979,mobile
S003881,product_detail,size_chart,788,700,mobile
S003882,product_detail,main_image,421,362,mobile
S003882,product_detail,wishlist,1132,930,mobile
S003882,product_detail,main_image,434,660,mobile
S003883,product_detail,main_image,398,525,mobile
S003883,product_detail,wishlist,1109,941,mobile
S003883,product_detail,add_to_cart,865,935,mobile
S003883,product_detail,size_chart,972,668,mobile
S003883,product_detail,wishlist,1141,908,mobile
S003884,product_detail,coupon_banner,377,192,mobile
S003884,product_detail,add_to_cart,1071,923,mobile
S003884,product_detail,thumbnails,209,829,mobile
S003884,product_detail,add_to_cart,949,877,mobile
S003884,product_detail,main_image,513,465,mobile
S003885,product_detail,main_image,272,442,mobile
S003887,product_detail,main_image,383,390,mobile
S003887,product_detail,wishlist,1157,928,mobile
S003887,product_detail,main_image,441,591,mobile
S003888,product_detail,main_image,239,610,mobile
S003888,product_detail,main_image,284,581,mobile
S003889,product_detail,main_image,414,527,app
S003889,product_detail,add_to_cart,1026,913,app
S003889,product_detail,detail_text,1165,1511,app
S003890,product_detail,main_image,343,631,mobile
S003890,product_detail,main_image,628,441,mobile
S003891,product_detail,add_to_cart,1091,905,app
S003891,product_detail,main_image,336,760,app
S003892,product_detail,add_to_cart,1087,924,app
S003893,product_detail,size_chart,921,681,mobile
S003893,product_detail,reviews_tab,772,1240,mobile
S003893,product_detail,reviews_tab,853,1281,mobile
S003894,product_detail,reviews_tab,741,1232,mobile
S003894,product_detail,detail_text,1083,2297,mobile
S003894,product_detail,add_to_cart,1196,934,mobile
S003894,product_detail,reviews_tab,614,1293,mobile
S003894,product_detail,main_image,547,494,mobile
S003895,product_detail,size_chart,826,691,app
S003895,product_detail,main_image,472,445,app
S003896,product_detail,reviews_tab,439,1248,app
S003896,product_detail,main_image,455,409,app
S003896,product_detail,reviews_tab,485,1216,app
S003897,product_detail,detail_text,170,2537,desktop
S003898,product_detail,reviews_tab,563,1225,app
S003898,product_detail,add_to_cart,1110,894,app
S003899,product_detail,detail_text,798,1940,desktop
S003899,product_detail,detail_text,770,1713,desktop
S003900,product_detail,reviews_tab,714,1243,app
S003900,product_detail,add_to_cart,1160,895,app
S003901,product_detail,detail_text,775,1986,mobile
S003901,product_detail,add_to_cart,1225,918,mobile
S003902,product_detail,size_chart,818,714,app
S003903,product_detail,main_image,395,411,desktop
S003904,product_detail,size_chart,913,723,mobile
S003904,product_detail,main_image,485,550,mobile
S003904,product_detail,reviews_tab,582,1242,mobile
S003906,product_detail,reviews_tab,868,1214,app
S003906,product_detail,main_image,234,397,app
S003907,product_detail,size_chart,811,687,mobile
S003907,product_detail,size_chart,885,710,mobile
S003908,product_detail,main_image,613,581,desktop
S003909,product_detail,reviews_tab,678,1237,app
S003909,product_detail,main_image,369,533,app
S003909,product_detail,add_to_cart,1057,934,app
S003909,product_detail,main_image,517,596,app
S003910,product_detail,wishlist,1107,908,desktop
S003910,product_detail,coupon_banner,797,193,desktop
S003912,product_detail,size_chart,956,696,mobile
S003912,product_detail,reviews_tab,725,1236,mobile
S003912,product_detail,main_image,365,648,mobile
S003912,product_detail,coupon_banner,817,262,mobile
S003912,product_detail,detail_text,564,2000,mobile
S003912,product_detail,size_chart,954,730,mobile
S003912,product_detail,reviews_tab,826,1241,mobile
S003912,product_detail,size_chart,1052,684,mobile
S003913,product_detail,size_chart,966,697,mobile
S003913,product_detail,main_image,182,558,mobile
S003913,product_detail,main_image,257,242,mobile
S003913,product_detail,size_chart,853,698,mobile
S003913,product_detail,main_image,360,165,mobile
S003913,product_detail,main_image,396,334,mobile
S003915,product_detail,thumbnails,117,891,desktop
S003915,product_detail,add_to_cart,1224,930,desktop
S003915,product_detail,detail_text,742,1773,desktop
S003916,product_detail,add_to_cart,1035,883,app
S003916,product_detail,add_to_cart,999,913,app
S003919,product_detail,main_image,405,504,desktop
S003919,product_detail,wishlist,1124,914,desktop
S003921,product_detail,coupon_banner,330,214,mobile
S003922,product_detail,main_image,644,393,app
S003922,product_detail,main_image,254,418,app
S003922,product_detail,thumbnails,166,722,app
S003922,product_detail,size_chart,873,682,app
S003924,product_detail,reviews_tab,740,1228,app
S003924,product_detail,main_image,381,289,app
S003925,product_detail,main_image,422,541,mobile
S003926,product_detail,reviews_tab,514,1297,app
S003926,product_detail,size_chart,668,690,app
S003927,product_detail,wishlist,1154,934,desktop
S003927,product_detail,thumbnails,145,789,desktop
S003927,product_detail,main_image,331,693,desktop
S003927,product_detail,main_image,446,475,desktop
S003927,product_detail,reviews_tab,681,1255,desktop
S003927,product_detail,main_image,623,589,desktop
S003927,product_detail,main_image,480,519,desktop
S003927,product_detail,detail_text,700,1960,desktop
S003927,product_detail,add_to_cart,1135,947,desktop
S003927,product_detail,size_chart,898,662,desktop
S003927,product_detail,main_image,408,253,desktop
S003928,product_detail,add_to_cart,903,932,desktop
S003929,product_detail,main_image,487,654,app
S003929,product_detail,size_chart,843,721,app
S003929,product_detail,detail_text,144,1917,app
S003931,product_detail,reviews_tab,463,1265,mobile
S003932,product_detail,add_to_cart,1106,943,desktop
S003932,product_detail,detail_text,605,1765,desktop
S003932,product_detail,detail_text,811,1429,desktop
S003933,product_detail,size_chart,804,683,desktop
S003933,product_detail,add_to_cart,895,945,desktop
S003933,product_detail,add_to_cart,927,905,desktop
S003933,product_detail,reviews_tab,711,1243,desktop
S003934,product_detail,main_image,448,447,mobile
S003934,product_detail,reviews_tab,769,1254,mobile
S003934,product_detail,coupon_banner,796,184,mobile
S003935,product_detail,detail_text,743,1752,app
S003935,product_detail,size_chart,731,690,app
S003935,product_detail,coupon_banner,980,183,app
S003935,product_detail,reviews_tab,668,1259,app
S003937,product_detail,add_to_cart,938,947,desktop
S003938,product_detail,detail_text,674,1536,mobile
S003938,product_detail,size_chart,941,683,mobile
S003939,product_detail,add_to_cart,1140,944,app
S003939,product_detail,size_chart,967,699,app
S003939,product_detail,main_image,454,534,app
S003940,product_detail,size_chart,799,719,mobile
S003940,product_detail,thumbnails,122,643,mobile
S003940,product_detail,size_chart,891,658,mobile
S003940,product_detail,detail_text,1225,1600,mobile
S003940,product_detail,size_chart,922,720,mobile
S003941,product_detail,main_image,504,329,mobile
S003941,product_detail,reviews_tab,617,1214,mobile
S003942,product_detail,main_image,232,337,app
S003942,product_detail,thumbnails,134,834,app
S003943,product_detail,main_image,374,631,mobile
S003943,product_detail,reviews_tab,662,1256,mobile
S003943,product_detail,detail_text,527,1593,mobile
S003943,product_detail,size_chart,888,710,mobile
S003943,product_detail,detail_text,820,2273,mobile
S003943,product_detail,main_image,415,787,mobile
S003947,product_detail,main_image,712,334,desktop
S003948,product_detail,main_image,580,255,app
S003948,product_detail,add_to_cart,1031,958,app
S003948,product_detail,thumbnails,155,791,app
S003948,product_detail,reviews_tab,447,1241,app
S003949,product_detail,main_image,536,663,app
S003949,product_detail,thumbnails,92,609,app
S003950,product_detail,detail_text,1003,1857,mobile
S003950,product_detail,reviews_tab,728,1258,mobile
S003950,product_detail,size_chart,899,654,mobile
S003951,product_detail,main_image,388,310,app
S003951,product_detail,size_chart,885,703,app
S003952,product_detail,wishlist,1125,886,desktop
S003953,product_detail,main_image,431,460,app
S003953,product_detail,main_image,583,529,app
S003953,product_detail,main_image,386,273,app
S003954,product_detail,add_to_cart,1074,924,mobile
S003954,product_detail,main_image,381,637,mobile
S003954,product_detail,reviews_tab,422,1268,mobile
S003954,product_detail,add_to_cart,936,911,mobile
S003954,product_detail,size_chart,962,706,mobile
S003954,product_detail,wishlist,1160,912,mobile
S003954,product_detail,main_image,580,513,mobile
S003954,product_detail,main_image,415,351,mobile
S003954,product_detail,add_to_cart,1084,929,mobile
S003955,product_detail,reviews_tab,146,1228,app
S003955,product_detail,reviews_tab,241,1246,app
S003956,product_detail,thumbnails,82,800,app
S003956,product_detail,thumbnails,189,680,app
S003956,product_detail,main_image,542,329,app
S003956,product_detail,size_chart,916,686,app
S003956,product_detail,main_image,470,651,app
S003956,product_detail,detail_text,995,1915,app
S003957,product_detail,reviews_tab,734,1261,app
S003958,product_detail,detail_text,605,1527,app
S003958,product_detail,add_to_cart,1035,901,app
S003960,product_detail,add_to_cart,1051,892,desktop
S003960,product_detail,main_image,353,299,desktop
S003960,product_detail,main_image,419,438,desktop
S003961,product_detail,detail_text,552,1769,desktop
S003961,product_detail,main_image,638,468,desktop
S003961,product_detail,size_chart,865,693,desktop
S003961,product_detail,main_image,485,444,desktop
S003961,product_detail,main_image,351,443,desktop
S003962,product_detail,size_chart,975,707,app
S003962,product_detail,size_chart,850,694,app
S003962,product_detail,wishlist,1175,910,app
S003962,product_detail,wishlist,1136,910,app
S003963,product_detail,detail_text,986,2214,app
S003964,product_detail,reviews_tab,758,1259,desktop
S003964,product_detail,reviews_tab,388,1260,desktop
S003965,product_detail,reviews_tab,911,1260,mobile
S003965,product_detail,add_to_cart,988,860,mobile
S003966,product_detail,add_to_cart,993,903,mobile
S003969,product_detail,coupon_banner,785,207,mobile
S003969,product_detail,add_to_cart,808,901,mobile
S003971,product_detail,main_image,465,126,mobile
S003971,product_detail,main_image,499,410,mobile
S003973,product_detail,main_image,314,876,mobile
S003973,product_detail,main_image,360,677,mobile
S003973,product_detail,coupon_banner,1173,213,mobile
S003973,product_detail,add_to_cart,1213,919,mobile
S003975,product_detail,main_image,374,388,mobile
S003975,product_detail,reviews_tab,625,1242,mobile
S003975,product_detail,main_image,362,423,mobile
S003975,product_detail,main_image,231,434,mobile
S003975,product_detail,add_to_cart,1017,934,mobile
S003976,product_detail,add_to_cart,889,895,mobile
S003976,product_detail,main_image,467,678,mobile
S003976,product_detail,reviews_tab,616,1251,mobile
S003978,product_detail,size_chart,923,698,mobile
S003978,product_detail,reviews_tab,668,1256,mobile
S003978,product_detail,add_to_cart,1147,945,mobile
S003978,product_detail,add_to_cart,822,890,mobile
S003979,product_detail,coupon_banner,427,238,app
S003979,product_detail,add_to_cart,1038,881,app
S003979,product_detail,size_chart,885,680,app
S003979,product_detail,coupon_banner,889,287,app
S003979,product_detail,detail_text,590,1567,app
S003979,product_detail,main_image,331,565,app
S003980,product_detail,reviews_tab,462,1207,mobile
S003980,product_detail,main_image,256,586,mobile
S003980,product_detail,thumbnails,135,826,mobile
S003980,product_detail,reviews_tab,579,1254,mobile
S003981,product_detail,add_to_cart,1279,889,mobile
S003981,product_detail,reviews_tab,477,1278,mobile
S003981,product_detail,add_to_cart,1023,911,mobile
S003981,product_detail,reviews_tab,689,1241,mobile
S003981,product_detail,main_image,532,408,mobile
S003983,product_detail,detail_text,158,1517,desktop
S003983,product_detail,add_to_cart,995,919,desktop
S003984,product_detail,main_image,355,812,mobile
S003984,product_detail,main_image,610,584,mobile
S003985,product_detail,add_to_cart,942,879,desktop
S003985,product_detail,size_chart,992,689,desktop
S003986,product_detail,add_to_cart,1096,915,mobile
S003986,product_detail,add_to_cart,914,909,mobile
S003988,product_detail,main_image,339,474,app
S003988,product_detail,reviews_tab,455,1234,app
S003990,product_detail,main_image,354,504,app
S003990,product_detail,main_image,273,526,app
S003991,product_detail,add_to_cart,1098,918,mobile
S003991,product_detail,reviews_tab,343,1253,mobile
S003993,product_detail,main_image,527,599,mobile
S003993,product_detail,size_chart,863,693,mobile
S003994,product_detail,wishlist,1107,927,mobile
S003994,product_detail,reviews_tab,496,1263,mobile
S003995,product_detail,main_image,518,750,mobile
S003995,product_detail,main_image,707,237,mobile
S003997,product_detail,reviews_tab,306,1254,mobile
S003998,product_detail,thumbnails,114,750,mobile
S003998,product_detail,add_to_cart,1009,924,mobile
S003999,product_detail,coupon_banner,448,189,app
S003999,product_detail,wishlist,1148,921,app
S004000,product_detail,add_to_cart,809,911,mobile
S004000,product_detail,reviews_tab,446,1233,mobile
S004001,product_detail,reviews_tab,606,1262,mobile
S004001,product_detail,main_image,413,602,mobile
S004001,product_detail,thumbnails,78,762,mobile
S004001,product_detail,main_image,227,448,mobile
S004001,product_detail,size_chart,1031,687,mobile
S004001,product_detail,detail_text,875,2355,mobile
S004001,product_detail,wishlist,1124,934,mobile
S004001,product_detail,add_to_cart,974,936,mobile
S004001,product_detail,thumbnails,189,477,mobile
S004002,product_detail,reviews_tab,711,1229,app
S004002,product_detail,reviews_tab,429,1235,app
S004005,product_detail,add_to_cart,984,937,app
S004005,product_detail,thumbnails,179,768,app
S004005,product_detail,main_image,290,557,app
S004006,product_detail,reviews_tab,822,1269,app
S004008,product_detail,add_to_cart,859,906,mobile
S004008,product_detail,main_image,412,564,mobile
S004008,product_detail,size_chart,878,736,mobile
S004008,product_detail,reviews_tab,312,1250,mobile
S004010,product_detail,main_image,617,368,app
S004010,product_detail,main_image,379,270,app
S004010,product_detail,reviews_tab,868,1264,app
S004011,product_detail,main_image,566,655,desktop
S004011,product_detail,main_image,339,900,desktop
S004011,product_detail,main_image,476,706,desktop
S004011,product_detail,coupon_banner,1024,146,desktop
S004015,product_detail,reviews_tab,725,1276,mobile
S004015,product_detail,main_image,502,337,mobile
S004016,product_detail,main_image,357,459,mobile
S004016,product_detail,reviews_tab,722,1266,mobile
S004019,product_detail,detail_text,737,2316,desktop
S004019,product_detail,thumbnails,125,669,desktop
S004019,product_detail,reviews_tab,453,1228,desktop
S004019,product_detail,main_image,312,494,desktop
S004019,product_detail,reviews_tab,797,1256,desktop
S004020,product_detail,size_chart,855,711,app
S004021,product_detail,size_chart,882,684,desktop
S004022,product_detail,thumbnails,84,799,mobile
S004022,product_detail,main_image,519,778,mobile
S004022,product_detail,main_image,168,308,mobile
S004022,product_detail,add_to_cart,924,927,mobile
S004022,product_detail,main_image,597,724,mobile
S004022,product_detail,size_chart,878,684,mobile
S004023,product_detail,main_image,235,552,app
S004023,product_detail,reviews_tab,726,1260,app
S004024,product_detail,size_chart,911,705,mobile
S004024,product_detail,size_chart,830,696,mobile
S004024,product_detail,add_to_cart,860,908,mobile
S004024,product_detail,main_image,406,764,mobile
S004025,product_detail,reviews_tab,822,1245,desktop
S004025,product_detail,size_chart,870,722,desktop
S004025,product_detail,reviews_tab,444,1275,desktop
S004025,product_detail,coupon_banner,632,171,desktop
S004026,product_detail,main_image,319,553,mobile
S004026,product_detail,add_to_cart,967,936,mobile
S004028,product_detail,detail_text,405,1691,mobile
S004029,product_detail,size_chart,992,730,mobile
S004029,product_detail,reviews_tab,728,1271,mobile
S004029,product_detail,thumbnails,143,892,mobile
S004030,product_detail,thumbnails,168,811,mobile
S004031,product_detail,main_image,624,816,mobile
S004031,product_detail,add_to_cart,1075,896,mobile
S004031,product_detail,reviews_tab,706,1267,mobile
S004033,product_detail,wishlist,1141,953,desktop
S004033,product_detail,thumbnails,67,998,desktop
S004033,product_detail,main_image,651,457,desktop
S004033,product_detail,detail_text,450,1910,desktop
S004033,product_detail,main_image,466,526,desktop
S004033,product_detail,size_chart,961,682,desktop
S004033,product_detail,main_image,342,552,desktop
S004033,product_detail,main_image,417,451,desktop
S004035,product_detail,main_image,225,435,mobile
S004035,product_detail,main_image,459,466,mobile
S004035,product_detail,main_image,644,886,mobile
S004035,product_detail,detail_text,631,1507,mobile
S004036,product_detail,main_image,393,355,mobile
S004036,product_detail,detail_text,449,1931,mobile
S004036,product_detail,main_image,265,143,mobile
S004037,product_detail,reviews_tab,583,1244,mobile
S004037,product_detail,reviews_tab,644,1275,mobile
S004037,product_detail,wishlist,1141,919,mobile
S004038,product_detail,main_image,496,609,desktop
S004038,product_detail,main_image,506,231,desktop
S004038,product_detail,add_to_cart,977,912,desktop
S004039,product_detail,main_image,564,454,app
S004039,product_detail,reviews_tab,668,1261,app
S004039,product_detail,wishlist,1164,928,app
S004039,product_detail,size_chart,1031,737,app
S004040,product_detail,main_image,525,611,desktop
S004040,product_detail,add_to_cart,1012,920,desktop
S004041,product_detail,add_to_cart,1004,937,mobile
S004041,product_detail,main_image,357,646,mobile
S004041,product_detail,detail_text,737,2034,mobile
S004041,product_detail,main_image,327,317,mobile
S004042,product_detail,main_image,629,452,desktop
S004042,product_detail,coupon_banner,315,220,desktop
S004043,product_detail,reviews_tab,725,1266,mobile
S004043,product_detail,main_image,579,360,mobile
S004043,product_detail,size_chart,859,724,mobile
S004044,product_detail,reviews_tab,725,1230,desktop
S004044,product_detail,detail_text,877,1977,desktop
S004044,product_detail,add_to_cart,997,939,desktop
S004044,product_detail,main_image,313,443,desktop
S004045,product_detail,add_to_cart,1232,931,mobile
S004045,product_detail,thumbnails,167,963,mobile
S004045,product_detail,reviews_tab,698,1269,mobile
S004045,product_detail,thumbnails,142,650,mobile
S004046,product_detail,reviews_tab,816,1233,app
S004046,product_detail,size_chart,824,684,app
S004046,product_detail,size_chart,783,737,app
S004046,product_detail,main_image,445,605,app
S004047,product_detail,detail_text,866,1728,mobile
S004047,product_detail,main_image,308,749,mobile
S004047,product_detail,main_image,390,514,mobile
S004047,product_detail,size_chart,841,712,mobile
S004047,product_detail,main_image,378,496,mobile
S004048,product_detail,reviews_tab,678,1266,app
S004048,product_detail,main_image,267,1027,app
S004049,product_detail,wishlist,1175,915,mobile
S004049,product_detail,add_to_cart,1086,937,mobile
S004049,product_detail,add_to_cart,903,887,mobile
S004050,product_detail,size_chart,894,684,mobile
S004050,product_detail,size_chart,974,682,mobile
S004051,product_detail,add_to_cart,848,892,desktop
S004051,product_detail,thumbnails,150,874,desktop
S004051,product_detail,add_to_cart,1121,968,desktop
S004051,product_detail,thumbnails,117,830,desktop
S004053,product_detail,main_image,505,804,desktop
S004053,product_detail,thumbnails,145,889,desktop
S004053,product_detail,reviews_tab,708,1253,desktop
S004053,product_detail,reviews_tab,590,1241,desktop
S004053,product_detail,thumbnails,183,1016,desktop
S004054,product_detail,main_image,509,547,app
S004054,product_detail,reviews_tab,502,1236,app
S004054,product_detail,reviews_tab,529,1222,app
S004056,product_detail,add_to_cart,1015,934,desktop
S004056,product_detail,add_to_cart,925,959,desktop
S004057,product_detail,main_image,376,101,desktop
S004060,product_detail,main_image,503,281,mobile
S004060,product_detail,add_to_cart,893,888,mobile
S004060,product_detail,add_to_cart,1238,929,mobile
S004060,product_detail,detail_text,745,1329,mobile
S004061,product_detail,add_to_cart,979,901,mobile
S004061,product_detail,main_image,506,566,mobile
S004061,product_detail,thumbnails,224,766,mobile
S004061,product_detail,coupon_banner,1098,206,mobile
S004062,product_detail,thumbnails,118,504,app
S004062,product_detail,main_image,190,569,app
S004062,product_detail,thumbnails,196,880,app
S004063,product_detail,main_image,428,704,app
S004063,product_detail,detail_text,671,1552,app
S004064,product_detail,add_to_cart,1055,943,app
S004064,product_detail,thumbnails,154,516,app
S004064,product_detail,add_to_cart,1156,904,app
S004064,product_detail,thumbnails,167,600,app
S004065,product_detail,reviews_tab,519,1231,app
S004065,product_detail,size_chart,899,708,app
S004066,product_detail,reviews_tab,840,1263,mobile
S004066,product_detail,main_image,436,478,mobile
S004067,product_detail,wishlist,1158,917,app
S004067,product_detail,main_image,82,760,app
S004068,product_detail,coupon_banner,73,199,mobile
S004068,product_detail,main_image,320,345,mobile
S004068,product_detail,add_to_cart,930,982,mobile
S004068,product_detail,reviews_tab,495,1233,mobile
S004069,product_detail,size_chart,787,740,mobile
S004069,product_detail,size_chart,972,689,mobile
S004069,product_detail,main_image,661,457,mobile
S004069,product_detail,thumbnails,163,899,mobile
S004069,product_detail,thumbnails,189,1017,mobile
S004070,product_detail,add_to_cart,1191,926,mobile
S004071,product_detail,reviews_tab,651,1291,app
S004071,product_detail,size_chart,845,701,app
S004071,product_detail,thumbnails,166,532,app
S004071,product_detail,main_image,344,422,app
S004071,product_detail,add_to_cart,1035,934,app
S004071,product_detail,main_image,571,592,app
S004072,product_detail,detail_text,588,1767,mobile
S004072,product_detail,main_image,477,552,mobile
S004073,product_detail,size_chart,1046,692,desktop
S004073,product_detail,main_image,377,826,desktop
S004073,product_detail,wishlist,1108,912,desktop
S004074,product_detail,thumbnails,211,846,mobile
S004074,product_detail,reviews_tab,526,1270,mobile
S004074,product_detail,reviews_tab,873,1273,mobile
S004074,product_detail,detail_text,13,2321,mobile
S004075,product_detail,main_image,609,668,mobile
S004075,product_detail,size_chart,976,686,mobile
S004076,product_detail,reviews_tab,572,1266,desktop
S004076,product_detail,add_to_cart,956,942,desktop
S004076,product_detail,add_to_cart,1140,923,desktop
S004077,product_detail,main_image,461,301,app
S004077,product_detail,main_image,558,587,app
S004077,product_detail,reviews_tab,587,1260,app
S004079,product_detail,add_to_cart,938,893,app
S004079,product_detail,add_to_cart,913,913,app
S004080,product_detail,add_to_cart,930,934,mobile
S004080,product_detail,add_to_cart,1128,935,mobile
S004080,product_detail,main_image,394,634,mobile
S004080,product_detail,add_to_cart,1009,934,mobile
S004081,product_detail,main_image,350,534,desktop
S004081,product_detail,size_chart,880,729,desktop
S004081,product_detail,detail_text,270,1811,desktop
S004081,product_detail,size_chart,931,692,desktop
S004082,product_detail,main_image,421,492,desktop
S004082,product_detail,reviews_tab,673,1268,desktop
S004082,product_detail,wishlist,1172,909,desktop
S004082,product_detail,reviews_tab,818,1242,desktop
S004083,product_detail,main_image,286,346,mobile
S004083,product_detail,wishlist,1141,896,mobile
S004084,product_detail,main_image,288,789,desktop
S004085,product_detail,main_image,320,299,app
S004086,product_detail,size_chart,921,692,app
S004086,product_detail,thumbnails,198,696,app
S004088,product_detail,wishlist,1165,949,mobile
S004088,product_detail,size_chart,819,701,mobile
S004090,product_detail,add_to_cart,889,915,mobile
S004090,product_detail,detail_text,1090,1961,mobile
S004091,product_detail,size_chart,1002,699,mobile
S004092,product_detail,add_to_cart,1178,929,desktop
S004092,product_detail,add_to_cart,839,939,desktop
S004093,product_detail,main_image,324,542,mobile
S004093,product_detail,reviews_tab,601,1277,mobile
S004094,product_detail,size_chart,856,707,desktop
S004094,product_detail,size_chart,958,711,desktop
S004094,product_detail,size_chart,828,736,desktop
S004094,product_detail,thumbnails,57,927,desktop
S004094,product_detail,wishlist,1144,928,desktop
S004095,product_detail,main_image,491,465,mobile
S004095,product_detail,coupon_banner,773,204,mobile
S004095,product_detail,main_image,466,571,mobile
S004095,product_detail,coupon_banner,328,148,mobile
S004096,product_detail,size_chart,817,699,mobile
S004099,product_detail,main_image,168,524,desktop
S004099,product_detail,reviews_tab,354,1267,desktop
S004101,product_detail,detail_text,464,2320,mobile
S004101,product_detail,wishlist,1121,949,mobile
S004102,product_detail,main_image,578,387,desktop
S004103,product_detail,wishlist,1194,926,mobile
S004103,product_detail,wishlist,1129,942,mobile
S004104,product_detail,add_to_cart,1079,913,app
S004105,product_detail,add_to_cart,1135,952,desktop
S004105,product_detail,detail_text,493,1735,desktop
S004105,product_detail,reviews_tab,726,1256,desktop
S004105,product_detail,main_image,357,647,desktop
S004106,product_detail,size_chart,833,720,desktop
S004107,product_detail,add_to_cart,1009,913,mobile
S004107,product_detail,main_image,535,743,mobile
S004108,product_detail,size_chart,920,688,desktop
S004110,product_detail,wishlist,1146,938,mobile
S004110,product_detail,reviews_tab,464,1282,mobile
S004110,product_detail,add_to_cart,1095,904,mobile
S004111,product_detail,main_image,300,700,app
S004112,product_detail,main_image,618,696,app
S004112,product_detail,size_chart,1213,693,app
S004112,product_detail,main_image,290,359,app
S004112,product_detail,size_chart,926,730,app
S004113,product_detail,detail_text,673,2198,mobile
S004113,product_detail,main_image,370,666,mobile
S004113,product_detail,add_to_cart,1062,953,mobile
S004113,product_detail,main_image,440,756,mobile
S004113,product_detail,main_image,407,542,mobile
S004114,product_detail,main_image,373,687,app
S004114,product_detail,detail_text,774,1591,app
S004114,product_detail,main_image,452,555,app
S004115,product_detail,reviews_tab,555,1241,app
S004115,product_detail,detail_text,298,1442,app
S004116,product_detail,detail_text,874,1881,desktop
S004116,product_detail,main_image,245,455,desktop
S004117,product_detail,thumbnails,115,681,mobile
S004117,product_detail,main_image,570,431,mobile
S004117,product_detail,main_image,468,533,mobile
S004117,product_detail,main_image,397,280,mobile
S004117,product_detail,reviews_tab,793,1257,mobile
S004117,product_detail,main_image,390,602,mobile
S004118,product_detail,size_chart,939,727,mobile
S004118,product_detail,coupon_banner,340,169,mobile
S004118,product_detail,main_image,242,297,mobile
S004119,product_detail,add_to_cart,1036,882,desktop
S004120,product_detail,add_to_cart,966,921,app
S004123,product_detail,size_chart,924,698,app
S004124,product_detail,reviews_tab,745,1220,mobile
S004124,product_detail,add_to_cart,934,937,mobile
S004125,product_detail,main_image,435,690,mobile
S004125,product_detail,add_to_cart,966,864,mobile
S004125,product_detail,size_chart,955,697,mobile
S004125,product_detail,thumbnails,147,734,mobile
S004126,product_detail,main_image,322,620,mobile
S004126,product_detail,main_image,532,559,mobile
S004126,product_detail,main_image,436,714,mobile
S004129,product_detail,main_image,236,571,app
S004129,product_detail,main_image,310,354,app
S004130,product_detail,add_to_cart,924,905,app
S004130,product_detail,reviews_tab,676,1295,app
S004132,product_detail,reviews_tab,574,1265,mobile
S004132,product_detail,add_to_cart,1015,930,mobile
S004132,product_detail,reviews_tab,497,1244,mobile
S004133,product_detail,reviews_tab,694,1278,desktop
S004133,product_detail,main_image,322,482,desktop
S004133,product_detail,size_chart,832,705,desktop
S004133,product_detail,size_chart,1005,658,desktop
S004134,product_detail,main_image,486,640,app
S004134,product_detail,add_to_cart,1211,900,app
S004134,product_detail,detail_text,1072,1797,app
S004135,product_detail,reviews_tab,669,1263,desktop
S004135,product_detail,reviews_tab,475,1260,desktop
S004135,product_detail,reviews_tab,758,1223,desktop
S004135,product_detail,coupon_banner,192,247,desktop
S004136,product_detail,main_image,349,422,mobile
S004136,product_detail,main_image,447,609,mobile
S004136,product_detail,add_to_cart,939,931,mobile
S004136,product_detail,main_image,579,551,mobile
S004136,product_detail,reviews_tab,772,1229,mobile
S004137,product_detail,add_to_cart,916,937,app
S004137,product_detail,add_to_cart,1270,910,app
S004137,product_detail,add_to_cart,805,975,app
S004137,product_detail,reviews_tab,585,1257,app
S004137,product_detail,main_image,153,620,app
S004138,product_detail,thumbnails,190,732,app
S004138,product_detail,add_to_cart,973,910,app
S004138,product_detail,add_to_cart,1003,934,app
S004138,product_detail,main_image,366,252,app
S004138,product_detail,main_image,638,588,app
S004139,product_detail,wishlist,1136,883,desktop
S004140,product_detail,main_image,499,579,mobile
S004140,product_detail,reviews_tab,547,1224,mobile
S004140,product_detail,thumbnails,117,739,mobile
S004141,product_detail,detail_text,383,2245,app
S004141,product_detail,coupon_banner,600,164,app
S004143,product_detail,main_image,292,334,app
S004144,product_detail,reviews_tab,769,1271,mobile
S004144,product_detail,add_to_cart,878,890,mobile
S004145,product_detail,detail_text,558,1867,mobile
S004146,product_detail,add_to_cart,980,909,mobile
S004146,product_detail,add_to_cart,1071,928,mobile
S004146,product_detail,size_chart,903,712,mobile
S004148,product_detail,main_image,287,615,app
S004148,product_detail,add_to_cart,1160,940,app
S004148,product_detail,main_image,327,842,app
S004148,product_detail,reviews_tab,732,1276,app
S004148,product_detail,thumbnails,134,878,app
S004148,product_detail,size_chart,897,695,app
S004150,product_detail,add_to_cart,928,903,mobile
S004151,product_detail,main_image,396,429,desktop
S004151,product_detail,add_to_cart,791,983,desktop
S004152,product_detail,coupon_banner,767,175,app
S004152,product_detail,coupon_banner,662,166,app
S004152,product_detail,size_chart,912,754,app
S004152,product_detail,add_to_cart,979,920,app
S004152,product_detail,add_to_cart,888,908,app
S004153,product_detail,detail_text,492,1916,app
S004153,product_detail,main_image,464,211,app
S004153,product_detail,size_chart,884,700,app
S004154,product_detail,main_image,514,372,mobile
S004154,product_detail,main_image,352,517,mobile
S004154,product_detail,main_image,349,500,mobile
S004156,product_detail,size_chart,823,700,app
S004156,product_detail,add_to_cart,991,915,app
S004156,product_detail,main_image,492,657,app
S004159,product_detail,main_image,267,655,mobile
S004159,product_detail,reviews_tab,738,1228,mobile
S004161,product_detail,add_to_cart,1075,927,app
S004161,product_detail,main_image,446,463,app
S004162,product_detail,add_to_cart,987,940,app
S004163,product_detail,main_image,505,651,app
S004163,product_detail,add_to_cart,985,908,app
S004163,product_detail,size_chart,944,700,app
S004164,product_detail,main_image,720,403,app
S004165,product_detail,main_image,617,356,mobile
S004165,product_detail,reviews_tab,759,1224,mobile
S004165,product_detail,main_image,145,393,mobile
S004165,product_detail,size_chart,1032,702,mobile
S004167,product_detail,main_image,436,532,desktop
S004167,product_detail,detail_text,740,1689,desktop
S004167,product_detail,reviews_tab,646,1261,desktop
S004170,product_detail,add_to_cart,1008,874,desktop
S004170,product_detail,add_to_cart,1279,927,desktop
S004171,product_detail,add_to_cart,976,876,desktop
S004172,product_detail,size_chart,966,716,app
S004173,product_detail,main_image,412,340,mobile
S004173,product_detail,main_image,452,668,mobile
S004173,product_detail,reviews_tab,757,1276,mobile
S004174,product_detail,detail_text,1110,1707,app
S004174,product_detail,wishlist,1120,909,app
S004174,product_detail,main_image,335,656,app
S004175,product_detail,size_chart,895,714,mobile
S004175,product_detail,reviews_tab,634,1239,mobile
S004175,product_detail,reviews_tab,509,1246,mobile
S004175,product_detail,add_to_cart,854,877,mobile
S004176,product_detail,reviews_tab,310,1249,desktop
S004176,product_detail,main_image,399,342,desktop
S004176,product_detail,size_chart,869,737,desktop
S004177,product_detail,main_image,360,487,mobile
S004177,product_detail,detail_text,392,1830,mobile
S004177,product_detail,size_chart,931,705,mobile
S004177,product_detail,main_image,667,671,mobile
S004177,product_detail,detail_text,823,2252,mobile
S004178,product_detail,main_image,191,421,desktop
S004178,product_detail,main_image,417,542,desktop
S004179,product_detail,coupon_banner,577,210,app
S004180,product_detail,main_image,502,588,mobile
S004181,product_detail,size_chart,834,712,mobile
S004181,product_detail,main_image,392,574,mobile
S004181,product_detail,wishlist,1127,946,mobile
S004181,product_detail,size_chart,936,729,mobile
S004184,product_detail,main_image,303,541,mobile
S004184,product_detail,add_to_cart,958,902,mobile
S004185,product_detail,detail_text,928,2129,mobile
S004185,product_detail,thumbnails,154,646,mobile
S004185,product_detail,detail_text,643,1660,mobile
S004188,product_detail,reviews_tab,565,1242,mobile
S004189,product_detail,size_chart,920,681,desktop
S004189,product_detail,thumbnails,173,793,desktop
S004190,product_detail,main_image,444,548,mobile
S004195,product_detail,main_image,379,203,mobile
S004195,product_detail,main_image,342,427,mobile
S004195,product_detail,main_image,602,511,mobile
S004196,product_detail,main_image,373,357,mobile
S004198,product_detail,add_to_cart,1116,946,desktop
S004198,product_detail,size_chart,718,729,desktop
S004199,product_detail,reviews_tab,889,1234,mobile
S004199,product_detail,thumbnails,124,741,mobile
S004199,product_detail,add_to_cart,932,917,mobile
S004199,product_detail,thumbnails,160,434,mobile
S004199,product_detail,reviews_tab,710,1251,mobile
S004200,product_detail,detail_text,838,1298,mobile
S004200,product_detail,add_to_cart,952,928,mobile
S004200,product_detail,main_image,298,554,mobile
S004200,product_detail,size_chart,973,692,mobile
S004201,product_detail,reviews_tab,499,1236,mobile
S004201,product_detail,detail_text,892,1660,mobile
S004201,product_detail,main_image,370,779,mobile
S004201,product_detail,detail_text,237,2070,mobile
S004201,product_detail,wishlist,1155,908,mobile
S004204,product_detail,reviews_tab,642,1235,app
S004204,product_detail,size_chart,1011,731,app
S004204,product_detail,thumbnails,170,722,app
S004204,product_detail,thumbnails,245,706,app
S004206,product_detail,add_to_cart,1068,897,mobile
S004206,product_detail,size_chart,973,697,mobile
S004208,product_detail,size_chart,904,725,mobile
S004208,product_detail,size_chart,915,694,mobile
S004208,product_detail,main_image,423,644,mobile
S004208,product_detail,size_chart,801,721,mobile
S004209,product_detail,size_chart,870,687,mobile
S004209,product_detail,main_image,515,616,mobile
S004209,product_detail,size_chart,946,714,mobile
S004209,product_detail,main_image,656,827,mobile
S004210,product_detail,main_image,498,658,mobile
S004210,product_detail,main_image,510,644,mobile
S004210,product_detail,main_image,488,367,mobile
S004211,product_detail,main_image,236,665,mobile
S004211,product_detail,add_to_cart,1113,934,mobile
S004212,product_detail,coupon_banner,753,249,mobile
S004213,product_detail,size_chart,877,703,mobile
S004213,product_detail,main_image,511,767,mobile
S004213,product_detail,detail_text,667,2110,mobile
S004214,product_detail,size_chart,878,691,mobile
S004214,product_detail,detail_text,260,1698,mobile
S004216,product_detail,size_chart,865,698,app
S004216,product_detail,size_chart,976,725,app
S004216,product_detail,detail_text,726,2185,app
S004217,product_detail,size_chart,986,663,mobile
S004217,product_detail,main_image,430,366,mobile
S004217,product_detail,reviews_tab,481,1229,mobile
S004217,product_detail,main_image,366,475,mobile
S004217,product_detail,main_image,358,620,mobile
S004217,product_detail,reviews_tab,807,1221,mobile
S004217,product_detail,size_chart,829,708,mobile
S004219,product_detail,add_to_cart,937,865,mobile
S004219,product_detail,main_image,381,243,mobile
S004219,product_detail,detail_text,672,2464,mobile
S004219,product_detail,main_image,171,611,mobile
S004221,product_detail,size_chart,824,687,mobile
S004225,product_detail,coupon_banner,890,215,mobile
S004225,product_detail,main_image,403,464,mobile
S004225,product_detail,thumbnails,167,617,mobile
S004225,product_detail,add_to_cart,1137,918,mobile
S004225,product_detail,detail_text,804,1256,mobile
S004225,product_detail,main_image,561,716,mobile
S004225,product_detail,main_image,151,703,mobile
S004226,product_detail,coupon_banner,639,221,app
S004227,product_detail,detail_text,525,1777,desktop
S004227,product_detail,size_chart,922,735,desktop
S004230,product_detail,wishlist,1105,892,desktop
S004230,product_detail,add_to_cart,1131,906,desktop
S004230,product_detail,thumbnails,151,495,desktop
S004230,product_detail,main_image,370,620,desktop
S004230,product_detail,main_image,243,328,desktop
S004230,product_detail,coupon_banner,423,190,desktop
S004230,product_detail,add_to_cart,981,909,desktop
S004231,product_detail,add_to_cart,1073,931,desktop
S004232,product_detail,main_image,494,865,app
S004233,product_detail,main_image,316,288,mobile
S004233,product_detail,add_to_cart,874,932,mobile
S004233,product_detail,main_image,365,306,mobile
S004233,product_detail,add_to_cart,818,902,mobile
S004234,product_detail,main_image,321,642,desktop
S004234,product_detail,add_to_cart,873,951,desktop
S004235,product_detail,main_image,427,355,desktop
S004235,product_detail,add_to_cart,830,882,desktop
S004235,product_detail,main_image,380,337,desktop
S004235,product_detail,main_image,120,364,desktop
S004237,product_detail,thumbnails,157,641,mobile
S004237,product_detail,add_to_cart,1000,913,mobile
S004237,product_detail,main_image,354,842,mobile
S004237,product_detail,thumbnails,156,777,mobile
S004239,product_detail,detail_text,429,2262,app
S004240,product_detail,add_to_cart,1278,906,desktop
S004240,product_detail,reviews_tab,492,1232,desktop
S004241,product_detail,add_to_cart,1121,923,desktop
S004241,product_detail,add_to_cart,976,918,desktop
S004241,product_detail,coupon_banner,169,218,desktop
S004241,product_detail,add_to_cart,1072,930,desktop
S004241,product_detail,main_image,318,332,desktop
S004242,product_detail,main_image,129,589,desktop
S004242,product_detail,reviews_tab,331,1247,desktop
S004243,product_detail,detail_text,430,1957,mobile
S004244,product_detail,add_to_cart,806,898,mobile
S004245,product_detail,wishlist,1147,918,mobile
S004245,product_detail,reviews_tab,455,1249,mobile
S004248,product_detail,detail_text,421,1819,desktop
S004248,product_detail,main_image,315,472,desktop
S004248,product_detail,main_image,367,733,desktop
S004248,product_detail,size_chart,856,725,desktop
S004250,product_detail,wishlist,1096,912,mobile
S004251,product_detail,coupon_banner,610,129,desktop
S004251,product_detail,size_chart,838,695,desktop
S004251,product_detail,wishlist,1163,897,desktop
S004251,product_detail,add_to_cart,1027,953,desktop
S004252,product_detail,add_to_cart,988,941,mobile
S004252,product_detail,coupon_banner,830,175,mobile
S004252,product_detail,add_to_cart,1128,927,mobile
S004252,product_detail,main_image,433,306,mobile
S004252,product_detail,coupon_banner,909,194,mobile
S004252,product_detail,detail_text,704,2327,mobile
S004254,product_detail,detail_text,730,2017,mobile
S004255,product_detail,size_chart,934,647,mobile
S004256,product_detail,reviews_tab,656,1221,desktop
S004256,product_detail,add_to_cart,894,934,desktop
S004256,product_detail,main_image,575,482,desktop
S004258,product_detail,size_chart,860,693,app
S004259,product_detail,coupon_banner,536,172,mobile
S004259,product_detail,reviews_tab,506,1222,mobile
S004259,product_detail,reviews_tab,492,1270,mobile
S004259,product_detail,thumbnails,111,787,mobile
S004259,product_detail,add_to_cart,938,924,mobile
S004259,product_detail,reviews_tab,538,1254,mobile
S004259,product_detail,add_to_cart,1159,934,mobile
S004259,product_detail,size_chart,923,697,mobile
S004259,product_detail,main_image,613,486,mobile
S004260,product_detail,reviews_tab,650,1232,mobile
S004262,product_detail,add_to_cart,954,942,app
S004262,product_detail,detail_text,477,2267,app
S004262,product_detail,size_chart,889,722,app
S004262,product_detail,add_to_cart,970,898,app
S004262,product_detail,main_image,703,726,app
S004262,product_detail,main_image,386,410,app
S004262,product_detail,reviews_tab,537,1223,app
S004263,product_detail,reviews_tab,606,1284,app
S004263,product_detail,reviews_tab,426,1251,app
S004263,product_detail,thumbnails,194,711,app
S004265,product_detail,add_to_cart,995,928,desktop
S004265,product_detail,add_to_cart,891,980,desktop
S004265,product_detail,add_to_cart,879,909,desktop
S004265,product_detail,size_chart,924,680,desktop
S004265,product_detail,main_image,271,428,desktop
S004266,product_detail,main_image,498,457,desktop
S004266,product_detail,add_to_cart,897,912,desktop
S004266,product_detail,reviews_tab,557,1280,desktop
S004268,product_detail,reviews_tab,529,1242,app
S004268,product_detail,coupon_banner,771,162,app
S004268,product_detail,main_image,370,350,app
S004269,product_detail,main_image,306,444,app
S004269,product_detail,size_chart,1058,723,app
S004270,product_detail,thumbnails,147,595,desktop
S004270,product_detail,main_image,391,806,desktop
S004272,product_detail,add_to_cart,912,948,desktop
S004272,product_detail,main_image,629,646,desktop
S004273,product_detail,coupon_banner,1136,220,app
S004274,product_detail,coupon_banner,390,187,mobile
S004274,product_detail,add_to_cart,990,876,mobile
S004274,product_detail,main_image,434,398,mobile
S004276,product_detail,add_to_cart,1072,887,desktop
S004276,product_detail,thumbnails,103,619,desktop
S004276,product_detail,main_image,493,409,desktop
S004276,product_detail,thumbnails,141,682,desktop
S004276,product_detail,main_image,270,385,desktop
S004276,product_detail,add_to_cart,1216,931,desktop
S004276,product_detail,thumbnails,126,854,desktop
S004276,product_detail,add_to_cart,911,917,desktop
S004276,product_detail,reviews_tab,594,1238,desktop
S004276,product_detail,reviews_tab,589,1248,desktop
S004277,product_detail,main_image,580,449,app
S004277,product_detail,detail_text,275,2360,app
S004277,product_detail,detail_text,0,2240,app
S004277,product_detail,main_image,322,298,app
S004277,product_detail,size_chart,882,708,app
S004278,product_detail,coupon_banner,0,206,mobile
S004278,product_detail,main_image,468,570,mobile
S004278,product_detail,add_to_cart,1060,908,mobile
S004280,product_detail,thumbnails,90,698,app
S004280,product_detail,main_image,464,508,app
S004280,product_detail,main_image,390,406,app
S004280,product_detail,coupon_banner,623,177,app
S004280,product_detail,wishlist,1155,916,app
S004281,product_detail,add_to_cart,999,912,mobile
S004281,product_detail,reviews_tab,632,1242,mobile
S004281,product_detail,detail_text,541,1673,mobile
S004281,product_detail,reviews_tab,734,1266,mobile
S004282,product_detail,thumbnails,179,546,mobile
S004283,product_detail,reviews_tab,538,1237,mobile
S004283,product_detail,wishlist,1116,960,mobile
S004284,product_detail,size_chart,864,696,app
S004286,product_detail,size_chart,1057,715,desktop
S004286,product_detail,reviews_tab,781,1253,desktop
S004286,product_detail,reviews_tab,831,1231,desktop
S004286,product_detail,size_chart,867,700,desktop
S004286,product_detail,add_to_cart,1087,925,desktop
S004287,product_detail,reviews_tab,774,1247,mobile
S004287,product_detail,add_to_cart,920,908,mobile
S004288,product_detail,wishlist,1148,928,mobile
S004288,product_detail,reviews_tab,294,1260,mobile
S004290,product_detail,thumbnails,199,614,app
S004290,product_detail,thumbnails,164,844,app
S004291,product_detail,reviews_tab,770,1218,app
S004292,product_detail,size_chart,1004,701,app
S004292,product_detail,size_chart,827,724,app
S004293,product_detail,main_image,161,588,desktop
S004298,product_detail,wishlist,1128,893,mobile
S004298,product_detail,main_image,452,534,mobile
S004298,product_detail,main_image,538,557,mobile
S004298,product_detail,add_to_cart,969,936,mobile
S004299,product_detail,main_image,414,376,desktop
S004299,product_detail,reviews_tab,699,1243,desktop
S004299,product_detail,main_image,287,462,desktop
S004299,product_detail,reviews_tab,705,1248,desktop
S004302,product_detail,reviews_tab,662,1240,mobile
S004303,product_detail,main_image,592,622,mobile
S004303,product_detail,size_chart,947,726,mobile
S004303,product_detail,add_to_cart,831,962,mobile
S004303,product_detail,main_image,333,462,mobile
S004303,product_detail,add_to_cart,1124,902,mobile
S004303,product_detail,main_image,572,461,mobile
S004303,product_detail,size_chart,829,697,mobile
S004303,product_detail,coupon_banner,861,183,mobile
S004303,product_detail,add_to_cart,1094,870,mobile
S004304,product_detail,reviews_tab,717,1265,app
S004304,product_detail,thumbnails,157,790,app
S004304,product_detail,main_image,475,393,app
S004305,product_detail,reviews_tab,735,1267,app
S004305,product_detail,add_to_cart,877,932,app
S004305,product_detail,size_chart,972,668,app
S004305,product_detail,main_image,543,703,app
S004306,product_detail,main_image,575,695,mobile
S004306,product_detail,add_to_cart,1111,934,mobile
S004307,product_detail,coupon_banner,425,258,app
S004307,product_detail,main_image,267,358,app
S004308,product_detail,add_to_cart,725,911,desktop
S004309,product_detail,main_image,369,524,desktop
S004309,product_detail,reviews_tab,857,1253,desktop
S004309,product_detail,main_image,439,441,desktop
S004310,product_detail,detail_text,417,1663,desktop
S004310,product_detail,reviews_tab,617,1252,desktop
S004310,product_detail,size_chart,823,705,desktop
S004311,product_detail,add_to_cart,756,940,desktop
S004311,product_detail,reviews_tab,693,1256,desktop
S004311,product_detail,add_to_cart,1112,907,desktop
S004312,product_detail,add_to_cart,1092,923,mobile
S004312,product_detail,add_to_cart,998,899,mobile
S004313,product_detail,main_image,423,594,app
S004313,product_detail,main_image,400,706,app
S004314,product_detail,add_to_cart,889,915,app
S004314,product_detail,reviews_tab,540,1242,app
S004315,product_detail,reviews_tab,521,1285,mobile
S004315,product_detail,thumbnails,216,764,mobile
S004315,product_detail,wishlist,1149,906,mobile
S004315,product_detail,size_chart,998,704,mobile
S004315,product_detail,detail_text,893,1741,mobile
S004316,product_detail,reviews_tab,344,1241,mobile
S004316,product_detail,size_chart,1038,687,mobile
S004317,product_detail,wishlist,1129,918,app
S004317,product_detail,size_chart,1039,706,app
S004318,product_detail,reviews_tab,322,1248,mobile
S004319,product_detail,size_chart,970,695,app
S004319,product_detail,main_image,533,314,app
S004320,product_detail,main_image,364,391,mobile
S004320,product_detail,size_chart,883,701,mobile
S004322,product_detail,reviews_tab,575,1241,mobile
S004323,product_detail,add_to_cart,845,936,mobile
S004323,product_detail,coupon_banner,680,160,mobile
S004325,product_detail,size_chart,922,683,mobile
S004325,product_detail,size_chart,841,684,mobile
S004326,product_detail,main_image,83,602,mobile
S004326,product_detail,coupon_banner,940,213,mobile
S004327,product_detail,detail_text,1059,1874,app
S004327,product_detail,main_image,288,820,app
S004328,product_detail,size_chart,864,738,app
S004328,product_detail,coupon_banner,748,193,app
S004329,product_detail,size_chart,904,708,desktop
S004329,product_detail,size_chart,869,681,desktop
S004329,product_detail,size_chart,932,709,desktop
S004329,product_detail,reviews_tab,559,1237,desktop
S004331,product_detail,reviews_tab,675,1257,desktop
S004331,product_detail,main_image,339,232,desktop
S004333,product_detail,coupon_banner,1007,187,app
S004333,product_detail,size_chart,876,711,app
S004333,product_detail,thumbnails,118,902,app
S004333,product_detail,add_to_cart,873,914,app
S004333,product_detail,detail_text,490,1353,app
S004333,product_detail,add_to_cart,1032,896,app
S004334,product_detail,wishlist,1147,938,desktop
S004334,product_detail,coupon_banner,772,168,desktop
S004335,product_detail,add_to_cart,1089,913,desktop
S004335,product_detail,size_chart,916,717,desktop
S004335,product_detail,size_chart,959,743,desktop
S004335,product_detail,thumbnails,174,731,desktop
S004336,product_detail,detail_text,680,1833,app
S004337,product_detail,size_chart,864,741,mobile
S004337,product_detail,detail_text,438,1693,mobile
S004338,product_detail,add_to_cart,1068,912,mobile
S004339,product_detail,main_image,268,778,app
S004339,product_detail,add_to_cart,951,942,app
S004339,product_detail,main_image,535,706,app
S004340,product_detail,main_image,449,1031,mobile
S004341,product_detail,main_image,416,886,mobile
S004341,product_detail,size_chart,883,713,mobile
S004341,product_detail,add_to_cart,800,948,mobile
S004342,product_detail,main_image,571,632,mobile
S004342,product_detail,size_chart,876,686,mobile
S004342,product_detail,main_image,162,544,mobile
S004342,product_detail,thumbnails,206,908,mobile
S004342,product_detail,add_to_cart,944,883,mobile
S004342,product_detail,main_image,368,730,mobile
S004342,product_detail,coupon_banner,516,210,mobile
S004343,product_detail,detail_text,1041,2086,app
S004344,product_detail,reviews_tab,520,1287,mobile
S004346,product_detail,reviews_tab,490,1253,mobile
S004346,product_detail,main_image,218,478,mobile
S004346,product_detail,reviews_tab,897,1236,mobile
S004347,product_detail,size_chart,892,728,desktop
S004348,product_detail,main_image,398,422,app
S004349,product_detail,detail_text,274,1242,app
S004351,product_detail,thumbnails,112,830,desktop
S004351,product_detail,main_image,344,608,desktop
S004352,product_detail,main_image,442,769,app
S004353,product_detail,size_chart,869,714,mobile
S004353,product_detail,wishlist,1118,932,mobile
S004354,product_detail,thumbnails,118,780,mobile
S004354,product_detail,add_to_cart,984,908,mobile
S004354,product_detail,detail_text,712,1714,mobile
S004355,product_detail,detail_text,795,1695,desktop
S004355,product_detail,main_image,407,556,desktop
S004357,product_detail,reviews_tab,370,1239,mobile
S004358,product_detail,main_image,349,596,mobile
S004358,product_detail,add_to_cart,1133,908,mobile
S004358,product_detail,main_image,477,587,mobile
S004358,product_detail,size_chart,764,699,mobile
S004358,product_detail,main_image,371,1078,mobile
S004359,product_detail,add_to_cart,762,905,desktop
S004359,product_detail,reviews_tab,593,1192,desktop
S004362,product_detail,detail_text,1147,1768,mobile
S004363,product_detail,size_chart,901,674,app
S004363,product_detail,coupon_banner,497,172,app
S004365,product_detail,add_to_cart,927,884,desktop
S004365,product_detail,size_chart,942,676,desktop
S004365,product_detail,reviews_tab,479,1268,desktop
S004365,product_detail,size_chart,960,707,desktop
S004365,product_detail,thumbnails,155,815,desktop
S004365,product_detail,detail_text,639,2196,desktop
S004366,product_detail,thumbnails,154,828,desktop
S004366,product_detail,reviews_tab,652,1225,desktop
S004367,product_detail,size_chart,953,709,app
S004367,product_detail,add_to_cart,1077,899,app
S004367,product_detail,thumbnails,197,633,app
S004367,product_detail,main_image,435,531,app
S004369,product_detail,detail_text,859,1880,mobile
S004369,product_detail,main_image,243,420,mobile
S004370,product_detail,reviews_tab,733,1239,app
S004370,product_detail,main_image,312,323,app
S004370,product_detail,size_chart,921,686,app
S004370,product_detail,main_image,308,521,app
S004370,product_detail,main_image,285,765,app
S004370,product_detail,size_chart,893,708,app
S004370,product_detail,reviews_tab,438,1218,app
S004371,product_detail,main_image,143,625,mobile
S004372,product_detail,coupon_banner,445,220,mobile
S004372,product_detail,size_chart,810,695,mobile
S004373,product_detail,thumbnails,142,987,mobile
S004374,product_detail,wishlist,1143,923,app
S004374,product_detail,add_to_cart,943,883,app
S004374,product_detail,coupon_banner,83,204,app
S004375,product_detail,size_chart,968,700,mobile
S004376,product_detail,add_to_cart,881,917,app
S004377,product_detail,reviews_tab,811,1246,app
S004378,product_detail,reviews_tab,714,1246,mobile
S004378,product_detail,main_image,499,542,mobile
S004378,product_detail,reviews_tab,629,1241,mobile
S004378,product_detail,main_image,586,631,mobile
S004379,product_detail,main_image,436,556,desktop
S004379,product_detail,add_to_cart,949,911,desktop
S004381,product_detail,reviews_tab,828,1253,app
S004381,product_detail,reviews_tab,668,1255,app
S004381,product_detail,main_image,370,734,app
S004381,product_detail,detail_text,424,1501,app
S004381,product_detail,main_image,239,503,app
S004381,product_detail,reviews_tab,632,1243,app
S004382,product_detail,add_to_cart,1107,980,desktop
S004382,product_detail,coupon_banner,1279,199,desktop
S004383,product_detail,add_to_cart,864,882,app
S004386,product_detail,reviews_tab,505,1275,mobile
S004386,product_detail,main_image,370,361,mobile
S004386,product_detail,size_chart,873,688,mobile
S004386,product_detail,main_image,326,543,mobile
S004386,product_detail,thumbnails,183,783,mobile
S004386,product_detail,main_image,365,403,mobile
S004386,product_detail,main_image,460,779,mobile
S004386,product_detail,coupon_banner,1045,226,mobile
S004386,product_detail,size_chart,957,707,mobile
S004387,product_detail,detail_text,786,2026,desktop
S004388,product_detail,main_image,392,277,app
S004389,product_detail,coupon_banner,690,237,app
S004390,product_detail,reviews_tab,780,1227,app
S004390,product_detail,main_image,285,558,app
S004393,product_detail,main_image,314,643,app
S004393,product_detail,size_chart,926,680,app
S004393,product_detail,main_image,435,464,app
S004394,product_detail,main_image,476,633,desktop
S004394,product_detail,size_chart,820,698,desktop
S004395,product_detail,add_to_cart,1056,910,app
S004395,product_detail,size_chart,901,667,app
S004397,product_detail,reviews_tab,722,1257,app
S004398,product_detail,main_image,389,339,mobile
S004398,product_detail,size_chart,902,697,mobile
S004398,product_detail,reviews_tab,685,1249,mobile
S004399,product_detail,detail_text,616,1711,desktop
S004400,product_detail,main_image,572,409,mobile
S004400,product_detail,reviews_tab,388,1242,mobile
S004401,product_detail,detail_text,540,1851,desktop
S004403,product_detail,size_chart,947,674,mobile
S004403,product_detail,add_to_cart,1001,930,mobile
S004404,product_detail,detail_text,615,1851,desktop
S004404,product_detail,main_image,432,870,desktop
S004404,product_detail,add_to_cart,1098,956,desktop
S004405,product_detail,add_to_cart,1018,922,mobile
S004405,product_detail,reviews_tab,1011,1215,mobile
S004405,product_detail,main_image,249,638,mobile
S004407,product_detail,coupon_banner,761,175,mobile
S004408,product_detail,main_image,516,769,mobile
S004408,product_detail,wishlist,1118,866,mobile
S004408,product_detail,coupon_banner,96,195,mobile
S004408,product_detail,main_image,403,628,mobile
S004408,product_detail,main_image,414,1015,mobile
S004409,product_detail,reviews_tab,611,1226,mobile
S004409,product_detail,thumbnails,164,544,mobile
S004409,product_detail,main_image,455,467,mobile
S004409,product_detail,coupon_banner,968,221,mobile
S004410,product_detail,add_to_cart,858,895,app
S004410,product_detail,main_image,478,538,app
S004411,product_detail,wishlist,1151,897,desktop
S004411,product_detail,main_image,210,539,desktop
S004411,product_detail,detail_text,770,2226,desktop
S004411,product_detail,size_chart,901,686,desktop
S004411,product_detail,size_chart,856,659,desktop
S004411,product_detail,size_chart,1016,713,desktop
S004411,product_detail,reviews_tab,747,1249,desktop
S004411,product_detail,main_image,240,707,desktop
S004411,product_detail,size_chart,900,687,desktop
S004411,product_detail,reviews_tab,482,1236,desktop
S004413,product_detail,thumbnails,146,834,desktop
S004413,product_detail,thumbnails,188,735,desktop
S004414,product_detail,add_to_cart,863,937,app
S004414,product_detail,main_image,477,202,app
S004415,product_detail,thumbnails,165,727,app
S004415,product_detail,add_to_cart,1022,904,app
S004416,product_detail,main_image,362,568,mobile
S004416,product_detail,thumbnails,115,689,mobile
S004416,product_detail,add_to_cart,1029,920,mobile
S004416,product_detail,main_image,340,453,mobile
S004416,product_detail,add_to_cart,983,983,mobile
S004416,product_detail,add_to_cart,1143,932,mobile
S004416,product_detail,add_to_cart,852,905,mobile
S004416,product_detail,add_to_cart,1135,947,mobile
S004416,product_detail,main_image,433,909,mobile
S004417,product_detail,main_image,439,585,app
S004417,product_detail,reviews_tab,508,1252,app
S004417,product_detail,add_to_cart,809,938,app
S004417,product_detail,main_image,635,479,app
S004418,product_detail,thumbnails,97,808,mobile
S004419,product_detail,add_to_cart,805,903,mobile
S004424,product_detail,add_to_cart,853,930,desktop
S004424,product_detail,reviews_tab,658,1212,desktop
S004424,product_detail,reviews_tab,714,1224,desktop
S004425,product_detail,main_image,507,341,app
S004425,product_detail,add_to_cart,923,939,app
S004425,product_detail,add_to_cart,1007,941,app
S004426,product_detail,add_to_cart,1136,912,mobile
S004426,product_detail,reviews_tab,658,1234,mobile
S004427,product_detail,reviews_tab,536,1259,mobile
S004428,product_detail,add_to_cart,951,914,app
S004428,product_detail,add_to_cart,914,903,app
S004428,product_detail,size_chart,817,726,app
S004428,product_detail,main_image,321,548,app
S004428,product_detail,main_image,520,497,app
S004428,product_detail,reviews_tab,713,1245,app
S004429,product_detail,reviews_tab,704,1233,mobile
S004429,product_detail,reviews_tab,703,1243,mobile
S004431,product_detail,main_image,482,473,app
S004431,product_detail,size_chart,1014,720,app
S004431,product_detail,main_image,274,427,app
S004432,product_detail,coupon_banner,800,181,app
S004432,product_detail,main_image,398,581,app
S004432,product_detail,add_to_cart,853,873,app
S004433,product_detail,reviews_tab,672,1227,desktop
S004433,product_detail,reviews_tab,793,1240,desktop
S004434,product_detail,main_image,268,529,mobile
S004434,product_detail,main_image,152,773,mobile
S004435,product_detail,detail_text,581,2087,app
S004436,product_detail,add_to_cart,1050,911,mobile
S004436,product_detail,add_to_cart,841,956,mobile
S004437,product_detail,reviews_tab,630,1298,desktop
S004438,product_detail,size_chart,922,679,app
S004438,product_detail,main_image,454,486,app
S004440,product_detail,main_image,472,478,mobile
S004440,product_detail,main_image,470,525,mobile
S004440,product_detail,add_to_cart,872,881,mobile
S004440,product_detail,size_chart,991,697,mobile
S004442,product_detail,add_to_cart,1150,910,desktop
S004442,product_detail,thumbnails,126,710,desktop
S004443,product_detail,add_to_cart,859,935,mobile
S004443,product_detail,main_image,490,504,mobile
S004443,product_detail,reviews_tab,672,1276,mobile
S004443,product_detail,coupon_banner,867,193,mobile
S004443,product_detail,size_chart,892,695,mobile
S004444,product_detail,add_to_cart,1233,951,mobile
S004444,product_detail,size_chart,828,684,mobile
S004445,product_detail,size_chart,932,691,mobile
S004445,product_detail,wishlist,1197,903,mobile
S004446,product_detail,size_chart,814,709,app
S004447,product_detail,reviews_tab,447,1265,app
S004451,product_detail,reviews_tab,531,1261,app
S004453,product_detail,add_to_cart,975,895,desktop
S004453,product_detail,reviews_tab,477,1216,desktop
S004453,product_detail,detail_text,645,1959,desktop
S004453,product_detail,reviews_tab,513,1255,desktop
S004453,product_detail,size_chart,966,691,desktop
S004454,product_detail,reviews_tab,280,1248,mobile
S004454,product_detail,add_to_cart,739,920,mobile
S004455,product_detail,reviews_tab,430,1251,mobile
S004457,product_detail,main_image,298,374,mobile
S004457,product_detail,detail_text,1026,2032,mobile
S004459,product_detail,main_image,534,544,app
S004459,product_detail,main_image,313,466,app
S004459,product_detail,wishlist,1160,914,app
S004459,product_detail,coupon_banner,668,196,app
S004460,product_detail,detail_text,615,1895,app
S004460,product_detail,detail_text,596,1764,app
S004460,product_detail,add_to_cart,958,896,app
S004461,product_detail,size_chart,899,696,desktop
S004461,product_detail,main_image,431,448,desktop
S004462,product_detail,reviews_tab,779,1263,mobile
S004462,product_detail,size_chart,927,706,mobile
S004463,product_detail,add_to_cart,850,942,app
S004463,product_detail,reviews_tab,490,1229,app
S004463,product_detail,main_image,623,164,app
S004463,product_detail,main_image,372,611,app
S004463,product_detail,reviews_tab,718,1224,app
S004463,product_detail,main_image,374,558,app
S004463,product_detail,main_image,535,162,app
S004464,product_detail,main_image,460,382,mobile
S004464,product_detail,main_image,347,596,mobile
S004466,product_detail,reviews_tab,618,1258,desktop
S004467,product_detail,size_chart,875,726,desktop
S004467,product_detail,add_to_cart,818,923,desktop
S004469,product_detail,size_chart,839,681,mobile
S004469,product_detail,size_chart,912,699,mobile
S004469,product_detail,main_image,474,718,mobile
S004470,product_detail,detail_text,496,1887,mobile
S004470,product_detail,add_to_cart,1091,937,mobile
S004470,product_detail,reviews_tab,673,1231,mobile
S004472,product_detail,reviews_tab,615,1230,app
S004474,product_detail,coupon_banner,1056,184,desktop
S004474,product_detail,detail_text,228,1363,desktop
S004474,product_detail,add_to_cart,1038,869,desktop
S004475,product_detail,size_chart,940,690,desktop
S004475,product_detail,wishlist,1121,913,desktop
S004476,product_detail,reviews_tab,862,1260,mobile
S004477,product_detail,reviews_tab,513,1264,desktop
S004478,product_detail,coupon_banner,819,243,app
S004478,product_detail,coupon_banner,755,219,app
S004479,product_detail,add_to_cart,870,883,mobile
S004479,product_detail,main_image,470,516,mobile
S004479,product_detail,reviews_tab,595,1232,mobile
S004481,product_detail,reviews_tab,656,1224,mobile
S004481,product_detail,size_chart,927,705,mobile
S004481,product_detail,reviews_tab,634,1242,mobile
S004481,product_detail,add_to_cart,824,941,mobile
S004481,product_detail,reviews_tab,530,1248,mobile
S004481,product_detail,wishlist,1161,936,mobile
S004482,product_detail,reviews_tab,467,1238,mobile
S004482,product_detail,wishlist,1155,924,mobile
S004482,product_detail,reviews_tab,605,1252,mobile
S004482,product_detail,wishlist,1121,896,mobile
S004483,product_detail,thumbnails,170,961,app
S004483,product_detail,main_image,348,815,app
S004483,product_detail,main_image,341,538,app
S004484,product_detail,size_chart,873,709,mobile
S004484,product_detail,add_to_cart,1041,924,mobile
S004484,product_detail,size_chart,994,696,mobile
S004485,product_detail,add_to_cart,986,911,mobile
S004485,product_detail,add_to_cart,917,913,mobile
S004485,product_detail,size_chart,898,697,mobile
S004485,product_detail,main_image,474,570,mobile
S004486,product_detail,reviews_tab,707,1223,mobile
S004489,product_detail,main_image,480,557,mobile
S004489,product_detail,thumbnails,153,687,mobile
S004489,product_detail,add_to_cart,1000,938,mobile
S004489,product_detail,main_image,255,439,mobile
S004489,product_detail,thumbnails,153,523,mobile
S004490,product_detail,detail_text,660,1970,desktop
S004490,product_detail,size_chart,868,711,desktop
S004491,product_detail,detail_text,55,1457,mobile
S004491,product_detail,size_chart,870,668,mobile
S004492,product_detail,add_to_cart,1102,922,app
S004492,product_detail,main_image,430,575,app
S004493,product_detail,add_to_cart,1071,913,mobile
S004493,product_detail,reviews_tab,1063,1261,mobile
S004493,product_detail,main_image,348,633,mobile
S004493,product_detail,detail_text,281,2115,mobile
S004493,product_detail,main_image,411,477,mobile
S004494,product_detail,wishlist,1188,924,mobile
S004494,product_detail,reviews_tab,746,1226,mobile
S004494,product_detail,main_image,561,758,mobile
S004494,product_detail,reviews_tab,725,1308,mobile
S004495,product_detail,main_image,425,706,mobile
S004495,product_detail,coupon_banner,214,188,mobile
S004496,product_detail,reviews_tab,853,1253,desktop
S004496,product_detail,size_chart,910,699,desktop
S004497,product_detail,detail_text,847,2372,mobile
S004498,product_detail,detail_text,393,1221,app
S004498,product_detail,detail_text,896,1712,app
S004498,product_detail,add_to_cart,1064,910,app
S004498,product_detail,detail_text,951,2523,app
S004498,product_detail,detail_text,311,1935,app
S004499,product_detail,main_image,425,408,mobile
S004499,product_detail,size_chart,882,673,mobile
S004499,product_detail,size_chart,950,693,mobile
S004499,product_detail,add_to_cart,984,915,mobile
S004499,product_detail,coupon_banner,315,193,mobile
S004500,product_detail,size_chart,807,726,app
S004501,product_detail,size_chart,926,674,mobile
S004501,product_detail,add_to_cart,921,931,mobile
S004501,product_detail,main_image,294,410,mobile
S004501,product_detail,main_image,484,536,mobile
S004502,product_detail,size_chart,956,691,app
S004502,product_detail,main_image,228,399,app
S004503,product_detail,size_chart,967,711,app
S004504,product_detail,main_image,262,386,mobile
S004504,product_detail,add_to_cart,1165,913,mobile
S004504,product_detail,size_chart,915,685,mobile
S004504,product_detail,add_to_cart,1067,924,mobile
S004504,product_detail,reviews_tab,523,1239,mobile
S004505,product_detail,reviews_tab,540,1252,mobile
S004505,product_detail,main_image,600,429,mobile
S004505,product_detail,main_image,297,439,mobile
S004506,product_detail,reviews_tab,690,1230,desktop
S004507,product_detail,main_image,557,199,app
S004507,product_detail,main_image,521,491,app
S004507,product_detail,wishlist,1152,891,app
S004508,product_detail,reviews_tab,612,1249,app
S004509,product_detail,main_image,402,530,mobile
S004509,product_detail,detail_text,868,1971,mobile
S004509,product_detail,reviews_tab,674,1239,mobile
S004509,product_detail,size_chart,913,706,mobile
S004512,product_detail,main_image,396,683,app
S004512,product_detail,add_to_cart,884,933,app
S004512,product_detail,reviews_tab,951,1225,app
S004514,product_detail,add_to_cart,1038,914,app
S004514,product_detail,thumbnails,141,777,app
S004516,product_detail,wishlist,1146,907,desktop
S004516,product_detail,size_chart,937,701,desktop
S004517,product_detail,main_image,382,241,mobile
S004517,product_detail,thumbnails,136,870,mobile
S004517,product_detail,main_image,427,527,mobile
S004518,product_detail,add_to_cart,894,903,app
S004518,product_detail,main_image,159,653,app
S004519,product_detail,coupon_banner,0,163,desktop
S004519,product_detail,reviews_tab,849,1249,desktop
S004520,product_detail,main_image,345,892,app
S004521,product_detail,add_to_cart,1041,918,mobile
S004521,product_detail,reviews_tab,595,1250,mobile
S004521,product_detail,detail_text,1133,1725,mobile
S004521,product_detail,main_image,503,721,mobile
S004523,product_detail,reviews_tab,487,1255,app
S004523,product_detail,main_image,539,719,app
S004524,product_detail,main_image,262,302,app
S004525,product_detail,reviews_tab,526,1236,app
S004526,product_detail,add_to_cart,1057,928,app
S004526,product_detail,main_image,183,706,app
S004526,product_detail,thumbnails,105,498,app
S004527,product_detail,reviews_tab,693,1216,app
S004527,product_detail,add_to_cart,944,930,app
S004527,product_detail,reviews_tab,595,1232,app
S004527,product_detail,add_to_cart,1095,949,app
S004528,product_detail,wishlist,1115,913,desktop
S004528,product_detail,detail_text,0,1724,desktop
S004529,product_detail,main_image,387,875,app
S004530,product_detail,main_image,558,561,app
S004530,product_detail,thumbnails,166,945,app
S004530,product_detail,coupon_banner,1051,146,app
S004530,product_detail,thumbnails,154,726,app
S004530,product_detail,main_image,364,656,app
S004531,product_detail,add_to_cart,914,909,app
S004532,product_detail,add_to_cart,1019,967,mobile
S004532,product_detail,main_image,575,607,mobile
S004533,product_detail,reviews_tab,565,1254,app
S004533,product_detail,add_to_cart,936,953,app
S004533,product_detail,reviews_tab,846,1256,app
S004533,product_detail,coupon_banner,1088,200,app
S004533,product_detail,reviews_tab,968,1285,app
S004533,product_detail,reviews_tab,581,1265,app
S004533,product_detail,reviews_tab,660,1193,app
S004533,product_detail,wishlist,1181,929,app
S004533,product_detail,coupon_banner,571,169,app
S004534,product_detail,size_chart,1048,691,mobile
S004534,product_detail,thumbnails,74,701,mobile
S004535,product_detail,reviews_tab,683,1264,app
S004535,product_detail,add_to_cart,956,871,app
S004535,product_detail,reviews_tab,612,1265,app
S004535,product_detail,add_to_cart,1019,940,app
S004535,product_detail,main_image,162,645,app
S004535,product_detail,add_to_cart,1021,904,app
S004536,product_detail,main_image,285,657,desktop
S004536,product_detail,detail_text,353,1716,desktop
S004537,product_detail,add_to_cart,1114,932,desktop
S004537,product_detail,thumbnails,132,946,desktop
S004537,product_detail,thumbnails,154,711,desktop
S004537,product_detail,main_image,579,463,desktop
S004539,product_detail,main_image,395,494,mobile
S004539,product_detail,reviews_tab,598,1221,mobile
S004539,product_detail,add_to_cart,880,936,mobile
S004539,product_detail,add_to_cart,1024,899,mobile
S004539,product_detail,add_to_cart,1127,941,mobile
S004541,product_detail,main_image,432,530,app
S004542,product_detail,detail_text,988,1988,mobile
S004542,product_detail,add_to_cart,1113,936,mobile
S004542,product_detail,detail_text,838,2028,mobile
S004542,product_detail,main_image,367,575,mobile
S004542,product_detail,reviews_tab,786,1270,mobile
S004542,product_detail,reviews_tab,607,1228,mobile
S004542,product_detail,add_to_cart,1083,915,mobile
S004542,product_detail,size_chart,906,680,mobile
S004542,product_detail,add_to_cart,1098,907,mobile
S004543,product_detail,add_to_cart,1027,975,desktop
S004543,product_detail,reviews_tab,654,1236,desktop
S004543,product_detail,main_image,293,507,desktop
S004543,product_detail,detail_text,1222,2125,desktop
S004544,product_detail,main_image,678,405,app
S004544,product_detail,main_image,492,495,app
S004546,product_detail,add_to_cart,838,931,mobile
S004546,product_detail,add_to_cart,998,902,mobile
S004546,product_detail,add_to_cart,1183,932,mobile
S004546,product_detail,main_image,304,879,mobile
S004546,product_detail,reviews_tab,708,1270,mobile
S004547,product_detail,add_to_cart,842,914,mobile
S004547,product_detail,size_chart,926,721,mobile
S004547,product_detail,detail_text,740,1857,mobile
S004548,product_detail,add_to_cart,1056,867,mobile
S004548,product_detail,main_image,335,335,mobile
S004549,product_detail,detail_text,888,2182,app
S004549,product_detail,detail_text,743,2146,app
S004551,product_detail,size_chart,889,720,desktop
S004551,product_detail,detail_text,0,2206,desktop
S004552,product_detail,reviews_tab,806,1214,mobile
S004552,product_detail,size_chart,903,656,mobile
S004555,product_detail,thumbnails,159,660,desktop
S004555,product_detail,reviews_tab,604,1256,desktop
S004555,product_detail,main_image,365,214,desktop
S004555,product_detail,main_image,569,676,desktop
S004556,product_detail,main_image,392,510,mobile
S004556,product_detail,add_to_cart,1203,864,mobile
S004556,product_detail,main_image,349,751,mobile
S004557,product_detail,coupon_banner,645,252,mobile
S004557,product_detail,main_image,428,637,mobile
S004558,product_detail,reviews_tab,546,1244,desktop
S004558,product_detail,main_image,439,352,desktop
S004559,product_detail,add_to_cart,990,956,desktop
S004559,product_detail,thumbnails,138,894,desktop
S004559,product_detail,size_chart,1032,710,desktop
S004559,product_detail,reviews_tab,581,1255,desktop
S004560,product_detail,detail_text,599,1875,mobile
S004562,product_detail,reviews_tab,341,1205,app
S004562,product_detail,add_to_cart,1071,904,app
S004564,product_detail,size_chart,901,711,app
S004565,product_detail,reviews_tab,658,1242,mobile
S004565,product_detail,size_chart,863,703,mobile
S004566,product_detail,main_image,606,686,mobile
S004566,product_detail,reviews_tab,638,1240,mobile
S004566,product_detail,main_image,453,345,mobile
S004567,product_detail,detail_text,391,2032,mobile
S004567,product_detail,size_chart,716,701,mobile
S004567,product_detail,add_to_cart,1110,957,mobile
S004567,product_detail,main_image,494,511,mobile
S004567,product_detail,wishlist,1094,922,mobile
S004567,product_detail,reviews_tab,745,1281,mobile
S004567,product_detail,add_to_cart,1052,852,mobile
S004568,product_detail,reviews_tab,642,1274,desktop
S004568,product_detail,thumbnails,170,720,desktop
S004568,product_detail,main_image,332,405,desktop
S004568,product_detail,wishlist,1126,930,desktop
S004569,product_detail,add_to_cart,975,901,desktop
S004572,product_detail,main_image,274,517,mobile
S004572,product_detail,add_to_cart,1054,901,mobile
S004573,product_detail,add_to_cart,1098,886,mobile
S004573,product_detail,add_to_cart,895,955,mobile
S004573,product_detail,detail_text,975,1468,mobile
S004573,product_detail,thumbnails,245,626,mobile
S004574,product_detail,wishlist,1101,899,mobile
S004574,product_detail,add_to_cart,944,912,mobile
S004574,product_detail,main_image,424,492,mobile
S004574,product_detail,add_to_cart,1039,907,mobile
S004575,product_detail,reviews_tab,690,1259,mobile
S004575,product_detail,main_image,483,552,mobile
S004576,product_detail,size_chart,1003,676,app
S004576,product_detail,main_image,186,811,app
S004576,product_detail,wishlist,1120,883,app
S004577,product_detail,detail_text,1127,2147,app
S004577,product_detail,add_to_cart,972,934,app
S004577,product_detail,main_image,420,396,app
S004577,product_detail,detail_text,560,2360,app
S004577,product_detail,size_chart,1019,706,app
S004577,product_detail,wishlist,1153,919,app
S004579,product_detail,reviews_tab,486,1262,app
S004579,product_detail,detail_text,516,2221,app
S004579,product_detail,size_chart,856,688,app
S004581,product_detail,size_chart,779,702,mobile
S004581,product_detail,reviews_tab,924,1259,mobile
S004582,product_detail,main_image,401,402,desktop
S004582,product_detail,detail_text,904,1923,desktop
S004582,product_detail,size_chart,819,698,desktop
S004583,product_detail,size_chart,1082,698,mobile
S004583,product_detail,add_to_cart,1103,928,mobile
S004583,product_detail,main_image,193,360,mobile
S004583,product_detail,thumbnails,147,670,mobile
S004583,product_detail,main_image,354,657,mobile
S004585,product_detail,main_image,231,470,mobile
S004585,product_detail,detail_text,385,2361,mobile
S004585,product_detail,main_image,524,572,mobile
S004587,product_detail,main_image,385,557,mobile
S004588,product_detail,size_chart,918,700,desktop
S004588,product_detail,main_image,487,437,desktop
S004588,product_detail,main_image,384,380,desktop
S004588,product_detail,detail_text,943,1319,desktop
S004590,product_detail,add_to_cart,804,928,mobile
S004591,product_detail,add_to_cart,1127,889,mobile
S004591,product_detail,reviews_tab,501,1262,mobile
S004593,product_detail,main_image,263,669,desktop
S004593,product_detail,coupon_banner,718,186,desktop
S004593,product_detail,wishlist,1151,945,desktop
S004593,product_detail,add_to_cart,869,934,desktop
S004593,product_detail,add_to_cart,1197,913,desktop
S004593,product_detail,add_to_cart,1144,918,desktop
S004593,product_detail,reviews_tab,411,1238,desktop
S004593,product_detail,size_chart,884,672,desktop
S004594,product_detail,thumbnails,172,997,app
S004594,product_detail,main_image,413,338,app
S004594,product_detail,size_chart,961,715,app
S004594,product_detail,add_to_cart,1085,965,app
S004596,product_detail,add_to_cart,982,891,app
S004596,product_detail,add_to_cart,867,894,app
S004598,product_detail,detail_text,161,1800,mobile
S004599,product_detail,coupon_banner,689,174,app
S004599,product_detail,detail_text,717,1608,app
S004601,product_detail,add_to_cart,948,922,desktop
S004601,product_detail,main_image,356,457,desktop
S004601,product_detail,main_image,263,925,desktop
S004602,product_detail,size_chart,879,667,mobile
S004602,product_detail,add_to_cart,1118,893,mobile
S004602,product_detail,detail_text,357,1552,mobile
S004602,product_detail,thumbnails,119,744,mobile
S004603,product_detail,reviews_tab,691,1270,desktop
S004603,product_detail,wishlist,1141,914,desktop
S004603,product_detail,reviews_tab,873,1230,desktop
S004604,product_detail,main_image,331,309,app
S004606,product_detail,add_to_cart,1068,951,desktop
S004609,product_detail,detail_text,705,1595,mobile
S004609,product_detail,reviews_tab,801,1228,mobile
S004610,product_detail,size_chart,920,675,app
S004611,product_detail,main_image,510,507,desktop
S004611,product_detail,main_image,345,697,desktop
S004611,product_detail,main_image,513,572,desktop
S004611,product_detail,add_to_cart,969,845,desktop
S004611,product_detail,thumbnails,190,828,desktop
S004611,product_detail,add_to_cart,816,900,desktop
S004612,product_detail,add_to_cart,973,878,mobile
S004613,product_detail,add_to_cart,882,926,mobile
S004613,product_detail,reviews_tab,649,1259,mobile
S004614,product_detail,add_to_cart,875,954,app
S004615,product_detail,size_chart,966,715,desktop
S004615,product_detail,add_to_cart,843,905,desktop
S004618,product_detail,size_chart,850,676,app
S004618,product_detail,coupon_banner,588,253,app
S004618,product_detail,reviews_tab,609,1257,app
S004618,product_detail,size_chart,957,692,app
S004619,product_detail,add_to_cart,959,920,app
S004619,product_detail,add_to_cart,901,910,app
S004620,product_detail,main_image,548,781,app
S004620,product_detail,add_to_cart,1067,892,app
S004620,product_detail,main_image,447,471,app
S004620,product_detail,detail_text,0,2117,app
S004621,product_detail,detail_text,622,1782,desktop
S004621,product_detail,main_image,598,466,desktop
S004621,product_detail,thumbnails,91,950,desktop
S004623,product_detail,main_image,372,433,app
S004624,product_detail,main_image,463,470,mobile
S004624,product_detail,size_chart,916,674,mobile
S004624,product_detail,reviews_tab,746,1235,mobile
S004625,product_detail,main_image,504,471,app
S004626,product_detail,coupon_banner,552,225,mobile
S004626,product_detail,add_to_cart,624,931,mobile
S004627,product_detail,detail_text,544,2030,app
S004627,product_detail,reviews_tab,796,1263,app
S004627,product_detail,add_to_cart,850,909,app
S004627,product_detail,main_image,555,373,app
S004628,product_detail,size_chart,823,720,app
S004628,product_detail,size_chart,908,758,app
S004628,product_detail,reviews_tab,742,1281,app
S004629,product_detail,thumbnails,136,623,desktop
S004630,product_detail,main_image,325,232,mobile
S004631,product_detail,reviews_tab,423,1263,app
S004631,product_detail,thumbnails,94,517,app
S004631,product_detail,main_image,537,351,app
S004631,product_detail,main_image,376,339,app
S004631,product_detail,main_image,304,677,app
S004631,product_detail,reviews_tab,334,1255,app
S004635,product_detail,add_to_cart,923,933,mobile
S004635,product_detail,size_chart,873,692,mobile
S004635,product_detail,detail_text,389,1759,mobile
S004635,product_detail,main_image,250,610,mobile
S004635,product_detail,thumbnails,140,726,mobile
S004635,product_detail,main_image,448,402,mobile
S004635,product_detail,wishlist,1094,890,mobile
S004636,product_detail,thumbnails,127,662,mobile
S004636,product_detail,wishlist,1145,930,mobile
S004637,product_detail,add_to_cart,1034,892,app
S004637,product_detail,detail_text,453,2012,app
S004637,product_detail,reviews_tab,517,1251,app
S004637,product_detail,main_image,85,401,app
S004637,product_detail,size_chart,788,711,app
S004640,product_detail,thumbnails,75,790,app
S004641,product_detail,add_to_cart,1015,904,mobile
S004642,product_detail,main_image,287,500,desktop
S004642,product_detail,wishlist,1132,917,desktop
S004645,product_detail,wishlist,1098,914,app
S004645,product_detail,add_to_cart,996,922,app
S004646,product_detail,main_image,311,683,desktop
S004646,product_detail,main_image,472,685,desktop
S004647,product_detail,size_chart,997,683,mobile
S004647,product_detail,reviews_tab,437,1264,mobile
S004647,product_detail,wishlist,1159,918,mobile
S004647,product_detail,add_to_cart,1087,951,mobile
S004648,product_detail,reviews_tab,724,1227,mobile
S004648,product_detail,size_chart,871,705,mobile
S004649,product_detail,main_image,563,614,app
S004649,product_detail,size_chart,871,699,app
S004650,product_detail,add_to_cart,947,925,mobile
S004651,product_detail,add_to_cart,1154,931,desktop
S004653,product_detail,size_chart,1040,716,app
S004653,product_detail,reviews_tab,666,1276,app
S004654,product_detail,wishlist,1150,902,app
S004654,product_detail,reviews_tab,677,1262,app
S004654,product_detail,reviews_tab,784,1272,app
S004655,product_detail,main_image,465,517,app
S004655,product_detail,add_to_cart,945,928,app
S004657,product_detail,reviews_tab,787,1217,mobile
S004657,product_detail,main_image,500,344,mobile
S004657,product_detail,main_image,489,709,mobile
S004658,product_detail,detail_text,492,1211,mobile
S004659,product_detail,main_image,412,587,mobile
S004659,product_detail,main_image,349,745,mobile
S004659,product_detail,add_to_cart,913,895,mobile
S004659,product_detail,detail_text,928,1602,mobile
S004659,product_detail,thumbnails,160,681,mobile
S004662,product_detail,wishlist,1153,917,mobile
S004662,product_detail,add_to_cart,724,953,mobile
S004663,product_detail,add_to_cart,1062,916,mobile
S004663,product_detail,add_to_cart,936,921,mobile
S004663,product_detail,add_to_cart,1047,912,mobile
S004664,product_detail,main_image,389,631,app
S004664,product_detail,thumbnails,147,859,app
S004664,product_detail,main_image,400,473,app
S004664,product_detail,reviews_tab,808,1259,app
S004664,product_detail,wishlist,1164,909,app
S004665,product_detail,reviews_tab,629,1255,app
S004666,product_detail,reviews_tab,577,1260,desktop
S004666,product_detail,size_chart,841,708,desktop
S004666,product_detail,main_image,538,281,desktop
S004666,product_detail,main_image,414,459,desktop
S004667,product_detail,main_image,444,490,mobile
S004667,product_detail,reviews_tab,695,1293,mobile
S004668,product_detail,reviews_tab,517,1278,app
S004668,product_detail,add_to_cart,891,913,app
S004670,product_detail,detail_text,852,2067,desktop
S004670,product_detail,main_image,413,390,desktop
S004670,product_detail,main_image,498,546,desktop
S004671,product_detail,add_to_cart,1121,921,mobile
S004671,product_detail,add_to_cart,932,871,mobile
S004671,product_detail,add_to_cart,866,918,mobile
S004672,product_detail,main_image,278,431,app
S004673,product_detail,main_image,626,421,mobile
S004674,product_detail,size_chart,785,685,desktop
S004675,product_detail,coupon_banner,470,188,mobile
S004677,product_detail,main_image,340,428,mobile
S004677,product_detail,main_image,507,383,mobile
S004677,product_detail,main_image,543,643,mobile
S004678,product_detail,thumbnails,122,685,mobile
S004678,product_detail,thumbnails,126,676,mobile
S004679,product_detail,add_to_cart,890,930,app
S004679,product_detail,thumbnails,130,478,app
S004679,product_detail,detail_text,575,2150,app
S004680,product_detail,main_image,311,582,mobile
S004680,product_detail,add_to_cart,1037,932,mobile
S004680,product_detail,size_chart,932,717,mobile
S004680,product_detail,wishlist,1122,928,mobile
S004680,product_detail,main_image,415,466,mobile
S004683,product_detail,reviews_tab,728,1230,app
S004684,product_detail,main_image,149,233,desktop
S004684,product_detail,detail_text,669,2189,desktop
S004685,product_detail,add_to_cart,1127,886,mobile
S004685,product_detail,size_chart,884,688,mobile
S004686,product_detail,reviews_tab,545,1237,mobile
S004686,product_detail,main_image,226,298,mobile
S004687,product_detail,detail_text,800,2311,desktop
S004687,product_detail,reviews_tab,820,1269,desktop
S004688,product_detail,size_chart,883,719,mobile
S004688,product_detail,add_to_cart,1067,907,mobile
S004689,product_detail,thumbnails,215,875,mobile
S004689,product_detail,add_to_cart,1001,896,mobile
S004689,product_detail,main_image,351,352,mobile
S004689,product_detail,main_image,560,700,mobile
S004689,product_detail,reviews_tab,702,1253,mobile
S004689,product_detail,main_image,285,715,mobile
S004689,product_detail,reviews_tab,648,1252,mobile
S004690,product_detail,main_image,335,655,mobile
S004690,product_detail,reviews_tab,494,1252,mobile
S004691,product_detail,add_to_cart,1013,926,desktop
S004691,product_detail,reviews_tab,535,1242,desktop
S004692,product_detail,reviews_tab,494,1269,mobile
S004692,product_detail,add_to_cart,880,922,mobile
S004694,product_detail,reviews_tab,833,1256,mobile
S004695,product_detail,thumbnails,215,782,app
S004695,product_detail,main_image,501,587,app
S004695,product_detail,wishlist,1112,916,app
S004695,product_detail,reviews_tab,428,1265,app
S004696,product_detail,add_to_cart,755,922,mobile
S004696,product_detail,coupon_banner,1023,241,mobile
S004697,product_detail,main_image,464,538,desktop
S004698,product_detail,main_image,272,19,app
S004698,product_detail,thumbnails,104,695,app
S004700,product_detail,reviews_tab,557,1227,desktop
S004700,product_detail,add_to_cart,1095,879,desktop
S004703,product_detail,main_image,362,449,app
S004703,product_detail,reviews_tab,552,1284,app
S004703,product_detail,main_image,286,773,app
S004704,product_detail,reviews_tab,637,1288,desktop
S004704,product_detail,main_image,491,543,desktop
S004705,product_detail,detail_text,553,2134,app
S004705,product_detail,reviews_tab,553,1240,app
S004707,product_detail,size_chart,906,685,mobile
S004707,product_detail,main_image,545,393,mobile
S004708,product_detail,main_image,462,257,app
S004708,product_detail,wishlist,1133,921,app
S004708,product_detail,reviews_tab,913,1260,app
S004709,product_detail,detail_text,376,2053,mobile
S004709,product_detail,main_image,471,536,mobile
S004710,product_detail,reviews_tab,710,1210,mobile
S004710,product_detail,add_to_cart,1066,948,mobile
S004712,product_detail,main_image,663,634,app
S004712,product_detail,reviews_tab,495,1220,app
S004712,product_detail,add_to_cart,1191,921,app
S004712,product_detail,reviews_tab,861,1281,app
S004713,product_detail,add_to_cart,1078,910,mobile
S004714,product_detail,main_image,321,579,mobile
S004715,product_detail,add_to_cart,849,901,mobile
S004715,product_detail,size_chart,869,699,mobile
S004716,product_detail,main_image,123,469,app
S004717,product_detail,size_chart,833,698,mobile
S004717,product_detail,thumbnails,139,887,mobile
S004717,product_detail,main_image,417,564,mobile
S004717,product_detail,wishlist,1126,947,mobile
S004718,product_detail,main_image,381,570,desktop
S004718,product_detail,size_chart,873,670,desktop
S004719,product_detail,main_image,567,318,app
S004719,product_detail,size_chart,936,700,app
S004719,product_detail,detail_text,996,1427,app
S004720,product_detail,main_image,297,501,mobile
S004720,product_detail,coupon_banner,594,125,mobile
S004720,product_detail,detail_text,450,2172,mobile
S004720,product_detail,add_to_cart,1159,924,mobile
S004721,product_detail,main_image,584,449,app
S004721,product_detail,main_image,482,434,app
S004721,product_detail,coupon_banner,0,233,app
S004721,product_detail,reviews_tab,787,1265,app
S004721,product_detail,thumbnails,94,650,app
S004721,product_detail,reviews_tab,651,1248,app
S004722,product_detail,main_image,318,566,mobile
S004722,product_detail,add_to_cart,888,899,mobile
S004723,product_detail,add_to_cart,979,913,app
S004723,product_detail,add_to_cart,1002,937,app
S004723,product_detail,add_to_cart,1082,869,app
S004723,product_detail,main_image,441,310,app
S004724,product_detail,add_to_cart,1042,896,mobile
S004724,product_detail,main_image,410,550,mobile
S004724,product_detail,reviews_tab,778,1235,mobile
S004724,product_detail,main_image,585,618,mobile
S004725,product_detail,main_image,613,601,desktop
S004725,product_detail,size_chart,827,688,desktop
S004725,product_detail,thumbnails,176,617,desktop
S004725,product_detail,thumbnails,142,746,desktop
S004726,product_detail,main_image,699,662,app
S004726,product_detail,main_image,488,330,app
S004728,product_detail,reviews_tab,586,1251,desktop
S004729,product_detail,wishlist,1132,939,mobile
S004729,product_detail,size_chart,1001,690,mobile
S004730,product_detail,size_chart,818,727,desktop
S004730,product_detail,reviews_tab,677,1260,desktop
S004732,product_detail,wishlist,1151,942,desktop
S004732,product_detail,add_to_cart,1010,938,desktop
S004732,product_detail,main_image,386,657,desktop
S004732,product_detail,coupon_banner,464,209,desktop
S004732,product_detail,coupon_banner,366,182,desktop
S004732,product_detail,main_image,403,329,desktop
S004732,product_detail,detail_text,309,1703,desktop
S004733,product_detail,main_image,311,511,desktop
S004734,product_detail,add_to_cart,1255,940,mobile
S004735,product_detail,reviews_tab,681,1227,mobile
S004737,product_detail,main_image,461,700,app
S004738,product_detail,reviews_tab,1031,1246,mobile
S004738,product_detail,main_image,517,754,mobile
S004738,product_detail,add_to_cart,968,900,mobile
S004739,product_detail,main_image,235,769,desktop
S004739,product_detail,size_chart,741,715,desktop
S004740,product_detail,add_to_cart,1051,860,desktop
S004741,product_detail,reviews_tab,669,1234,app
S004741,product_detail,main_image,408,628,app
S004742,product_detail,wishlist,1115,907,mobile
S004742,product_detail,size_chart,1015,708,mobile
S004742,product_detail,reviews_tab,625,1228,mobile
S004742,product_detail,coupon_banner,840,168,mobile
S004742,product_detail,size_chart,779,702,mobile
S004743,product_detail,reviews_tab,781,1243,mobile
S004743,product_detail,size_chart,797,704,mobile
S004743,product_detail,size_chart,904,697,mobile
S004744,product_detail,thumbnails,103,910,mobile
S004745,product_detail,add_to_cart,962,890,app
S004745,product_detail,size_chart,915,681,app
S004745,product_detail,size_chart,852,718,app
S004745,product_detail,size_chart,859,710,app
S004746,product_detail,main_image,492,410,desktop
S004746,product_detail,reviews_tab,808,1231,desktop
S004747,product_detail,detail_text,815,1701,mobile
S004747,product_detail,thumbnails,76,750,mobile
S004748,product_detail,size_chart,922,661,app
S004749,product_detail,main_image,287,273,mobile
S004750,product_detail,main_image,409,499,app
S004751,product_detail,add_to_cart,1027,943,desktop
S004752,product_detail,detail_text,1088,2190,mobile
S004752,product_detail,main_image,484,359,mobile
S004753,product_detail,size_chart,853,719,app
S004753,product_detail,main_image,272,565,app
S004755,product_detail,main_image,517,980,mobile
S004755,product_detail,size_chart,940,708,mobile
S004755,product_detail,reviews_tab,537,1267,mobile
S004755,product_detail,reviews_tab,550,1249,mobile
S004755,product_detail,reviews_tab,748,1239,mobile
S004755,product_detail,coupon_banner,434,214,mobile
S004758,product_detail,wishlist,1221,926,mobile
S004758,product_detail,reviews_tab,772,1263,mobile
S004758,product_detail,main_image,497,497,mobile
S004759,product_detail,add_to_cart,976,920,mobile
S004759,product_detail,add_to_cart,1000,921,mobile
S004759,product_detail,main_image,349,539,mobile
S004759,product_detail,reviews_tab,590,1266,mobile
S004759,product_detail,main_image,490,893,mobile
S004759,product_detail,size_chart,842,689,mobile
S004759,product_detail,thumbnails,209,698,mobile
S004760,product_detail,size_chart,837,694,mobile
S004761,product_detail,detail_text,116,2367,app
S004763,product_detail,add_to_cart,1160,917,app
S004764,product_detail,add_to_cart,936,962,mobile
S004765,product_detail,reviews_tab,616,1274,app
S004766,product_detail,reviews_tab,700,1279,mobile
S004767,product_detail,coupon_banner,91,194,desktop
S004768,product_detail,main_image,305,334,mobile
S004768,product_detail,wishlist,1157,944,mobile
S004769,product_detail,add_to_cart,962,868,app
S004769,product_detail,reviews_tab,614,1253,app
S004771,product_detail,main_image,595,495,app
S004771,product_detail,add_to_cart,1111,904,app
S004771,product_detail,main_image,347,339,app
S004773,product_detail,main_image,414,741,mobile
S004774,product_detail,main_image,388,252,mobile
S004774,product_detail,add_to_cart,974,952,mobile
S004774,product_detail,reviews_tab,393,1237,mobile
S004774,product_detail,add_to_cart,1033,900,mobile
S004775,product_detail,reviews_tab,862,1245,app
S004775,product_detail,reviews_tab,787,1226,app
S004775,product_detail,detail_text,438,1956,app
S004776,product_detail,main_image,379,421,app
S004776,product_detail,add_to_cart,854,913,app
S004776,product_detail,add_to_cart,945,882,app
S004776,product_detail,main_image,513,560,app
S004777,product_detail,wishlist,1148,927,app
S004777,product_detail,reviews_tab,582,1246,app
S004778,product_detail,main_image,673,536,mobile
S004778,product_detail,reviews_tab,661,1246,mobile
S004779,product_detail,reviews_tab,681,1225,app
S004779,product_detail,reviews_tab,412,1220,app
S004779,product_detail,main_image,361,294,app
S004779,product_detail,add_to_cart,1108,917,app
S004779,product_detail,thumbnails,126,869,app
S004780,product_detail,add_to_cart,1039,878,desktop
S004780,product_detail,main_image,466,464,desktop
S004780,product_detail,add_to_cart,1092,889,desktop
S004781,product_detail,main_image,462,414,mobile
S004781,product_detail,main_image,398,504,mobile
S004782,product_detail,reviews_tab,574,1218,desktop
S004782,product_detail,size_chart,910,713,desktop
S004783,product_detail,detail_text,294,2066,app
S004783,product_detail,size_chart,898,728,app
S004784,product_detail,size_chart,914,697,mobile
S004786,product_detail,main_image,556,413,mobile
S004786,product_detail,main_image,251,765,mobile
S004786,product_detail,add_to_cart,971,877,mobile
S004786,product_detail,main_image,483,964,mobile
S004786,product_detail,size_chart,921,725,mobile
S004786,product_detail,detail_text,0,2298,mobile
S004787,product_detail,add_to_cart,1016,899,app
S004787,product_detail,main_image,541,433,app
S004787,product_detail,add_to_cart,1014,917,app
S004787,product_detail,main_image,527,685,app
S004787,product_detail,thumbnails,209,748,app
S004787,product_detail,reviews_tab,421,1266,app
S004787,product_detail,add_to_cart,879,930,app
S004788,product_detail,add_to_cart,1152,908,mobile
S004788,product_detail,main_image,584,501,mobile
S004788,product_detail,add_to_cart,1151,905,mobile
S004789,product_detail,thumbnails,235,873,mobile
S004791,product_detail,main_image,272,718,mobile
S004791,product_detail,reviews_tab,658,1231,mobile
S004791,product_detail,size_chart,902,683,mobile
S004792,product_detail,coupon_banner,473,185,mobile
S004792,product_detail,main_image,327,531,mobile
S004793,product_detail,reviews_tab,529,1292,mobile
S004793,product_detail,main_image,543,371,mobile
S004793,product_detail,detail_text,954,1593,mobile
S004793,product_detail,main_image,222,390,mobile
S004794,product_detail,detail_text,64,2033,app
S004794,product_detail,reviews_tab,805,1259,app
S004795,product_detail,main_image,495,198,mobile
S004795,product_detail,main_image,259,257,mobile
S004795,product_detail,main_image,403,236,mobile
S004795,product_detail,main_image,229,374,mobile
S004795,product_detail,main_image,552,340,mobile
S004796,product_detail,main_image,537,610,app
S004796,product_detail,add_to_cart,902,948,app
S004797,product_detail,main_image,453,451,desktop
S004797,product_detail,main_image,665,587,desktop
S004799,product_detail,reviews_tab,889,1217,desktop
S004800,product_detail,add_to_cart,1008,911,desktop
S004800,product_detail,size_chart,956,708,desktop
S004800,product_detail,add_to_cart,1045,929,desktop
S004802,product_detail,add_to_cart,881,893,mobile
S004803,product_detail,main_image,499,429,app
S004804,product_detail,add_to_cart,1099,867,app
S004804,product_detail,main_image,421,818,app
S004805,product_detail,thumbnails,99,867,desktop
S004805,product_detail,size_chart,951,717,desktop
S004806,product_detail,reviews_tab,574,1270,app
S004806,product_detail,reviews_tab,512,1209,app
S004807,product_detail,main_image,337,564,mobile
S004808,product_detail,add_to_cart,941,930,app
S004808,product_detail,main_image,267,436,app
S004808,product_detail,size_chart,822,688,app
S004808,product_detail,main_image,480,797,app
S004809,product_detail,add_to_cart,788,929,mobile
S004811,product_detail,main_image,369,540,mobile
S004811,product_detail,reviews_tab,392,1284,mobile
S004813,product_detail,reviews_tab,983,1231,mobile
S004813,product_detail,size_chart,751,706,mobile
S004813,product_detail,size_chart,918,749,mobile
S004813,product_detail,main_image,403,543,mobile
S004814,product_detail,add_to_cart,993,906,app
S004814,product_detail,reviews_tab,681,1244,app
S004816,product_detail,detail_text,465,2545,mobile
S004816,product_detail,main_image,115,594,mobile
S004816,product_detail,coupon_banner,398,235,mobile
S004816,product_detail,size_chart,929,686,mobile
S004817,product_detail,main_image,265,646,app
S004817,product_detail,reviews_tab,652,1244,app
S004817,product_detail,add_to_cart,934,970,app
S004818,product_detail,main_image,354,426,mobile
S004818,product_detail,main_image,495,667,mobile
S004818,product_detail,size_chart,835,701,mobile
S004818,product_detail,add_to_cart,1061,930,mobile
S004819,product_detail,main_image,502,424,mobile
S004821,product_detail,add_to_cart,746,921,mobile
S004821,product_detail,main_image,653,581,mobile
S004823,product_detail,main_image,476,526,mobile
S004824,product_detail,thumbnails,131,695,mobile
S004825,product_detail,wishlist,1147,934,app
S004825,product_detail,main_image,366,653,app
S004825,product_detail,wishlist,1141,872,app
S004825,product_detail,size_chart,988,709,app
S004825,product_detail,main_image,421,776,app
S004825,product_detail,main_image,307,677,app
S004825,product_detail,size_chart,869,714,app
S004825,product_detail,main_image,316,601,app
S004826,product_detail,main_image,147,299,mobile
S004828,product_detail,detail_text,915,2311,app
S004828,product_detail,wishlist,1159,917,app
S004829,product_detail,main_image,553,721,mobile
S004829,product_detail,coupon_banner,516,191,mobile
S004829,product_detail,reviews_tab,815,1234,mobile
S004829,product_detail,detail_text,363,2158,mobile
S004830,product_detail,main_image,315,265,app
S004830,product_detail,add_to_cart,1031,927,app
S004830,product_detail,add_to_cart,1025,884,app
S004830,product_detail,main_image,692,623,app
S004831,product_detail,size_chart,967,712,app
S004833,product_detail,wishlist,1158,937,mobile
S004833,product_detail,add_to_cart,1115,894,mobile
S004833,product_detail,main_image,347,260,mobile
S004833,product_detail,main_image,496,624,mobile
S004833,product_detail,size_chart,985,689,mobile
S004833,product_detail,thumbnails,201,540,mobile
S004835,product_detail,thumbnails,152,678,mobile
S004835,product_detail,main_image,304,468,mobile
S004836,product_detail,add_to_cart,1062,919,app
S004836,product_detail,size_chart,791,691,app
S004836,product_detail,main_image,377,659,app
S004836,product_detail,thumbnails,119,773,app
S004836,product_detail,main_image,303,633,app
S004836,product_detail,size_chart,1004,692,app
S004836,product_detail,wishlist,1165,939,app
S004837,product_detail,main_image,472,396,desktop
S004837,product_detail,add_to_cart,859,886,desktop
S004837,product_detail,main_image,299,327,desktop
S004838,product_detail,main_image,297,349,desktop
S004839,product_detail,main_image,676,493,app
S004839,product_detail,main_image,462,449,app
S004839,product_detail,wishlist,1120,912,app
S004840,product_detail,reviews_tab,919,1253,app
S004840,product_detail,reviews_tab,347,1268,app
S004843,product_detail,wishlist,1153,919,mobile
S004843,product_detail,size_chart,888,676,mobile
S004843,product_detail,size_chart,927,727,mobile
S004844,product_detail,add_to_cart,1088,905,mobile
S004844,product_detail,reviews_tab,790,1241,mobile
S004845,product_detail,detail_text,550,2052,mobile
S004845,product_detail,size_chart,827,682,mobile
S004847,product_detail,reviews_tab,369,1272,desktop
S004847,product_detail,main_image,519,733,desktop
S004848,product_detail,detail_text,1110,1651,mobile
S004848,product_detail,reviews_tab,800,1231,mobile
S004848,product_detail,reviews_tab,353,1253,mobile
S004848,product_detail,main_image,424,328,mobile
S004849,product_detail,thumbnails,133,810,app
S004849,product_detail,main_image,406,359,app
S004850,product_detail,reviews_tab,717,1272,mobile
S004850,product_detail,add_to_cart,847,937,mobile
S004852,product_detail,add_to_cart,1107,901,mobile
S004852,product_detail,add_to_cart,1039,924,mobile
S004852,product_detail,detail_text,746,1717,mobile
S004852,product_detail,add_to_cart,992,959,mobile
S004852,product_detail,add_to_cart,939,931,mobile
S004853,product_detail,main_image,521,404,desktop
S004853,product_detail,size_chart,981,709,desktop
S004854,product_detail,add_to_cart,1177,846,desktop
S004854,product_detail,main_image,462,1026,desktop
S004854,product_detail,add_to_cart,1081,902,desktop
S004855,product_detail,size_chart,961,692,mobile
S004855,product_detail,main_image,432,512,mobile
S004855,product_detail,thumbnails,152,727,mobile
S004855,product_detail,reviews_tab,696,1249,mobile
S004855,product_detail,size_chart,884,695,mobile
S004855,product_detail,size_chart,901,696,mobile
S004855,product_detail,detail_text,806,1941,mobile
S004856,product_detail,main_image,406,330,app
S004857,product_detail,add_to_cart,894,946,mobile
S004858,product_detail,detail_text,848,1640,mobile
S004858,product_detail,size_chart,930,699,mobile
S004858,product_detail,main_image,459,546,mobile
S004858,product_detail,add_to_cart,965,950,mobile
S004858,product_detail,main_image,413,487,mobile
S004859,product_detail,size_chart,819,683,app
S004859,product_detail,wishlist,1097,905,app
S004859,product_detail,coupon_banner,540,179,app
S004859,product_detail,add_to_cart,820,943,app
S004860,product_detail,main_image,497,369,mobile
S004860,product_detail,thumbnails,138,577,mobile
S004860,product_detail,add_to_cart,1109,900,mobile
S004860,product_detail,main_image,370,670,mobile
S004861,product_detail,wishlist,1133,899,mobile
S004861,product_detail,add_to_cart,848,912,mobile
S004861,product_detail,size_chart,813,716,mobile
S004862,product_detail,reviews_tab,405,1234,desktop
S004862,product_detail,main_image,518,682,desktop
S004862,product_detail,reviews_tab,425,1232,desktop
S004862,product_detail,detail_text,570,2208,desktop
S004862,product_detail,detail_text,805,2208,desktop
S004862,product_detail,coupon_banner,350,198,desktop
S004865,product_detail,add_to_cart,968,941,app
S004866,product_detail,coupon_banner,623,194,mobile
S004866,product_detail,wishlist,1151,945,mobile
S004867,product_detail,add_to_cart,886,954,mobile
S004868,product_detail,main_image,435,548,app
S004868,product_detail,coupon_banner,1070,189,app
S004869,product_detail,add_to_cart,1096,906,mobile
S004870,product_detail,main_image,298,710,app
S004871,product_detail,reviews_tab,477,1270,mobile
S004871,product_detail,add_to_cart,1126,906,mobile
S004872,product_detail,wishlist,1127,906,desktop
S004872,product_detail,main_image,383,358,desktop
S004873,product_detail,reviews_tab,485,1275,app
S004873,product_detail,main_image,308,682,app
S004873,product_detail,thumbnails,133,888,app
S004873,product_detail,add_to_cart,938,891,app
S004873,product_detail,add_to_cart,799,933,app
S004873,product_detail,main_image,295,568,app
S004873,product_detail,reviews_tab,696,1258,app
S004873,product_detail,main_image,553,455,app
S004874,product_detail,reviews_tab,438,1257,app
S004874,product_detail,add_to_cart,930,914,app
S004874,product_detail,main_image,443,625,app
S004874,product_detail,main_image,490,428,app
S004874,product_detail,add_to_cart,1083,958,app
S004874,product_detail,main_image,194,513,app
S004874,product_detail,reviews_tab,699,1250,app
S004874,product_detail,detail_text,438,2309,app
S004875,product_detail,reviews_tab,713,1255,mobile
S004877,product_detail,coupon_banner,112,136,mobile
S004878,product_detail,coupon_banner,434,160,mobile
S004879,product_detail,reviews_tab,591,1264,mobile
S004879,product_detail,detail_text,816,1781,mobile
S004879,product_detail,add_to_cart,853,976,mobile
S004879,product_detail,thumbnails,97,627,mobile
S004879,product_detail,size_chart,886,703,mobile
S004880,product_detail,reviews_tab,567,1239,mobile
S004880,product_detail,add_to_cart,927,924,mobile
S004882,product_detail,add_to_cart,808,912,app
S004884,product_detail,size_chart,855,697,app
S004884,product_detail,main_image,551,626,app
S004884,product_detail,detail_text,1201,2200,app
S004885,product_detail,add_to_cart,951,907,mobile
S004885,product_detail,detail_text,267,1749,mobile
S004887,product_detail,size_chart,898,697,app
S004887,product_detail,add_to_cart,1012,954,app
S004887,product_detail,add_to_cart,957,924,app
S004887,product_detail,add_to_cart,1101,924,app
S004887,product_detail,detail_text,430,1268,app
S004888,product_detail,size_chart,799,721,mobile
S004888,product_detail,detail_text,776,2346,mobile
S004889,product_detail,size_chart,856,697,app
S004889,product_detail,main_image,357,624,app
S004889,product_detail,add_to_cart,830,931,app
S004889,product_detail,add_to_cart,1054,923,app
S004890,product_detail,main_image,371,461,desktop
S004892,product_detail,main_image,442,690,mobile
S004892,product_detail,size_chart,907,719,mobile
S004893,product_detail,reviews_tab,573,1272,desktop
S004894,product_detail,reviews_tab,816,1283,app
S004894,product_detail,main_image,299,328,app
S004896,product_detail,add_to_cart,1096,915,app
S004897,product_detail,coupon_banner,127,196,desktop
S004897,product_detail,size_chart,988,696,desktop
S004897,product_detail,add_to_cart,1054,877,desktop
S004899,product_detail,main_image,410,334,mobile
S004899,product_detail,main_image,644,362,mobile
S004899,product_detail,main_image,481,408,mobile
S004899,product_detail,wishlist,1158,906,mobile
S004899,product_detail,thumbnails,123,587,mobile
S004900,product_detail,main_image,599,484,mobile
S004901,product_detail,reviews_tab,937,1197,app
S004901,product_detail,wishlist,1125,932,app
S004903,product_detail,size_chart,889,710,app
S004905,product_detail,size_chart,942,681,app
S004905,product_detail,reviews_tab,580,1246,app
S004906,product_detail,wishlist,1141,906,app
S004906,product_detail,wishlist,1164,928,app
S004906,product_detail,main_image,292,340,app
S004906,product_detail,thumbnails,168,720,app
S004907,product_detail,main_image,505,617,desktop
S004907,product_detail,add_to_cart,1073,938,desktop
S004908,product_detail,add_to_cart,969,862,desktop
S004908,product_detail,size_chart,981,718,desktop
S004908,product_detail,thumbnails,244,804,desktop
S004908,product_detail,add_to_cart,858,904,desktop
S004910,product_detail,reviews_tab,673,1265,mobile
S004910,product_detail,add_to_cart,956,921,mobile
S004910,product_detail,reviews_tab,629,1267,mobile
S004911,product_detail,add_to_cart,1010,921,mobile
S004912,product_detail,size_chart,861,687,desktop
S004913,product_detail,reviews_tab,559,1267,desktop
S004914,product_detail,main_image,390,485,mobile
S004914,product_detail,size_chart,947,719,mobile
S004914,product_detail,wishlist,1171,922,mobile
S004914,product_detail,main_image,324,645,mobile
S004915,product_detail,main_image,448,410,app
S004915,product_detail,wishlist,1146,935,app
S004916,product_detail,detail_text,401,1947,app
S004916,product_detail,main_image,550,828,app
S004917,product_detail,size_chart,912,704,app
S004917,product_detail,add_to_cart,1007,958,app
S004918,product_detail,main_image,578,635,app
S004918,product_detail,add_to_cart,1061,888,app
S004918,product_detail,reviews_tab,452,1234,app
S004918,product_detail,main_image,579,540,app
S004918,product_detail,reviews_tab,470,1260,app
S004918,product_detail,coupon_banner,890,177,app
S004920,product_detail,main_image,638,845,desktop
S004922,product_detail,add_to_cart,1113,929,desktop
S004922,product_detail,main_image,595,583,desktop
S004922,product_detail,add_to_cart,860,914,desktop
S004922,product_detail,reviews_tab,528,1265,desktop
S004922,product_detail,size_chart,844,655,desktop
S004923,product_detail,detail_text,1039,2153,desktop
S004923,product_detail,add_to_cart,970,883,desktop
S004926,product_detail,coupon_banner,948,245,desktop
S004926,product_detail,size_chart,819,698,desktop
S004926,product_detail,thumbnails,88,803,desktop
S004927,product_detail,main_image,681,509,app
S004927,product_detail,main_image,447,681,app
S004927,product_detail,thumbnails,155,801,app
S004927,product_detail,main_image,622,401,app
S004927,product_detail,size_chart,904,671,app
S004927,product_detail,main_image,392,738,app
S004928,product_detail,add_to_cart,857,945,mobile
S004928,product_detail,add_to_cart,920,939,mobile
S004928,product_detail,detail_text,1010,2003,mobile
S004928,product_detail,main_image,618,551,mobile
S004929,product_detail,detail_text,1176,1926,mobile
S004930,product_detail,size_chart,817,697,app
S004930,product_detail,add_to_cart,922,941,app
S004930,product_detail,add_to_cart,991,919,app
S004930,product_detail,thumbnails,112,681,app
S004930,product_detail,reviews_tab,448,1264,app
S004930,product_detail,coupon_banner,702,217,app
S004930,product_detail,coupon_banner,468,179,app
S004930,product_detail,main_image,711,551,app
S004931,product_detail,size_chart,929,699,desktop
S004932,product_detail,main_image,271,364,app
S004932,product_detail,add_to_cart,1061,888,app
S004933,product_detail,main_image,485,336,app
S004933,product_detail,reviews_tab,650,1247,app
S004934,product_detail,size_chart,877,703,mobile
S004934,product_detail,size_chart,862,697,mobile
S004937,product_detail,detail_text,989,1750,mobile
S004937,product_detail,main_image,453,507,mobile
S004938,product_detail,size_chart,781,724,mobile
S004939,product_detail,size_chart,908,697,mobile
S004939,product_detail,size_chart,987,683,mobile
S004940,product_detail,thumbnails,161,863,desktop
S004940,product_detail,detail_text,761,2599,desktop
S004940,product_detail,add_to_cart,961,916,desktop
S004942,product_detail,add_to_cart,724,915,app
S004942,product_detail,thumbnails,131,812,app
S004942,product_detail,thumbnails,72,688,app
S004943,product_detail,size_chart,950,687,app
S004943,product_detail,thumbnails,112,822,app
S004946,product_detail,main_image,586,484,app
S004946,product_detail,main_image,313,347,app
S004946,product_detail,reviews_tab,482,1249,app
S004946,product_detail,wishlist,1148,898,app
S004947,product_detail,thumbnails,156,596,mobile
S004947,product_detail,add_to_cart,969,880,mobile
S004948,product_detail,reviews_tab,596,1292,app
S004948,product_detail,add_to_cart,995,948,app
S004948,product_detail,main_image,306,544,app
S004948,product_detail,coupon_banner,437,199,app
S004949,product_detail,main_image,500,734,mobile
S004949,product_detail,reviews_tab,521,1244,mobile
S004949,product_detail,add_to_cart,1279,933,mobile
S004949,product_detail,detail_text,884,1741,mobile
S004950,product_detail,reviews_tab,652,1274,mobile
S004950,product_detail,coupon_banner,584,157,mobile
S004950,product_detail,reviews_tab,628,1287,mobile
S004951,product_detail,reviews_tab,648,1283,app
S004951,product_detail,main_image,326,483,app
S004952,product_detail,main_image,659,814,mobile
S004953,product_detail,reviews_tab,550,1249,mobile
S004954,product_detail,coupon_banner,0,164,mobile
S004956,product_detail,main_image,450,599,desktop
S004956,product_detail,size_chart,942,691,desktop
S004956,product_detail,add_to_cart,1048,891,desktop
S004957,product_detail,main_image,315,633,app
S004957,product_detail,add_to_cart,1091,917,app
S004959,product_detail,add_to_cart,1103,897,app
S004959,product_detail,add_to_cart,1160,889,app
S004959,product_detail,main_image,146,398,app
S004959,product_detail,size_chart,896,675,app
S004960,product_detail,main_image,466,951,desktop
S004960,product_detail,detail_text,1206,2022,desktop
S004960,product_detail,size_chart,890,690,desktop
S004961,product_detail,reviews_tab,761,1220,mobile
S004961,product_detail,main_image,657,359,mobile
S004961,product_detail,size_chart,898,734,mobile
S004961,product_detail,reviews_tab,727,1305,mobile
S004963,product_detail,size_chart,878,697,mobile
S004963,product_detail,main_image,432,513,mobile
S004963,product_detail,main_image,472,398,mobile
S004965,product_detail,size_chart,872,696,mobile
S004965,product_detail,size_chart,895,700,mobile
S004965,product_detail,size_chart,855,699,mobile
S004965,product_detail,wishlist,1168,947,mobile
S004965,product_detail,main_image,375,528,mobile
S004965,product_detail,main_image,518,651,mobile
S004966,product_detail,main_image,353,668,app
S004966,product_detail,reviews_tab,575,1269,app
S004966,product_detail,main_image,349,517,app
S004966,product_detail,add_to_cart,974,934,app
S004966,product_detail,size_chart,980,705,app
S004967,product_detail,size_chart,892,705,mobile
S004967,product_detail,main_image,359,300,mobile
S004968,product_detail,main_image,418,389,app
S004968,product_detail,main_image,383,406,app
S004970,product_detail,detail_text,606,1675,app
S004970,product_detail,add_to_cart,1023,933,app
S004971,product_detail,main_image,347,322,mobile
S004971,product_detail,main_image,528,580,mobile
S004972,product_detail,main_image,418,597,app
S004972,product_detail,reviews_tab,299,1236,app
S004972,product_detail,main_image,529,513,app
S004973,product_detail,size_chart,821,708,mobile
S004973,product_detail,size_chart,815,707,mobile
S004973,product_detail,coupon_banner,399,234,mobile
S004974,product_detail,main_image,365,107,desktop
S004975,product_detail,reviews_tab,546,1262,mobile
S004975,product_detail,coupon_banner,639,209,mobile
S004975,product_detail,coupon_banner,769,233,mobile
S004975,product_detail,main_image,275,343,mobile
S004975,product_detail,add_to_cart,1109,926,mobile
S004975,product_detail,main_image,550,611,mobile
S004975,product_detail,detail_text,383,2258,mobile
S004975,product_detail,main_image,474,784,mobile
S004976,product_detail,reviews_tab,392,1244,mobile
S004976,product_detail,detail_text,835,1962,mobile
S004977,product_detail,thumbnails,119,823,app
S004978,product_detail,detail_text,800,1868,desktop
S004978,product_detail,thumbnails,202,607,desktop
S004978,product_detail,size_chart,930,678,desktop
S004980,product_detail,size_chart,955,718,desktop
S004980,product_detail,main_image,360,483,desktop
S004981,product_detail,size_chart,940,729,app
S004981,product_detail,coupon_banner,547,254,app
S004982,product_detail,add_to_cart,892,967,app
S004983,product_detail,main_image,434,504,mobile
S004984,product_detail,main_image,410,594,mobile
S004984,product_detail,main_image,695,649,mobile
S004984,product_detail,coupon_banner,767,215,mobile
S004985,product_detail,add_to_cart,1002,897,app
S004985,product_detail,add_to_cart,933,938,app
S004987,product_detail,thumbnails,83,929,app
S004987,product_detail,reviews_tab,612,1267,app
S004988,product_detail,detail_text,649,1636,app
S004988,product_detail,add_to_cart,843,938,app
S004990,product_detail,add_to_cart,1080,929,mobile
S004990,product_detail,add_to_cart,1128,912,mobile
S004990,product_detail,size_chart,962,723,mobile
S004990,product_detail,main_image,384,664,mobile
S004990,product_detail,thumbnails,182,899,mobile
S004991,product_detail,reviews_tab,664,1230,desktop
S004991,product_detail,add_to_cart,839,925,desktop
S004992,product_detail,reviews_tab,405,1230,desktop
S004992,product_detail,reviews_tab,634,1247,desktop
S004993,product_detail,main_image,342,347,app
S004993,product_detail,size_chart,886,716,app
S004993,product_detail,reviews_tab,808,1223,app
S004994,product_detail,main_image,437,641,mobile
S004994,product_detail,add_to_cart,903,903,mobile
S004995,product_detail,reviews_tab,783,1257,mobile
S004995,product_detail,main_image,854,800,mobile
S004996,product_detail,add_to_cart,804,924,mobile
S004996,product_detail,main_image,492,545,mobile
S004996,product_detail,reviews_tab,748,1236,mobile
S004996,product_detail,size_chart,952,743,mobile
S004997,product_detail,size_chart,880,699,mobile
S004997,product_detail,wishlist,1135,903,mobile
S004998,product_detail,coupon_banner,667,146,mobile
S004998,product_detail,wishlist,1152,943,mobile
S004998,product_detail,thumbnails,144,739,mobile
S004999,product_detail,add_to_cart,1080,904,app
S004999,product_detail,size_chart,927,692,app
S004999,product_detail,add_to_cart,966,898,app
S005000,product_detail,detail_text,625,2384,mobile
S005000,product_detail,size_chart,889,718,mobile
S005000,product_detail,coupon_banner,480,242,mobile
S005000,product_detail,main_image,509,380,mobile
S005001,product_detail,size_chart,912,694,mobile
S005002,product_detail,add_to_cart,849,892,app
S005002,product_detail,reviews_tab,642,1221,app
S005002,product_detail,main_image,377,657,app
S005003,product_detail,main_image,436,638,app
S005003,product_detail,size_chart,1000,718,app
S005004,product_detail,detail_text,669,1850,mobile
S005004,product_detail,main_image,592,532,mobile
S005004,product_detail,add_to_cart,765,925,mobile
S005005,product_detail,add_to_cart,1189,901,mobile
S005005,product_detail,add_to_cart,853,918,mobile
S005007,product_detail,main_image,369,420,mobile
S005007,product_detail,size_chart,878,680,mobile
S005008,product_detail,main_image,428,401,mobile
S005008,product_detail,add_to_cart,1003,926,mobile
S005008,product_detail,detail_text,605,1749,mobile
S005008,product_detail,wishlist,1173,923,mobile
S005009,product_detail,add_to_cart,1048,927,mobile
S005009,product_detail,coupon_banner,665,254,mobile
S005009,product_detail,size_chart,901,694,mobile
S005009,product_detail,main_image,453,359,mobile
S005010,product_detail,main_image,560,449,mobile
S005011,product_detail,main_image,537,593,app
S005011,product_detail,size_chart,908,704,app
S005011,product_detail,size_chart,1032,687,app
S005012,product_detail,size_chart,946,668,mobile
S005012,product_detail,size_chart,1052,686,mobile
S005012,product_detail,size_chart,918,663,mobile
S005013,product_detail,size_chart,885,697,mobile
S005013,product_detail,reviews_tab,933,1271,mobile
S005014,product_detail,add_to_cart,950,906,desktop
S005014,product_detail,reviews_tab,627,1219,desktop
S005016,product_detail,main_image,519,314,mobile
S005016,product_detail,detail_text,742,1823,mobile
S005016,product_detail,add_to_cart,1064,934,mobile
S005016,product_detail,main_image,368,441,mobile
S005016,product_detail,coupon_banner,439,214,mobile
S005016,product_detail,reviews_tab,546,1239,mobile
S005017,product_detail,size_chart,848,723,mobile
S005017,product_detail,reviews_tab,344,1276,mobile
S005019,product_detail,detail_text,251,2599,app
S005019,product_detail,size_chart,875,696,app
S005020,product_detail,wishlist,1124,894,app
S005020,product_detail,add_to_cart,1134,923,app
S005020,product_detail,add_to_cart,1010,885,app
S005020,product_detail,coupon_banner,683,155,app
S005021,product_detail,coupon_banner,444,217,app
S005022,product_detail,main_image,562,415,desktop
S005023,product_detail,main_image,392,886,app
S005023,product_detail,size_chart,877,699,app
S005023,product_detail,reviews_tab,1007,1243,app
S005024,product_detail,thumbnails,161,774,desktop
S005024,product_detail,detail_text,403,2198,desktop
S005025,product_detail,detail_text,914,1925,app
S005025,product_detail,size_chart,796,711,app
S005025,product_detail,main_image,445,602,app
S005025,product_detail,reviews_tab,520,1252,app
S005026,product_detail,detail_text,250,1807,mobile
S005026,product_detail,reviews_tab,502,1265,mobile
S005026,product_detail,size_chart,846,685,mobile
S005027,product_detail,add_to_cart,1065,917,desktop
S005027,product_detail,size_chart,977,681,desktop
S005028,product_detail,size_chart,894,685,app
S005028,product_detail,main_image,540,163,app
S005029,product_detail,reviews_tab,852,1240,mobile
S005031,product_detail,size_chart,1067,728,desktop
S005031,product_detail,thumbnails,174,702,desktop
S005031,product_detail,detail_text,401,2466,desktop
S005032,product_detail,main_image,359,520,desktop
S005032,product_detail,main_image,536,293,desktop
S005032,product_detail,size_chart,907,683,desktop
S005032,product_detail,thumbnails,207,803,desktop
S005033,product_detail,main_image,474,853,mobile
S005033,product_detail,size_chart,842,723,mobile
S005033,product_detail,main_image,316,334,mobile
S005033,product_detail,size_chart,918,716,mobile
S005033,product_detail,main_image,316,570,mobile
S005034,product_detail,reviews_tab,689,1249,desktop
S005034,product_detail,detail_text,766,2227,desktop
S005034,product_detail,wishlist,1154,911,desktop
S005035,product_detail,thumbnails,139,814,mobile
S005036,product_detail,wishlist,1178,874,mobile
S005038,product_detail,reviews_tab,634,1224,mobile
S005038,product_detail,main_image,437,539,mobile
S005039,product_detail,coupon_banner,319,206,app
S005043,product_detail,size_chart,945,685,app
S005043,product_detail,thumbnails,106,770,app
S005044,product_detail,main_image,503,421,app
S005044,product_detail,main_image,349,425,app
S005044,product_detail,reviews_tab,712,1255,app
S005044,product_detail,add_to_cart,1027,933,app
S005044,product_detail,detail_text,297,1908,app
S005045,product_detail,wishlist,1166,945,app
S005046,product_detail,add_to_cart,798,936,app
S005046,product_detail,coupon_banner,425,211,app
S005048,product_detail,size_chart,886,687,app
S005048,product_detail,thumbnails,199,668,app
S005049,product_detail,main_image,434,230,mobile
S005050,product_detail,thumbnails,210,590,desktop
S005050,product_detail,wishlist,1178,898,desktop
S005051,product_detail,main_image,422,432,mobile
S005051,product_detail,main_image,256,413,mobile
S005052,product_detail,coupon_banner,350,239,app
S005052,product_detail,size_chart,890,708,app
S005053,product_detail,main_image,487,526,app
S005053,product_detail,add_to_cart,1114,919,app
S005055,product_detail,add_to_cart,976,932,app
S005056,product_detail,detail_text,1121,1676,mobile
S005056,product_detail,reviews_tab,747,1283,mobile
S005057,product_detail,size_chart,972,725,mobile
S005057,product_detail,reviews_tab,659,1270,mobile
S005058,product_detail,main_image,122,485,mobile
S005058,product_detail,add_to_cart,898,889,mobile
S005058,product_detail,main_image,386,654,mobile
S005058,product_detail,main_image,268,397,mobile
S005061,product_detail,size_chart,914,711,mobile
S005061,product_detail,reviews_tab,466,1246,mobile
S005061,product_detail,reviews_tab,814,1241,mobile
S005061,product_detail,add_to_cart,879,901,mobile
S005062,product_detail,wishlist,1141,946,app
S005062,product_detail,wishlist,1143,914,app
S005062,product_detail,size_chart,892,719,app
S005062,product_detail,main_image,609,503,app
S005063,product_detail,reviews_tab,560,1209,desktop
S005063,product_detail,add_to_cart,977,908,desktop
S005063,product_detail,size_chart,1027,696,desktop
S005064,product_detail,detail_text,963,2130,app
S005064,product_detail,main_image,424,349,app
S005065,product_detail,add_to_cart,1081,925,mobile
S005065,product_detail,main_image,186,569,mobile
S005066,product_detail,main_image,653,277,app
S005067,product_detail,reviews_tab,419,1234,app
S005067,product_detail,size_chart,875,710,app
S005070,product_detail,thumbnails,169,959,mobile
S005070,product_detail,main_image,445,843,mobile
S005070,product_detail,main_image,387,585,mobile
S005070,product_detail,size_chart,987,713,mobile
S005071,product_detail,main_image,348,773,desktop
S005071,product_detail,detail_text,501,1704,desktop
S005071,product_detail,main_image,521,656,desktop
S005072,product_detail,wishlist,1136,916,mobile
S005072,product_detail,size_chart,844,696,mobile
S005073,product_detail,main_image,290,362,mobile
S005073,product_detail,main_image,520,952,mobile
S005073,product_detail,detail_text,386,2148,mobile
S005073,product_detail,size_chart,806,700,mobile
S005075,product_detail,size_chart,875,689,mobile
S005075,product_detail,add_to_cart,869,913,mobile
S005077,product_detail,detail_text,709,2116,mobile
S005077,product_detail,coupon_banner,700,217,mobile
S005077,product_detail,main_image,335,554,mobile
S005077,product_detail,size_chart,933,703,mobile
S005077,product_detail,main_image,483,301,mobile
S005078,product_detail,add_to_cart,1099,949,app
S005078,product_detail,main_image,599,521,app
S005079,product_detail,main_image,471,555,mobile
S005080,product_detail,add_to_cart,1002,928,app
S005080,product_detail,main_image,313,261,app
S005081,product_detail,main_image,453,531,desktop
S005081,product_detail,size_chart,841,701,desktop
S005081,product_detail,main_image,630,593,desktop
S005082,product_detail,detail_text,283,2345,mobile
S005083,product_detail,size_chart,982,670,mobile
S005085,product_detail,reviews_tab,622,1250,desktop
S005085,product_detail,main_image,326,703,desktop
S005085,product_detail,size_chart,914,657,desktop
S005085,product_detail,thumbnails,163,912,desktop
S005086,product_detail,size_chart,995,680,desktop
S005086,product_detail,reviews_tab,532,1202,desktop
S005086,product_detail,size_chart,985,709,desktop
S005086,product_detail,add_to_cart,1046,939,desktop
S005088,product_detail,reviews_tab,1008,1260,app
S005088,product_detail,detail_text,345,1682,app
S005090,product_detail,size_chart,928,708,app
S005090,product_detail,thumbnails,133,542,app
S005091,product_detail,main_image,393,544,mobile
S005091,product_detail,add_to_cart,1279,923,mobile
S005092,product_detail,main_image,482,654,desktop
S005093,product_detail,reviews_tab,415,1236,mobile
S005093,product_detail,main_image,757,709,mobile
S005096,product_detail,main_image,316,279,app
S005096,product_detail,size_chart,782,697,app
S005096,product_detail,add_to_cart,797,908,app
S005096,product_detail,size_chart,838,678,app
S005096,product_detail,size_chart,931,719,app
S005097,product_detail,reviews_tab,732,1221,app
S005098,product_detail,add_to_cart,858,919,mobile
S005098,product_detail,reviews_tab,776,1238,mobile
S005099,product_detail,main_image,439,730,mobile
S005099,product_detail,reviews_tab,627,1231,mobile
S005099,product_detail,reviews_tab,554,1284,mobile
S005101,product_detail,size_chart,819,698,app
S005102,product_detail,coupon_banner,872,215,app
S005102,product_detail,main_image,485,470,app
S005102,product_detail,detail_text,38,1373,app
S005102,product_detail,reviews_tab,581,1276,app
S005103,product_detail,wishlist,1159,899,mobile
S005103,product_detail,add_to_cart,1005,902,mobile
S005104,product_detail,add_to_cart,1061,930,mobile
S005104,product_detail,thumbnails,189,847,mobile
S005105,product_detail,main_image,223,180,app
S005105,product_detail,reviews_tab,762,1241,app
S005105,product_detail,size_chart,976,693,app
S005106,product_detail,main_image,507,498,mobile
S005106,product_detail,reviews_tab,915,1233,mobile
S005106,product_detail,main_image,306,314,mobile
S005107,product_detail,main_image,376,396,mobile
S005107,product_detail,thumbnails,208,663,mobile
S005107,product_detail,main_image,339,479,mobile
S005108,product_detail,reviews_tab,733,1286,mobile
S005108,product_detail,reviews_tab,765,1224,mobile
S005108,product_detail,reviews_tab,814,1246,mobile
S005108,product_detail,size_chart,834,715,mobile
S005109,product_detail,reviews_tab,410,1243,desktop
S005109,product_detail,add_to_cart,1162,943,desktop
S005110,product_detail,size_chart,836,683,app
S005110,product_detail,coupon_banner,857,252,app
S005110,product_detail,reviews_tab,384,1206,app
S005110,product_detail,main_image,348,723,app
S005112,product_detail,reviews_tab,680,1270,mobile
S005112,product_detail,size_chart,994,683,mobile
S005112,product_detail,add_to_cart,1146,884,mobile
S005113,product_detail,main_image,381,424,mobile
S005113,product_detail,main_image,321,689,mobile
S005114,product_detail,main_image,372,540,mobile
S005114,product_detail,add_to_cart,969,950,mobile
S005114,product_detail,main_image,478,512,mobile
S005114,product_detail,reviews_tab,743,1205,mobile
S005114,product_detail,add_to_cart,1053,934,mobile
S005114,product_detail,reviews_tab,686,1248,mobile
S005115,product_detail,detail_text,266,1685,app
S005116,product_detail,size_chart,1011,701,mobile
S005116,product_detail,reviews_tab,464,1254,mobile
S005117,product_detail,size_chart,880,681,desktop
S005117,product_detail,reviews_tab,709,1281,desktop
S005118,product_detail,add_to_cart,1110,915,app
S005118,product_detail,size_chart,972,733,app
S005118,product_detail,detail_text,838,1579,app
S005119,product_detail,main_image,350,519,mobile
S005119,product_detail,main_image,401,371,mobile
S005119,product_detail,main_image,289,507,mobile
S005120,product_detail,main_image,365,303,mobile
S005120,product_detail,size_chart,861,718,mobile
S005120,product_detail,detail_text,610,1178,mobile
S005120,product_detail,add_to_cart,1035,895,mobile
S005120,product_detail,size_chart,896,697,mobile
S005120,product_detail,add_to_cart,829,904,mobile
S005120,product_detail,size_chart,910,713,mobile
S005121,product_detail,reviews_tab,958,1247,mobile
S005121,product_detail,reviews_tab,822,1266,mobile
S005123,product_detail,main_image,278,339,mobile
S005124,product_detail,add_to_cart,1023,901,app
S005124,product_detail,reviews_tab,543,1264,app
S005125,product_detail,size_chart,949,700,app
S005125,product_detail,main_image,268,347,app
S005125,product_detail,reviews_tab,834,1224,app
S005125,product_detail,size_chart,1040,666,app
S005125,product_detail,reviews_tab,743,1261,app
S005125,product_detail,add_to_cart,993,946,app
S005125,product_detail,wishlist,1118,917,app
S005125,product_detail,main_image,378,681,app
S005125,product_detail,coupon_banner,882,237,app
S005126,product_detail,detail_text,572,2298,app
S005126,product_detail,coupon_banner,406,211,app
S005126,product_detail,size_chart,860,702,app
S005126,product_detail,thumbnails,161,761,app
S005127,product_detail,add_to_cart,830,882,mobile
S005127,product_detail,reviews_tab,376,1255,mobile
S005129,product_detail,wishlist,1124,932,mobile
S005129,product_detail,add_to_cart,1066,937,mobile
S005129,product_detail,main_image,409,796,mobile
S005130,product_detail,coupon_banner,500,211,mobile
S005130,product_detail,reviews_tab,625,1196,mobile
S005130,product_detail,add_to_cart,912,914,mobile
S005131,product_detail,main_image,484,414,app
S005131,product_detail,size_chart,894,693,app
S005131,product_detail,reviews_tab,613,1209,app
S005131,product_detail,detail_text,947,1965,app
S005131,product_detail,size_chart,878,685,app
S005131,product_detail,detail_text,143,2250,app
S005131,product_detail,reviews_tab,599,1281,app
S005132,product_detail,wishlist,1155,918,desktop
S005132,product_detail,main_image,443,368,desktop
S005132,product_detail,main_image,254,430,desktop
S005132,product_detail,add_to_cart,863,916,desktop
S005132,product_detail,size_chart,899,722,desktop
S005133,product_detail,add_to_cart,923,895,mobile
S005133,product_detail,reviews_tab,858,1233,mobile
S005134,product_detail,add_to_cart,1162,943,app
S005134,product_detail,thumbnails,197,744,app
S005134,product_detail,main_image,482,1016,app
S005134,product_detail,coupon_banner,103,219,app
S005135,product_detail,reviews_tab,452,1274,desktop
S005136,product_detail,add_to_cart,944,915,mobile
S005136,product_detail,add_to_cart,1008,918,mobile
S005136,product_detail,reviews_tab,495,1260,mobile
S005136,product_detail,reviews_tab,681,1250,mobile
S005136,product_detail,main_image,476,554,mobile
S005137,product_detail,main_image,529,229,mobile
S005138,product_detail,size_chart,1085,700,mobile
S005138,product_detail,main_image,367,546,mobile
S005138,product_detail,main_image,274,558,mobile
S005138,product_detail,size_chart,992,715,mobile
S005139,product_detail,thumbnails,159,579,mobile
S005139,product_detail,main_image,562,807,mobile
S005140,product_detail,wishlist,1110,932,app
S005140,product_detail,add_to_cart,1105,939,app
S005141,product_detail,reviews_tab,792,1256,mobile
S005141,product_detail,size_chart,856,701,mobile
S005143,product_detail,coupon_banner,989,191,app
S005143,product_detail,wishlist,1143,929,app
S005144,product_detail,thumbnails,129,673,app
S005144,product_detail,main_image,458,495,app
S005144,product_detail,detail_text,325,2206,app
S005145,product_detail,reviews_tab,606,1277,mobile
S005145,product_detail,thumbnails,124,874,mobile
S005146,product_detail,main_image,544,374,mobile
S005146,product_detail,main_image,430,504,mobile
S005146,product_detail,main_image,725,347,mobile
S005148,product_detail,main_image,458,240,mobile
S005150,product_detail,thumbnails,127,620,mobile
S005151,product_detail,thumbnails,202,549,mobile
S005152,product_detail,wishlist,1164,909,desktop
S005152,product_detail,reviews_tab,822,1254,desktop
S005152,product_detail,reviews_tab,841,1270,desktop
S005153,product_detail,detail_text,598,2371,app
S005153,product_detail,add_to_cart,943,923,app
S005153,product_detail,add_to_cart,1014,919,app
S005155,product_detail,main_image,393,828,desktop
S005155,product_detail,detail_text,486,2599,desktop
S005158,product_detail,reviews_tab,396,1267,mobile
S005159,product_detail,main_image,346,822,app
S005159,product_detail,main_image,586,407,app
S005160,product_detail,main_image,532,326,mobile
S005161,product_detail,add_to_cart,992,861,desktop
S005161,product_detail,reviews_tab,649,1240,desktop
S005161,product_detail,detail_text,510,1429,desktop
S005164,product_detail,main_image,343,279,app
S005164,product_detail,reviews_tab,641,1262,app
S005166,product_detail,main_image,571,588,app
S005166,product_detail,thumbnails,141,661,app
S005166,product_detail,main_image,295,659,app
S005166,product_detail,size_chart,913,701,app
S005166,product_detail,wishlist,1193,890,app
S005166,product_detail,coupon_banner,772,187,app
S005166,product_detail,size_chart,861,700,app
S005167,product_detail,size_chart,897,715,app
S005167,product_detail,wishlist,1111,955,app
S005168,product_detail,reviews_tab,462,1258,app
S005168,product_detail,main_image,427,429,app
S005169,product_detail,add_to_cart,924,921,mobile
S005170,product_detail,main_image,372,324,app
S005170,product_detail,reviews_tab,714,1271,app
S005170,product_detail,main_image,455,413,app
S005171,product_detail,size_chart,863,721,app
S005171,product_detail,main_image,453,358,app
S005171,product_detail,detail_text,986,1568,app
S005172,product_detail,detail_text,639,2092,mobile
S005172,product_detail,reviews_tab,582,1229,mobile
S005174,product_detail,coupon_banner,663,202,desktop
S005174,product_detail,main_image,341,756,desktop
S005174,product_detail,coupon_banner,150,183,desktop
S005174,product_detail,main_image,455,442,desktop
S005175,product_detail,add_to_cart,850,936,mobile
S005175,product_detail,add_to_cart,1023,922,mobile
S005175,product_detail,size_chart,885,680,mobile
S005175,product_detail,add_to_cart,1126,896,mobile
S005176,product_detail,wishlist,1173,913,mobile
S005176,product_detail,detail_text,1279,2075,mobile
S005177,product_detail,wishlist,1131,888,app
S005178,product_detail,main_image,472,645,mobile
S005179,product_detail,thumbnails,49,557,mobile
S005180,product_detail,reviews_tab,568,1258,mobile
S005180,product_detail,detail_text,831,1840,mobile
S005180,product_detail,add_to_cart,792,900,mobile
S005181,product_detail,detail_text,907,1974,app
S005181,product_detail,reviews_tab,660,1264,app
S005182,product_detail,main_image,342,570,app
S005182,product_detail,main_image,642,332,app
S005184,product_detail,main_image,591,516,mobile
S005184,product_detail,main_image,560,517,mobile
S005184,product_detail,reviews_tab,372,1292,mobile
S005184,product_detail,wishlist,1155,907,mobile
S005186,product_detail,add_to_cart,873,923,app
S005186,product_detail,coupon_banner,381,219,app
S005187,product_detail,size_chart,859,655,app
S005187,product_detail,add_to_cart,1015,911,app
S005187,product_detail,size_chart,865,668,app
S005187,product_detail,reviews_tab,515,1259,app
S005187,product_detail,size_chart,874,701,app
S005187,product_detail,reviews_tab,569,1216,app
S005187,product_detail,main_image,522,647,app
S005187,product_detail,main_image,613,429,app
S005187,product_detail,add_to_cart,968,915,app
S005188,product_detail,main_image,641,229,mobile
S005189,product_detail,main_image,431,836,app
S005189,product_detail,reviews_tab,758,1233,app
S005190,product_detail,main_image,335,433,app
S005190,product_detail,main_image,309,373,app
S005191,product_detail,main_image,565,522,app
S005192,product_detail,add_to_cart,1157,933,desktop
S005192,product_detail,reviews_tab,744,1247,desktop
S005194,product_detail,detail_text,569,1410,app
S005194,product_detail,reviews_tab,119,1241,app
S005194,product_detail,main_image,472,528,app
S005194,product_detail,add_to_cart,1040,909,app
S005194,product_detail,main_image,567,260,app
S005194,product_detail,size_chart,831,713,app
S005194,product_detail,main_image,444,398,app
S005196,product_detail,size_chart,945,689,desktop
S005196,product_detail,size_chart,984,692,desktop
S005196,product_detail,add_to_cart,803,863,desktop
S005196,product_detail,main_image,403,396,desktop
S005196,product_detail,size_chart,913,684,desktop
S005197,product_detail,add_to_cart,902,897,mobile
S005197,product_detail,thumbnails,111,629,mobile
S005197,product_detail,wishlist,1157,917,mobile
S005198,product_detail,coupon_banner,468,199,app
S005198,product_detail,detail_text,1116,2168,app
S005199,product_detail,thumbnails,237,619,app
S005199,product_detail,main_image,464,607,app
S005200,product_detail,add_to_cart,847,929,app
S005200,product_detail,detail_text,748,2176,app
S005201,product_detail,detail_text,854,2077,app
S005201,product_detail,detail_text,582,2162,app
S005201,product_detail,thumbnails,133,943,app
S005201,product_detail,size_chart,903,691,app
S005202,product_detail,main_image,467,358,app
S005202,product_detail,detail_text,1123,2225,app
S005202,product_detail,reviews_tab,902,1214,app
S005202,product_detail,add_to_cart,1120,925,app
S005203,product_detail,add_to_cart,1024,901,app
S005203,product_detail,size_chart,802,659,app
S005203,product_detail,add_to_cart,1114,917,app
S005203,product_detail,reviews_tab,670,1269,app
S005203,product_detail,reviews_tab,923,1210,app
S005204,product_detail,add_to_cart,1046,912,mobile
S005204,product_detail,wishlist,1129,936,mobile
S005205,product_detail,main_image,549,576,app
S005206,product_detail,add_to_cart,832,893,mobile
S005206,product_detail,wishlist,1160,911,mobile
S005206,product_detail,wishlist,1134,947,mobile
S005206,product_detail,main_image,480,427,mobile
S005207,product_detail,main_image,529,286,mobile
S005207,product_detail,size_chart,981,689,mobile
S005209,product_detail,main_image,425,476,app
S005209,product_detail,thumbnails,182,846,app
S005210,product_detail,main_image,266,353,app
S005211,product_detail,reviews_tab,698,1221,mobile
S005211,product_detail,main_image,274,369,mobile
S005212,product_detail,coupon_banner,468,190,app
S005212,product_detail,reviews_tab,685,1260,app
S005212,product_detail,add_to_cart,920,881,app
S005213,product_detail,size_chart,818,694,mobile
S005213,product_detail,reviews_tab,679,1239,mobile
S005213,product_detail,size_chart,821,727,mobile
S005215,product_detail,add_to_cart,1004,952,app
S005216,product_detail,main_image,475,617,mobile
S005216,product_detail,reviews_tab,966,1253,mobile
S005219,product_detail,coupon_banner,366,202,mobile
S005219,product_detail,add_to_cart,1091,908,mobile
S005220,product_detail,main_image,274,557,mobile
S005220,product_detail,main_image,466,480,mobile
S005220,product_detail,size_chart,879,726,mobile
S005220,product_detail,main_image,622,436,mobile
S005220,product_detail,add_to_cart,1250,927,mobile
S005220,product_detail,main_image,448,492,mobile
S005222,product_detail,main_image,611,273,mobile
S005222,product_detail,main_image,194,453,mobile
S005222,product_detail,add_to_cart,1133,880,mobile
S005223,product_detail,reviews_tab,392,1265,app
S005224,product_detail,reviews_tab,562,1238,mobile
S005224,product_detail,main_image,318,624,mobile
S005224,product_detail,main_image,310,553,mobile
S005225,product_detail,reviews_tab,314,1235,app
S005225,product_detail,reviews_tab,757,1246,app
S005225,product_detail,wishlist,1159,900,app
S005225,product_detail,main_image,402,475,app
S005226,product_detail,size_chart,932,662,desktop
S005226,product_detail,add_to_cart,1157,937,desktop
S005226,product_detail,add_to_cart,1025,941,desktop
S005227,product_detail,main_image,361,503,app
S005228,product_detail,main_image,436,491,app
S005229,product_detail,size_chart,917,719,desktop
S005229,product_detail,coupon_banner,374,247,desktop
S005230,product_detail,add_to_cart,1071,933,app
S005231,product_detail,size_chart,929,698,mobile
S005231,product_detail,coupon_banner,431,202,mobile
S005231,product_detail,reviews_tab,762,1255,mobile
S005232,product_detail,detail_text,865,1668,app
S005232,product_detail,reviews_tab,675,1226,app
S005233,product_detail,wishlist,1133,911,desktop
S005233,product_detail,wishlist,1141,951,desktop
S005233,product_detail,reviews_tab,840,1208,desktop
S005233,product_detail,main_image,327,866,desktop
S005233,product_detail,size_chart,897,718,desktop
S005233,product_detail,add_to_cart,1051,932,desktop
S005233,product_detail,add_to_cart,1107,1002,desktop
S005234,product_detail,main_image,431,423,mobile
S005234,product_detail,size_chart,979,742,mobile
S005234,product_detail,add_to_cart,1082,918,mobile
S005234,product_detail,reviews_tab,684,1225,mobile
S005236,product_detail,main_image,428,656,desktop
S005236,product_detail,reviews_tab,409,1198,desktop
S005236,product_detail,size_chart,851,702,desktop
S005236,product_detail,size_chart,951,688,desktop
S005238,product_detail,thumbnails,109,607,app
S005238,product_detail,main_image,358,426,app
S005238,product_detail,main_image,420,460,app
S005239,product_detail,add_to_cart,1160,894,mobile
S005240,product_detail,add_to_cart,933,922,app
S005241,product_detail,add_to_cart,1020,932,desktop
S005241,product_detail,main_image,463,402,desktop
S005243,product_detail,add_to_cart,912,890,desktop
S005243,product_detail,size_chart,916,666,desktop
S005244,product_detail,add_to_cart,1111,936,mobile
S005245,product_detail,size_chart,837,736,mobile
S005245,product_detail,detail_text,1075,1824,mobile
S005246,product_detail,main_image,478,411,app
S005248,product_detail,detail_text,659,2174,app
S005248,product_detail,main_image,419,572,app
S005249,product_detail,main_image,454,363,app
S005249,product_detail,add_to_cart,1243,894,app
S005249,product_detail,main_image,499,472,app
S005250,product_detail,add_to_cart,827,912,app
S005250,product_detail,size_chart,842,705,app
S005250,product_detail,wishlist,1165,923,app
S005250,product_detail,main_image,810,459,app
S005250,product_detail,detail_text,415,2080,app
S005251,product_detail,detail_text,593,1700,app
S005251,product_detail,wishlist,1156,941,app
S005251,product_detail,thumbnails,180,972,app
S005251,product_detail,size_chart,1067,689,app
S005252,product_detail,size_chart,869,687,mobile
S005252,product_detail,size_chart,806,713,mobile
S005252,product_detail,reviews_tab,567,1265,mobile
S005252,product_detail,reviews_tab,260,1254,mobile
S005252,product_detail,main_image,347,540,mobile
S005252,product_detail,coupon_banner,1198,188,mobile
S005253,product_detail,reviews_tab,447,1247,mobile
S005253,product_detail,main_image,475,619,mobile
S005253,product_detail,reviews_tab,734,1220,mobile
S005254,product_detail,main_image,338,455,mobile
S005254,product_detail,detail_text,793,1465,mobile
S005254,product_detail,size_chart,914,707,mobile
S005254,product_detail,detail_text,811,2042,mobile
S005254,product_detail,reviews_tab,865,1256,mobile
S005255,product_detail,main_image,254,638,mobile
S005255,product_detail,reviews_tab,372,1258,mobile
S005256,product_detail,main_image,386,714,mobile
S005257,product_detail,reviews_tab,472,1236,mobile
S005257,product_detail,wishlist,1143,893,mobile
S005257,product_detail,add_to_cart,973,938,mobile
S005258,product_detail,reviews_tab,370,1228,desktop
S005259,product_detail,add_to_cart,1130,974,desktop
S005259,product_detail,wishlist,1143,885,desktop
S005260,product_detail,main_image,350,535,app
S005262,product_detail,add_to_cart,1091,898,mobile
S005262,product_detail,reviews_tab,790,1257,mobile
S005263,product_detail,main_image,353,680,app
S005263,product_detail,detail_text,936,2062,app
S005264,product_detail,coupon_banner,832,164,mobile
S005264,product_detail,main_image,418,364,mobile
S005264,product_detail,add_to_cart,912,937,mobile
S005265,product_detail,add_to_cart,1081,936,app
S005265,product_detail,reviews_tab,737,1250,app
S005265,product_detail,detail_text,1264,1811,app
S005265,product_detail,thumbnails,160,800,app
S005268,product_detail,main_image,435,394,mobile
S005268,product_detail,size_chart,945,668,mobile
S005268,product_detail,coupon_banner,956,205,mobile
S005268,product_detail,size_chart,916,715,mobile
S005269,product_detail,reviews_tab,749,1230,mobile
S005269,product_detail,coupon_banner,584,193,mobile
S005272,product_detail,main_image,407,706,desktop
S005272,product_detail,reviews_tab,788,1251,desktop
S005272,product_detail,add_to_cart,1186,915,desktop
S005272,product_detail,main_image,432,358,desktop
S005273,product_detail,reviews_tab,450,1254,app
S005273,product_detail,size_chart,1022,702,app
S005273,product_detail,size_chart,898,730,app
S005273,product_detail,add_to_cart,1083,919,app
S005273,product_detail,coupon_banner,819,192,app
S005273,product_detail,main_image,498,587,app
S005273,product_detail,reviews_tab,460,1248,app
S005273,product_detail,main_image,322,451,app
S005273,product_detail,main_image,561,189,app
S005273,product_detail,detail_text,373,1958,app
S005274,product_detail,reviews_tab,591,1243,app
S005275,product_detail,size_chart,807,678,app
S005275,product_detail,add_to_cart,827,911,app
S005276,product_detail,size_chart,998,736,desktop
S005276,product_detail,reviews_tab,527,1231,desktop
S005278,product_detail,thumbnails,152,639,desktop
S005278,product_detail,reviews_tab,885,1223,desktop
S005278,product_detail,reviews_tab,949,1242,desktop
S005279,product_detail,coupon_banner,215,183,app
S005279,product_detail,reviews_tab,682,1260,app
S005279,product_detail,wishlist,1152,953,app
S005279,product_detail,size_chart,875,691,app
S005281,product_detail,reviews_tab,745,1229,app
S005281,product_detail,size_chart,883,715,app
S005283,product_detail,add_to_cart,1035,951,mobile
S005284,product_detail,size_chart,892,724,mobile
S005284,product_detail,main_image,524,482,mobile
S005287,product_detail,main_image,391,449,app
S005287,product_detail,coupon_banner,776,191,app
S005287,product_detail,size_chart,902,670,app
S005288,product_detail,main_image,505,318,mobile
S005288,product_detail,thumbnails,179,573,mobile
S005289,product_detail,main_image,294,688,app
S005289,product_detail,main_image,258,349,app
S005291,product_detail,main_image,389,323,desktop
S005292,product_detail,add_to_cart,1026,909,desktop
S005292,product_detail,reviews_tab,834,1259,desktop
S005292,product_detail,main_image,579,500,desktop
S005292,product_detail,main_image,481,480,desktop
S005293,product_detail,main_image,385,280,mobile
S005293,product_detail,size_chart,840,703,mobile
S005294,product_detail,size_chart,924,727,app
S005294,product_detail,main_image,485,484,app
S005294,product_detail,add_to_cart,974,940,app
S005294,product_detail,main_image,469,438,app
S005294,product_detail,main_image,538,401,app
S005294,product_detail,main_image,487,415,app
S005296,product_detail,main_image,331,804,mobile
S005296,product_detail,add_to_cart,991,955,mobile
S005296,product_detail,main_image,637,429,mobile
S005296,product_detail,detail_text,871,2082,mobile
S005296,product_detail,reviews_tab,561,1250,mobile
S005296,product_detail,main_image,234,675,mobile
S005296,product_detail,size_chart,956,664,mobile
S005298,product_detail,main_image,491,542,mobile
S005298,product_detail,coupon_banner,826,205,mobile
S005299,product_detail,wishlist,1150,943,mobile
S005299,product_detail,main_image,333,404,mobile
S005299,product_detail,main_image,545,582,mobile
S005300,product_detail,thumbnails,182,809,app
S005300,product_detail,main_image,455,531,app
S005300,product_detail,add_to_cart,933,877,app
S005300,product_detail,add_to_cart,848,894,app
S005301,product_detail,main_image,615,825,mobile
S005301,product_detail,size_chart,815,739,mobile
S005302,product_detail,add_to_cart,1093,942,mobile
S005302,product_detail,size_chart,999,698,mobile
S005303,product_detail,wishlist,1163,936,desktop
S005303,product_detail,coupon_banner,219,232,desktop
S005304,product_detail,wishlist,1119,934,mobile
S005304,product_detail,add_to_cart,1057,868,mobile
S005304,product_detail,detail_text,632,2451,mobile
S005304,product_detail,size_chart,881,717,mobile
S005305,product_detail,add_to_cart,1053,904,app
S005305,product_detail,main_image,280,479,app
S005307,product_detail,add_to_cart,1040,938,mobile
S005307,product_detail,reviews_tab,469,1215,mobile
S005307,product_detail,thumbnails,70,786,mobile
S005307,product_detail,main_image,507,597,mobile
S005308,product_detail,main_image,316,613,desktop
S005308,product_detail,main_image,176,653,desktop
S005308,product_detail,detail_text,293,2004,desktop
S005309,product_detail,main_image,249,401,mobile
S005309,product_detail,reviews_tab,748,1265,mobile
S005309,product_detail,main_image,492,605,mobile
S005309,product_detail,wishlist,1120,913,mobile
S005309,product_detail,coupon_banner,615,146,mobile
S005309,product_detail,add_to_cart,1044,931,mobile
S005310,product_detail,size_chart,868,705,mobile
S005310,product_detail,coupon_banner,812,234,mobile
S005310,product_detail,reviews_tab,527,1264,mobile
S005310,product_detail,main_image,461,327,mobile
S005310,product_detail,main_image,356,699,mobile
S005310,product_detail,main_image,237,717,mobile
S005310,product_detail,detail_text,584,2099,mobile
S005311,product_detail,main_image,311,102,app
S005311,product_detail,reviews_tab,619,1255,app
S005311,product_detail,main_image,501,498,app
S005311,product_detail,wishlist,1175,906,app
S005312,product_detail,add_to_cart,808,938,desktop
S005312,product_detail,reviews_tab,488,1247,desktop
S005312,product_detail,size_chart,931,713,desktop
S005312,product_detail,coupon_banner,347,157,desktop
S005313,product_detail,reviews_tab,520,1246,mobile
S005313,product_detail,reviews_tab,897,1247,mobile
S005313,product_detail,size_chart,802,717,mobile
S005313,product_detail,size_chart,789,710,mobile
S005313,product_detail,coupon_banner,70,224,mobile
S005313,product_detail,add_to_cart,894,906,mobile
S005313,product_detail,size_chart,958,701,mobile
S005314,product_detail,reviews_tab,613,1259,mobile
S005314,product_detail,reviews_tab,490,1239,mobile
S005315,product_detail,detail_text,713,1704,desktop
S005315,product_detail,reviews_tab,731,1263,desktop
S005315,product_detail,detail_text,668,1851,desktop
S005315,product_detail,main_image,633,285,desktop
S005316,product_detail,add_to_cart,1028,899,mobile
S005316,product_detail,main_image,543,525,mobile
S005316,product_detail,main_image,275,656,mobile
S005316,product_detail,size_chart,818,715,mobile
S005317,product_detail,main_image,753,244,desktop
S005317,product_detail,add_to_cart,876,932,desktop
S005317,product_detail,thumbnails,158,963,desktop
S005317,product_detail,reviews_tab,660,1265,desktop
S005317,product_detail,add_to_cart,938,916,desktop
S005318,product_detail,wishlist,1101,918,mobile
S005320,product_detail,add_to_cart,840,941,app
S005321,product_detail,main_image,382,619,mobile
S005321,product_detail,add_to_cart,780,937,mobile
S005321,product_detail,size_chart,825,703,mobile
S005321,product_detail,size_chart,914,712,mobile
S005321,product_detail,main_image,695,764,mobile
S005322,product_detail,wishlist,1148,889,desktop
S005323,product_detail,main_image,529,281,desktop
S005323,product_detail,add_to_cart,922,895,desktop
S005324,product_detail,main_image,648,275,mobile
S005324,product_detail,size_chart,917,702,mobile
S005324,product_detail,add_to_cart,1088,919,mobile
S005325,product_detail,main_image,506,827,mobile
S005325,product_detail,reviews_tab,781,1227,mobile
S005325,product_detail,coupon_banner,418,237,mobile
S005325,product_detail,main_image,386,444,mobile
S005325,product_detail,main_image,480,495,mobile
S005327,product_detail,add_to_cart,922,926,mobile
S005327,product_detail,reviews_tab,820,1258,mobile
S005329,product_detail,reviews_tab,450,1255,mobile
S005329,product_detail,main_image,361,571,mobile
S005329,product_detail,main_image,353,461,mobile
S005330,product_detail,thumbnails,152,811,mobile
S005330,product_detail,thumbnails,209,950,mobile
S005330,product_detail,reviews_tab,776,1246,mobile
S005330,product_detail,wishlist,1131,902,mobile
S005331,product_detail,reviews_tab,423,1259,mobile
S005331,product_detail,detail_text,415,1912,mobile
S005331,product_detail,add_to_cart,1073,907,mobile
S005332,product_detail,size_chart,931,696,mobile
S005332,product_detail,reviews_tab,564,1249,mobile
S005333,product_detail,size_chart,847,698,app
S005333,product_detail,size_chart,897,686,app
S005334,product_detail,reviews_tab,799,1231,app
S005335,product_detail,main_image,243,394,desktop
S005335,product_detail,thumbnails,186,730,desktop
S005336,product_detail,thumbnails,242,781,mobile
S005337,product_detail,detail_text,669,1642,mobile
S005337,product_detail,detail_text,742,2004,mobile
S005338,product_detail,coupon_banner,812,216,mobile
S005338,product_detail,detail_text,1182,1772,mobile
S005338,product_detail,thumbnails,90,607,mobile
S005338,product_detail,thumbnails,216,811,mobile
S005340,product_detail,main_image,346,270,mobile
S005341,product_detail,main_image,234,661,mobile
S005341,product_detail,add_to_cart,880,937,mobile
S005341,product_detail,detail_text,661,1738,mobile
S005341,product_detail,wishlist,1166,919,mobile
S005342,product_detail,main_image,258,857,app
S005342,product_detail,reviews_tab,554,1242,app
S005343,product_detail,main_image,288,730,desktop
S005343,product_detail,add_to_cart,861,926,desktop
S005345,product_detail,add_to_cart,1123,918,mobile
S005347,product_detail,size_chart,941,719,app
S005347,product_detail,main_image,510,412,app
S005347,product_detail,main_image,374,584,app
S005348,product_detail,detail_text,932,2363,app
S005348,product_detail,add_to_cart,946,907,app
S005349,product_detail,main_image,154,470,mobile
S005349,product_detail,main_image,471,635,mobile
S005349,product_detail,size_chart,827,692,mobile
S005350,product_detail,reviews_tab,174,1278,app
S005350,product_detail,size_chart,780,672,app
S005350,product_detail,main_image,374,588,app
S005351,product_detail,add_to_cart,973,932,desktop
S005353,product_detail,reviews_tab,593,1246,desktop
S005353,product_detail,size_chart,823,697,desktop
S005354,product_detail,add_to_cart,914,954,app
S005354,product_detail,main_image,528,288,app
S005355,product_detail,size_chart,834,703,app
S005355,product_detail,main_image,474,460,app
S005355,product_detail,reviews_tab,571,1271,app
S005356,product_detail,size_chart,957,712,mobile
S005356,product_detail,thumbnails,45,665,mobile
S005356,product_detail,thumbnails,190,811,mobile
S005356,product_detail,thumbnails,204,534,mobile
S005357,product_detail,main_image,503,478,app
S005357,product_detail,add_to_cart,606,925,app
S005359,product_detail,thumbnails,164,913,app
S005359,product_detail,reviews_tab,808,1218,app
S005359,product_detail,size_chart,860,704,app
S005359,product_detail,reviews_tab,572,1254,app
S005360,product_detail,add_to_cart,1014,917,mobile
S005360,product_detail,main_image,581,361,mobile
S005360,product_detail,reviews_tab,664,1263,mobile
S005360,product_detail,main_image,390,480,mobile
S005361,product_detail,add_to_cart,774,884,app
S005362,product_detail,thumbnails,117,703,mobile
S005362,product_detail,main_image,463,542,mobile
S005362,product_detail,add_to_cart,1021,918,mobile
S005362,product_detail,main_image,502,742,mobile
S005363,product_detail,reviews_tab,693,1245,app
S005363,product_detail,add_to_cart,1146,913,app
S005364,product_detail,add_to_cart,937,904,mobile
S005366,product_detail,add_to_cart,1008,935,app
S005366,product_detail,add_to_cart,936,937,app
S005366,product_detail,wishlist,1140,924,app
S005367,product_detail,add_to_cart,1059,906,mobile
S005367,product_detail,size_chart,990,705,mobile
S005368,product_detail,add_to_cart,1009,950,mobile
S005368,product_detail,reviews_tab,965,1255,mobile
S005368,product_detail,detail_text,304,2140,mobile
S005369,product_detail,reviews_tab,547,1248,app
S005369,product_detail,reviews_tab,794,1254,app
S005369,product_detail,size_chart,940,681,app
S005370,product_detail,main_image,316,604,app
S005370,product_detail,add_to_cart,844,921,app
S005370,product_detail,reviews_tab,520,1274,app
S005370,product_detail,main_image,427,611,app
S005371,product_detail,add_to_cart,1188,982,app
S005371,product_detail,add_to_cart,952,976,app
S005371,product_detail,size_chart,838,691,app
S005371,product_detail,size_chart,898,699,app
S005371,product_detail,add_to_cart,970,937,app
S005371,product_detail,main_image,461,411,app
S005371,product_detail,detail_text,954,2260,app
S005372,product_detail,reviews_tab,530,1212,app
S005374,product_detail,main_image,393,623,app
S005374,product_detail,add_to_cart,713,875,app
S005374,product_detail,size_chart,865,715,app
S005374,product_detail,thumbnails,136,854,app
S005375,product_detail,detail_text,744,2029,mobile
S005375,product_detail,main_image,450,122,mobile
S005376,product_detail,main_image,486,637,app
S005377,product_detail,coupon_banner,923,196,app
S005377,product_detail,size_chart,790,717,app
S005378,product_detail,main_image,358,561,desktop
S005379,product_detail,reviews_tab,693,1214,app
S005379,product_detail,main_image,457,908,app
S005380,product_detail,add_to_cart,1029,916,app
S005380,product_detail,wishlist,1134,895,app
S005381,product_detail,main_image,774,505,desktop
S005382,product_detail,reviews_tab,613,1269,mobile
S005383,product_detail,size_chart,941,708,mobile
S005383,product_detail,size_chart,913,684,mobile
S005383,product_detail,main_image,207,588,mobile
S005383,product_detail,add_to_cart,1007,922,mobile
S005383,product_detail,main_image,466,770,mobile
S005383,product_detail,main_image,320,548,mobile
S005384,product_detail,size_chart,922,704,app
S005384,product_detail,reviews_tab,772,1238,app
S005384,product_detail,main_image,575,299,app
S005384,product_detail,coupon_banner,777,164,app
S005385,product_detail,add_to_cart,976,908,mobile
S005385,product_detail,detail_text,509,1552,mobile
S005386,product_detail,main_image,245,507,app
S005386,product_detail,wishlist,1132,897,app
S005387,product_detail,wishlist,1184,928,mobile
S005387,product_detail,detail_text,202,2167,mobile
S005387,product_detail,detail_text,807,1596,mobile
S005387,product_detail,wishlist,1130,916,mobile
S005387,product_detail,coupon_banner,470,143,mobile
S005390,product_detail,detail_text,325,1535,mobile
S005390,product_detail,reviews_tab,548,1239,mobile
S005390,product_detail,main_image,521,560,mobile
S005392,product_detail,detail_text,703,1655,mobile
S005393,product_detail,detail_text,350,1580,desktop
S005393,product_detail,detail_text,628,2198,desktop
S005393,product_detail,reviews_tab,473,1224,desktop
S005395,product_detail,size_chart,921,733,mobile
S005395,product_detail,thumbnails,137,761,mobile
S005395,product_detail,size_chart,910,704,mobile
S005396,product_detail,add_to_cart,920,876,app
S005398,product_detail,main_image,309,918,app
S005398,product_detail,add_to_cart,944,918,app
S005399,product_detail,wishlist,1113,912,app
S005399,product_detail,add_to_cart,922,944,app
S005399,product_detail,wishlist,1132,909,app
S005399,product_detail,main_image,458,466,app
S005400,product_detail,add_to_cart,1068,902,desktop
S005400,product_detail,add_to_cart,1127,901,desktop
S005401,product_detail,main_image,288,560,mobile
S005401,product_detail,detail_text,437,2119,mobile
S005401,product_detail,detail_text,753,2085,mobile
S005401,product_detail,main_image,365,284,mobile
S005402,product_detail,add_to_cart,1010,949,mobile
S005402,product_detail,add_to_cart,916,894,mobile
S005402,product_detail,main_image,322,607,mobile
S005402,product_detail,reviews_tab,829,1239,mobile
S005402,product_detail,add_to_cart,977,911,mobile
S005403,product_detail,size_chart,908,709,app
S005403,product_detail,main_image,385,681,app
S005404,product_detail,reviews_tab,708,1242,app
S005405,product_detail,size_chart,762,672,mobile
S005405,product_detail,wishlist,1139,928,mobile
S005406,product_detail,main_image,376,623,mobile
S005406,product_detail,main_image,191,786,mobile
S005406,product_detail,coupon_banner,711,170,mobile
S005408,product_detail,size_chart,1024,665,mobile
S005409,product_detail,size_chart,866,674,mobile
S005409,product_detail,wishlist,1158,925,mobile
S005410,product_detail,main_image,449,382,app
S005410,product_detail,main_image,435,618,app
S005410,product_detail,main_image,475,428,app
S005410,product_detail,add_to_cart,883,911,app
S005410,product_detail,thumbnails,98,891,app
S005411,product_detail,detail_text,240,1722,mobile
S005411,product_detail,coupon_banner,84,207,mobile
S005411,product_detail,wishlist,1087,901,mobile
S005413,product_detail,wishlist,1121,965,app
S005416,product_detail,main_image,445,293,app
S005416,product_detail,reviews_tab,579,1277,app
S005417,product_detail,main_image,471,566,app
S005417,product_detail,add_to_cart,917,880,app
S005417,product_detail,reviews_tab,429,1274,app
S005417,product_detail,reviews_tab,597,1267,app
S005418,product_detail,main_image,512,171,mobile
S005421,product_detail,thumbnails,155,762,mobile
S005424,product_detail,main_image,448,802,mobile
S005424,product_detail,size_chart,799,698,mobile
S005424,product_detail,add_to_cart,1069,897,mobile
S005425,product_detail,main_image,381,569,app
S005426,product_detail,reviews_tab,372,1267,desktop
S005426,product_detail,reviews_tab,410,1271,desktop
S005427,product_detail,main_image,435,608,mobile
S005428,product_detail,coupon_banner,462,204,desktop
S005428,product_detail,main_image,370,271,desktop
S005429,product_detail,main_image,211,503,mobile
S005429,product_detail,reviews_tab,409,1253,mobile
S005430,product_detail,detail_text,757,1976,mobile
S005432,product_detail,reviews_tab,762,1274,desktop
S005434,product_detail,size_chart,900,689,app
S005434,product_detail,size_chart,974,734,app
S005434,product_detail,add_to_cart,805,921,app
S005435,product_detail,add_to_cart,974,936,app
S005435,product_detail,add_to_cart,1057,914,app
S005435,product_detail,reviews_tab,824,1235,app
S005435,product_detail,main_image,537,416,app
S005435,product_detail,detail_text,362,2011,app
S005435,product_detail,thumbnails,162,785,app
S005436,product_detail,size_chart,925,709,mobile
S005436,product_detail,main_image,643,487,mobile
S005437,product_detail,add_to_cart,865,945,mobile
S005437,product_detail,reviews_tab,586,1252,mobile
S005437,product_detail,add_to_cart,905,935,mobile
S005439,product_detail,add_to_cart,912,941,app
S005440,product_detail,main_image,585,603,desktop
S005441,product_detail,main_image,220,308,desktop
S005441,product_detail,main_image,432,572,desktop
S005441,product_detail,thumbnails,152,418,desktop
S005442,product_detail,reviews_tab,590,1222,mobile
S005442,product_detail,wishlist,1119,913,mobile
S005443,product_detail,main_image,299,618,mobile
S005443,product_detail,add_to_cart,899,923,mobile
S005443,product_detail,size_chart,953,697,mobile
S005443,product_detail,reviews_tab,455,1229,mobile
S005444,product_detail,main_image,464,412,mobile
S005444,product_detail,thumbnails,76,754,mobile
S005444,product_detail,thumbnails,85,842,mobile
S005445,product_detail,reviews_tab,498,1260,app
S005445,product_detail,main_image,373,473,app
S005446,product_detail,size_chart,904,673,mobile
S005446,product_detail,main_image,410,415,mobile
S005446,product_detail,add_to_cart,1120,926,mobile
S005446,product_detail,main_image,255,388,mobile
S005448,product_detail,main_image,440,491,mobile
S005448,product_detail,add_to_cart,892,899,mobile
S005448,product_detail,size_chart,954,665,mobile
S005450,product_detail,reviews_tab,725,1249,desktop
S005450,product_detail,size_chart,914,723,desktop
S005450,product_detail,size_chart,963,725,desktop
S005451,product_detail,add_to_cart,1255,925,mobile
S005451,product_detail,main_image,320,520,mobile
S005451,product_detail,add_to_cart,899,912,mobile
S005451,product_detail,main_image,271,239,mobile
S005452,product_detail,main_image,205,630,mobile
S005452,product_detail,size_chart,892,676,mobile
S005452,product_detail,wishlist,1151,928,mobile
S005452,product_detail,size_chart,850,697,mobile
S005453,product_detail,reviews_tab,775,1274,mobile
S005453,product_detail,coupon_banner,996,204,mobile
S005453,product_detail,reviews_tab,454,1235,mobile
S005456,product_detail,main_image,238,203,desktop
S005456,product_detail,detail_text,224,2599,desktop
S005456,product_detail,detail_text,380,1607,desktop
S005456,product_detail,add_to_cart,977,919,desktop
S005457,product_detail,size_chart,877,678,mobile
S005457,product_detail,reviews_tab,420,1261,mobile
S005457,product_detail,main_image,399,424,mobile
S005457,product_detail,main_image,295,646,mobile
S005457,product_detail,add_to_cart,1020,902,mobile
S005458,product_detail,detail_text,950,1279,app
S005459,product_detail,main_image,304,721,desktop
S005459,product_detail,detail_text,829,2594,desktop
S005459,product_detail,main_image,500,478,desktop
S005460,product_detail,main_image,144,504,mobile
S005460,product_detail,size_chart,877,671,mobile
S005461,product_detail,reviews_tab,1015,1242,desktop
S005462,product_detail,main_image,263,543,desktop
S005462,product_detail,add_to_cart,772,897,desktop
S005462,product_detail,main_image,633,648,desktop
S005463,product_detail,main_image,412,424,mobile
S005463,product_detail,coupon_banner,809,218,mobile
S005463,product_detail,size_chart,959,700,mobile
S005463,product_detail,size_chart,800,657,mobile
S005463,product_detail,reviews_tab,623,1220,mobile
S005464,product_detail,main_image,277,494,mobile
S005464,product_detail,wishlist,1162,934,mobile
S005464,product_detail,detail_text,876,1676,mobile
S005465,product_detail,size_chart,1061,696,mobile
S005465,product_detail,main_image,385,438,mobile
S005465,product_detail,detail_text,932,1298,mobile
S005465,product_detail,main_image,530,358,mobile
S005466,product_detail,main_image,424,472,desktop
S005466,product_detail,size_chart,796,721,desktop
S005467,product_detail,add_to_cart,968,927,mobile
S005467,product_detail,reviews_tab,601,1256,mobile
S005468,product_detail,main_image,339,280,desktop
S005469,product_detail,reviews_tab,562,1257,desktop
S005469,product_detail,main_image,269,501,desktop
S005469,product_detail,reviews_tab,756,1260,desktop
S005469,product_detail,main_image,518,501,desktop
S005470,product_detail,main_image,361,435,app
S005470,product_detail,main_image,263,515,app
S005470,product_detail,main_image,296,618,app
S005470,product_detail,main_image,437,699,app
S005471,product_detail,size_chart,794,714,desktop
S005471,product_detail,coupon_banner,1247,179,desktop
S005471,product_detail,detail_text,688,2077,desktop
S005471,product_detail,add_to_cart,1162,966,desktop
S005473,product_detail,reviews_tab,423,1252,desktop
S005473,product_detail,thumbnails,156,646,desktop
S005473,product_detail,main_image,633,679,desktop
S005473,product_detail,reviews_tab,424,1266,desktop
S005473,product_detail,add_to_cart,997,925,desktop
S005475,product_detail,main_image,581,728,app
S005475,product_detail,size_chart,917,672,app
S005477,product_detail,thumbnails,131,854,mobile
S005478,product_detail,detail_text,488,2190,app
S005480,product_detail,thumbnails,175,698,mobile
S005480,product_detail,main_image,253,261,mobile
S005480,product_detail,reviews_tab,653,1251,mobile
S005480,product_detail,reviews_tab,454,1277,mobile
S005481,product_detail,reviews_tab,614,1219,desktop
S005481,product_detail,detail_text,847,1402,desktop
S005481,product_detail,add_to_cart,1015,916,desktop
S005481,product_detail,add_to_cart,921,927,desktop
S005482,product_detail,reviews_tab,403,1240,mobile
S005482,product_detail,main_image,489,523,mobile
S005484,product_detail,thumbnails,220,840,desktop
S005484,product_detail,reviews_tab,677,1220,desktop
S005484,product_detail,add_to_cart,1030,906,desktop
S005484,product_detail,main_image,529,291,desktop
S005485,product_detail,main_image,375,703,app
S005486,product_detail,main_image,402,476,mobile
S005486,product_detail,add_to_cart,1076,938,mobile
S005487,product_detail,main_image,409,531,desktop
S005487,product_detail,main_image,480,465,desktop
S005488,product_detail,thumbnails,146,779,mobile
S005488,product_detail,add_to_cart,1060,922,mobile
S005488,product_detail,coupon_banner,922,249,mobile
S005488,product_detail,size_chart,898,694,mobile
S005488,product_detail,add_to_cart,1116,905,mobile
S005488,product_detail,detail_text,835,2057,mobile
S005488,product_detail,wishlist,1113,919,mobile
S005489,product_detail,add_to_cart,906,935,mobile
S005490,product_detail,reviews_tab,774,1260,mobile
S005492,product_detail,wishlist,1136,924,mobile
S005492,product_detail,add_to_cart,1028,913,mobile
S005492,product_detail,size_chart,852,718,mobile
S005492,product_detail,main_image,477,627,mobile
S005492,product_detail,size_chart,893,708,mobile
S005492,product_detail,detail_text,481,2204,mobile
S005493,product_detail,main_image,236,764,app
S005493,product_detail,thumbnails,103,946,app
S005493,product_detail,main_image,495,546,app
S005493,product_detail,add_to_cart,837,905,app
S005494,product_detail,reviews_tab,721,1222,app
S005494,product_detail,detail_text,142,2355,app
S005495,product_detail,main_image,323,509,app
S005496,product_detail,reviews_tab,597,1256,mobile
S005496,product_detail,thumbnails,102,799,mobile
S005497,product_detail,main_image,481,364,desktop
S005497,product_detail,detail_text,338,2378,desktop
S005497,product_detail,main_image,601,225,desktop
S005497,product_detail,reviews_tab,885,1270,desktop
S005497,product_detail,main_image,228,432,desktop
S005498,product_detail,main_image,411,603,mobile
S005498,product_detail,reviews_tab,675,1255,mobile
S005498,product_detail,main_image,461,34,mobile
S005498,product_detail,main_image,442,329,mobile
S005498,product_detail,add_to_cart,1050,900,mobile
S005498,product_detail,main_image,472,657,mobile
S005499,product_detail,reviews_tab,754,1235,mobile
S005499,product_detail,main_image,570,453,mobile
S005499,product_detail,add_to_cart,1036,952,mobile
S005499,product_detail,main_image,412,544,mobile
S005500,product_detail,main_image,123,589,app
S005500,product_detail,reviews_tab,715,1256,app
S005500,product_detail,thumbnails,191,726,app
S005500,product_detail,detail_text,633,1962,app
S005501,product_detail,size_chart,1040,682,app
S005501,product_detail,coupon_banner,346,202,app
S005502,product_detail,main_image,373,501,app
S005502,product_detail,main_image,525,621,app
S005502,product_detail,main_image,302,818,app
S005503,product_detail,add_to_cart,878,954,desktop
S005503,product_detail,reviews_tab,414,1265,desktop
S005503,product_detail,main_image,304,542,desktop
S005504,product_detail,add_to_cart,985,982,app
S005505,product_detail,main_image,379,815,app
S005505,product_detail,main_image,414,778,app
S005506,product_detail,main_image,485,515,mobile
S005506,product_detail,wishlist,1128,942,mobile
S005506,product_detail,add_to_cart,1129,900,mobile
S005506,product_detail,main_image,405,447,mobile
S005506,product_detail,main_image,503,415,mobile
S005506,product_detail,detail_text,705,1240,mobile
S005507,product_detail,thumbnails,98,637,app
S005507,product_detail,reviews_tab,702,1265,app
S005509,product_detail,wishlist,1181,892,desktop
S005509,product_detail,add_to_cart,989,945,desktop
S005510,product_detail,detail_text,702,1799,app
S005510,product_detail,thumbnails,124,796,app
S005510,product_detail,coupon_banner,691,184,app
S005511,product_detail,reviews_tab,356,1258,mobile
S005512,product_detail,wishlist,1176,919,app
S005512,product_detail,main_image,483,276,app
S005512,product_detail,size_chart,831,691,app
S005512,product_detail,reviews_tab,602,1267,app
S005512,product_detail,reviews_tab,809,1259,app
S005512,product_detail,add_to_cart,1249,946,app
S005512,product_detail,add_to_cart,1035,930,app
S005512,product_detail,main_image,557,778,app
S005513,product_detail,size_chart,822,696,desktop
S005516,product_detail,coupon_banner,1171,201,app
S005516,product_detail,wishlist,1119,922,app
S005516,product_detail,add_to_cart,988,929,app
S005516,product_detail,main_image,445,594,app
S005516,product_detail,add_to_cart,997,913,app
S005517,product_detail,add_to_cart,1043,905,app
S005518,product_detail,reviews_tab,608,1279,mobile
S005518,product_detail,thumbnails,210,799,mobile
S005519,product_detail,main_image,470,344,app
S005519,product_detail,reviews_tab,900,1242,app
S005519,product_detail,main_image,369,326,app
S005519,product_detail,coupon_banner,523,187,app
S005520,product_detail,add_to_cart,1110,914,desktop
S005521,product_detail,main_image,120,372,app
S005521,product_detail,reviews_tab,640,1215,app
S005521,product_detail,add_to_cart,1028,922,app
S005522,product_detail,main_image,373,493,app
S005523,product_detail,reviews_tab,515,1241,app
S005523,product_detail,size_chart,971,682,app
S005524,product_detail,main_image,274,408,mobile
S005525,product_detail,main_image,232,590,app
S005525,product_detail,main_image,638,574,app
S005525,product_detail,main_image,479,552,app
S005526,product_detail,wishlist,1103,946,mobile
S005526,product_detail,main_image,294,448,mobile
S005527,product_detail,main_image,140,503,mobile
S005527,product_detail,thumbnails,196,803,mobile
S005527,product_detail,main_image,581,555,mobile
S005528,product_detail,main_image,315,775,mobile
S005528,product_detail,reviews_tab,706,1279,mobile
S005529,product_detail,add_to_cart,968,912,mobile
S005529,product_detail,reviews_tab,849,1209,mobile
S005531,product_detail,reviews_tab,801,1248,mobile
S005531,product_detail,coupon_banner,935,229,mobile
S005532,product_detail,main_image,246,475,app
S005532,product_detail,reviews_tab,616,1235,app
S005534,product_detail,add_to_cart,935,888,mobile
S005534,product_detail,coupon_banner,884,179,mobile
S005535,product_detail,thumbnails,110,559,app
S005536,product_detail,detail_text,652,2018,mobile
S005536,product_detail,main_image,624,489,mobile
S005536,product_detail,main_image,666,630,mobile
S005538,product_detail,reviews_tab,222,1230,desktop
S005539,product_detail,main_image,378,821,desktop
S005539,product_detail,coupon_banner,838,134,desktop
S005541,product_detail,main_image,449,229,desktop
S005541,product_detail,add_to_cart,981,938,desktop
S005541,product_detail,main_image,223,465,desktop
S005543,product_detail,detail_text,395,2591,app
S005544,product_detail,size_chart,857,677,app
S005545,product_detail,size_chart,1006,712,app
S005545,product_detail,main_image,194,461,app
S005545,product_detail,main_image,500,581,app
S005546,product_detail,main_image,650,286,app
S005547,product_detail,main_image,665,546,mobile
S005547,product_detail,add_to_cart,1090,898,mobile
S005547,product_detail,coupon_banner,223,236,mobile
S005548,product_detail,main_image,453,721,app
S005548,product_detail,coupon_banner,513,217,app
S005548,product_detail,coupon_banner,769,220,app
S005548,product_detail,size_chart,1072,732,app
S005548,product_detail,add_to_cart,1089,915,app
S005549,product_detail,main_image,440,765,app
S005549,product_detail,reviews_tab,710,1236,app
S005550,product_detail,main_image,543,484,app
S005550,product_detail,size_chart,914,706,app
S005551,product_detail,main_image,264,734,app
S005552,product_detail,coupon_banner,956,223,desktop
S005552,product_detail,main_image,571,593,desktop
S005552,product_detail,main_image,567,565,desktop
S005552,product_detail,main_image,463,382,desktop
S005553,product_detail,main_image,438,549,app
S005555,product_detail,reviews_tab,779,1238,app
S005555,product_detail,main_image,514,487,app
S005555,product_detail,size_chart,840,663,app
S005558,product_detail,size_chart,814,703,mobile
S005558,product_detail,add_to_cart,1187,891,mobile
S005558,product_detail,main_image,233,519,mobile
S005558,product_detail,size_chart,867,739,mobile
S005559,product_detail,main_image,495,356,app
S005559,product_detail,reviews_tab,821,1285,app
S005559,product_detail,main_image,276,500,app
S005561,product_detail,thumbnails,152,639,mobile
S005561,product_detail,main_image,286,594,mobile
S005562,product_detail,main_image,467,266,app
S005562,product_detail,add_to_cart,1073,923,app
S005562,product_detail,main_image,334,684,app
S005563,product_detail,main_image,375,756,app
S005564,product_detail,main_image,290,626,app
S005565,product_detail,coupon_banner,1102,182,mobile
S005565,product_detail,detail_text,839,1352,mobile
S005565,product_detail,reviews_tab,468,1223,mobile
S005565,product_detail,add_to_cart,986,916,mobile
S005565,product_detail,main_image,264,565,mobile
S005567,product_detail,detail_text,664,1825,app
S005567,product_detail,detail_text,517,1534,app
S005568,product_detail,size_chart,859,676,mobile
S005568,product_detail,detail_text,519,1864,mobile
S005569,product_detail,add_to_cart,847,916,mobile
S005569,product_detail,add_to_cart,954,949,mobile
S005570,product_detail,main_image,472,547,mobile
S005570,product_detail,main_image,347,649,mobile
S005571,product_detail,size_chart,908,694,desktop
S005571,product_detail,thumbnails,183,624,desktop
S005571,product_detail,coupon_banner,460,189,desktop
S005571,product_detail,main_image,472,417,desktop
S005571,product_detail,detail_text,726,1827,desktop
S005573,product_detail,main_image,375,469,mobile
S005573,product_detail,add_to_cart,953,895,mobile
S005573,product_detail,reviews_tab,675,1244,mobile
S005574,product_detail,add_to_cart,1028,918,mobile
S005575,product_detail,add_to_cart,1012,982,app
S005575,product_detail,thumbnails,88,940,app
S005575,product_detail,main_image,354,625,app
S005575,product_detail,main_image,415,195,app
S005575,product_detail,main_image,523,433,app
S005575,product_detail,detail_text,671,2564,app
S005576,product_detail,reviews_tab,800,1232,mobile
S005576,product_detail,main_image,305,461,mobile
S005578,product_detail,thumbnails,135,838,app
S005578,product_detail,main_image,520,725,app
S005578,product_detail,reviews_tab,782,1248,app
S005578,product_detail,add_to_cart,1036,921,app
S005582,product_detail,main_image,404,463,app
S005582,product_detail,main_image,198,604,app
S005583,product_detail,detail_text,890,1806,mobile
S005583,product_detail,size_chart,901,661,mobile
S005583,product_detail,main_image,430,466,mobile
S005583,product_detail,add_to_cart,1088,920,mobile
S005583,product_detail,add_to_cart,964,903,mobile
S005585,product_detail,size_chart,996,714,mobile
S005585,product_detail,main_image,183,702,mobile
S005585,product_detail,main_image,129,473,mobile
S005585,product_detail,main_image,400,695,mobile
S005586,product_detail,main_image,302,397,app
S005586,product_detail,main_image,308,543,app
S005586,product_detail,coupon_banner,1114,219,app
S005587,product_detail,detail_text,429,1379,mobile
S005588,product_detail,main_image,507,589,app
S005588,product_detail,thumbnails,162,612,app
S005590,product_detail,main_image,99,421,mobile
S005590,product_detail,add_to_cart,912,904,mobile
S005590,product_detail,main_image,395,552,mobile
S005590,product_detail,coupon_banner,598,264,mobile
S005590,product_detail,detail_text,383,1680,mobile
S005590,product_detail,main_image,511,535,mobile
S005591,product_detail,wishlist,1118,906,desktop
S005592,product_detail,main_image,490,528,mobile
S005592,product_detail,add_to_cart,1035,934,mobile
S005594,product_detail,detail_text,349,2059,app
S005594,product_detail,size_chart,1004,726,app
S005595,product_detail,add_to_cart,1090,924,app
S005595,product_detail,add_to_cart,913,921,app
S005595,product_detail,main_image,253,256,app
S005595,product_detail,add_to_cart,1019,905,app
S005596,product_detail,main_image,320,634,app
S005598,product_detail,reviews_tab,600,1255,app
S005598,product_detail,reviews_tab,476,1273,app
S005599,product_detail,add_to_cart,1074,902,mobile
S005599,product_detail,add_to_cart,1210,893,mobile
S005600,product_detail,wishlist,1113,907,app
S005600,product_detail,thumbnails,100,769,app
S005600,product_detail,wishlist,1128,911,app
S005600,product_detail,thumbnails,175,616,app
S005600,product_detail,add_to_cart,928,930,app
S005602,product_detail,main_image,352,520,mobile
S005603,product_detail,reviews_tab,777,1240,app
S005603,product_detail,add_to_cart,965,911,app
S005604,product_detail,reviews_tab,731,1231,mobile
S005605,product_detail,main_image,417,500,app
S005606,product_detail,size_chart,909,701,mobile
S005606,product_detail,size_chart,807,714,mobile
S005608,product_detail,reviews_tab,569,1234,app
S005608,product_detail,size_chart,835,660,app
S005608,product_detail,size_chart,885,713,app
S005610,product_detail,reviews_tab,648,1270,desktop
S005610,product_detail,size_chart,900,710,desktop
S005610,product_detail,main_image,376,574,desktop
S005610,product_detail,main_image,225,299,desktop
S005611,product_detail,main_image,373,603,mobile
S005611,product_detail,main_image,489,698,mobile
S005613,product_detail,size_chart,783,679,mobile
S005614,product_detail,main_image,384,572,mobile
S005614,product_detail,add_to_cart,1003,881,mobile
S005615,product_detail,main_image,400,335,mobile
S005615,product_detail,thumbnails,239,856,mobile
S005616,product_detail,main_image,332,741,mobile
S005616,product_detail,size_chart,843,699,mobile
S005616,product_detail,add_to_cart,930,910,mobile
S005616,product_detail,reviews_tab,613,1272,mobile
S005616,product_detail,detail_text,770,1446,mobile
S005616,product_detail,main_image,267,510,mobile
S005616,product_detail,reviews_tab,514,1231,mobile
S005616,product_detail,reviews_tab,466,1255,mobile
S005616,product_detail,detail_text,487,1780,mobile
S005620,product_detail,size_chart,926,700,app
S005620,product_detail,add_to_cart,1194,876,app
S005620,product_detail,detail_text,719,1978,app
S005620,product_detail,main_image,587,449,app
S005621,product_detail,thumbnails,219,599,app
S005621,product_detail,add_to_cart,882,901,app
S005623,product_detail,main_image,523,686,mobile
S005623,product_detail,thumbnails,123,668,mobile
S005623,product_detail,size_chart,935,678,mobile
S005623,product_detail,main_image,430,520,mobile
S005623,product_detail,size_chart,821,668,mobile
S005623,product_detail,main_image,523,432,mobile
S005623,product_detail,coupon_banner,1082,178,mobile
S005623,product_detail,size_chart,847,666,mobile
S005623,product_detail,main_image,432,388,mobile
S005623,product_detail,size_chart,793,677,mobile
S005624,product_detail,reviews_tab,565,1248,app
S005624,product_detail,size_chart,996,682,app
S005624,product_detail,main_image,224,685,app
S005624,product_detail,size_chart,860,701,app
S005625,product_detail,reviews_tab,680,1216,mobile
S005626,product_detail,main_image,345,413,desktop
S005626,product_detail,reviews_tab,453,1212,desktop
S005626,product_detail,reviews_tab,789,1249,desktop
S005628,product_detail,thumbnails,182,775,app
S005628,product_detail,add_to_cart,1155,916,app
S005629,product_detail,add_to_cart,908,870,desktop
S005629,product_detail,reviews_tab,695,1199,desktop
S005629,product_detail,main_image,393,374,desktop
S005629,product_detail,add_to_cart,824,918,desktop
S005630,product_detail,detail_text,1009,1208,mobile
S005631,product_detail,wishlist,1141,902,app
S005631,product_detail,add_to_cart,730,876,app
S005632,product_detail,main_image,659,514,mobile
S005632,product_detail,main_image,472,679,mobile
S005632,product_detail,reviews_tab,809,1235,mobile
S005633,product_detail,main_image,548,488,mobile
S005633,product_detail,size_chart,825,646,mobile
S005633,product_detail,reviews_tab,597,1227,mobile
S005633,product_detail,add_to_cart,1150,971,mobile
S005634,product_detail,main_image,345,824,app
S005634,product_detail,add_to_cart,888,923,app
S005634,product_detail,main_image,714,633,app
S005634,product_detail,detail_text,479,2338,app
S005634,product_detail,main_image,451,889,app
S005635,product_detail,main_image,578,441,mobile
S005635,product_detail,main_image,362,541,mobile
S005635,product_detail,reviews_tab,471,1234,mobile
S005635,product_detail,main_image,547,391,mobile
S005635,product_detail,size_chart,977,721,mobile
S005635,product_detail,coupon_banner,446,268,mobile
S005638,product_detail,main_image,368,657,app
S005638,product_detail,reviews_tab,499,1233,app
S005639,product_detail,main_image,446,707,mobile
S005639,product_detail,reviews_tab,558,1275,mobile
S005641,product_detail,add_to_cart,1120,908,desktop
S005642,product_detail,reviews_tab,827,1288,desktop
S005643,product_detail,add_to_cart,1079,943,mobile
S005644,product_detail,detail_text,879,1946,app
S005644,product_detail,main_image,339,359,app
S005645,product_detail,main_image,673,493,app
S005646,product_detail,reviews_tab,557,1255,mobile
S005646,product_detail,main_image,368,544,mobile
S005647,product_detail,main_image,532,753,mobile
S005647,product_detail,main_image,367,530,mobile
S005648,product_detail,main_image,610,723,mobile
S005648,product_detail,detail_text,191,1999,mobile
S005649,product_detail,reviews_tab,1047,1274,app
S005651,product_detail,size_chart,942,667,app
S005651,product_detail,main_image,465,553,app
S005652,product_detail,main_image,539,585,app
S005652,product_detail,reviews_tab,459,1261,app
S005652,product_detail,main_image,397,333,app
S005652,product_detail,detail_text,447,2175,app
S005652,product_detail,main_image,369,642,app
S005652,product_detail,detail_text,846,2168,app
S005652,product_detail,add_to_cart,934,949,app
S005652,product_detail,reviews_tab,349,1236,app
S005652,product_detail,reviews_tab,578,1251,app
S005653,product_detail,size_chart,975,737,app
S005653,product_detail,add_to_cart,769,933,app
S005654,product_detail,wishlist,1167,932,mobile
S005654,product_detail,reviews_tab,554,1250,mobile
S005655,product_detail,size_chart,914,682,app
S005655,product_detail,add_to_cart,956,936,app
S005656,product_detail,coupon_banner,440,178,app
S005656,product_detail,detail_text,1042,2239,app
S005657,product_detail,main_image,480,471,app
S005657,product_detail,main_image,538,245,app
S005657,product_detail,main_image,415,504,app
S005658,product_detail,main_image,564,253,mobile
S005658,product_detail,thumbnails,137,671,mobile
S005659,product_detail,add_to_cart,1002,932,app
S005659,product_detail,wishlist,1078,903,app
S005659,product_detail,size_chart,860,743,app
S005659,product_detail,main_image,445,613,app
S005660,product_detail,reviews_tab,838,1249,desktop
S005661,product_detail,main_image,377,483,app
S005661,product_detail,size_chart,853,715,app
S005661,product_detail,main_image,499,332,app
S005661,product_detail,main_image,371,483,app
S005663,product_detail,reviews_tab,751,1235,app
S005663,product_detail,add_to_cart,912,941,app
S005663,product_detail,main_image,376,627,app
S005664,product_detail,reviews_tab,630,1220,desktop
S005664,product_detail,size_chart,959,699,desktop
S005665,product_detail,size_chart,950,701,desktop
S005668,product_detail,size_chart,714,717,mobile
S005668,product_detail,add_to_cart,1066,883,mobile
S005668,product_detail,size_chart,912,689,mobile
S005668,product_detail,size_chart,999,705,mobile
S005669,product_detail,main_image,401,266,mobile
S005669,product_detail,coupon_banner,815,235,mobile
S005669,product_detail,reviews_tab,600,1255,mobile
S005669,product_detail,thumbnails,161,806,mobile
S005669,product_detail,main_image,368,378,mobile
S005671,product_detail,reviews_tab,688,1260,app
S005671,product_detail,size_chart,936,680,app
S005671,product_detail,main_image,356,461,app
S005672,product_detail,main_image,766,215,app
S005674,product_detail,size_chart,881,732,desktop
S005674,product_detail,thumbnails,143,733,desktop
S005674,product_detail,detail_text,1180,1517,desktop
S005674,product_detail,detail_text,1090,1623,desktop
S005675,product_detail,main_image,401,655,mobile
S005675,product_detail,reviews_tab,637,1220,mobile
S005675,product_detail,main_image,214,484,mobile
S005675,product_detail,reviews_tab,625,1242,mobile
S005677,product_detail,add_to_cart,854,937,app
S005677,product_detail,size_chart,981,682,app
S005677,product_detail,detail_text,506,1956,app
S005677,product_detail,size_chart,842,687,app
S005677,product_detail,coupon_banner,585,236,app
S005677,product_detail,reviews_tab,991,1292,app
S005678,product_detail,size_chart,917,708,mobile
S005679,product_detail,size_chart,899,691,app
S005679,product_detail,thumbnails,97,604,app
S005680,product_detail,main_image,405,222,desktop
S005680,product_detail,size_chart,870,687,desktop
S005680,product_detail,main_image,345,293,desktop
S005681,product_detail,size_chart,741,683,desktop
S005682,product_detail,reviews_tab,696,1193,desktop
S005682,product_detail,add_to_cart,1132,962,desktop
S005682,product_detail,size_chart,792,683,desktop
S005682,product_detail,add_to_cart,1013,920,desktop
S005682,product_detail,main_image,300,614,desktop
S005683,product_detail,detail_text,596,1639,app
S005683,product_detail,main_image,271,440,app
S005683,product_detail,add_to_cart,969,909,app
S005683,product_detail,reviews_tab,822,1234,app
S005683,product_detail,thumbnails,151,616,app
S005683,product_detail,add_to_cart,1010,905,app
S005685,product_detail,thumbnails,146,702,desktop
S005685,product_detail,thumbnails,113,697,desktop
S005685,product_detail,size_chart,904,675,desktop
S005686,product_detail,reviews_tab,422,1257,mobile
S005686,product_detail,reviews_tab,519,1259,mobile
S005687,product_detail,size_chart,1077,692,app
S005690,product_detail,main_image,546,462,mobile
S005690,product_detail,size_chart,855,695,mobile
S005691,product_detail,thumbnails,153,641,app
S005691,product_detail,main_image,358,549,app
S005692,product_detail,reviews_tab,427,1276,mobile
S005692,product_detail,reviews_tab,569,1272,mobile
S005692,product_detail,main_image,563,579,mobile
S005692,product_detail,size_chart,827,719,mobile
S005692,product_detail,size_chart,932,727,mobile
S005692,product_detail,detail_text,796,1888,mobile
S005693,product_detail,add_to_cart,1029,909,desktop
S005693,product_detail,coupon_banner,421,254,desktop
S005693,product_detail,reviews_tab,544,1285,desktop
S005693,product_detail,main_image,256,442,desktop
S005695,product_detail,main_image,296,611,app
S005696,product_detail,add_to_cart,1036,935,app
S005696,product_detail,add_to_cart,1279,921,app
S005697,product_detail,main_image,214,439,app
S005697,product_detail,add_to_cart,1116,915,app
S005700,product_detail,reviews_tab,734,1265,mobile
S005701,product_detail,add_to_cart,777,954,mobile
S005702,product_detail,main_image,339,773,desktop
S005702,product_detail,thumbnails,100,732,desktop
S005702,product_detail,main_image,371,612,desktop
S005703,product_detail,add_to_cart,907,935,desktop
S005703,product_detail,size_chart,991,695,desktop
S005703,product_detail,wishlist,1104,937,desktop
S005703,product_detail,add_to_cart,1027,888,desktop
S005703,product_detail,main_image,426,379,desktop
S005703,product_detail,size_chart,852,689,desktop
S005704,product_detail,reviews_tab,618,1267,app
S005704,product_detail,detail_text,514,1310,app
S005705,product_detail,main_image,267,265,mobile
S005705,product_detail,add_to_cart,882,927,mobile
S005705,product_detail,reviews_tab,845,1285,mobile
S005706,product_detail,add_to_cart,1088,912,mobile
S005708,product_detail,size_chart,976,712,mobile
S005708,product_detail,size_chart,881,686,mobile
S005710,product_detail,size_chart,939,696,mobile
S005711,product_detail,add_to_cart,803,939,desktop
S005712,product_detail,reviews_tab,537,1261,app
S005712,product_detail,main_image,580,555,app
S005714,product_detail,main_image,577,608,app
S005714,product_detail,main_image,373,482,app
S005716,product_detail,reviews_tab,792,1261,app
S005716,product_detail,reviews_tab,697,1239,app
S005717,product_detail,detail_text,95,2196,app
S005717,product_detail,main_image,376,769,app
S005717,product_detail,detail_text,228,1723,app
S005718,product_detail,main_image,300,606,app
S005718,product_detail,main_image,330,760,app
S005719,product_detail,wishlist,1130,922,mobile
S005719,product_detail,add_to_cart,1026,921,mobile
S005719,product_detail,main_image,374,672,mobile
S005719,product_detail,add_to_cart,920,903,mobile
S005719,product_detail,reviews_tab,157,1221,mobile
S005719,product_detail,add_to_cart,931,955,mobile
S005720,product_detail,main_image,413,269,app
S005720,product_detail,add_to_cart,970,969,app
S005721,product_detail,wishlist,1144,891,mobile
S005721,product_detail,main_image,500,361,mobile
S005721,product_detail,reviews_tab,928,1242,mobile
S005721,product_detail,main_image,499,532,mobile
S005721,product_detail,reviews_tab,524,1241,mobile
S005721,product_detail,main_image,456,695,mobile
S005722,product_detail,reviews_tab,572,1250,app
S005723,product_detail,thumbnails,157,843,app
S005723,product_detail,add_to_cart,989,932,app
S005724,product_detail,reviews_tab,439,1250,app
S005724,product_detail,main_image,596,845,app
S005724,product_detail,reviews_tab,566,1277,app
S005725,product_detail,main_image,330,664,desktop
S005725,product_detail,reviews_tab,728,1235,desktop
S005725,product_detail,reviews_tab,504,1254,desktop
S005726,product_detail,add_to_cart,1205,877,app
S005727,product_detail,detail_text,737,2074,mobile
S005727,product_detail,size_chart,948,701,mobile
S005727,product_detail,wishlist,1105,937,mobile
S005727,product_detail,detail_text,348,2416,mobile
S005727,product_detail,reviews_tab,738,1225,mobile
S005727,product_detail,wishlist,1161,921,mobile
S005727,product_detail,reviews_tab,757,1253,mobile
S005728,product_detail,main_image,350,520,mobile
S005730,product_detail,detail_text,314,2401,desktop
S005730,product_detail,wishlist,1138,905,desktop
S005730,product_detail,add_to_cart,1067,917,desktop
S005730,product_detail,main_image,448,723,desktop
S005730,product_detail,main_image,258,547,desktop
S005731,product_detail,thumbnails,136,673,mobile
S005731,product_detail,reviews_tab,582,1268,mobile
S005731,product_detail,add_to_cart,991,944,mobile
S005731,product_detail,thumbnails,167,670,mobile
S005731,product_detail,thumbnails,150,702,mobile
S005731,product_detail,add_to_cart,997,901,mobile
S005731,product_detail,reviews_tab,414,1234,mobile
S005731,product_detail,main_image,436,501,mobile
S005732,product_detail,detail_text,689,2057,app
S005732,product_detail,add_to_cart,934,960,app
S005733,product_detail,reviews_tab,728,1207,app
S005734,product_detail,main_image,555,753,app
S005736,product_detail,add_to_cart,968,885,mobile
S005737,product_detail,wishlist,1165,923,app
S005738,product_detail,add_to_cart,908,936,desktop
S005739,product_detail,main_image,518,647,mobile
S005739,product_detail,size_chart,784,719,mobile
S005739,product_detail,main_image,378,469,mobile
S005739,product_detail,reviews_tab,473,1268,mobile
S005739,product_detail,add_to_cart,1018,926,mobile
S005739,product_detail,add_to_cart,813,929,mobile
S005739,product_detail,main_image,507,324,mobile
S005739,product_detail,main_image,528,137,mobile
S005740,product_detail,size_chart,809,703,desktop
S005741,product_detail,main_image,538,667,app
S005742,product_detail,add_to_cart,1194,959,mobile
S005743,product_detail,main_image,422,667,desktop
S005744,product_detail,main_image,328,565,app
S005745,product_detail,main_image,655,624,app
S005745,product_detail,main_image,377,470,app
S005745,product_detail,size_chart,865,708,app
S005745,product_detail,coupon_banner,1054,229,app
S005745,product_detail,add_to_cart,1113,991,app
S005747,product_detail,detail_text,1105,1359,desktop
S005748,product_detail,coupon_banner,972,231,app
S005748,product_detail,size_chart,843,663,app
S005749,product_detail,size_chart,965,728,desktop
S005749,product_detail,detail_text,783,1651,desktop
S005749,product_detail,reviews_tab,694,1272,desktop
S005749,product_detail,thumbnails,155,771,desktop
S005749,product_detail,thumbnails,138,771,desktop
S005750,product_detail,main_image,304,751,mobile
S005750,product_detail,detail_text,828,1678,mobile
S005751,product_detail,size_chart,843,717,desktop
S005751,product_detail,reviews_tab,638,1226,desktop
S005751,product_detail,main_image,468,502,desktop
S005753,product_detail,detail_text,516,1905,desktop
S005753,product_detail,detail_text,394,1926,desktop
S005755,product_detail,size_chart,898,687,desktop
S005756,product_detail,detail_text,392,1778,mobile
S005756,product_detail,add_to_cart,1077,933,mobile
S005757,product_detail,detail_text,589,1963,app
S005757,product_detail,add_to_cart,742,904,app
S005757,product_detail,add_to_cart,934,955,app
S005757,product_detail,main_image,462,407,app
S005758,product_detail,detail_text,811,1920,app
S005758,product_detail,main_image,475,432,app
S005758,product_detail,size_chart,801,710,app
S005759,product_detail,size_chart,803,726,app
S005759,product_detail,thumbnails,149,610,app
S005760,product_detail,add_to_cart,991,921,mobile
S005760,product_detail,add_to_cart,1081,927,mobile
S005761,product_detail,main_image,447,606,app
S005761,product_detail,size_chart,870,667,app
S005762,product_detail,thumbnails,151,1025,app
S005765,product_detail,reviews_tab,808,1270,desktop
S005765,product_detail,main_image,547,739,desktop
S005765,product_detail,size_chart,993,703,desktop
S005766,product_detail,reviews_tab,471,1250,app
S005768,product_detail,reviews_tab,452,1248,mobile
S005768,product_detail,main_image,268,664,mobile
S005768,product_detail,size_chart,949,689,mobile
S005768,product_detail,main_image,329,528,mobile
S005768,product_detail,add_to_cart,1050,948,mobile
S005768,product_detail,size_chart,901,724,mobile
S005768,product_detail,reviews_tab,764,1224,mobile
S005769,product_detail,main_image,538,206,app
S005769,product_detail,main_image,322,629,app
S005770,product_detail,main_image,519,422,desktop
S005770,product_detail,main_image,343,430,desktop
S005771,product_detail,size_chart,873,703,mobile
S005771,product_detail,detail_text,79,2173,mobile
S005771,product_detail,coupon_banner,490,218,mobile
S005771,product_detail,add_to_cart,971,948,mobile
S005771,product_detail,thumbnails,216,952,mobile
S005771,product_detail,reviews_tab,427,1239,mobile
S005771,product_detail,reviews_tab,643,1234,mobile
S005772,product_detail,main_image,584,682,app
S005772,product_detail,main_image,441,677,app
S005773,product_detail,reviews_tab,644,1249,mobile
S005774,product_detail,add_to_cart,1068,948,mobile
S005774,product_detail,detail_text,338,2075,mobile
S005775,product_detail,main_image,496,308,mobile
S005776,product_detail,main_image,200,688,app
S005776,product_detail,reviews_tab,660,1237,app
S005776,product_detail,add_to_cart,1118,915,app
S005776,product_detail,main_image,500,500,app
S005777,product_detail,main_image,222,699,mobile
S005777,product_detail,size_chart,865,707,mobile
S005777,product_detail,thumbnails,174,887,mobile
S005778,product_detail,detail_text,464,1880,app
S005778,product_detail,add_to_cart,1028,894,app
S005779,product_detail,detail_text,785,1858,app
S005779,product_detail,add_to_cart,803,938,app
S005779,product_detail,main_image,419,632,app
S005779,product_detail,main_image,395,796,app
S005779,product_detail,reviews_tab,802,1240,app
S005780,product_detail,wishlist,1117,911,app
S005780,product_detail,size_chart,855,703,app
S005780,product_detail,coupon_banner,1162,212,app
S005780,product_detail,reviews_tab,616,1243,app
S005780,product_detail,main_image,501,394,app
S005781,product_detail,detail_text,580,2043,mobile
S005782,product_detail,main_image,377,460,mobile
S005783,product_detail,reviews_tab,373,1243,mobile
S005783,product_detail,main_image,497,287,mobile
S005783,product_detail,detail_text,666,1549,mobile
S005783,product_detail,size_chart,1027,713,mobile
S005783,product_detail,thumbnails,75,725,mobile
S005786,product_detail,size_chart,858,695,mobile
S005787,product_detail,main_image,678,390,app
S005787,product_detail,main_image,321,658,app
S005787,product_detail,detail_text,588,1381,app
S005787,product_detail,reviews_tab,693,1252,app
S005789,product_detail,size_chart,889,678,mobile
S005789,product_detail,size_chart,893,673,mobile
S005789,product_detail,thumbnails,151,755,mobile
S005792,product_detail,reviews_tab,687,1244,mobile
S005792,product_detail,add_to_cart,1162,959,mobile
S005793,product_detail,thumbnails,189,741,desktop
S005793,product_detail,add_to_cart,857,881,desktop
S005794,product_detail,add_to_cart,1063,947,mobile
S005794,product_detail,main_image,468,423,mobile
S005795,product_detail,reviews_tab,751,1261,app
S005795,product_detail,detail_text,536,2029,app
S005795,product_detail,reviews_tab,892,1259,app
S005795,product_detail,reviews_tab,623,1261,app
S005795,product_detail,reviews_tab,730,1294,app
S005796,product_detail,main_image,270,533,mobile
S005796,product_detail,size_chart,775,699,mobile
S005797,product_detail,reviews_tab,640,1247,mobile
S005798,product_detail,main_image,522,578,mobile
S005798,product_detail,main_image,371,635,mobile
S005798,product_detail,size_chart,819,692,mobile
S005798,product_detail,main_image,170,606,mobile
S005800,product_detail,main_image,479,594,mobile
S005800,product_detail,add_to_cart,1091,909,mobile
S005800,product_detail,reviews_tab,649,1244,mobile
S005800,product_detail,reviews_tab,671,1240,mobile
S005800,product_detail,wishlist,1158,920,mobile
S005801,product_detail,reviews_tab,674,1292,app
S005802,product_detail,add_to_cart,1009,947,app
S005802,product_detail,add_to_cart,1010,920,app
S005802,product_detail,add_to_cart,808,903,app
S005803,product_detail,size_chart,879,707,app
S005803,product_detail,reviews_tab,749,1235,app
S005803,product_detail,size_chart,956,684,app
S005804,product_detail,main_image,591,562,desktop
S005804,product_detail,size_chart,902,688,desktop
S005805,product_detail,detail_text,389,1906,app
S005805,product_detail,reviews_tab,672,1238,app
S005805,product_detail,add_to_cart,967,924,app
S005805,product_detail,add_to_cart,911,888,app
S005805,product_detail,main_image,261,815,app
S005805,product_detail,size_chart,902,690,app
S005806,product_detail,add_to_cart,1068,941,app
S005806,product_detail,wishlist,1169,926,app
S005806,product_detail,reviews_tab,223,1255,app
S005807,product_detail,size_chart,978,682,mobile
S005807,product_detail,reviews_tab,792,1250,mobile
S005808,product_detail,add_to_cart,798,913,app
S005808,product_detail,main_image,454,550,app
S005808,product_detail,reviews_tab,719,1268,app
S005808,product_detail,detail_text,517,2262,app
S005808,product_detail,main_image,555,645,app
S005808,product_detail,add_to_cart,1217,894,app
S005808,product_detail,main_image,514,487,app
S005809,product_detail,main_image,546,598,app
S005809,product_detail,add_to_cart,1055,927,app
S005810,product_detail,size_chart,951,678,mobile
S005810,product_detail,main_image,513,508,mobile
S005810,product_detail,main_image,438,540,mobile
S005811,product_detail,main_image,395,298,mobile
S005811,product_detail,detail_text,881,2599,mobile
S005814,product_detail,add_to_cart,908,911,mobile
S005815,product_detail,main_image,311,601,mobile
S005817,product_detail,main_image,501,269,mobile
S005817,product_detail,main_image,297,635,mobile
S005818,product_detail,reviews_tab,618,1251,desktop
S005818,product_detail,main_image,253,831,desktop
S005820,product_detail,detail_text,452,2248,desktop
S005820,product_detail,detail_text,477,2285,desktop
S005821,product_detail,coupon_banner,524,210,desktop
S005822,product_detail,add_to_cart,913,973,mobile
S005822,product_detail,main_image,456,625,mobile
S005823,product_detail,main_image,178,486,desktop
S005825,product_detail,size_chart,906,675,desktop
S005825,product_detail,wishlist,1153,916,desktop
S005826,product_detail,reviews_tab,650,1249,desktop
S005826,product_detail,main_image,571,748,desktop
S005826,product_detail,reviews_tab,663,1254,desktop
S005827,product_detail,add_to_cart,1051,912,mobile
S005827,product_detail,main_image,333,668,mobile
S005827,product_detail,main_image,464,288,mobile
S005828,product_detail,size_chart,1027,694,mobile
S005828,product_detail,add_to_cart,784,952,mobile
S005828,product_detail,reviews_tab,688,1245,mobile
S005828,product_detail,add_to_cart,901,931,mobile
S005828,product_detail,add_to_cart,1023,922,mobile
S005828,product_detail,add_to_cart,1053,903,mobile
S005828,product_detail,reviews_tab,708,1261,mobile
S005829,product_detail,detail_text,894,1600,mobile
S005830,product_detail,coupon_banner,854,241,mobile
S005830,product_detail,thumbnails,129,722,mobile
S005832,product_detail,thumbnails,99,832,app
S005832,product_detail,add_to_cart,982,942,app
S005832,product_detail,size_chart,834,661,app
S005832,product_detail,add_to_cart,981,951,app
S005833,product_detail,main_image,600,396,app
S005833,product_detail,main_image,320,508,app
S005833,product_detail,coupon_banner,255,150,app
S005834,product_detail,main_image,579,717,mobile
S005834,product_detail,add_to_cart,1079,896,mobile
S005835,product_detail,wishlist,1112,896,mobile
S005835,product_detail,coupon_banner,354,170,mobile
S005836,product_detail,main_image,366,887,desktop
S005836,product_detail,reviews_tab,760,1279,desktop
S005837,product_detail,size_chart,1006,691,desktop
S005837,product_detail,main_image,569,747,desktop
S005838,product_detail,reviews_tab,804,1267,mobile
S005838,product_detail,add_to_cart,839,903,mobile
S005838,product_detail,main_image,364,538,mobile
S005839,product_detail,thumbnails,139,697,mobile
S005841,product_detail,main_image,506,516,desktop
S005841,product_detail,main_image,461,622,desktop
S005841,product_detail,add_to_cart,976,983,desktop
S005841,product_detail,add_to_cart,818,913,desktop
S005842,product_detail,detail_text,258,1402,app
S005843,product_detail,reviews_tab,519,1260,mobile
S005843,product_detail,size_chart,941,707,mobile
S005844,product_detail,wishlist,1146,893,mobile
S005845,product_detail,coupon_banner,308,262,mobile
S005846,product_detail,size_chart,803,698,mobile
S005846,product_detail,size_chart,938,691,mobile
S005846,product_detail,add_to_cart,958,923,mobile
S005846,product_detail,size_chart,993,705,mobile
S005847,product_detail,add_to_cart,959,880,app
S005847,product_detail,size_chart,948,703,app
S005847,product_detail,main_image,419,457,app
S005847,product_detail,main_image,661,774,app
S005847,product_detail,size_chart,873,667,app
S005847,product_detail,add_to_cart,974,875,app
S005848,product_detail,size_chart,845,696,app
S005848,product_detail,size_chart,917,749,app
S005849,product_detail,reviews_tab,669,1255,mobile
S005850,product_detail,wishlist,1143,903,app
S005851,product_detail,detail_text,780,2197,mobile
S005852,product_detail,size_chart,925,706,mobile
S005852,product_detail,main_image,286,680,mobile
S005852,product_detail,main_image,594,494,mobile
S005852,product_detail,size_chart,946,686,mobile
S005853,product_detail,main_image,450,610,app
S005854,product_detail,main_image,480,331,app
S005854,product_detail,size_chart,956,679,app
S005854,product_detail,size_chart,902,711,app
S005854,product_detail,thumbnails,237,687,app
S005855,product_detail,main_image,280,509,app
S005855,product_detail,thumbnails,145,684,app
S005855,product_detail,size_chart,814,708,app
S005856,product_detail,size_chart,892,695,app
S005856,product_detail,coupon_banner,763,182,app
S005858,product_detail,add_to_cart,959,951,app
S005860,product_detail,main_image,411,316,app
S005862,product_detail,main_image,615,493,app
S005863,product_detail,add_to_cart,1227,898,mobile
S005863,product_detail,main_image,466,376,mobile
S005863,product_detail,add_to_cart,994,882,mobile
S005865,product_detail,main_image,423,575,mobile
S005865,product_detail,thumbnails,99,885,mobile
S005865,product_detail,coupon_banner,465,186,mobile
S005865,product_detail,reviews_tab,799,1265,mobile
S005865,product_detail,reviews_tab,714,1236,mobile
S005866,product_detail,add_to_cart,919,929,mobile
S005866,product_detail,size_chart,1107,664,mobile
S005866,product_detail,add_to_cart,943,925,mobile
S005866,product_detail,detail_text,598,1802,mobile
S005867,product_detail,detail_text,503,1804,desktop
S005869,product_detail,coupon_banner,613,217,desktop
S005869,product_detail,add_to_cart,1055,943,desktop
S005869,product_detail,main_image,689,294,desktop
S005870,product_detail,main_image,554,558,mobile
S005870,product_detail,main_image,480,420,mobile
S005870,product_detail,main_image,514,742,mobile
S005871,product_detail,detail_text,477,1732,app
S005871,product_detail,reviews_tab,733,1245,app
S005872,product_detail,main_image,425,537,mobile
S005872,product_detail,size_chart,962,715,mobile
S005873,product_detail,add_to_cart,1033,901,app
S005873,product_detail,add_to_cart,1206,931,app
S005874,product_detail,reviews_tab,939,1256,app
S005874,product_detail,thumbnails,120,830,app
S005875,product_detail,coupon_banner,714,173,mobile
S005875,product_detail,add_to_cart,981,944,mobile
S005875,product_detail,wishlist,1120,920,mobile
S005876,product_detail,coupon_banner,969,232,mobile
S005877,product_detail,wishlist,1134,920,desktop
S005877,product_detail,add_to_cart,1152,951,desktop
S005877,product_detail,detail_text,203,1812,desktop
S005877,product_detail,main_image,493,318,desktop
S005877,product_detail,reviews_tab,327,1278,desktop
S005878,product_detail,size_chart,995,708,desktop
S005878,product_detail,main_image,374,531,desktop
S005878,product_detail,main_image,216,325,desktop
S005878,product_detail,main_image,476,567,desktop
S005880,product_detail,reviews_tab,563,1248,desktop
S005880,product_detail,detail_text,124,1685,desktop
S005880,product_detail,coupon_banner,664,188,desktop
S005881,product_detail,main_image,576,241,mobile
S005881,product_detail,size_chart,925,677,mobile
S005882,product_detail,add_to_cart,850,928,app
S005884,product_detail,size_chart,925,709,mobile
S005884,product_detail,detail_text,907,1844,mobile
S005885,product_detail,size_chart,961,695,mobile
S005885,product_detail,detail_text,395,1930,mobile
S005885,product_detail,detail_text,668,2057,mobile
S005885,product_detail,main_image,503,861,mobile
S005885,product_detail,reviews_tab,431,1255,mobile
S005885,product_detail,wishlist,1178,921,mobile
S005888,product_detail,add_to_cart,1043,954,desktop
S005890,product_detail,main_image,532,645,desktop
S005890,product_detail,main_image,416,467,desktop
S005891,product_detail,main_image,376,782,app
S005891,product_detail,main_image,294,76,app
S005892,product_detail,thumbnails,190,753,app
S005893,product_detail,detail_text,673,2062,app
S005893,product_detail,coupon_banner,0,182,app
S005895,product_detail,reviews_tab,550,1237,mobile
S005896,product_detail,reviews_tab,554,1238,mobile
S005897,product_detail,coupon_banner,343,190,mobile
S005897,product_detail,main_image,317,395,mobile
S005897,product_detail,wishlist,1121,913,mobile
S005897,product_detail,wishlist,1130,895,mobile
S005897,product_detail,main_image,438,467,mobile
S005898,product_detail,size_chart,1056,687,mobile
S005899,product_detail,reviews_tab,703,1243,desktop
S005899,product_detail,detail_text,548,1958,desktop
S005899,product_detail,main_image,444,458,desktop
S005899,product_detail,reviews_tab,751,1254,desktop
S005900,product_detail,main_image,417,760,mobile
S005902,product_detail,main_image,354,359,app
S005902,product_detail,main_image,387,532,app
S005902,product_detail,size_chart,820,675,app
S005904,product_detail,coupon_banner,450,155,mobile
S005904,product_detail,size_chart,776,694,mobile
S005906,product_detail,wishlist,1126,948,app
S005906,product_detail,main_image,266,386,app
S005906,product_detail,reviews_tab,399,1241,app
S005907,product_detail,main_image,463,705,mobile
S005907,product_detail,main_image,287,549,mobile
S005908,product_detail,add_to_cart,1099,923,app
S005909,product_detail,add_to_cart,1090,923,app
S005909,product_detail,coupon_banner,792,168,app
S005911,product_detail,main_image,424,538,mobile
S005911,product_detail,add_to_cart,1132,935,mobile
S005911,product_detail,main_image,574,256,mobile
S005912,product_detail,thumbnails,168,675,app
S005913,product_detail,main_image,292,603,mobile
S005913,product_detail,add_to_cart,1004,914,mobile
S005913,product_detail,coupon_banner,552,176,mobile
S005913,product_detail,main_image,304,461,mobile
S005913,product_detail,main_image,191,725,mobile
S005913,product_detail,main_image,579,625,mobile
S005913,product_detail,reviews_tab,638,1249,mobile
S005913,product_detail,main_image,502,633,mobile
S005914,product_detail,add_to_cart,961,951,mobile
S005914,product_detail,main_image,286,401,mobile
S005915,product_detail,main_image,495,336,mobile
S005915,product_detail,detail_text,718,2179,mobile
S005916,product_detail,add_to_cart,966,937,mobile
S005917,product_detail,main_image,433,657,app
S005917,product_detail,size_chart,912,700,app
S005918,product_detail,reviews_tab,637,1244,desktop
S005918,product_detail,main_image,385,716,desktop
S005918,product_detail,main_image,280,471,desktop
S005918,product_detail,main_image,340,390,desktop
S005919,product_detail,wishlist,1115,935,app
S005919,product_detail,add_to_cart,979,923,app
S005919,product_detail,thumbnails,210,686,app
S005919,product_detail,add_to_cart,1255,880,app
S005920,product_detail,reviews_tab,292,1234,mobile
S005920,product_detail,reviews_tab,495,1252,mobile
S005920,product_detail,reviews_tab,629,1286,mobile
S005920,product_detail,main_image,330,657,mobile
S005920,product_detail,main_image,457,609,mobile
S005920,product_detail,size_chart,884,706,mobile
S005920,product_detail,add_to_cart,939,901,mobile
S005921,product_detail,size_chart,836,709,mobile
S005921,product_detail,add_to_cart,1025,913,mobile
S005921,product_detail,add_to_cart,1065,901,mobile
S005921,product_detail,reviews_tab,770,1256,mobile
S005922,product_detail,size_chart,889,721,mobile
S005923,product_detail,detail_text,228,1791,app
S005923,product_detail,main_image,519,188,app
S005924,product_detail,add_to_cart,874,982,app
S005924,product_detail,main_image,107,591,app
S005925,product_detail,thumbnails,103,586,desktop
S005925,product_detail,main_image,397,537,desktop
S005926,product_detail,add_to_cart,890,914,mobile
S005926,product_detail,size_chart,871,745,mobile
S005926,product_detail,main_image,424,513,mobile
S005927,product_detail,main_image,562,428,mobile
S005928,product_detail,main_image,407,627,app
S005928,product_detail,thumbnails,159,633,app
S005928,product_detail,main_image,388,540,app
S005929,product_detail,add_to_cart,1002,906,mobile
S005929,product_detail,reviews_tab,642,1256,mobile
S005929,product_detail,add_to_cart,1139,919,mobile
S005929,product_detail,size_chart,990,722,mobile
S005929,product_detail,reviews_tab,817,1272,mobile
S005929,product_detail,size_chart,831,699,mobile
S005930,product_detail,reviews_tab,561,1260,app
S005930,product_detail,reviews_tab,705,1263,app
S005930,product_detail,main_image,433,363,app
S005931,product_detail,coupon_banner,682,192,mobile
S005931,product_detail,reviews_tab,481,1301,mobile
S005931,product_detail,wishlist,1120,951,mobile
S005931,product_detail,size_chart,907,739,mobile
S005932,product_detail,add_to_cart,1049,911,mobile
S005932,product_detail,add_to_cart,1064,904,mobile
S005932,product_detail,main_image,361,808,mobile
S005933,product_detail,add_to_cart,1196,904,desktop
S005933,product_detail,main_image,152,377,desktop
S005933,product_detail,reviews_tab,708,1278,desktop
S005934,product_detail,main_image,453,799,app
S005934,product_detail,main_image,479,449,app
S005935,product_detail,main_image,301,660,mobile
S005942,product_detail,size_chart,1138,718,app
S005942,product_detail,wishlist,1134,935,app
S005942,product_detail,main_image,344,438,app
S005943,product_detail,detail_text,629,1620,mobile
S005943,product_detail,main_image,405,219,mobile
S005943,product_detail,add_to_cart,1029,914,mobile
S005943,product_detail,reviews_tab,777,1243,mobile
S005943,product_detail,add_to_cart,982,937,mobile
S005943,product_detail,main_image,417,560,mobile
S005943,product_detail,reviews_tab,784,1238,mobile
S005945,product_detail,main_image,299,414,mobile
S005947,product_detail,detail_text,387,1813,mobile
S005947,product_detail,coupon_banner,741,230,mobile
S005947,product_detail,thumbnails,179,675,mobile
S005948,product_detail,size_chart,917,706,mobile
S005948,product_detail,thumbnails,88,915,mobile
S005949,product_detail,main_image,316,552,mobile
S005950,product_detail,add_to_cart,1000,904,desktop
S005950,product_detail,size_chart,970,721,desktop
S005950,product_detail,detail_text,511,1576,desktop
S005950,product_detail,size_chart,909,692,desktop
S005950,product_detail,main_image,341,602,desktop
S005950,product_detail,main_image,575,365,desktop
S005950,product_detail,size_chart,843,707,desktop
S005950,product_detail,main_image,660,493,desktop
S005950,product_detail,wishlist,1164,940,desktop
S005950,product_detail,reviews_tab,521,1241,desktop
S005951,product_detail,size_chart,809,733,app
S005951,product_detail,size_chart,1059,674,app
S005951,product_detail,thumbnails,148,846,app
S005951,product_detail,main_image,361,520,app
S005951,product_detail,size_chart,682,697,app
S005951,product_detail,size_chart,836,691,app
S005953,product_detail,wishlist,1174,909,mobile
S005953,product_detail,thumbnails,94,578,mobile
S005953,product_detail,main_image,332,391,mobile
S005953,product_detail,main_image,253,414,mobile
S005953,product_detail,wishlist,1152,898,mobile
S005953,product_detail,add_to_cart,1081,933,mobile
S005955,product_detail,size_chart,1061,686,mobile
S005955,product_detail,reviews_tab,705,1257,mobile
S005955,product_detail,main_image,472,372,mobile
S005955,product_detail,add_to_cart,1039,951,mobile
S005955,product_detail,main_image,292,328,mobile
S005955,product_detail,main_image,353,738,mobile
S005956,product_detail,wishlist,1157,908,app
S005956,product_detail,add_to_cart,998,951,app
S005956,product_detail,add_to_cart,933,962,app
S005957,product_detail,size_chart,925,675,mobile
S005957,product_detail,size_chart,899,712,mobile
S005957,product_detail,reviews_tab,969,1264,mobile
S005957,product_detail,wishlist,1098,912,mobile
S005958,product_detail,size_chart,881,728,app
S005959,product_detail,wishlist,1165,918,app
S005960,product_detail,size_chart,1014,678,desktop
S005960,product_detail,size_chart,910,675,desktop
S005961,product_detail,main_image,335,580,mobile
S005961,product_detail,size_chart,742,670,mobile
S005962,product_detail,main_image,448,417,mobile
S005962,product_detail,main_image,268,567,mobile
S005963,product_detail,main_image,479,516,mobile
S005963,product_detail,detail_text,821,1401,mobile
S005963,product_detail,thumbnails,150,694,mobile
S005964,product_detail,reviews_tab,306,1258,mobile
S005964,product_detail,thumbnails,130,747,mobile
S005965,product_detail,reviews_tab,733,1243,app
S005965,product_detail,size_chart,909,720,app
S005966,product_detail,add_to_cart,979,938,app
S005968,product_detail,detail_text,853,1730,app
S005969,product_detail,thumbnails,136,834,mobile
S005969,product_detail,main_image,463,747,mobile
S005969,product_detail,reviews_tab,471,1234,mobile
S005972,product_detail,add_to_cart,959,937,mobile
S005975,product_detail,reviews_tab,624,1232,desktop
S005975,product_detail,main_image,395,519,desktop
S005975,product_detail,reviews_tab,690,1231,desktop
S005975,product_detail,main_image,412,577,desktop
S005976,product_detail,reviews_tab,762,1265,mobile
S005976,product_detail,size_chart,944,709,mobile
S005976,product_detail,detail_text,792,2095,mobile
S005976,product_detail,size_chart,867,716,mobile
S005977,product_detail,thumbnails,198,795,mobile
S005977,product_detail,main_image,349,344,mobile
S005977,product_detail,size_chart,973,713,mobile
S005979,product_detail,wishlist,1163,930,app
S005979,product_detail,main_image,383,602,app
S005979,product_detail,main_image,546,430,app
S005980,product_detail,reviews_tab,698,1255,app
S005980,product_detail,main_image,434,319,app
S005980,product_detail,size_chart,886,702,app
S005980,product_detail,main_image,369,486,app
S005980,product_detail,wishlist,1111,901,app
S005980,product_detail,add_to_cart,985,884,app
S005980,product_detail,add_to_cart,1068,926,app
S005980,product_detail,main_image,491,361,app
S005981,product_detail,main_image,747,509,desktop
S005982,product_detail,add_to_cart,776,910,desktop
S005982,product_detail,thumbnails,147,930,desktop
S005982,product_detail,size_chart,820,721,desktop
S005983,product_detail,reviews_tab,485,1247,desktop
S005983,product_detail,main_image,420,311,desktop
S005984,product_detail,coupon_banner,377,246,mobile
S005984,product_detail,thumbnails,181,829,mobile
S005985,product_detail,add_to_cart,1138,900,mobile
S005985,product_detail,reviews_tab,552,1248,mobile
S005986,product_detail,main_image,309,697,mobile
S005987,product_detail,main_image,374,189,mobile
S005987,product_detail,reviews_tab,567,1238,mobile
S005988,product_detail,reviews_tab,585,1251,mobile
S005988,product_detail,main_image,295,450,mobile
S005988,product_detail,wishlist,1142,924,mobile
S005988,product_detail,add_to_cart,957,927,mobile
S005990,product_detail,reviews_tab,880,1236,mobile
S005990,product_detail,add_to_cart,1164,861,mobile
S005991,product_detail,main_image,465,695,mobile
S005991,product_detail,main_image,438,844,mobile
S005991,product_detail,detail_text,266,1866,mobile
S005991,product_detail,add_to_cart,968,928,mobile
S005992,product_detail,size_chart,996,668,mobile
S005992,product_detail,reviews_tab,494,1243,mobile
S005993,product_detail,reviews_tab,762,1296,mobile
S005993,product_detail,reviews_tab,559,1236,mobile
S005994,product_detail,add_to_cart,973,932,mobile
S005994,product_detail,coupon_banner,949,246,mobile
S005995,product_detail,detail_text,984,1838,app
S005995,product_detail,size_chart,997,719,app
S005995,product_detail,detail_text,641,1693,app
S005995,product_detail,reviews_tab,568,1265,app
S005995,product_detail,reviews_tab,546,1243,app
S005997,product_detail,reviews_tab,1043,1218,mobile
S005997,product_detail,add_to_cart,994,893,mobile
S005997,product_detail,reviews_tab,702,1262,mobile
S005997,product_detail,main_image,546,371,mobile
S005998,product_detail,reviews_tab,808,1256,app
S005998,product_detail,detail_text,1279,1204,app
S005998,product_detail,add_to_cart,1117,902,app
S005998,product_detail,add_to_cart,916,880,app
S005998,product_detail,main_image,236,151,app
S005999,product_detail,add_to_cart,1129,919,desktop
S005999,product_detail,size_chart,943,729,desktop
S006000,product_detail,wishlist,1145,957,app
S006000,product_detail,reviews_tab,529,1230,app
S006000,product_detail,add_to_cart,1097,922,app
S006001,product_detail,add_to_cart,794,938,mobile
S006001,product_detail,reviews_tab,810,1243,mobile
S006002,product_detail,size_chart,813,681,mobile
S006002,product_detail,thumbnails,164,779,mobile
S006002,product_detail,detail_text,298,2149,mobile
S006003,product_detail,size_chart,906,674,mobile
S006003,product_detail,add_to_cart,1015,936,mobile
S006003,product_detail,size_chart,831,713,mobile
S006003,product_detail,add_to_cart,1196,915,mobile
S006003,product_detail,thumbnails,182,625,mobile
S006004,product_detail,add_to_cart,928,887,mobile
S006004,product_detail,detail_text,404,1768,mobile
S006004,product_detail,size_chart,883,705,mobile
S006004,product_detail,reviews_tab,735,1246,mobile
S006004,product_detail,reviews_tab,500,1236,mobile
S006005,product_detail,reviews_tab,664,1252,app
S006006,product_detail,main_image,516,481,app
S006009,product_detail,reviews_tab,631,1261,app
S006009,product_detail,size_chart,985,691,app
S006011,product_detail,detail_text,358,2083,app
S006011,product_detail,coupon_banner,295,215,app
S006011,product_detail,size_chart,1008,730,app
S006011,product_detail,main_image,275,449,app
S006011,product_detail,size_chart,900,718,app
S006011,product_detail,main_image,496,526,app
S006011,product_detail,thumbnails,74,825,app
S006011,product_detail,size_chart,1060,748,app
S006013,product_detail,main_image,420,468,desktop
S006013,product_detail,add_to_cart,1035,917,desktop
S006013,product_detail,main_image,630,161,desktop
S006015,product_detail,reviews_tab,824,1266,mobile
S006015,product_detail,main_image,464,369,mobile
S006015,product_detail,add_to_cart,951,888,mobile
S006015,product_detail,reviews_tab,491,1246,mobile
S006016,product_detail,main_image,515,712,mobile
S006016,product_detail,size_chart,814,664,mobile
S006016,product_detail,add_to_cart,883,946,mobile
S006016,product_detail,detail_text,873,2358,mobile
S006017,product_detail,add_to_cart,1059,926,mobile
S006017,product_detail,thumbnails,158,1013,mobile
S006017,product_detail,main_image,321,544,mobile
S006017,product_detail,add_to_cart,787,928,mobile
S006018,product_detail,detail_text,1,1862,desktop
S006018,product_detail,size_chart,888,708,desktop
S006019,product_detail,main_image,503,573,mobile
S006019,product_detail,reviews_tab,820,1257,mobile
S006019,product_detail,add_to_cart,1107,943,mobile
S006021,product_detail,size_chart,923,669,desktop
S006022,product_detail,main_image,415,645,mobile
S006022,product_detail,reviews_tab,602,1226,mobile
S006023,product_detail,main_image,459,370,app
S006023,product_detail,add_to_cart,966,924,app
S006023,product_detail,add_to_cart,1164,908,app
S006024,product_detail,size_chart,895,698,mobile
S006024,product_detail,main_image,477,255,mobile
S006024,product_detail,add_to_cart,916,943,mobile
S006025,product_detail,thumbnails,182,741,mobile
S006025,product_detail,coupon_banner,645,186,mobile
S006026,product_detail,main_image,395,423,app
S006026,product_detail,main_image,451,401,app
S006026,product_detail,add_to_cart,829,878,app
S006026,product_detail,main_image,416,319,app
S006027,product_detail,reviews_tab,518,1261,mobile
S006027,product_detail,main_image,770,669,mobile
S006027,product_detail,reviews_tab,651,1242,mobile
S006028,product_detail,add_to_cart,1093,893,mobile
S006028,product_detail,add_to_cart,1057,989,mobile
S006028,product_detail,add_to_cart,998,956,mobile
S006030,product_detail,size_chart,1027,671,app
S006030,product_detail,main_image,358,822,app
S006031,product_detail,reviews_tab,452,1246,app
S006031,product_detail,add_to_cart,921,933,app
S006031,product_detail,reviews_tab,708,1248,app
S006031,product_detail,main_image,428,457,app
S006031,product_detail,main_image,387,457,app
S006031,product_detail,add_to_cart,913,917,app
S006031,product_detail,reviews_tab,617,1251,app
S006032,product_detail,main_image,593,683,app
S006032,product_detail,reviews_tab,678,1249,app
S006033,product_detail,detail_text,862,2055,mobile
S006033,product_detail,thumbnails,147,798,mobile
S006034,product_detail,size_chart,868,710,desktop
S006034,product_detail,size_chart,892,632,desktop
S006035,product_detail,main_image,442,257,mobile
S006036,product_detail,add_to_cart,886,962,mobile
S006036,product_detail,detail_text,471,2152,mobile
S006036,product_detail,size_chart,994,697,mobile
S006037,product_detail,detail_text,1024,1834,app
S006037,product_detail,main_image,393,590,app
S006038,product_detail,main_image,354,531,app
S006040,product_detail,coupon_banner,0,166,mobile
S006040,product_detail,reviews_tab,865,1240,mobile
S006040,product_detail,detail_text,554,1888,mobile
S006040,product_detail,main_image,511,366,mobile
S006043,product_detail,detail_text,713,2017,mobile
S006044,product_detail,wishlist,1138,934,app
S006044,product_detail,thumbnails,218,550,app
S006045,product_detail,main_image,414,354,mobile
S006045,product_detail,wishlist,1142,899,mobile
S006045,product_detail,reviews_tab,766,1261,mobile
S006045,product_detail,main_image,344,422,mobile
S006045,product_detail,reviews_tab,869,1230,mobile
S006046,product_detail,reviews_tab,506,1247,mobile
S006046,product_detail,add_to_cart,1005,918,mobile
S006048,product_detail,reviews_tab,660,1246,mobile
S006048,product_detail,reviews_tab,521,1246,mobile
S006048,product_detail,main_image,457,415,mobile
S006048,product_detail,reviews_tab,554,1227,mobile
S006049,product_detail,detail_text,562,1878,mobile
S006050,product_detail,main_image,225,437,mobile
S006052,product_detail,reviews_tab,1025,1238,app
S006052,product_detail,main_image,489,383,app
S006052,product_detail,add_to_cart,841,884,app
S006054,product_detail,reviews_tab,720,1230,app
S006054,product_detail,detail_text,185,1769,app
S006055,product_detail,main_image,260,653,app
S006055,product_detail,wishlist,1148,929,app
S006055,product_detail,add_to_cart,1102,936,app
S006055,product_detail,add_to_cart,910,896,app
S006055,product_detail,reviews_tab,511,1287,app
S006055,product_detail,add_to_cart,1095,910,app
S006056,product_detail,main_image,330,573,mobile
S006056,product_detail,add_to_cart,1279,913,mobile
S006056,product_detail,add_to_cart,900,941,mobile
S006057,product_detail,size_chart,1047,679,desktop
S006057,product_detail,size_chart,867,699,desktop
S006059,product_detail,size_chart,911,708,app
S006059,product_detail,main_image,460,241,app
S006061,product_detail,main_image,424,498,mobile
S006061,product_detail,wishlist,1162,934,mobile
S006061,product_detail,reviews_tab,495,1247,mobile
S006061,product_detail,thumbnails,89,785,mobile
S006061,product_detail,main_image,253,758,mobile
S006062,product_detail,main_image,332,743,mobile
S006062,product_detail,reviews_tab,973,1256,mobile
S006062,product_detail,wishlist,1116,916,mobile
S006063,product_detail,detail_text,610,1523,mobile
S006064,product_detail,add_to_cart,1069,936,mobile
S006065,product_detail,add_to_cart,1279,900,app
S006066,product_detail,detail_text,936,2203,mobile
S006066,product_detail,coupon_banner,464,106,mobile
S006067,product_detail,main_image,399,509,app
S006067,product_detail,detail_text,639,2151,app
S006068,product_detail,reviews_tab,830,1231,app
S006068,product_detail,main_image,475,678,app
S006069,product_detail,size_chart,868,718,mobile
S006069,product_detail,reviews_tab,630,1294,mobile
S006069,product_detail,size_chart,956,680,mobile
S006070,product_detail,main_image,504,391,mobile
S006070,product_detail,add_to_cart,1054,935,mobile
S006070,product_detail,main_image,457,964,mobile
S006071,product_detail,reviews_tab,452,1235,app
S006071,product_detail,main_image,507,541,app
S006071,product_detail,main_image,292,578,app
S006072,product_detail,size_chart,927,687,app
S006072,product_detail,reviews_tab,216,1270,app
S006072,product_detail,add_to_cart,1098,905,app
S006072,product_detail,size_chart,876,657,app
S006073,product_detail,main_image,450,559,mobile
S006073,product_detail,coupon_banner,1013,166,mobile
S006074,product_detail,add_to_cart,997,906,mobile
S006075,product_detail,thumbnails,116,797,app
S006076,product_detail,coupon_banner,611,182,desktop
S006076,product_detail,main_image,175,287,desktop
S006077,product_detail,add_to_cart,892,943,mobile
S006078,product_detail,main_image,593,651,mobile
S006078,product_detail,main_image,335,311,mobile
S006079,product_detail,detail_text,741,1664,mobile
S006079,product_detail,wishlist,1101,920,mobile
S006079,product_detail,size_chart,978,691,mobile
S006081,product_detail,size_chart,860,745,desktop
S006081,product_detail,reviews_tab,694,1273,desktop
S006081,product_detail,wishlist,1141,874,desktop
S006081,product_detail,detail_text,693,1451,desktop
S006083,product_detail,main_image,403,769,mobile
S006084,product_detail,main_image,461,617,desktop
S006084,product_detail,main_image,381,289,desktop
S006084,product_detail,main_image,372,223,desktop
S006085,product_detail,reviews_tab,903,1244,mobile
S006085,product_detail,main_image,463,548,mobile
S006085,product_detail,main_image,287,568,mobile
S006086,product_detail,coupon_banner,553,228,mobile
S006086,product_detail,coupon_banner,812,141,mobile
S006087,product_detail,detail_text,983,1893,app
S006087,product_detail,reviews_tab,705,1253,app
S006087,product_detail,coupon_banner,372,172,app
S006087,product_detail,detail_text,802,2206,app
S006087,product_detail,reviews_tab,399,1241,app
S006087,product_detail,main_image,354,554,app
S006087,product_detail,reviews_tab,748,1238,app
S006090,product_detail,detail_text,324,1319,mobile
S006090,product_detail,main_image,484,423,mobile
S006091,product_detail,main_image,349,436,mobile
S006091,product_detail,main_image,591,792,mobile
S006092,product_detail,reviews_tab,565,1243,mobile
S006092,product_detail,add_to_cart,1111,901,mobile
S006093,product_detail,add_to_cart,908,924,mobile
S006093,product_detail,add_to_cart,1165,925,mobile
S006093,product_detail,size_chart,771,683,mobile
S006094,product_detail,main_image,264,624,mobile
S006094,product_detail,detail_text,276,2188,mobile
S006094,product_detail,main_image,476,810,mobile
S006094,product_detail,reviews_tab,390,1254,mobile
S006094,product_detail,wishlist,1108,896,mobile
S006094,product_detail,detail_text,604,2269,mobile
S006094,product_detail,wishlist,1105,922,mobile
S006094,product_detail,size_chart,905,717,mobile
S006094,product_detail,size_chart,922,700,mobile
S006094,product_detail,main_image,560,392,mobile
S006095,product_detail,add_to_cart,1106,894,desktop
S006095,product_detail,coupon_banner,615,233,desktop
S006097,product_detail,main_image,312,234,app
S006097,product_detail,size_chart,830,681,app
S006098,product_detail,wishlist,1137,898,mobile
S006098,product_detail,reviews_tab,472,1262,mobile
S006098,product_detail,size_chart,964,678,mobile
S006098,product_detail,reviews_tab,605,1272,mobile
S006099,product_detail,reviews_tab,687,1263,mobile
S006100,product_detail,reviews_tab,680,1228,mobile
S006100,product_detail,reviews_tab,448,1266,mobile
S006100,product_detail,main_image,442,411,mobile
S006101,product_detail,main_image,419,399,desktop
S006103,product_detail,main_image,384,535,app
S006103,product_detail,wishlist,1110,913,app
S006104,product_detail,main_image,723,624,app
S006104,product_detail,add_to_cart,970,884,app
S006104,product_detail,add_to_cart,834,908,app
S006104,product_detail,main_image,561,500,app
S006104,product_detail,detail_text,530,2153,app
S006105,product_detail,size_chart,927,668,mobile
S006106,product_detail,size_chart,896,710,mobile
S006106,product_detail,add_to_cart,1114,935,mobile
S006106,product_detail,add_to_cart,743,955,mobile
S006107,product_detail,size_chart,821,712,app
S006107,product_detail,wishlist,1139,919,app
S006107,product_detail,main_image,205,627,app
S006107,product_detail,main_image,374,614,app
S006107,product_detail,size_chart,953,707,app
S006108,product_detail,coupon_banner,778,177,mobile
S006108,product_detail,size_chart,887,729,mobile
S006109,product_detail,detail_text,447,1768,app
S006109,product_detail,reviews_tab,445,1239,app
S006109,product_detail,add_to_cart,834,907,app
S006109,product_detail,reviews_tab,805,1234,app
S006109,product_detail,reviews_tab,478,1212,app
S006109,product_detail,coupon_banner,236,190,app
S006109,product_detail,reviews_tab,632,1233,app
S006109,product_detail,main_image,405,408,app
S006110,product_detail,main_image,546,621,app
S006110,product_detail,add_to_cart,997,922,app
S006112,product_detail,main_image,251,611,app
S006112,product_detail,main_image,664,684,app
S006112,product_detail,detail_text,525,2316,app
S006113,product_detail,size_chart,935,715,app
S006113,product_detail,add_to_cart,1077,930,app
S006114,product_detail,add_to_cart,1032,902,app
S006114,product_detail,reviews_tab,744,1254,app
S006115,product_detail,add_to_cart,1060,912,mobile
S006116,product_detail,add_to_cart,1091,931,app
S006118,product_detail,add_to_cart,1152,896,mobile
S006118,product_detail,main_image,551,433,mobile
S006118,product_detail,add_to_cart,874,940,mobile
S006118,product_detail,main_image,448,345,mobile
S006118,product_detail,wishlist,1187,903,mobile
S006119,product_detail,detail_text,894,2555,desktop
S006120,product_detail,wishlist,1103,941,mobile
S006120,product_detail,reviews_tab,591,1232,mobile
S006120,product_detail,thumbnails,112,749,mobile
S006120,product_detail,main_image,326,336,mobile
S006121,product_detail,main_image,677,592,mobile
S006121,product_detail,size_chart,874,705,mobile
S006121,product_detail,add_to_cart,1017,875,mobile
S006121,product_detail,detail_text,178,2012,mobile
S006121,product_detail,add_to_cart,1172,926,mobile
S006122,product_detail,main_image,486,252,app
S006122,product_detail,reviews_tab,604,1257,app
S006123,product_detail,size_chart,808,672,app
S006123,product_detail,main_image,433,352,app
S006123,product_detail,size_chart,895,733,app
S006123,product_detail,reviews_tab,575,1260,app
S006123,product_detail,main_image,547,323,app
S006123,product_detail,main_image,430,157,app
S006124,product_detail,main_image,298,405,app
S006124,product_detail,size_chart,832,695,app
S006124,product_detail,size_chart,973,661,app
S006125,product_detail,reviews_tab,1010,1249,app
S006125,product_detail,detail_text,1162,2145,app
S006125,product_detail,main_image,733,434,app
S006126,product_detail,thumbnails,174,750,app
S006126,product_detail,wishlist,1123,912,app
S006126,product_detail,add_to_cart,992,922,app
S006127,product_detail,coupon_banner,806,203,app
S006128,product_detail,size_chart,814,720,app
S006128,product_detail,add_to_cart,928,934,app
S006129,product_detail,main_image,473,351,mobile
S006130,product_detail,size_chart,859,698,mobile
S006130,product_detail,size_chart,1067,700,mobile
S006130,product_detail,detail_text,804,2296,mobile
S006130,product_detail,add_to_cart,982,932,mobile
S006132,product_detail,add_to_cart,1079,874,mobile
S006132,product_detail,add_to_cart,932,943,mobile
S006132,product_detail,add_to_cart,996,939,mobile
S006134,product_detail,add_to_cart,993,934,app
S006134,product_detail,main_image,391,612,app
S006135,product_detail,thumbnails,131,713,app
S006136,product_detail,add_to_cart,817,882,desktop
S006136,product_detail,thumbnails,120,598,desktop
S006136,product_detail,main_image,377,525,desktop
S006139,product_detail,main_image,505,622,mobile
S006140,product_detail,main_image,310,554,desktop
S006140,product_detail,size_chart,841,705,desktop
S006141,product_detail,main_image,224,272,mobile
S006141,product_detail,wishlist,1168,920,mobile
S006141,product_detail,reviews_tab,687,1258,mobile
S006141,product_detail,detail_text,843,1598,mobile
S006141,product_detail,wishlist,1192,897,mobile
S006141,product_detail,thumbnails,167,753,mobile
S006142,product_detail,add_to_cart,1082,953,mobile
S006142,product_detail,detail_text,1279,2396,mobile
S006142,product_detail,add_to_cart,1071,926,mobile
S006143,product_detail,main_image,455,794,desktop
S006143,product_detail,wishlist,1143,909,desktop
S006144,product_detail,add_to_cart,969,912,app
S006144,product_detail,main_image,266,467,app
S006144,product_detail,main_image,462,324,app
S006145,product_detail,add_to_cart,1173,884,mobile
S006145,product_detail,detail_text,311,1776,mobile
S006145,product_detail,main_image,675,587,mobile
S006145,product_detail,main_image,258,278,mobile
S006145,product_detail,main_image,366,553,mobile
S006145,product_detail,reviews_tab,551,1237,mobile
S006146,product_detail,detail_text,524,1449,mobile
S006146,product_detail,main_image,355,415,mobile
S006146,product_detail,main_image,280,300,mobile
S006146,product_detail,reviews_tab,783,1263,mobile
S006146,product_detail,main_image,391,649,mobile
S006146,product_detail,main_image,488,590,mobile
S006146,product_detail,add_to_cart,947,873,mobile
S006146,product_detail,main_image,479,413,mobile
S006146,product_detail,main_image,526,469,mobile
S006149,product_detail,thumbnails,143,698,desktop
S006149,product_detail,main_image,454,512,desktop
S006152,product_detail,size_chart,985,677,app
S006152,product_detail,main_image,601,550,app
S006152,product_detail,add_to_cart,877,940,app
S006152,product_detail,main_image,531,429,app
S006152,product_detail,add_to_cart,988,949,app
S006152,product_detail,add_to_cart,927,902,app
S006152,product_detail,main_image,608,165,app
S006153,product_detail,reviews_tab,746,1214,mobile
S006153,product_detail,size_chart,874,718,mobile
S006153,product_detail,main_image,593,475,mobile
S006153,product_detail,main_image,358,583,mobile
S006154,product_detail,reviews_tab,633,1222,mobile
S006154,product_detail,main_image,375,480,mobile
S006154,product_detail,reviews_tab,731,1248,mobile
S006154,product_detail,main_image,527,778,mobile
S006154,product_detail,wishlist,1153,906,mobile
S006155,product_detail,size_chart,908,693,app
S006155,product_detail,main_image,494,511,app
S006155,product_detail,main_image,293,538,app
S006155,product_detail,main_image,458,574,app
S006155,product_detail,main_image,628,690,app
S006157,product_detail,reviews_tab,758,1247,mobile
S006158,product_detail,reviews_tab,726,1251,mobile
S006159,product_detail,coupon_banner,611,160,desktop
S006160,product_detail,wishlist,1205,880,mobile
S006161,product_detail,reviews_tab,528,1225,app
S006161,product_detail,main_image,199,743,app
S006161,product_detail,wishlist,1106,919,app
S006162,product_detail,main_image,426,315,mobile
S006162,product_detail,detail_text,381,1477,mobile
S006163,product_detail,add_to_cart,964,897,app
S006163,product_detail,main_image,262,540,app
S006163,product_detail,size_chart,879,700,app
S006163,product_detail,main_image,590,558,app
S006163,product_detail,thumbnails,211,510,app
S006163,product_detail,size_chart,865,693,app
S006164,product_detail,size_chart,861,688,desktop
S006164,product_detail,main_image,450,156,desktop
S006166,product_detail,main_image,464,296,mobile
S006166,product_detail,thumbnails,79,895,mobile
S006166,product_detail,reviews_tab,856,1245,mobile
S006166,product_detail,add_to_cart,1047,915,mobile
S006166,product_detail,add_to_cart,953,913,mobile
S006166,product_detail,add_to_cart,1025,896,mobile
S006166,product_detail,main_image,304,330,mobile
S006168,product_detail,wishlist,1176,922,app
S006168,product_detail,reviews_tab,876,1252,app
S006168,product_detail,main_image,490,610,app
S006169,product_detail,main_image,339,650,mobile
S006169,product_detail,size_chart,923,675,mobile
S006169,product_detail,main_image,439,510,mobile
S006169,product_detail,detail_text,174,1961,mobile
S006171,product_detail,size_chart,1030,728,desktop
S006171,product_detail,coupon_banner,950,214,desktop
S006171,product_detail,reviews_tab,788,1250,desktop
S006171,product_detail,reviews_tab,707,1265,desktop
S006171,product_detail,size_chart,896,701,desktop
S006171,product_detail,detail_text,924,1728,desktop
S006171,product_detail,main_image,601,721,desktop
S006171,product_detail,wishlist,1119,930,desktop
S006171,product_detail,main_image,339,773,desktop
S006171,product_detail,wishlist,1166,902,desktop
S006171,product_detail,detail_text,603,1831,desktop
S006173,product_detail,detail_text,426,2383,mobile
S006173,product_detail,size_chart,859,716,mobile
S006173,product_detail,wishlist,1134,913,mobile
S006173,product_detail,main_image,646,426,mobile
S006173,product_detail,main_image,428,455,mobile
S006176,product_detail,main_image,590,421,mobile
S006176,product_detail,detail_text,957,2254,mobile
S006176,product_detail,size_chart,889,698,mobile
S006177,product_detail,size_chart,898,654,app
S006178,product_detail,reviews_tab,719,1225,app
S006178,product_detail,thumbnails,155,729,app
S006179,product_detail,wishlist,1145,918,mobile
S006179,product_detail,main_image,574,493,mobile
S006179,product_detail,thumbnails,193,783,mobile
S006179,product_detail,main_image,253,534,mobile
S006179,product_detail,main_image,403,309,mobile
S006179,product_detail,add_to_cart,976,949,mobile
S006180,product_detail,thumbnails,138,676,app
S006180,product_detail,reviews_tab,565,1278,app
S006180,product_detail,add_to_cart,1004,948,app
S006181,product_detail,wishlist,1093,911,app
S006181,product_detail,detail_text,635,1901,app
S006182,product_detail,main_image,724,393,mobile
S006182,product_detail,add_to_cart,861,926,mobile
S006182,product_detail,reviews_tab,552,1219,mobile
S006185,product_detail,size_chart,865,704,mobile
S006185,product_detail,main_image,461,222,mobile
S006186,product_detail,main_image,384,577,mobile
S006187,product_detail,detail_text,687,1618,desktop
S006187,product_detail,main_image,209,405,desktop
S006189,product_detail,add_to_cart,1252,887,app
S006189,product_detail,size_chart,781,665,app
S006189,product_detail,add_to_cart,895,935,app
S006189,product_detail,thumbnails,204,847,app
S006191,product_detail,main_image,330,311,mobile
S006191,product_detail,main_image,314,664,mobile
S006191,product_detail,wishlist,1157,908,mobile
S006193,product_detail,detail_text,657,2385,app
S006193,product_detail,main_image,692,779,app
S006193,product_detail,reviews_tab,874,1257,app
S006193,product_detail,main_image,540,475,app
S006193,product_detail,reviews_tab,887,1248,app
S006193,product_detail,reviews_tab,690,1251,app
S006193,product_detail,wishlist,1129,927,app
S006195,product_detail,main_image,472,550,app
S006195,product_detail,add_to_cart,1043,942,app
S006196,product_detail,main_image,525,367,mobile
S006196,product_detail,reviews_tab,519,1257,mobile
S006196,product_detail,main_image,507,430,mobile
S006196,product_detail,detail_text,215,1674,mobile
S006196,product_detail,detail_text,932,2554,mobile
S006196,product_detail,add_to_cart,1279,904,mobile
S006196,product_detail,main_image,397,620,mobile
S006199,product_detail,add_to_cart,1240,892,app
S006199,product_detail,detail_text,437,1859,app
S006200,product_detail,add_to_cart,904,891,app
S006200,product_detail,detail_text,632,1667,app
S006200,product_detail,detail_text,574,2093,app
S006200,product_detail,size_chart,976,679,app
S006200,product_detail,reviews_tab,794,1239,app
S006201,product_detail,coupon_banner,466,191,app
S006201,product_detail,size_chart,907,708,app
S006201,product_detail,reviews_tab,701,1219,app
S006202,product_detail,main_image,469,501,app
S006202,product_detail,wishlist,1133,931,app
S006203,product_detail,add_to_cart,994,929,mobile
S006203,product_detail,wishlist,1115,916,mobile
S006204,product_detail,main_image,416,478,app
S006204,product_detail,main_image,255,585,app
S006205,product_detail,main_image,503,544,app
S006208,product_detail,thumbnails,166,1000,desktop
S006210,product_detail,main_image,223,677,app
S006210,product_detail,size_chart,974,662,app
S006210,product_detail,thumbnails,141,644,app
S006211,product_detail,add_to_cart,1015,902,mobile
S006212,product_detail,size_chart,733,705,app
S006212,product_detail,add_to_cart,1013,935,app
S006213,product_detail,thumbnails,125,812,mobile
S006214,product_detail,detail_text,484,1862,mobile
S006214,product_detail,main_image,354,523,mobile
S006215,product_detail,thumbnails,123,999,desktop
S006215,product_detail,size_chart,1004,686,desktop
S006216,product_detail,main_image,541,649,mobile
S006216,product_detail,thumbnails,150,558,mobile
S006217,product_detail,main_image,388,551,mobile
S006217,product_detail,main_image,535,407,mobile
S006218,product_detail,size_chart,1012,720,app
S006218,product_detail,coupon_banner,381,195,app
S006218,product_detail,size_chart,1034,716,app
S006218,product_detail,reviews_tab,807,1261,app
S006218,product_detail,add_to_cart,1161,953,app
S006219,product_detail,reviews_tab,569,1275,app
S006220,product_detail,detail_text,759,1795,mobile
S006221,product_detail,size_chart,948,684,desktop
S006221,product_detail,add_to_cart,874,936,desktop
S006221,product_detail,reviews_tab,679,1272,desktop
S006221,product_detail,main_image,609,549,desktop
S006221,product_detail,add_to_cart,924,958,desktop
S006221,product_detail,add_to_cart,930,942,desktop
S006221,product_detail,reviews_tab,522,1302,desktop
S006222,product_detail,coupon_banner,254,224,app
S006222,product_detail,detail_text,137,1467,app
S006222,product_detail,size_chart,809,654,app
S006222,product_detail,wishlist,1148,919,app
S006223,product_detail,coupon_banner,586,195,mobile
S006224,product_detail,size_chart,809,685,app
S006224,product_detail,size_chart,872,710,app
S006224,product_detail,add_to_cart,939,935,app
S006225,product_detail,reviews_tab,791,1238,mobile
S006225,product_detail,size_chart,840,694,mobile
S006225,product_detail,reviews_tab,592,1263,mobile
S006225,product_detail,reviews_tab,497,1227,mobile
S006225,product_detail,detail_text,191,1643,mobile
S006225,product_detail,add_to_cart,903,913,mobile
S006225,product_detail,detail_text,466,1748,mobile
S006226,product_detail,main_image,459,477,mobile
S006226,product_detail,wishlist,1173,901,mobile
S006226,product_detail,main_image,344,797,mobile
S006226,product_detail,wishlist,1149,912,mobile
S006227,product_detail,thumbnails,122,632,mobile
S006227,product_detail,coupon_banner,1022,203,mobile
S006227,product_detail,detail_text,445,2461,mobile
S006227,product_detail,wishlist,1133,909,mobile
S006228,product_detail,reviews_tab,498,1263,mobile
S006228,product_detail,main_image,634,748,mobile
S006228,product_detail,main_image,353,187,mobile
S006229,product_detail,add_to_cart,833,931,desktop
S006229,product_detail,detail_text,872,1944,desktop
S006230,product_detail,wishlist,1139,943,app
S006231,product_detail,add_to_cart,1103,967,app
S006232,product_detail,detail_text,422,1809,mobile
S006232,product_detail,reviews_tab,797,1220,mobile
S006232,product_detail,add_to_cart,932,943,mobile
S006234,product_detail,main_image,466,694,mobile
S006235,product_detail,main_image,153,632,mobile
S006235,product_detail,coupon_banner,142,265,mobile
S006236,product_detail,detail_text,351,1389,mobile
S006238,product_detail,add_to_cart,1224,916,mobile
S006238,product_detail,add_to_cart,886,867,mobile
S006240,product_detail,size_chart,978,728,app
S006240,product_detail,main_image,282,974,app
S006241,product_detail,add_to_cart,754,984,app
S006241,product_detail,wishlist,1103,965,app
S006243,product_detail,wishlist,1162,943,mobile
S006244,product_detail,size_chart,869,719,mobile
S006244,product_detail,thumbnails,164,832,mobile
S006245,product_detail,main_image,381,463,mobile
S006246,product_detail,main_image,451,539,app
S006248,product_detail,add_to_cart,945,903,mobile
S006248,product_detail,size_chart,870,725,mobile
S006249,product_detail,wishlist,1150,940,desktop
S006250,product_detail,main_image,443,347,mobile
S006250,product_detail,main_image,490,698,mobile
S006250,product_detail,main_image,431,350,mobile
S006250,product_detail,add_to_cart,961,888,mobile
S006250,product_detail,size_chart,830,740,mobile
S006250,product_detail,detail_text,916,2035,mobile
S006250,product_detail,main_image,447,89,mobile
S006251,product_detail,main_image,581,577,desktop
S006252,product_detail,wishlist,1182,893,mobile
S006252,product_detail,reviews_tab,789,1249,mobile
S006252,product_detail,reviews_tab,581,1219,mobile
S006252,product_detail,detail_text,1279,2285,mobile
S006252,product_detail,main_image,273,772,mobile
S006252,product_detail,main_image,541,695,mobile
S006253,product_detail,main_image,309,693,mobile
S006254,product_detail,coupon_banner,787,213,mobile
S006254,product_detail,wishlist,1130,868,mobile
S006254,product_detail,size_chart,878,733,mobile
S006255,product_detail,size_chart,973,688,mobile
S006255,product_detail,add_to_cart,1097,925,mobile
S006255,product_detail,add_to_cart,782,956,mobile
S006257,product_detail,add_to_cart,1066,950,app
S006258,product_detail,wishlist,1159,945,app
S006258,product_detail,add_to_cart,1107,906,app
S006258,product_detail,add_to_cart,953,915,app
S006258,product_detail,reviews_tab,571,1254,app
S006258,product_detail,thumbnails,233,712,app
S006258,product_detail,reviews_tab,469,1254,app
S006259,product_detail,coupon_banner,1226,201,desktop
S006259,product_detail,add_to_cart,665,931,desktop
S006259,product_detail,coupon_banner,947,218,desktop
S006260,product_detail,size_chart,916,716,mobile
S006261,product_detail,reviews_tab,509,1219,mobile
S006263,product_detail,detail_text,469,2024,mobile
S006265,product_detail,size_chart,816,709,mobile
S006265,product_detail,main_image,256,519,mobile
S006266,product_detail,main_image,352,459,app
S006266,product_detail,main_image,504,461,app
S006267,product_detail,add_to_cart,1060,907,mobile
S006267,product_detail,coupon_banner,229,210,mobile
S006268,product_detail,reviews_tab,444,1247,app
S006268,product_detail,size_chart,939,695,app
S006268,product_detail,reviews_tab,274,1230,app
S006268,product_detail,main_image,475,305,app
S006269,product_detail,detail_text,1279,1649,mobile
S006271,product_detail,add_to_cart,1009,936,app
S006272,product_detail,add_to_cart,923,896,mobile
S006273,product_detail,detail_text,913,1898,app
S006273,product_detail,main_image,419,756,app
S006273,product_detail,add_to_cart,1004,933,app
S006274,product_detail,reviews_tab,615,1240,mobile
S006274,product_detail,main_image,476,130,mobile
S006276,product_detail,add_to_cart,937,926,mobile
S006276,product_detail,size_chart,916,698,mobile
S006278,product_detail,reviews_tab,431,1261,desktop
S006279,product_detail,reviews_tab,380,1262,app
S006280,product_detail,add_to_cart,975,934,mobile
S006280,product_detail,size_chart,851,671,mobile
S006280,product_detail,detail_text,1056,2336,mobile
S006280,product_detail,reviews_tab,945,1288,mobile
S006280,product_detail,add_to_cart,1052,901,mobile
S006281,product_detail,reviews_tab,495,1235,app
S006281,product_detail,main_image,414,367,app
S006281,product_detail,main_image,311,432,app
S006282,product_detail,coupon_banner,586,251,app
S006282,product_detail,main_image,288,616,app
S006282,product_detail,size_chart,879,707,app
S006282,product_detail,add_to_cart,857,871,app
S006283,product_detail,reviews_tab,514,1234,app
S006284,product_detail,detail_text,917,2484,mobile
S006284,product_detail,main_image,346,389,mobile
S006284,product_detail,add_to_cart,836,952,mobile
S006285,product_detail,main_image,220,601,mobile
S006285,product_detail,add_to_cart,1024,961,mobile
S006285,product_detail,main_image,706,466,mobile
S006285,product_detail,thumbnails,191,673,mobile
S006285,product_detail,thumbnails,115,900,mobile
S006286,product_detail,size_chart,839,693,desktop
S006286,product_detail,main_image,450,381,desktop
S006286,product_detail,size_chart,852,702,desktop
S006287,product_detail,main_image,532,734,app
S006287,product_detail,main_image,351,637,app
S006288,product_detail,main_image,434,531,app
S006288,product_detail,add_to_cart,1207,908,app
S006288,product_detail,main_image,585,475,app
S006288,product_detail,wishlist,1103,932,app
S006290,product_detail,add_to_cart,945,893,mobile
S006290,product_detail,main_image,543,268,mobile
S006290,product_detail,size_chart,871,686,mobile
S006291,product_detail,add_to_cart,988,913,app
S006291,product_detail,add_to_cart,1084,948,app
S006292,product_detail,reviews_tab,558,1246,desktop
S006292,product_detail,thumbnails,88,881,desktop
S006292,product_detail,wishlist,1149,890,desktop
S006292,product_detail,main_image,477,529,desktop
S006292,product_detail,add_to_cart,873,948,desktop
S006293,product_detail,thumbnails,155,744,mobile
S006294,product_detail,detail_text,957,1769,mobile
S006294,product_detail,detail_text,652,1906,mobile
S006294,product_detail,reviews_tab,576,1279,mobile
S006295,product_detail,size_chart,802,676,app
S006295,product_detail,main_image,342,505,app
S006296,product_detail,add_to_cart,1047,921,app
S006296,product_detail,reviews_tab,665,1281,app
S006296,product_detail,add_to_cart,1021,929,app
S006297,product_detail,size_chart,869,682,mobile
S006298,product_detail,main_image,381,585,mobile
S006299,product_detail,main_image,683,146,desktop
S006299,product_detail,detail_text,1257,2322,desktop
S006300,product_detail,main_image,478,445,app
S006300,product_detail,add_to_cart,1129,917,app
S006301,product_detail,detail_text,868,1804,app
S006301,product_detail,reviews_tab,629,1263,app
S006302,product_detail,size_chart,859,695,app
S006302,product_detail,reviews_tab,781,1242,app
S006303,product_detail,size_chart,999,702,mobile
S006303,product_detail,add_to_cart,996,908,mobile
S006303,product_detail,detail_text,763,1975,mobile
S006303,product_detail,reviews_tab,775,1230,mobile
S006303,product_detail,main_image,204,606,mobile
S006303,product_detail,reviews_tab,704,1254,mobile
S006303,product_detail,coupon_banner,1279,246,mobile
S006304,product_detail,main_image,235,628,mobile
S006304,product_detail,wishlist,1108,917,mobile
S006304,product_detail,reviews_tab,904,1258,mobile
S006304,product_detail,add_to_cart,895,909,mobile
S006304,product_detail,detail_text,532,1342,mobile
S006304,product_detail,main_image,411,577,mobile
S006304,product_detail,add_to_cart,924,917,mobile
S006305,product_detail,main_image,597,483,mobile
S006306,product_detail,add_to_cart,1032,937,desktop
S006306,product_detail,main_image,259,553,desktop
S006309,product_detail,coupon_banner,820,177,app
S006309,product_detail,wishlist,1137,939,app
S006309,product_detail,add_to_cart,974,922,app
S006309,product_detail,main_image,257,565,app
S006310,product_detail,add_to_cart,996,929,app
S006311,product_detail,main_image,270,204,mobile
S006314,product_detail,main_image,266,461,app
S006316,product_detail,detail_text,666,2490,desktop
S006318,product_detail,reviews_tab,653,1219,mobile
S006318,product_detail,reviews_tab,968,1260,mobile
S006319,product_detail,main_image,526,264,app
S006319,product_detail,reviews_tab,495,1231,app
S006319,product_detail,reviews_tab,884,1256,app
S006319,product_detail,add_to_cart,1132,929,app
S006320,product_detail,main_image,365,795,app
S006320,product_detail,main_image,606,632,app
S006320,product_detail,main_image,325,409,app
S006320,product_detail,reviews_tab,548,1261,app
S006320,product_detail,size_chart,945,702,app
S006320,product_detail,add_to_cart,966,949,app
S006321,product_detail,size_chart,922,730,app
S006322,product_detail,detail_text,752,1755,app
S006322,product_detail,size_chart,834,713,app
S006323,product_detail,add_to_cart,930,941,mobile
S006324,product_detail,coupon_banner,425,218,app
S006325,product_detail,main_image,413,486,mobile
S006325,product_detail,main_image,562,701,mobile
S006325,product_detail,main_image,448,698,mobile
S006327,product_detail,reviews_tab,603,1259,desktop
S006329,product_detail,add_to_cart,693,972,app
S006329,product_detail,main_image,457,688,app
S006330,product_detail,main_image,247,307,app
S006331,product_detail,detail_text,321,2227,desktop
S006331,product_detail,main_image,433,596,desktop
S006332,product_detail,main_image,398,711,app
S006332,product_detail,main_image,539,451,app
S006332,product_detail,size_chart,950,742,app
S006333,product_detail,main_image,519,488,desktop
S006333,product_detail,main_image,433,506,desktop
S006333,product_detail,main_image,401,505,desktop
S006333,product_detail,add_to_cart,893,890,desktop
S006333,product_detail,coupon_banner,418,234,desktop
S006333,product_detail,reviews_tab,613,1243,desktop
S006334,product_detail,main_image,450,585,app
S006334,product_detail,reviews_tab,597,1226,app
S006335,product_detail,main_image,333,485,app
S006335,product_detail,reviews_tab,683,1214,app
S006336,product_detail,main_image,549,592,mobile
S006336,product_detail,reviews_tab,467,1285,mobile
S006337,product_detail,main_image,396,457,desktop
S006337,product_detail,main_image,376,764,desktop
S006337,product_detail,reviews_tab,588,1255,desktop
S006337,product_detail,add_to_cart,896,918,desktop
S006338,product_detail,main_image,523,551,app
S006338,product_detail,reviews_tab,557,1262,app
S006339,product_detail,size_chart,971,671,app
S006340,product_detail,add_to_cart,968,918,app
S006340,product_detail,thumbnails,185,750,app
S006341,product_detail,main_image,250,529,app
S006342,product_detail,size_chart,909,708,app
S006342,product_detail,detail_text,518,1215,app
S006343,product_detail,add_to_cart,958,882,mobile
S006343,product_detail,reviews_tab,380,1250,mobile
S006344,product_detail,thumbnails,174,764,desktop
S006344,product_detail,main_image,566,597,desktop
S006344,product_detail,size_chart,1058,723,desktop
S006347,product_detail,main_image,357,396,desktop
S006347,product_detail,reviews_tab,662,1283,desktop
S006347,product_detail,main_image,341,342,desktop
S006347,product_detail,main_image,458,633,desktop
S006348,product_detail,add_to_cart,864,929,app
S006348,product_detail,reviews_tab,408,1286,app
S006348,product_detail,main_image,522,553,app
S006348,product_detail,main_image,487,498,app
S006349,product_detail,size_chart,897,723,app
S006349,product_detail,main_image,436,439,app
S006349,product_detail,add_to_cart,1251,906,app
S006350,product_detail,main_image,295,413,app
S006350,product_detail,main_image,239,678,app
S006353,product_detail,wishlist,1162,915,desktop
S006353,product_detail,detail_text,348,2437,desktop
S006354,product_detail,main_image,355,418,app
S006354,product_detail,main_image,368,522,app
S006354,product_detail,size_chart,904,693,app
S006354,product_detail,detail_text,639,1929,app
S006354,product_detail,main_image,706,354,app
S006355,product_detail,main_image,333,556,app
S006355,product_detail,reviews_tab,637,1258,app
S006355,product_detail,size_chart,1036,691,app
S006356,product_detail,add_to_cart,925,932,mobile
S006356,product_detail,reviews_tab,818,1237,mobile
S006356,product_detail,reviews_tab,777,1233,mobile
S006359,product_detail,reviews_tab,538,1241,mobile
S006361,product_detail,add_to_cart,1015,900,app
S006363,product_detail,thumbnails,152,589,desktop
S006363,product_detail,reviews_tab,741,1243,desktop
S006363,product_detail,main_image,473,209,desktop
S006363,product_detail,add_to_cart,835,937,desktop
S006363,product_detail,detail_text,717,2031,desktop
S006363,product_detail,size_chart,938,708,desktop
S006363,product_detail,detail_text,192,2293,desktop
S006365,product_detail,main_image,224,689,mobile
S006365,product_detail,size_chart,910,688,mobile
S006366,product_detail,reviews_tab,525,1248,mobile
S006366,product_detail,add_to_cart,1095,937,mobile
S006367,product_detail,add_to_cart,856,912,app
S006367,product_detail,size_chart,902,700,app
S006368,product_detail,reviews_tab,758,1239,app
S006368,product_detail,add_to_cart,915,870,app
S006369,product_detail,reviews_tab,766,1258,mobile
S006369,product_detail,add_to_cart,944,886,mobile
S006369,product_detail,size_chart,927,670,mobile
S006370,product_detail,add_to_cart,1020,893,desktop
S006370,product_detail,main_image,340,561,desktop
S006370,product_detail,main_image,410,494,desktop
S006370,product_detail,detail_text,743,1641,desktop
S006371,product_detail,coupon_banner,1124,195,desktop
S006371,product_detail,add_to_cart,963,943,desktop
S006373,product_detail,reviews_tab,470,1252,app
S006375,product_detail,size_chart,858,699,desktop
S006376,product_detail,main_image,527,448,desktop
S006377,product_detail,size_chart,832,695,mobile
S006377,product_detail,add_to_cart,947,943,mobile
S006377,product_detail,size_chart,918,714,mobile
S006378,product_detail,thumbnails,212,689,mobile
S006378,product_detail,thumbnails,129,885,mobile
S006378,product_detail,size_chart,828,689,mobile
S006378,product_detail,size_chart,1034,706,mobile
S006379,product_detail,reviews_tab,728,1247,app
S006379,product_detail,detail_text,431,2197,app
S006380,product_detail,size_chart,957,725,mobile
S006380,product_detail,main_image,387,307,mobile
S006380,product_detail,detail_text,637,1790,mobile
S006381,product_detail,size_chart,928,695,desktop
S006381,product_detail,add_to_cart,1093,964,desktop
S006381,product_detail,main_image,211,824,desktop
S006383,product_detail,main_image,342,831,app
S006383,product_detail,wishlist,1092,918,app
S006383,product_detail,reviews_tab,451,1240,app
S006383,product_detail,main_image,373,548,app
S006384,product_detail,main_image,683,735,desktop
S006384,product_detail,main_image,314,629,desktop
S006384,product_detail,add_to_cart,942,882,desktop
S006384,product_detail,add_to_cart,936,918,desktop
S006384,product_detail,main_image,481,569,desktop
S006384,product_detail,reviews_tab,727,1235,desktop
S006384,product_detail,detail_text,804,1888,desktop
S006385,product_detail,add_to_cart,954,883,app
S006385,product_detail,main_image,413,479,app
S006386,product_detail,main_image,330,751,app
S006387,product_detail,size_chart,886,704,mobile
S006387,product_detail,detail_text,553,1507,mobile
S006388,product_detail,reviews_tab,971,1249,app
S006388,product_detail,size_chart,747,692,app
S006389,product_detail,size_chart,952,704,desktop
S006389,product_detail,main_image,513,722,desktop
S006390,product_detail,reviews_tab,639,1235,mobile
S006390,product_detail,reviews_tab,668,1237,mobile
S006391,product_detail,wishlist,1176,916,desktop
S006391,product_detail,add_to_cart,1026,940,desktop
S006391,product_detail,size_chart,729,707,desktop
S006391,product_detail,main_image,494,447,desktop
S006391,product_detail,size_chart,870,637,desktop
S006392,product_detail,add_to_cart,1016,905,desktop
S006392,product_detail,main_image,226,470,desktop
S006394,product_detail,reviews_tab,581,1252,mobile
S006394,product_detail,size_chart,833,709,mobile
S006395,product_detail,add_to_cart,1156,930,mobile
S006395,product_detail,size_chart,850,729,mobile
S006396,product_detail,detail_text,885,2191,app
S006396,product_detail,main_image,374,611,app
S006396,product_detail,main_image,434,609,app
S006397,product_detail,main_image,395,934,app
S006398,product_detail,add_to_cart,943,957,app
S006398,product_detail,reviews_tab,774,1227,app
S006399,product_detail,main_image,601,715,app
S006399,product_detail,add_to_cart,1095,943,app
S006399,product_detail,main_image,511,313,app
S006399,product_detail,reviews_tab,656,1234,app
S006400,product_detail,main_image,588,455,app
S006400,product_detail,detail_text,509,2345,app
S006400,product_detail,main_image,469,619,app
S006400,product_detail,size_chart,901,684,app
S006401,product_detail,thumbnails,151,789,desktop
S006401,product_detail,main_image,124,463,desktop
S006401,product_detail,main_image,384,410,desktop
S006402,product_detail,size_chart,852,719,mobile
S006403,product_detail,size_chart,865,712,desktop
S006403,product_detail,reviews_tab,736,1260,desktop
S006404,product_detail,main_image,491,505,app
S006404,product_detail,main_image,387,517,app
S006406,product_detail,detail_text,979,2197,desktop
S006406,product_detail,detail_text,231,1902,desktop
S006407,product_detail,add_to_cart,1008,901,mobile
S006407,product_detail,main_image,369,705,mobile
S006408,product_detail,reviews_tab,719,1276,app
S006408,product_detail,add_to_cart,1061,916,app
S006409,product_detail,reviews_tab,269,1216,mobile
S006409,product_detail,coupon_banner,668,244,mobile
S006409,product_detail,main_image,531,609,mobile
S006410,product_detail,main_image,208,224,desktop
S006410,product_detail,main_image,431,324,desktop
S006410,product_detail,detail_text,295,1614,desktop
S006410,product_detail,add_to_cart,989,902,desktop
S006412,product_detail,thumbnails,164,787,app
S006413,product_detail,wishlist,1128,924,app
S006414,product_detail,main_image,306,750,mobile
S006414,product_detail,add_to_cart,939,949,mobile
S006415,product_detail,main_image,340,509,desktop
S006415,product_detail,main_image,509,350,desktop
S006415,product_detail,add_to_cart,1122,948,desktop
S006416,product_detail,main_image,410,723,mobile
S006416,product_detail,main_image,377,268,mobile
S006417,product_detail,main_image,406,542,mobile
S006417,product_detail,add_to_cart,989,948,mobile
S006418,product_detail,main_image,451,539,mobile
S006419,product_detail,wishlist,1170,947,mobile
S006419,product_detail,reviews_tab,631,1231,mobile
S006420,product_detail,reviews_tab,495,1251,mobile
S006420,product_detail,add_to_cart,1150,956,mobile
S006420,product_detail,reviews_tab,920,1252,mobile
S006420,product_detail,main_image,580,452,mobile
S006421,product_detail,main_image,244,707,app
S006421,product_detail,detail_text,1267,1916,app
S006422,product_detail,detail_text,896,1584,desktop
S006422,product_detail,wishlist,1110,941,desktop
S006423,product_detail,size_chart,937,712,desktop
S006423,product_detail,main_image,389,580,desktop
S006423,product_detail,main_image,322,510,desktop
S006423,product_detail,main_image,129,635,desktop
S006424,product_detail,main_image,287,398,mobile
S006424,product_detail,add_to_cart,973,972,mobile
S006425,product_detail,add_to_cart,798,910,mobile
S006425,product_detail,thumbnails,93,941,mobile
S006425,product_detail,add_to_cart,1070,881,mobile
S006425,product_detail,reviews_tab,634,1229,mobile
S006425,product_detail,reviews_tab,614,1247,mobile
S006426,product_detail,main_image,370,628,desktop
S006427,product_detail,add_to_cart,966,961,mobile
S006429,product_detail,main_image,524,623,mobile
S006431,product_detail,coupon_banner,593,175,app
S006433,product_detail,main_image,652,484,mobile
S006433,product_detail,reviews_tab,834,1274,mobile
S006434,product_detail,reviews_tab,905,1226,mobile
S006434,product_detail,reviews_tab,505,1253,mobile
S006436,product_detail,reviews_tab,665,1266,mobile
S006436,product_detail,main_image,540,569,mobile
S006436,product_detail,detail_text,1145,1771,mobile
S006436,product_detail,main_image,349,763,mobile
S006436,product_detail,wishlist,1112,928,mobile
S006436,product_detail,add_to_cart,1180,855,mobile
S006437,product_detail,main_image,764,607,mobile
S006437,product_detail,main_image,398,521,mobile
S006439,product_detail,thumbnails,168,647,mobile
S006439,product_detail,reviews_tab,749,1260,mobile
S006439,product_detail,main_image,430,563,mobile
S006439,product_detail,main_image,284,590,mobile
S006440,product_detail,thumbnails,113,625,mobile
S006440,product_detail,reviews_tab,674,1262,mobile
S006440,product_detail,main_image,332,655,mobile
S006441,product_detail,add_to_cart,1100,921,mobile
S006441,product_detail,main_image,578,89,mobile
S006441,product_detail,main_image,333,497,mobile
S006441,product_detail,main_image,397,433,mobile
S006442,product_detail,size_chart,951,729,mobile
S006442,product_detail,add_to_cart,1145,930,mobile
S006443,product_detail,reviews_tab,800,1264,app
S006444,product_detail,main_image,594,680,app
S006444,product_detail,reviews_tab,716,1216,app
S006445,product_detail,main_image,548,317,mobile
S006446,product_detail,add_to_cart,756,889,desktop
S006446,product_detail,coupon_banner,1181,211,desktop
S006446,product_detail,add_to_cart,1082,924,desktop
S006446,product_detail,add_to_cart,996,900,desktop
S006446,product_detail,reviews_tab,789,1229,desktop
S006446,product_detail,detail_text,521,1406,desktop
S006446,product_detail,thumbnails,178,608,desktop
S006446,product_detail,size_chart,781,704,desktop
S006446,product_detail,add_to_cart,1068,860,desktop
S006446,product_detail,add_to_cart,943,956,desktop
S006447,product_detail,reviews_tab,781,1267,mobile
S006447,product_detail,main_image,413,542,mobile
S006449,product_detail,detail_text,810,2311,mobile
S006449,product_detail,main_image,480,599,mobile
S006449,product_detail,reviews_tab,525,1265,mobile
S006450,product_detail,detail_text,990,1617,app
S006450,product_detail,thumbnails,179,589,app
S006450,product_detail,size_chart,981,699,app
S006451,product_detail,reviews_tab,661,1228,app
S006451,product_detail,reviews_tab,675,1249,app
S006452,product_detail,reviews_tab,932,1258,mobile
S006452,product_detail,size_chart,850,729,mobile
S006452,product_detail,wishlist,1105,927,mobile
S006452,product_detail,main_image,420,827,mobile
S006453,product_detail,add_to_cart,1011,927,mobile
S006453,product_detail,add_to_cart,946,927,mobile
S006454,product_detail,add_to_cart,1133,921,app
S006454,product_detail,reviews_tab,579,1240,app
S006454,product_detail,add_to_cart,1173,929,app
S006454,product_detail,detail_text,815,2042,app
S006454,product_detail,main_image,451,587,app
S006454,product_detail,main_image,402,493,app
S006454,product_detail,main_image,350,298,app
S006454,product_detail,coupon_banner,645,207,app
S006455,product_detail,reviews_tab,655,1218,mobile
S006455,product_detail,main_image,374,484,mobile
S006455,product_detail,size_chart,817,718,mobile
S006455,product_detail,reviews_tab,629,1243,mobile
S006456,product_detail,size_chart,703,689,mobile
S006456,product_detail,reviews_tab,819,1250,mobile
S006456,product_detail,add_to_cart,827,912,mobile
S006457,product_detail,wishlist,1153,933,app
S006457,product_detail,coupon_banner,829,194,app
S006457,product_detail,add_to_cart,1051,904,app
S006457,product_detail,add_to_cart,994,901,app
S006458,product_detail,add_to_cart,1097,881,mobile
S006458,product_detail,size_chart,861,668,mobile
S006459,product_detail,reviews_tab,777,1280,mobile
S006459,product_detail,main_image,577,519,mobile
S006459,product_detail,add_to_cart,1279,913,mobile
S006461,product_detail,main_image,688,394,app
S006461,product_detail,reviews_tab,487,1247,app
S006461,product_detail,main_image,508,646,app
S006462,product_detail,main_image,644,541,app
S006462,product_detail,reviews_tab,742,1266,app
S006462,product_detail,add_to_cart,941,927,app
S006462,product_detail,main_image,619,420,app
S006462,product_detail,main_image,295,265,app
S006462,product_detail,size_chart,936,690,app
S006463,product_detail,wishlist,1155,933,mobile
S006463,product_detail,detail_text,466,1688,mobile
S006463,product_detail,main_image,211,322,mobile
S006464,product_detail,main_image,256,460,desktop
S006464,product_detail,reviews_tab,496,1259,desktop
S006465,product_detail,reviews_tab,614,1264,mobile
S006465,product_detail,size_chart,907,701,mobile
S006466,product_detail,detail_text,483,1857,mobile
S006466,product_detail,reviews_tab,591,1238,mobile
S006466,product_detail,add_to_cart,1129,883,mobile
S006466,product_detail,thumbnails,143,770,mobile
S006466,product_detail,main_image,341,426,mobile
S006467,product_detail,wishlist,1112,930,desktop
S006467,product_detail,add_to_cart,977,940,desktop
S006469,product_detail,reviews_tab,909,1284,mobile
S006469,product_detail,main_image,287,582,mobile
S006469,product_detail,main_image,475,218,mobile
S006470,product_detail,reviews_tab,699,1263,mobile
S006470,product_detail,main_image,290,578,mobile
S006471,product_detail,detail_text,632,2088,app
S006472,product_detail,add_to_cart,1014,880,desktop
S006472,product_detail,reviews_tab,546,1254,desktop
S006473,product_detail,reviews_tab,824,1274,mobile
S006474,product_detail,reviews_tab,668,1225,mobile
S006474,product_detail,coupon_banner,1073,170,mobile
S006476,product_detail,reviews_tab,846,1253,app
S006477,product_detail,main_image,489,522,desktop
S006478,product_detail,main_image,513,533,mobile
S006480,product_detail,thumbnails,122,605,desktop
S006480,product_detail,reviews_tab,691,1259,desktop
S006480,product_detail,thumbnails,216,819,desktop
S006480,product_detail,detail_text,813,1741,desktop
S006480,product_detail,size_chart,864,721,desktop
S006480,product_detail,main_image,400,383,desktop
S006481,product_detail,main_image,447,550,app
S006482,product_detail,reviews_tab,193,1292,desktop
S006482,product_detail,main_image,354,540,desktop
S006482,product_detail,main_image,108,373,desktop
S006484,product_detail,add_to_cart,1032,945,mobile
S006484,product_detail,main_image,393,521,mobile
S006485,product_detail,reviews_tab,461,1236,app
S006486,product_detail,add_to_cart,1069,865,mobile
S006486,product_detail,add_to_cart,974,908,mobile
S006487,product_detail,reviews_tab,611,1240,desktop
S006487,product_detail,wishlist,1156,913,desktop
S006487,product_detail,size_chart,894,674,desktop
S006487,product_detail,detail_text,780,1930,desktop
S006487,product_detail,detail_text,768,1596,desktop
S006487,product_detail,thumbnails,96,806,desktop
S006487,product_detail,detail_text,690,2006,desktop
S006488,product_detail,coupon_banner,856,195,mobile
S006489,product_detail,detail_text,668,1774,mobile
S006489,product_detail,main_image,557,558,mobile
S006490,product_detail,main_image,593,687,app
S006490,product_detail,main_image,608,686,app
S006492,product_detail,thumbnails,119,770,app
S006492,product_detail,size_chart,1080,706,app
S006492,product_detail,wishlist,1171,945,app
S006492,product_detail,wishlist,1135,927,app
S006492,product_detail,size_chart,934,727,app
S006493,product_detail,add_to_cart,1057,910,app
S006493,product_detail,coupon_banner,606,214,app
S006494,product_detail,add_to_cart,896,920,app
S006495,product_detail,thumbnails,192,708,app
S006495,product_detail,thumbnails,103,871,app
S006495,product_detail,size_chart,958,691,app
S006495,product_detail,add_to_cart,786,883,app
S006497,product_detail,size_chart,926,709,app
S006497,product_detail,detail_text,445,2133,app
S006497,product_detail,add_to_cart,1110,933,app
S006497,product_detail,reviews_tab,437,1249,app
S006498,product_detail,detail_text,461,2106,app
S006498,product_detail,main_image,415,759,app
S006498,product_detail,main_image,433,449,app
S006498,product_detail,reviews_tab,654,1243,app
S006498,product_detail,size_chart,868,656,app
S006498,product_detail,main_image,513,899,app
S006498,product_detail,main_image,348,671,app
S006499,product_detail,main_image,280,566,mobile
S006500,product_detail,reviews_tab,769,1223,app
S006500,product_detail,main_image,390,670,app
S006501,product_detail,add_to_cart,1056,907,app
S006501,product_detail,size_chart,870,734,app
S006502,product_detail,reviews_tab,404,1275,mobile
S006502,product_detail,add_to_cart,1066,908,mobile
S006502,product_detail,main_image,582,529,mobile
S006502,product_detail,main_image,635,619,mobile
S006502,product_detail,size_chart,860,706,mobile
S006502,product_detail,main_image,589,748,mobile
S006502,product_detail,main_image,374,456,mobile
S006503,product_detail,main_image,368,341,app
S006503,product_detail,reviews_tab,683,1236,app
S006504,product_detail,add_to_cart,1072,892,mobile
S006504,product_detail,reviews_tab,689,1284,mobile
S006504,product_detail,reviews_tab,606,1274,mobile
S006505,product_detail,wishlist,1122,898,mobile
S006505,product_detail,main_image,332,369,mobile
S006507,product_detail,main_image,450,597,mobile
S006507,product_detail,thumbnails,141,851,mobile
S006508,product_detail,add_to_cart,1019,935,app
S006508,product_detail,main_image,401,230,app
S006508,product_detail,size_chart,881,716,app
S006509,product_detail,reviews_tab,517,1241,desktop
S006512,product_detail,detail_text,693,1856,desktop
S006513,product_detail,wishlist,1133,940,mobile
S006513,product_detail,coupon_banner,718,175,mobile
S006513,product_detail,coupon_banner,9,194,mobile
S006513,product_detail,add_to_cart,961,911,mobile
S006514,product_detail,main_image,343,443,mobile
S006514,product_detail,reviews_tab,614,1258,mobile
S006514,product_detail,reviews_tab,675,1273,mobile
S006516,product_detail,detail_text,210,1982,mobile
S006516,product_detail,coupon_banner,586,222,mobile
S006518,product_detail,add_to_cart,922,921,app
S006519,product_detail,size_chart,1003,721,desktop
S006520,product_detail,coupon_banner,619,181,app
S006520,product_detail,size_chart,924,701,app
S006520,product_detail,main_image,233,532,app
S006520,product_detail,main_image,427,332,app
S006520,product_detail,main_image,772,475,app
S006521,product_detail,main_image,494,634,mobile
S006521,product_detail,add_to_cart,748,897,mobile
S006522,product_detail,detail_text,466,2202,mobile
S006522,product_detail,detail_text,1178,2281,mobile
S006522,product_detail,main_image,391,270,mobile
S006522,product_detail,reviews_tab,613,1277,mobile
S006523,product_detail,size_chart,952,685,mobile
S006524,product_detail,add_to_cart,921,908,app
S006524,product_detail,detail_text,792,2306,app
S006524,product_detail,add_to_cart,1103,890,app
S006525,product_detail,size_chart,953,723,app
S006525,product_detail,main_image,428,780,app
S006525,product_detail,thumbnails,154,788,app
S006525,product_detail,add_to_cart,1099,937,app
S006526,product_detail,main_image,650,548,app
S006527,product_detail,wishlist,1140,879,mobile
S006527,product_detail,detail_text,873,2035,mobile
S006527,product_detail,reviews_tab,808,1262,mobile
S006529,product_detail,add_to_cart,1040,932,app
S006531,product_detail,reviews_tab,734,1263,mobile
S006531,product_detail,add_to_cart,981,932,mobile
S006531,product_detail,size_chart,952,711,mobile
S006534,product_detail,size_chart,1038,757,mobile
S006534,product_detail,reviews_tab,719,1246,mobile
S006535,product_detail,detail_text,655,1603,desktop
S006535,product_detail,thumbnails,95,565,desktop
S006535,product_detail,main_image,337,307,desktop
S006536,product_detail,size_chart,865,684,mobile
S006536,product_detail,thumbnails,104,656,mobile
S006536,product_detail,main_image,291,942,mobile
S006536,product_detail,main_image,642,129,mobile
S006538,product_detail,add_to_cart,1044,933,desktop
S006538,product_detail,thumbnails,108,868,desktop
S006539,product_detail,main_image,462,333,app
S006539,product_detail,coupon_banner,630,219,app
S006539,product_detail,reviews_tab,736,1210,app
S006539,product_detail,coupon_banner,351,189,app
S006539,product_detail,size_chart,844,734,app
S006541,product_detail,size_chart,1003,673,desktop
S006541,product_detail,reviews_tab,875,1215,desktop
S006542,product_detail,main_image,385,526,app
S006542,product_detail,size_chart,800,699,app
S006543,product_detail,reviews_tab,695,1255,mobile
S006543,product_detail,add_to_cart,914,922,mobile
S006544,product_detail,size_chart,839,717,mobile
S006544,product_detail,thumbnails,169,804,mobile
S006544,product_detail,main_image,427,613,mobile
S006545,product_detail,thumbnails,150,826,app
S006545,product_detail,size_chart,752,693,app
S006546,product_detail,wishlist,1133,918,mobile
S006548,product_detail,add_to_cart,1157,958,mobile
S006549,product_detail,coupon_banner,572,195,app
S006550,product_detail,main_image,433,515,app
S006550,product_detail,add_to_cart,1064,960,app
S006552,product_detail,size_chart,829,669,app
S006552,product_detail,main_image,383,697,app
S006553,product_detail,add_to_cart,1087,881,mobile
S006554,product_detail,thumbnails,180,702,desktop
S006554,product_detail,add_to_cart,899,915,desktop
S006554,product_detail,main_image,553,263,desktop
S006554,product_detail,reviews_tab,578,1237,desktop
S006554,product_detail,size_chart,988,676,desktop
S006555,product_detail,detail_text,835,1969,app
S006556,product_detail,main_image,451,577,desktop
S006556,product_detail,main_image,424,633,desktop
S006556,product_detail,thumbnails,93,642,desktop
S006557,product_detail,thumbnails,128,526,mobile
S006557,product_detail,reviews_tab,840,1247,mobile
S006557,product_detail,main_image,592,354,mobile
S006557,product_detail,reviews_tab,747,1246,mobile
S006557,product_detail,wishlist,1120,935,mobile
S006557,product_detail,reviews_tab,964,1241,mobile
S006557,product_detail,add_to_cart,722,873,mobile
S006557,product_detail,main_image,499,435,mobile
S006557,product_detail,main_image,387,469,mobile
S006557,product_detail,reviews_tab,760,1259,mobile
S006559,product_detail,reviews_tab,932,1254,desktop
S006559,product_detail,main_image,424,513,desktop
S006560,product_detail,reviews_tab,825,1235,desktop
S006563,product_detail,size_chart,888,718,desktop
S006564,product_detail,wishlist,1146,925,mobile
S006564,product_detail,detail_text,389,2175,mobile
S006564,product_detail,main_image,393,700,mobile
S006564,product_detail,detail_text,661,1922,mobile
S006565,product_detail,reviews_tab,531,1241,mobile
S006565,product_detail,size_chart,878,696,mobile
S006565,product_detail,reviews_tab,690,1268,mobile
S006565,product_detail,size_chart,856,687,mobile
S006567,product_detail,add_to_cart,955,932,app
S006567,product_detail,reviews_tab,634,1256,app
S006567,product_detail,main_image,487,238,app
S006567,product_detail,size_chart,781,734,app
S006567,product_detail,main_image,397,407,app
S006569,product_detail,add_to_cart,1076,914,app
S006569,product_detail,main_image,490,553,app
S006569,product_detail,main_image,357,327,app
S006569,product_detail,main_image,213,394,app
S006569,product_detail,main_image,456,689,app
S006571,product_detail,main_image,287,662,app
S006571,product_detail,size_chart,985,720,app
S006572,product_detail,reviews_tab,925,1280,app
S006572,product_detail,main_image,545,560,app
S006572,product_detail,wishlist,1191,937,app
S006572,product_detail,thumbnails,184,580,app
S006572,product_detail,reviews_tab,452,1223,app
S006574,product_detail,reviews_tab,778,1257,desktop
S006574,product_detail,reviews_tab,598,1250,desktop
S006575,product_detail,add_to_cart,1002,909,desktop
S006575,product_detail,thumbnails,108,885,desktop
S006575,product_detail,thumbnails,201,749,desktop
S006575,product_detail,add_to_cart,897,972,desktop
S006575,product_detail,main_image,254,660,desktop
S006576,product_detail,add_to_cart,1101,957,mobile
S006576,product_detail,thumbnails,249,857,mobile
S006578,product_detail,add_to_cart,867,897,desktop
S006579,product_detail,main_image,531,381,app
S006579,product_detail,coupon_banner,103,232,app
S006580,product_detail,add_to_cart,1002,955,desktop
S006580,product_detail,add_to_cart,1049,948,desktop
S006580,product_detail,main_image,261,403,desktop
S006580,product_detail,wishlist,1161,893,desktop
S006581,product_detail,add_to_cart,1031,912,mobile
S006581,product_detail,main_image,522,621,mobile
S006581,product_detail,wishlist,1138,940,mobile
S006581,product_detail,thumbnails,169,893,mobile
S006581,product_detail,main_image,293,640,mobile
S006583,product_detail,coupon_banner,553,149,desktop
S006583,product_detail,add_to_cart,984,923,desktop
S006583,product_detail,coupon_banner,872,152,desktop
S006583,product_detail,main_image,487,805,desktop
S006583,product_detail,add_to_cart,1212,943,desktop
S006584,product_detail,main_image,427,678,app
S006584,product_detail,detail_text,540,2545,app
S006584,product_detail,size_chart,957,731,app
S006584,product_detail,add_to_cart,1279,915,app
S006584,product_detail,reviews_tab,336,1263,app
S006585,product_detail,main_image,576,447,desktop
S006586,product_detail,thumbnails,134,752,mobile
S006586,product_detail,reviews_tab,697,1257,mobile
S006587,product_detail,size_chart,857,693,app
S006587,product_detail,detail_text,674,2315,app
S006587,product_detail,main_image,540,658,app
S006587,product_detail,main_image,340,354,app
S006588,product_detail,main_image,425,250,desktop
S006588,product_detail,detail_text,771,1350,desktop
S006588,product_detail,main_image,364,406,desktop
S006588,product_detail,detail_text,828,1756,desktop
S006589,product_detail,add_to_cart,1039,911,app
S006589,product_detail,add_to_cart,1011,943,app
S006590,product_detail,main_image,334,415,mobile
S006590,product_detail,reviews_tab,885,1251,mobile
S006590,product_detail,wishlist,1109,924,mobile
S006590,product_detail,detail_text,697,2214,mobile
S006591,product_detail,size_chart,859,703,app
S006591,product_detail,add_to_cart,1279,945,app
S006592,product_detail,add_to_cart,1030,953,mobile
S006593,product_detail,add_to_cart,963,917,mobile
S006594,product_detail,size_chart,835,730,mobile
S006595,product_detail,coupon_banner,391,175,app
S006595,product_detail,main_image,421,663,app
S006597,product_detail,size_chart,950,711,app
S006597,product_detail,main_image,455,602,app
S006599,product_detail,main_image,321,589,mobile
S006599,product_detail,thumbnails,132,775,mobile
S006599,product_detail,main_image,417,477,mobile
S006599,product_detail,main_image,568,630,mobile
S006599,product_detail,add_to_cart,1021,914,mobile
S006600,product_detail,main_image,450,458,mobile
S006601,product_detail,add_to_cart,1057,910,mobile
S006602,product_detail,coupon_banner,934,221,mobile
S006602,product_detail,reviews_tab,699,1261,mobile
S006603,product_detail,detail_text,370,1138,app
S006603,product_detail,add_to_cart,1013,909,app
S006603,product_detail,add_to_cart,980,913,app
S006603,product_detail,detail_text,90,2251,app
S006603,product_detail,add_to_cart,893,907,app
S006603,product_detail,main_image,424,657,app
S006603,product_detail,add_to_cart,1110,944,app
S006603,product_detail,main_image,369,359,app
S006603,product_detail,reviews_tab,597,1252,app
S006605,product_detail,detail_text,741,1638,app
S006605,product_detail,size_chart,908,701,app
S006605,product_detail,main_image,457,497,app
S006605,product_detail,add_to_cart,1038,879,app
S006605,product_detail,size_chart,931,684,app
S006607,product_detail,size_chart,827,654,mobile
S006607,product_detail,reviews_tab,351,1224,mobile
S006607,product_detail,reviews_tab,684,1288,mobile
S006608,product_detail,thumbnails,165,660,mobile
S006608,product_detail,add_to_cart,916,898,mobile
S006609,product_detail,add_to_cart,983,914,desktop
S006609,product_detail,coupon_banner,738,193,desktop
S006609,product_detail,size_chart,824,703,desktop
S006609,product_detail,reviews_tab,675,1245,desktop
S006609,product_detail,main_image,373,290,desktop
S006610,product_detail,add_to_cart,996,897,desktop
S006611,product_detail,main_image,432,329,mobile
S006612,product_detail,add_to_cart,1059,905,mobile
S006612,product_detail,detail_text,627,2359,mobile
S006615,product_detail,reviews_tab,727,1244,desktop
S006617,product_detail,main_image,310,300,desktop
S006617,product_detail,main_image,498,636,desktop
S006617,product_detail,reviews_tab,771,1249,desktop
S006619,product_detail,main_image,251,588,mobile
S006619,product_detail,reviews_tab,688,1220,mobile
S006619,product_detail,add_to_cart,868,929,mobile
S006619,product_detail,add_to_cart,1124,881,mobile
S006620,product_detail,reviews_tab,521,1247,app
S006620,product_detail,size_chart,892,712,app
S006620,product_detail,thumbnails,133,872,app
S006620,product_detail,detail_text,952,2101,app
S006621,product_detail,main_image,479,461,mobile
S006621,product_detail,main_image,388,226,mobile
S006621,product_detail,wishlist,1155,933,mobile
S006622,product_detail,main_image,543,879,mobile
S006622,product_detail,main_image,579,371,mobile
S006623,product_detail,main_image,500,424,desktop
S006623,product_detail,main_image,532,705,desktop
S006623,product_detail,reviews_tab,752,1266,desktop
S006623,product_detail,reviews_tab,575,1261,desktop
S006623,product_detail,wishlist,1190,960,desktop
S006623,product_detail,size_chart,931,694,desktop
S006624,product_detail,main_image,545,465,app
S006624,product_detail,main_image,467,368,app
S006624,product_detail,size_chart,1065,664,app
S006624,product_detail,main_image,506,702,app
S006625,product_detail,main_image,498,425,app
S006625,product_detail,thumbnails,143,719,app
S006625,product_detail,reviews_tab,833,1252,app
S006625,product_detail,main_image,382,574,app
S006625,product_detail,reviews_tab,639,1285,app
S006627,product_detail,coupon_banner,732,237,mobile
S006630,product_detail,size_chart,933,731,desktop
S006630,product_detail,reviews_tab,715,1249,desktop
S006630,product_detail,thumbnails,202,699,desktop
S006631,product_detail,add_to_cart,1091,900,mobile
S006631,product_detail,detail_text,733,1759,mobile
S006632,product_detail,add_to_cart,1038,924,desktop
S006633,product_detail,wishlist,1151,945,mobile
S006633,product_detail,main_image,396,520,mobile
S006634,product_detail,reviews_tab,745,1243,mobile
S006634,product_detail,main_image,384,732,mobile
S006634,product_detail,size_chart,941,710,mobile
S006634,product_detail,coupon_banner,516,192,mobile
S006634,product_detail,size_chart,919,678,mobile
S006634,product_detail,main_image,423,479,mobile
S006634,product_detail,add_to_cart,726,921,mobile
S006635,product_detail,detail_text,829,1739,mobile
S006635,product_detail,main_image,372,443,mobile
S006635,product_detail,main_image,189,487,mobile
S006637,product_detail,main_image,575,607,mobile
S006637,product_detail,add_to_cart,1039,892,mobile
S006639,product_detail,main_image,321,599,mobile
S006640,product_detail,reviews_tab,587,1224,mobile
S006641,product_detail,reviews_tab,672,1241,mobile
S006643,product_detail,coupon_banner,663,212,app
S006643,product_detail,reviews_tab,753,1240,app
S006643,product_detail,main_image,616,422,app
S006643,product_detail,main_image,409,463,app
S006643,product_detail,reviews_tab,718,1245,app
S006644,product_detail,wishlist,1139,917,mobile
S006644,product_detail,detail_text,354,1726,mobile
S006644,product_detail,add_to_cart,843,929,mobile
S006644,product_detail,add_to_cart,1112,901,mobile
S006645,product_detail,add_to_cart,693,928,app
S006645,product_detail,main_image,249,344,app
S006648,product_detail,reviews_tab,536,1257,desktop
S006651,product_detail,size_chart,948,675,app
S006651,product_detail,thumbnails,143,758,app
S006652,product_detail,main_image,395,691,app
S006652,product_detail,wishlist,1126,924,app
S006652,product_detail,add_to_cart,873,940,app
S006652,product_detail,main_image,354,349,app
S006652,product_detail,add_to_cart,1014,973,app
S006652,product_detail,wishlist,1149,913,app
S006652,product_detail,add_to_cart,965,927,app
S006652,product_detail,reviews_tab,519,1243,app
S006654,product_detail,add_to_cart,1008,935,app
S006654,product_detail,main_image,356,561,app
S006654,product_detail,size_chart,1004,706,app
S006655,product_detail,main_image,321,927,app
S006655,product_detail,main_image,587,107,app
S006655,product_detail,size_chart,873,713,app
S006655,product_detail,reviews_tab,773,1293,app
S006655,product_detail,wishlist,1158,922,app
S006656,product_detail,wishlist,1130,923,app
S006656,product_detail,size_chart,949,672,app
S006657,product_detail,main_image,405,573,app
S006658,product_detail,main_image,418,380,mobile
S006659,product_detail,detail_text,679,1446,mobile
S006659,product_detail,detail_text,525,1724,mobile
S006659,product_detail,add_to_cart,881,937,mobile
S006660,product_detail,detail_text,637,1571,app
S006660,product_detail,wishlist,1165,930,app
S006662,product_detail,add_to_cart,1053,928,mobile
S006662,product_detail,size_chart,1015,691,mobile
S006662,product_detail,size_chart,908,667,mobile
S006662,product_detail,main_image,498,541,mobile
S006662,product_detail,main_image,347,459,mobile
S006663,product_detail,add_to_cart,1186,904,mobile
S006664,product_detail,main_image,518,497,mobile
S006664,product_detail,reviews_tab,861,1240,mobile
S006665,product_detail,main_image,357,568,mobile
S006665,product_detail,size_chart,873,699,mobile
S006666,product_detail,detail_text,1018,2189,mobile
S006666,product_detail,size_chart,994,686,mobile
S006667,product_detail,thumbnails,195,577,desktop
S006667,product_detail,thumbnails,208,651,desktop
S006667,product_detail,detail_text,759,1790,desktop
S006668,product_detail,detail_text,830,1769,mobile
S006668,product_detail,size_chart,869,692,mobile
S006670,product_detail,reviews_tab,487,1265,app
S006670,product_detail,add_to_cart,1080,913,app
S006671,product_detail,size_chart,840,689,mobile
S006671,product_detail,main_image,391,737,mobile
S006672,product_detail,reviews_tab,605,1303,mobile
S006672,product_detail,detail_text,734,1627,mobile
S006672,product_detail,main_image,444,513,mobile
S006673,product_detail,main_image,482,331,app
S006673,product_detail,add_to_cart,1022,908,app
S006673,product_detail,add_to_cart,983,917,app
S006674,product_detail,size_chart,848,699,app
S006675,product_detail,reviews_tab,568,1234,mobile
S006675,product_detail,add_to_cart,934,902,mobile
S006675,product_detail,main_image,239,895,mobile
S006677,product_detail,coupon_banner,719,184,mobile
S006677,product_detail,detail_text,842,1759,mobile
S006677,product_detail,size_chart,893,687,mobile
S006677,product_detail,add_to_cart,1122,929,mobile
S006678,product_detail,main_image,325,717,mobile
S006678,product_detail,main_image,354,940,mobile
S006678,product_detail,reviews_tab,398,1224,mobile
S006678,product_detail,detail_text,256,765,mobile
S006678,product_detail,add_to_cart,1202,918,mobile
S006680,product_detail,detail_text,1279,1970,mobile
S006680,product_detail,thumbnails,185,806,mobile
S006680,product_detail,add_to_cart,821,883,mobile
S006680,product_detail,size_chart,962,692,mobile
S006681,product_detail,main_image,445,492,app
S006681,product_detail,detail_text,342,1453,app
S006682,product_detail,main_image,472,456,app
S006682,product_detail,size_chart,879,654,app
S006682,product_detail,main_image,335,282,app
S006682,product_detail,size_chart,896,699,app
S006683,product_detail,main_image,325,383,mobile
S006683,product_detail,add_to_cart,1142,938,mobile
S006683,product_detail,reviews_tab,584,1237,mobile
S006683,product_detail,wishlist,1185,935,mobile
S006683,product_detail,reviews_tab,497,1249,mobile
S006684,product_detail,add_to_cart,937,866,mobile
S006684,product_detail,wishlist,1124,913,mobile
S006685,product_detail,add_to_cart,973,921,app
S006685,product_detail,reviews_tab,594,1237,app
S006685,product_detail,reviews_tab,436,1231,app
S006689,product_detail,main_image,440,457,mobile
S006689,product_detail,reviews_tab,775,1287,mobile
S006690,product_detail,add_to_cart,1083,926,desktop
S006690,product_detail,add_to_cart,1171,957,desktop
S006690,product_detail,main_image,426,459,desktop
S006690,product_detail,main_image,488,730,desktop
S006690,product_detail,main_image,566,729,desktop
S006691,product_detail,main_image,262,365,app
S006691,product_detail,main_image,483,456,app
S006691,product_detail,size_chart,949,700,app
S006692,product_detail,size_chart,839,690,app
S006692,product_detail,add_to_cart,933,952,app
S006692,product_detail,add_to_cart,1020,892,app
S006692,product_detail,add_to_cart,984,961,app
S006693,product_detail,main_image,248,517,desktop
S006694,product_detail,main_image,468,306,desktop
S006694,product_detail,add_to_cart,1114,932,desktop
S006696,product_detail,reviews_tab,660,1248,app
S006696,product_detail,add_to_cart,994,915,app
S006696,product_detail,thumbnails,107,520,app
S006696,product_detail,main_image,303,563,app
S006697,product_detail,add_to_cart,877,885,mobile
S006697,product_detail,main_image,251,701,mobile
S006697,product_detail,reviews_tab,553,1268,mobile
S006698,product_detail,add_to_cart,1063,919,desktop
S006699,product_detail,detail_text,593,1939,app
S006699,product_detail,reviews_tab,682,1191,app
S006700,product_detail,main_image,225,357,app
S006700,product_detail,add_to_cart,1027,910,app
S006700,product_detail,detail_text,0,2289,app
S006700,product_detail,size_chart,907,697,app
S006700,product_detail,wishlist,1132,935,app
S006700,product_detail,main_image,520,734,app
S006701,product_detail,coupon_banner,829,188,app
S006701,product_detail,add_to_cart,988,857,app
S006702,product_detail,main_image,471,248,mobile
S006702,product_detail,add_to_cart,1065,936,mobile
S006702,product_detail,reviews_tab,555,1230,mobile
S006702,product_detail,coupon_banner,836,164,mobile
S006706,product_detail,thumbnails,54,775,app
S006706,product_detail,reviews_tab,742,1255,app
S006706,product_detail,add_to_cart,944,936,app
S006706,product_detail,main_image,585,650,app
S006706,product_detail,thumbnails,156,781,app
S006707,product_detail,reviews_tab,573,1263,mobile
S006707,product_detail,reviews_tab,821,1286,mobile
S006707,product_detail,add_to_cart,1037,950,mobile
S006707,product_detail,main_image,387,628,mobile
S006707,product_detail,main_image,372,505,mobile
S006707,product_detail,add_to_cart,1117,915,mobile
S006709,product_detail,reviews_tab,762,1262,mobile
S006709,product_detail,detail_text,320,1767,mobile
S006710,product_detail,main_image,214,457,mobile
S006710,product_detail,add_to_cart,1059,947,mobile
S006711,product_detail,add_to_cart,983,895,desktop
S006711,product_detail,size_chart,852,713,desktop
S006711,product_detail,reviews_tab,298,1254,desktop
S006711,product_detail,detail_text,740,1964,desktop
S006712,product_detail,main_image,396,668,mobile
S006712,product_detail,thumbnails,129,841,mobile
S006713,product_detail,add_to_cart,845,871,app
S006713,product_detail,thumbnails,165,726,app
S006714,product_detail,main_image,419,562,app
S006714,product_detail,add_to_cart,924,912,app
S006714,product_detail,main_image,396,417,app
S006714,product_detail,add_to_cart,993,950,app
S006715,product_detail,detail_text,807,1663,app
S006715,product_detail,main_image,300,239,app
S006715,product_detail,reviews_tab,277,1252,app
S006716,product_detail,thumbnails,115,831,desktop
S006716,product_detail,detail_text,455,2223,desktop
S006716,product_detail,add_to_cart,910,948,desktop
S006716,product_detail,wishlist,1166,890,desktop
S006716,product_detail,thumbnails,135,947,desktop
S006716,product_detail,main_image,279,403,desktop
S006716,product_detail,detail_text,595,2318,desktop
S006716,product_detail,detail_text,619,2144,desktop
S006718,product_detail,main_image,383,645,app
S006718,product_detail,main_image,349,733,app
S006718,product_detail,main_image,288,741,app
S006718,product_detail,add_to_cart,1059,936,app
S006718,product_detail,thumbnails,197,677,app
S006719,product_detail,add_to_cart,981,910,app
S006719,product_detail,size_chart,947,692,app
S006720,product_detail,main_image,370,609,mobile
S006720,product_detail,main_image,427,551,mobile
S006720,product_detail,main_image,243,367,mobile
S006722,product_detail,main_image,366,430,mobile
S006722,product_detail,reviews_tab,881,1259,mobile
S006722,product_detail,thumbnails,122,765,mobile
S006723,product_detail,reviews_tab,411,1232,app
S006723,product_detail,main_image,176,469,app
S006723,product_detail,add_to_cart,979,914,app
S006723,product_detail,reviews_tab,735,1234,app
S006724,product_detail,detail_text,641,1696,desktop
S006724,product_detail,main_image,295,255,desktop
S006725,product_detail,main_image,423,373,mobile
S006726,product_detail,detail_text,336,1822,mobile
S006726,product_detail,reviews_tab,776,1239,mobile
S006726,product_detail,main_image,478,589,mobile
S006726,product_detail,detail_text,500,1782,mobile
S006726,product_detail,size_chart,942,670,mobile
S006726,product_detail,main_image,198,359,mobile
S006727,product_detail,thumbnails,107,837,app
S006727,product_detail,main_image,541,909,app
S006728,product_detail,main_image,450,414,desktop
S006728,product_detail,add_to_cart,1114,948,desktop
S006728,product_detail,size_chart,745,715,desktop
S006728,product_detail,thumbnails,186,913,desktop
S006728,product_detail,add_to_cart,759,914,desktop
S006729,product_detail,detail_text,892,1498,app
S006729,product_detail,wishlist,1134,912,app
S006729,product_detail,main_image,227,845,app
S006730,product_detail,thumbnails,118,640,mobile
S006730,product_detail,add_to_cart,1188,937,mobile
S006732,product_detail,main_image,187,758,mobile
S006732,product_detail,thumbnails,241,618,mobile
S006732,product_detail,main_image,456,211,mobile
S006733,product_detail,thumbnails,190,645,mobile
S006733,product_detail,main_image,342,425,mobile
S006734,product_detail,reviews_tab,634,1298,app
S006734,product_detail,reviews_tab,623,1238,app
S006734,product_detail,coupon_banner,805,228,app
S006735,product_detail,add_to_cart,988,983,mobile
S006735,product_detail,main_image,462,804,mobile
S006736,product_detail,reviews_tab,643,1244,mobile
S006736,product_detail,detail_text,444,2084,mobile
S006736,product_detail,main_image,303,496,mobile
S006736,product_detail,main_image,346,468,mobile
S006736,product_detail,size_chart,870,683,mobile
S006736,product_detail,coupon_banner,757,136,mobile
S006736,product_detail,main_image,687,862,mobile
S006737,product_detail,reviews_tab,653,1248,mobile
S006737,product_detail,thumbnails,132,601,mobile
S006737,product_detail,add_to_cart,917,944,mobile
S006737,product_detail,main_image,442,617,mobile
S006740,product_detail,coupon_banner,371,247,app
S006740,product_detail,thumbnails,306,746,app
S006740,product_detail,main_image,481,873,app
S006741,product_detail,main_image,307,403,app
S006741,product_detail,size_chart,793,672,app
S006742,product_detail,main_image,373,528,mobile
S006742,product_detail,add_to_cart,851,933,mobile
S006743,product_detail,detail_text,883,1835,mobile
S006744,product_detail,main_image,585,865,app
S006745,product_detail,reviews_tab,443,1241,mobile
S006745,product_detail,reviews_tab,542,1249,mobile
S006745,product_detail,add_to_cart,853,919,mobile
S006745,product_detail,size_chart,834,687,mobile
S006745,product_detail,add_to_cart,1043,898,mobile
S006746,product_detail,size_chart,868,707,app
S006748,product_detail,reviews_tab,593,1246,desktop
S006749,product_detail,add_to_cart,1032,910,desktop
S006749,product_detail,add_to_cart,1089,903,desktop
S006749,product_detail,wishlist,1148,918,desktop
S006749,product_detail,size_chart,967,731,desktop
S006751,product_detail,size_chart,988,688,desktop
S006752,product_detail,thumbnails,128,632,desktop
S006752,product_detail,reviews_tab,523,1246,desktop
S006753,product_detail,wishlist,1127,911,app
S006753,product_detail,main_image,412,509,app
S006753,product_detail,wishlist,1088,947,app
S006753,product_detail,main_image,436,706,app
S006754,product_detail,detail_text,1054,1693,app
S006755,product_detail,add_to_cart,1010,908,mobile
S006755,product_detail,size_chart,932,695,mobile
S006755,product_detail,reviews_tab,557,1233,mobile
S006756,product_detail,main_image,254,799,mobile
S006756,product_detail,size_chart,843,717,mobile
S006757,product_detail,main_image,447,483,mobile
S006757,product_detail,main_image,391,417,mobile
S006757,product_detail,main_image,502,534,mobile
S006758,product_detail,size_chart,819,731,app
S006758,product_detail,add_to_cart,1234,888,app
S006759,product_detail,detail_text,527,1766,mobile
S006759,product_detail,add_to_cart,1036,902,mobile
S006759,product_detail,add_to_cart,1146,919,mobile
S006759,product_detail,coupon_banner,723,247,mobile
S006760,product_detail,main_image,252,360,desktop
S006760,product_detail,main_image,425,349,desktop
S006760,product_detail,reviews_tab,742,1231,desktop
S006761,product_detail,detail_text,410,1894,desktop
S006761,product_detail,coupon_banner,237,176,desktop
S006761,product_detail,add_to_cart,878,899,desktop
S006763,product_detail,detail_text,1232,1957,desktop
S006763,product_detail,reviews_tab,612,1305,desktop
S006764,product_detail,reviews_tab,709,1243,mobile
S006765,product_detail,main_image,452,500,app
S006766,product_detail,thumbnails,103,736,app
S006766,product_detail,add_to_cart,892,922,app
S006766,product_detail,main_image,610,339,app
S006766,product_detail,add_to_cart,1228,886,app
S006766,product_detail,detail_text,503,2187,app
S006767,product_detail,wishlist,1136,900,app
S006767,product_detail,add_to_cart,909,890,app
S006767,product_detail,add_to_cart,1049,930,app
S006767,product_detail,size_chart,795,693,app
S006767,product_detail,size_chart,772,716,app
S006767,product_detail,size_chart,931,701,app
S006767,product_detail,size_chart,809,697,app
S006767,product_detail,reviews_tab,706,1268,app
S006767,product_detail,add_to_cart,923,921,app
S006769,product_detail,size_chart,928,666,mobile
S006769,product_detail,size_chart,882,752,mobile
S006769,product_detail,main_image,487,431,mobile
S006770,product_detail,main_image,434,608,mobile
S006770,product_detail,main_image,442,590,mobile
S006770,product_detail,main_image,375,834,mobile
S006770,product_detail,main_image,296,580,mobile
S006771,product_detail,size_chart,989,689,app
S006771,product_detail,reviews_tab,666,1245,app
S006774,product_detail,reviews_tab,424,1236,mobile
S006774,product_detail,main_image,579,513,mobile
S006774,product_detail,main_image,268,644,mobile
S006777,product_detail,main_image,379,614,mobile
S006777,product_detail,main_image,446,332,mobile
S006777,product_detail,main_image,479,316,mobile
S006777,product_detail,add_to_cart,1043,936,mobile
S006778,product_detail,main_image,495,528,mobile
S006779,product_detail,detail_text,391,1832,app
S006780,product_detail,size_chart,913,737,app
S006780,product_detail,size_chart,977,695,app
S006780,product_detail,main_image,237,407,app
S006781,product_detail,reviews_tab,831,1263,mobile
S006781,product_detail,main_image,309,580,mobile
S006781,product_detail,size_chart,821,705,mobile
S006781,product_detail,main_image,498,387,mobile
S006781,product_detail,reviews_tab,939,1232,mobile
S006782,product_detail,add_to_cart,1024,910,app
S006782,product_detail,thumbnails,154,917,app
S006782,product_detail,add_to_cart,1038,924,app
S006782,product_detail,main_image,312,584,app
S006783,product_detail,add_to_cart,1190,889,desktop
S006783,product_detail,reviews_tab,552,1269,desktop
S006783,product_detail,thumbnails,119,830,desktop
S006784,product_detail,add_to_cart,1082,905,app
S006784,product_detail,main_image,178,638,app
S006785,product_detail,main_image,276,566,app
S006786,product_detail,main_image,139,508,desktop
S006786,product_detail,main_image,393,688,desktop
S006789,product_detail,detail_text,873,2357,mobile
S006789,product_detail,add_to_cart,1156,905,mobile
S006789,product_detail,main_image,143,628,mobile
S006790,product_detail,add_to_cart,928,937,desktop
S006790,product_detail,add_to_cart,1112,950,desktop
S006791,product_detail,size_chart,946,736,app
S006791,product_detail,reviews_tab,310,1247,app
S006791,product_detail,main_image,320,531,app
S006791,product_detail,main_image,279,707,app
S006791,product_detail,main_image,616,738,app
S006793,product_detail,main_image,232,389,app
S006795,product_detail,add_to_cart,910,918,mobile
S006795,product_detail,detail_text,1098,1820,mobile
S006795,product_detail,main_image,414,639,mobile
S006796,product_detail,main_image,518,629,app
S006796,product_detail,reviews_tab,371,1250,app
S006796,product_detail,thumbnails,151,661,app
S006796,product_detail,detail_text,274,2286,app
S006796,product_detail,detail_text,765,2449,app
S006796,product_detail,main_image,108,394,app
S006796,product_detail,reviews_tab,881,1239,app
S006796,product_detail,add_to_cart,969,899,app
S006799,product_detail,add_to_cart,1074,903,mobile
S006799,product_detail,main_image,419,498,mobile
S006800,product_detail,main_image,248,701,app
S006800,product_detail,thumbnails,108,520,app
S006801,product_detail,thumbnails,194,791,app
S006801,product_detail,size_chart,975,654,app
S006802,product_detail,main_image,688,351,mobile
S006802,product_detail,thumbnails,149,889,mobile
S006802,product_detail,reviews_tab,694,1271,mobile
S006802,product_detail,reviews_tab,685,1218,mobile
S006802,product_detail,add_to_cart,1047,909,mobile
S006803,product_detail,main_image,507,291,mobile
S006803,product_detail,reviews_tab,677,1258,mobile
S006806,product_detail,reviews_tab,761,1228,mobile
S006806,product_detail,reviews_tab,711,1259,mobile
S006808,product_detail,size_chart,890,705,desktop
S006808,product_detail,size_chart,938,710,desktop
S006808,product_detail,main_image,476,286,desktop
S006808,product_detail,reviews_tab,1167,1251,desktop
S006808,product_detail,coupon_banner,538,214,desktop
S006808,product_detail,main_image,170,346,desktop
S006808,product_detail,add_to_cart,1067,917,desktop
S006808,product_detail,add_to_cart,1085,893,desktop
S006808,product_detail,size_chart,986,682,desktop
S006808,product_detail,size_chart,870,688,desktop
S006808,product_detail,add_to_cart,1139,949,desktop
S006809,product_detail,thumbnails,82,664,desktop
S006809,product_detail,thumbnails,206,785,desktop
S006811,product_detail,add_to_cart,928,920,mobile
S006811,product_detail,add_to_cart,1040,900,mobile
S006812,product_detail,reviews_tab,585,1233,mobile
S006814,product_detail,add_to_cart,951,925,desktop
S006814,product_detail,thumbnails,123,747,desktop
S006814,product_detail,size_chart,871,690,desktop
S006814,product_detail,reviews_tab,436,1230,desktop
S006815,product_detail,add_to_cart,1014,905,mobile
S006815,product_detail,size_chart,856,676,mobile
S006815,product_detail,add_to_cart,936,902,mobile
S006815,product_detail,main_image,456,775,mobile
S006815,product_detail,main_image,453,411,mobile
S006815,product_detail,size_chart,844,687,mobile
S006816,product_detail,size_chart,865,698,app
S006816,product_detail,add_to_cart,888,914,app
S006816,product_detail,main_image,509,763,app
S006816,product_detail,add_to_cart,1233,899,app
S006816,product_detail,add_to_cart,933,890,app
S006819,product_detail,coupon_banner,828,221,app
S006820,product_detail,main_image,208,176,mobile
S006820,product_detail,add_to_cart,957,918,mobile
S006820,product_detail,main_image,596,553,mobile
S006820,product_detail,main_image,483,461,mobile
S006820,product_detail,detail_text,46,1936,mobile
S006820,product_detail,thumbnails,198,903,mobile
S006820,product_detail,reviews_tab,697,1260,mobile
S006820,product_detail,add_to_cart,1053,896,mobile
S006821,product_detail,thumbnails,164,613,mobile
S006821,product_detail,detail_text,205,1599,mobile
S006822,product_detail,size_chart,976,704,app
S006823,product_detail,main_image,342,441,app
S006823,product_detail,main_image,521,447,app
S006823,product_detail,coupon_banner,832,197,app
S006824,product_detail,size_chart,981,703,app
S006825,product_detail,reviews_tab,539,1242,mobile
S006825,product_detail,detail_text,471,1611,mobile
S006825,product_detail,size_chart,939,735,mobile
S006825,product_detail,size_chart,919,712,mobile
S006826,product_detail,wishlist,1121,934,app
S006826,product_detail,add_to_cart,1068,930,app
S006826,product_detail,add_to_cart,915,931,app
S006826,product_detail,main_image,373,428,app
S006827,product_detail,reviews_tab,630,1253,mobile
S006827,product_detail,main_image,395,656,mobile
S006828,product_detail,coupon_banner,834,222,desktop
S006828,product_detail,main_image,660,657,desktop
S006829,product_detail,main_image,515,483,desktop
S006829,product_detail,main_image,529,606,desktop
S006829,product_detail,add_to_cart,1114,902,desktop
S006830,product_detail,thumbnails,166,517,mobile
S006830,product_detail,main_image,521,214,mobile
S006832,product_detail,size_chart,996,702,app
S006832,product_detail,size_chart,952,708,app
S006833,product_detail,wishlist,1169,920,app
S006834,product_detail,size_chart,947,733,app
S006834,product_detail,reviews_tab,663,1261,app
S006835,product_detail,main_image,356,516,mobile
S006835,product_detail,size_chart,1008,717,mobile
S006838,product_detail,reviews_tab,716,1215,desktop
S006839,product_detail,main_image,449,612,mobile
S006839,product_detail,reviews_tab,573,1255,mobile
S006839,product_detail,add_to_cart,1079,902,mobile
S006840,product_detail,thumbnails,166,709,desktop
S006840,product_detail,main_image,351,550,desktop
S006840,product_detail,reviews_tab,580,1271,desktop
S006840,product_detail,main_image,492,629,desktop
S006840,product_detail,size_chart,890,733,desktop
S006840,product_detail,detail_text,900,2319,desktop
S006842,product_detail,size_chart,881,699,mobile
S006842,product_detail,detail_text,193,2097,mobile
S006842,product_detail,main_image,374,559,mobile
S006842,product_detail,add_to_cart,768,918,mobile
S006843,product_detail,wishlist,1139,943,desktop
S006843,product_detail,add_to_cart,1008,938,desktop
S006844,product_detail,main_image,498,391,mobile
S006845,product_detail,main_image,544,403,mobile
S006846,product_detail,size_chart,962,671,app
S006847,product_detail,size_chart,865,665,desktop
S006847,product_detail,size_chart,798,701,desktop
S006847,product_detail,main_image,377,551,desktop
S006847,product_detail,detail_text,535,2599,desktop
S006847,product_detail,detail_text,825,2283,desktop
S006847,product_detail,add_to_cart,1042,900,desktop
S006848,product_detail,main_image,431,455,app
S006849,product_detail,coupon_banner,277,167,mobile
S006849,product_detail,main_image,479,313,mobile
S006850,product_detail,coupon_banner,798,202,desktop
S006850,product_detail,detail_text,801,1847,desktop
S006850,product_detail,add_to_cart,980,923,desktop
S006850,product_detail,main_image,288,899,desktop
S006850,product_detail,main_image,198,444,desktop
S006850,product_detail,main_image,551,804,desktop
S006852,product_detail,main_image,411,526,app
S006852,product_detail,main_image,283,387,app
S006853,product_detail,main_image,462,324,mobile
S006853,product_detail,wishlist,1149,923,mobile
S006853,product_detail,detail_text,318,2032,mobile
S006853,product_detail,add_to_cart,840,890,mobile
S006853,product_detail,size_chart,938,736,mobile
S006853,product_detail,size_chart,849,702,mobile
S006853,product_detail,size_chart,885,705,mobile
S006854,product_detail,main_image,392,497,mobile
S006854,product_detail,detail_text,1187,1684,mobile
S006854,product_detail,main_image,273,525,mobile
S006854,product_detail,size_chart,1001,705,mobile
S006854,product_detail,main_image,474,455,mobile
S006854,product_detail,main_image,406,428,mobile
S006855,product_detail,main_image,465,444,mobile
S006857,product_detail,add_to_cart,1062,905,desktop
S006857,product_detail,main_image,425,675,desktop
S006858,product_detail,main_image,337,761,app
S006860,product_detail,size_chart,813,673,app
S006860,product_detail,size_chart,1043,674,app
S006860,product_detail,size_chart,974,694,app
S006861,product_detail,reviews_tab,641,1239,mobile
S006861,product_detail,main_image,358,375,mobile
S006861,product_detail,main_image,442,406,mobile
S006861,product_detail,detail_text,810,1684,mobile
S006862,product_detail,reviews_tab,487,1256,desktop
S006862,product_detail,size_chart,882,708,desktop
S006863,product_detail,add_to_cart,871,939,app
S006864,product_detail,detail_text,582,2142,desktop
S006865,product_detail,wishlist,1159,922,mobile
S006865,product_detail,add_to_cart,972,946,mobile
S006867,product_detail,size_chart,910,693,mobile
S006867,product_detail,reviews_tab,616,1247,mobile
S006867,product_detail,add_to_cart,932,857,mobile
S006867,product_detail,coupon_banner,319,160,mobile
S006867,product_detail,main_image,360,586,mobile
S006867,product_detail,size_chart,849,721,mobile
S006868,product_detail,add_to_cart,1041,924,app
S006868,product_detail,reviews_tab,568,1288,app
S006868,product_detail,add_to_cart,907,915,app
S006868,product_detail,reviews_tab,494,1257,app
S006868,product_detail,thumbnails,156,769,app
S006869,product_detail,size_chart,829,713,app
S006870,product_detail,add_to_cart,947,933,desktop
S006870,product_detail,main_image,479,347,desktop
S006871,product_detail,reviews_tab,882,1260,app
S006871,product_detail,reviews_tab,481,1259,app
S006873,product_detail,size_chart,994,727,app
S006873,product_detail,size_chart,960,675,app
S006873,product_detail,size_chart,923,737,app
S006874,product_detail,thumbnails,172,570,mobile
S006874,product_detail,main_image,565,326,mobile
S006874,product_detail,add_to_cart,907,913,mobile
S006874,product_detail,main_image,456,331,mobile
S006875,product_detail,main_image,325,507,app
S006875,product_detail,add_to_cart,995,938,app
S006875,product_detail,size_chart,729,708,app
S006875,product_detail,add_to_cart,793,882,app
S006876,product_detail,detail_text,775,1815,app
S006876,product_detail,main_image,326,458,app
S006876,product_detail,main_image,391,284,app
S006876,product_detail,detail_text,807,1237,app
S006876,product_detail,size_chart,898,671,app
S006876,product_detail,detail_text,20,1499,app
S006878,product_detail,main_image,506,534,app
S006879,product_detail,add_to_cart,1028,952,desktop
S006879,product_detail,reviews_tab,613,1254,desktop
S006879,product_detail,reviews_tab,463,1235,desktop
S006880,product_detail,main_image,161,242,mobile
S006881,product_detail,main_image,630,678,mobile
S006882,product_detail,detail_text,823,1667,app
S006882,product_detail,main_image,231,574,app
S006883,product_detail,detail_text,497,1688,app
S006884,product_detail,reviews_tab,479,1241,mobile
S006884,product_detail,add_to_cart,957,935,mobile
S006886,product_detail,main_image,593,444,mobile
S006886,product_detail,main_image,344,805,mobile
S006886,product_detail,reviews_tab,847,1211,mobile
S006887,product_detail,main_image,186,553,app
S006887,product_detail,add_to_cart,1091,938,app
S006888,product_detail,thumbnails,152,650,desktop
S006888,product_detail,main_image,346,568,desktop
S006888,product_detail,add_to_cart,1059,942,desktop
S006888,product_detail,reviews_tab,692,1247,desktop
S006888,product_detail,main_image,369,731,desktop
S006888,product_detail,reviews_tab,649,1255,desktop
S006888,product_detail,add_to_cart,946,915,desktop
S006889,product_detail,size_chart,860,706,mobile
S006890,product_detail,wishlist,1085,910,mobile
S006890,product_detail,coupon_banner,934,159,mobile
S006890,product_detail,main_image,348,446,mobile
S006890,product_detail,wishlist,1156,917,mobile
S006890,product_detail,size_chart,931,696,mobile
S006891,product_detail,size_chart,901,693,mobile
S006891,product_detail,add_to_cart,1066,938,mobile
S006894,product_detail,main_image,530,290,app
S006895,product_detail,thumbnails,116,762,mobile
S006895,product_detail,main_image,346,520,mobile
S006896,product_detail,main_image,439,445,app
S006896,product_detail,main_image,430,753,app
S006896,product_detail,add_to_cart,970,922,app
S006896,product_detail,main_image,555,736,app
S006896,product_detail,wishlist,1161,916,app
S006897,product_detail,main_image,305,581,mobile
S006897,product_detail,wishlist,1147,905,mobile
S006898,product_detail,add_to_cart,1022,896,app
S006898,product_detail,reviews_tab,645,1226,app
S006898,product_detail,reviews_tab,559,1221,app
S006899,product_detail,main_image,418,658,desktop
S006899,product_detail,main_image,301,690,desktop
S006900,product_detail,add_to_cart,1053,885,app
S006901,product_detail,reviews_tab,919,1211,desktop
S006901,product_detail,size_chart,876,703,desktop
S006901,product_detail,add_to_cart,923,949,desktop
S006901,product_detail,reviews_tab,573,1245,desktop
S006901,product_detail,main_image,356,537,desktop
S006903,product_detail,add_to_cart,1056,977,app
S006903,product_detail,main_image,187,738,app
S006904,product_detail,add_to_cart,1049,944,app
S006904,product_detail,add_to_cart,999,938,app
S006906,product_detail,add_to_cart,1052,887,app
S006906,product_detail,size_chart,919,685,app
S006908,product_detail,main_image,570,675,desktop
S006908,product_detail,main_image,237,425,desktop
S006908,product_detail,add_to_cart,1097,911,desktop
S006909,product_detail,detail_text,401,1865,desktop
S006911,product_detail,main_image,263,279,app
S006911,product_detail,main_image,338,282,app
S006913,product_detail,main_image,494,165,app
S006913,product_detail,reviews_tab,553,1257,app
S006913,product_detail,add_to_cart,1187,896,app
S006913,product_detail,size_chart,1042,693,app
S006914,product_detail,coupon_banner,559,214,mobile
S006915,product_detail,add_to_cart,1022,910,mobile
S006915,product_detail,main_image,539,746,mobile
S006915,product_detail,reviews_tab,785,1257,mobile
S006915,product_detail,size_chart,842,729,mobile
S006918,product_detail,main_image,371,394,mobile
S006918,product_detail,thumbnails,161,799,mobile
S006918,product_detail,main_image,379,537,mobile
S006918,product_detail,reviews_tab,445,1218,mobile
S006918,product_detail,main_image,429,502,mobile
S006918,product_detail,add_to_cart,916,915,mobile
S006918,product_detail,main_image,377,481,mobile
S006918,product_detail,main_image,404,610,mobile
S006918,product_detail,add_to_cart,957,919,mobile
S006919,product_detail,add_to_cart,967,908,desktop
S006919,product_detail,detail_text,698,1702,desktop
S006919,product_detail,size_chart,916,718,desktop
S006919,product_detail,main_image,639,831,desktop
S006919,product_detail,add_to_cart,1111,975,desktop
S006921,product_detail,reviews_tab,388,1250,desktop
S006921,product_detail,reviews_tab,544,1285,desktop
S006921,product_detail,add_to_cart,1036,960,desktop
S006921,product_detail,detail_text,609,1858,desktop
S006922,product_detail,detail_text,529,1595,app
S006922,product_detail,add_to_cart,825,918,app
S006922,product_detail,add_to_cart,1091,851,app
S006922,product_detail,main_image,596,562,app
S006923,product_detail,add_to_cart,1039,908,app
S006923,product_detail,reviews_tab,404,1259,app
S006923,product_detail,size_chart,926,692,app
S006924,product_detail,add_to_cart,884,881,desktop
S006925,product_detail,size_chart,779,681,mobile
S006926,product_detail,add_to_cart,872,887,app
S006926,product_detail,detail_text,719,1595,app
S006926,product_detail,add_to_cart,691,955,app
S006926,product_detail,add_to_cart,793,905,app
S006926,product_detail,main_image,424,492,app
S006926,product_detail,detail_text,585,1624,app
S006926,product_detail,reviews_tab,731,1250,app
S006928,product_detail,reviews_tab,389,1259,mobile
S006929,product_detail,detail_text,224,2209,desktop
S006929,product_detail,main_image,505,346,desktop
S006929,product_detail,thumbnails,204,1018,desktop
S006930,product_detail,size_chart,921,701,app
S006930,product_detail,size_chart,1042,680,app
S006930,product_detail,detail_text,919,1977,app
S006932,product_detail,coupon_banner,533,226,app
S006932,product_detail,main_image,372,510,app
S006932,product_detail,detail_text,1279,2048,app
S006932,product_detail,reviews_tab,628,1251,app
S006932,product_detail,main_image,479,413,app
S006932,product_detail,thumbnails,154,769,app
S006933,product_detail,size_chart,969,678,mobile
S006933,product_detail,main_image,406,534,mobile
S006934,product_detail,detail_text,1098,1828,app
S006934,product_detail,detail_text,221,2220,app
S006934,product_detail,add_to_cart,925,901,app
S006934,product_detail,main_image,497,282,app
S006934,product_detail,wishlist,1124,919,app
S006935,product_detail,main_image,414,958,mobile
S006935,product_detail,main_image,403,503,mobile
S006936,product_detail,reviews_tab,705,1243,app
S006937,product_detail,coupon_banner,686,199,desktop
S006938,product_detail,wishlist,1133,914,app
S006938,product_detail,reviews_tab,526,1288,app
S006939,product_detail,main_image,186,690,app
S006940,product_detail,size_chart,814,710,app
S006941,product_detail,reviews_tab,920,1275,app
S006941,product_detail,main_image,389,496,app
S006941,product_detail,detail_text,593,2339,app
S006942,product_detail,add_to_cart,970,875,app
S006942,product_detail,main_image,418,469,app
S006943,product_detail,size_chart,786,684,mobile
S006943,product_detail,reviews_tab,717,1234,mobile
S006943,product_detail,reviews_tab,989,1253,mobile
S006943,product_detail,main_image,398,438,mobile
S006944,product_detail,main_image,426,464,mobile
S006945,product_detail,reviews_tab,800,1265,mobile
S006945,product_detail,main_image,316,553,mobile
S006945,product_detail,detail_text,704,1959,mobile
S006947,product_detail,reviews_tab,471,1288,mobile
S006947,product_detail,add_to_cart,1084,901,mobile
S006947,product_detail,main_image,539,465,mobile
S006948,product_detail,size_chart,828,667,app
S006948,product_detail,main_image,343,516,app
S006949,product_detail,detail_text,675,1164,mobile
S006949,product_detail,wishlist,1125,910,mobile
S006950,product_detail,wishlist,1116,920,mobile
S006950,product_detail,main_image,409,357,mobile
S006951,product_detail,main_image,383,662,app
S006951,product_detail,add_to_cart,1064,920,app
S006951,product_detail,thumbnails,84,849,app
S006957,product_detail,wishlist,1167,933,app
S006957,product_detail,main_image,378,373,app
S006957,product_detail,main_image,405,616,app
S006957,product_detail,add_to_cart,1112,907,app
S006959,product_detail,coupon_banner,777,189,app
S006960,product_detail,add_to_cart,1064,935,app
S006960,product_detail,add_to_cart,887,908,app
S006961,product_detail,wishlist,1167,900,app
S006962,product_detail,main_image,370,504,mobile
S006963,product_detail,reviews_tab,319,1236,app
S006964,product_detail,reviews_tab,639,1198,mobile
S006965,product_detail,size_chart,934,694,app
S006968,product_detail,main_image,612,735,desktop
S006968,product_detail,add_to_cart,819,919,desktop
S006968,product_detail,main_image,414,906,desktop
S006968,product_detail,main_image,433,616,desktop
S006968,product_detail,size_chart,959,692,desktop
S006968,product_detail,detail_text,397,1564,desktop
S006970,product_detail,size_chart,846,687,mobile
S006970,product_detail,thumbnails,46,834,mobile
S006971,product_detail,size_chart,859,677,app
S006972,product_detail,main_image,244,786,app
S006972,product_detail,wishlist,1138,915,app
S006972,product_detail,main_image,297,552,app
S006972,product_detail,add_to_cart,1030,934,app
S006972,product_detail,main_image,307,459,app
S006972,product_detail,main_image,520,702,app
S006974,product_detail,reviews_tab,777,1257,app
S006974,product_detail,size_chart,921,668,app
S006974,product_detail,wishlist,1152,921,app
S006974,product_detail,add_to_cart,1053,923,app
S006974,product_detail,main_image,377,477,app
S006975,product_detail,add_to_cart,937,947,app
S006975,product_detail,add_to_cart,898,919,app
S006975,product_detail,add_to_cart,1058,903,app
S006975,product_detail,add_to_cart,927,921,app
S006975,product_detail,add_to_cart,1107,916,app
S006978,product_detail,size_chart,950,697,mobile
S006978,product_detail,reviews_tab,679,1253,mobile
S006979,product_detail,add_to_cart,1102,970,desktop
S006979,product_detail,size_chart,933,694,desktop
S006979,product_detail,add_to_cart,902,911,desktop
S006979,product_detail,reviews_tab,348,1258,desktop
S006980,product_detail,main_image,248,492,mobile
S006982,product_detail,coupon_banner,971,197,app
S006982,product_detail,add_to_cart,975,944,app
S006982,product_detail,main_image,191,410,app
S006983,product_detail,add_to_cart,1013,907,app
S006983,product_detail,thumbnails,152,710,app
S006984,product_detail,detail_text,792,2329,app
S006984,product_detail,detail_text,789,1769,app
S006984,product_detail,main_image,692,509,app
S006985,product_detail,main_image,159,551,mobile
S006986,product_detail,add_to_cart,916,894,mobile
S006986,product_detail,coupon_banner,436,240,mobile
S006986,product_detail,add_to_cart,1158,960,mobile
S006986,product_detail,main_image,228,104,mobile
S006988,product_detail,size_chart,895,683,mobile
S006988,product_detail,main_image,529,586,mobile
S006988,product_detail,main_image,741,311,mobile
S006988,product_detail,detail_text,197,2309,mobile
S006989,product_detail,reviews_tab,665,1255,mobile
S006990,product_detail,reviews_tab,344,1262,mobile
S006990,product_detail,main_image,622,680,mobile
S006990,product_detail,main_image,559,550,mobile
S006990,product_detail,reviews_tab,690,1246,mobile
S006991,product_detail,size_chart,887,674,mobile
S006991,product_detail,size_chart,1001,706,mobile
S006992,product_detail,main_image,351,407,app
S006992,product_detail,size_chart,917,704,app
S006993,product_detail,add_to_cart,1110,945,mobile
S006994,product_detail,detail_text,820,1711,mobile
S006994,product_detail,add_to_cart,1030,923,mobile
S006996,product_detail,reviews_tab,672,1248,mobile
S006996,product_detail,main_image,527,310,mobile
S006996,product_detail,thumbnails,180,798,mobile
S006996,product_detail,size_chart,800,703,mobile
S006996,product_detail,add_to_cart,1036,893,mobile
S006997,product_detail,main_image,332,579,desktop
S006997,product_detail,reviews_tab,821,1272,desktop
S006997,product_detail,size_chart,805,695,desktop
S006997,product_detail,add_to_cart,674,937,desktop
S006998,product_detail,main_image,581,506,app
S006998,product_detail,wishlist,1160,905,app
S006999,product_detail,thumbnails,132,755,mobile
S006999,product_detail,reviews_tab,875,1250,mobile
S006999,product_detail,add_to_cart,904,927,mobile
S007002,product_detail,size_chart,1012,716,mobile
S007002,product_detail,main_image,470,475,mobile
S007003,product_detail,size_chart,807,739,mobile
S007003,product_detail,main_image,280,871,mobile
S007004,product_detail,main_image,366,588,mobile
S007005,product_detail,size_chart,930,667,mobile
S007005,product_detail,main_image,386,716,mobile
S007005,product_detail,add_to_cart,781,871,mobile
S007008,product_detail,main_image,383,332,mobile
S007009,product_detail,size_chart,850,692,mobile
S007009,product_detail,add_to_cart,1032,913,mobile
S007010,product_detail,main_image,261,834,desktop
S007011,product_detail,add_to_cart,890,980,app
S007011,product_detail,main_image,466,274,app
S007012,product_detail,detail_text,596,2227,desktop
S007012,product_detail,reviews_tab,566,1222,desktop
S007013,product_detail,main_image,494,290,mobile
S007014,product_detail,main_image,381,425,mobile
S007014,product_detail,add_to_cart,877,909,mobile
S007014,product_detail,main_image,564,423,mobile
S007014,product_detail,main_image,319,336,mobile
S007014,product_detail,reviews_tab,457,1253,mobile
S007015,product_detail,add_to_cart,882,951,app
S007016,product_detail,reviews_tab,548,1207,app
S007016,product_detail,detail_text,876,2136,app
S007018,product_detail,main_image,373,986,desktop
S007019,product_detail,add_to_cart,1039,948,app
S007019,product_detail,detail_text,536,2165,app
S007020,product_detail,reviews_tab,546,1230,app
S007020,product_detail,size_chart,983,715,app
S007021,product_detail,size_chart,1017,705,app
S007021,product_detail,main_image,228,747,app
S007021,product_detail,reviews_tab,818,1242,app
S007021,product_detail,add_to_cart,989,914,app
S007022,product_detail,wishlist,1144,911,mobile
S007023,product_detail,reviews_tab,706,1266,mobile
S007024,product_detail,detail_text,781,1987,mobile
S007024,product_detail,wishlist,1155,926,mobile
S007026,product_detail,size_chart,921,685,app
S007028,product_detail,add_to_cart,969,958,app
S007029,product_detail,wishlist,1175,885,desktop
S007029,product_detail,reviews_tab,520,1273,desktop
S007029,product_detail,add_to_cart,850,889,desktop
S007029,product_detail,main_image,268,599,desktop
S007029,product_detail,coupon_banner,271,149,desktop
S007030,product_detail,size_chart,844,712,desktop
S007030,product_detail,size_chart,915,679,desktop
S007030,product_detail,reviews_tab,477,1254,desktop
S007030,product_detail,size_chart,905,682,desktop
S007031,product_detail,coupon_banner,824,206,mobile
S007031,product_detail,main_image,444,571,mobile
S007031,product_detail,add_to_cart,947,918,mobile
S007031,product_detail,size_chart,968,733,mobile
S007031,product_detail,main_image,320,677,mobile
S007031,product_detail,main_image,289,352,mobile
S007031,product_detail,add_to_cart,942,909,mobile
S007031,product_detail,detail_text,925,2110,mobile
S007031,product_detail,add_to_cart,977,937,mobile
S007032,product_detail,wishlist,1135,926,mobile
S007032,product_detail,main_image,334,465,mobile
S007033,product_detail,reviews_tab,781,1242,app
S007033,product_detail,main_image,322,573,app
S007034,product_detail,main_image,493,771,desktop
S007034,product_detail,main_image,343,689,desktop
S007034,product_detail,coupon_banner,380,171,desktop
S007034,product_detail,reviews_tab,737,1221,desktop
S007035,product_detail,main_image,341,606,mobile
S007035,product_detail,detail_text,1279,1680,mobile
S007035,product_detail,add_to_cart,1203,891,mobile
S007035,product_detail,add_to_cart,1195,911,mobile
S007035,product_detail,main_image,375,372,mobile
S007040,product_detail,reviews_tab,373,1255,app
S007040,product_detail,main_image,594,618,app
S007041,product_detail,main_image,444,464,mobile
S007042,product_detail,main_image,548,780,app
S007043,product_detail,size_chart,874,709,mobile
S007043,product_detail,add_to_cart,893,926,mobile
S007043,product_detail,size_chart,836,707,mobile
S007043,product_detail,reviews_tab,729,1208,mobile
S007045,product_detail,add_to_cart,1085,928,mobile
S007045,product_detail,detail_text,61,2144,mobile
S007046,product_detail,reviews_tab,332,1245,mobile
S007046,product_detail,main_image,383,543,mobile
S007046,product_detail,add_to_cart,954,904,mobile
S007047,product_detail,reviews_tab,583,1254,app
S007047,product_detail,main_image,415,773,app
S007048,product_detail,add_to_cart,943,902,app
S007048,product_detail,add_to_cart,926,935,app
S007048,product_detail,add_to_cart,906,954,app
S007049,product_detail,coupon_banner,1075,177,mobile
S007051,product_detail,detail_text,121,1941,app
S007051,product_detail,add_to_cart,1112,905,app
S007051,product_detail,coupon_banner,357,172,app
S007051,product_detail,add_to_cart,976,926,app
S007052,product_detail,add_to_cart,983,897,app
S007052,product_detail,size_chart,861,696,app
S007053,product_detail,main_image,718,536,app
S007053,product_detail,main_image,446,459,app
S007054,product_detail,reviews_tab,648,1245,desktop
S007054,product_detail,main_image,313,178,desktop
S007054,product_detail,add_to_cart,1020,901,desktop
S007055,product_detail,main_image,357,616,desktop
S007055,product_detail,reviews_tab,706,1291,desktop
S007055,product_detail,detail_text,799,1940,desktop
S007057,product_detail,reviews_tab,829,1222,mobile
S007057,product_detail,main_image,412,663,mobile
S007058,product_detail,main_image,455,646,app
S007059,product_detail,coupon_banner,0,175,desktop
S007059,product_detail,main_image,332,629,desktop
S007060,product_detail,reviews_tab,743,1229,app
S007060,product_detail,reviews_tab,696,1262,app
S007060,product_detail,coupon_banner,1032,195,app
S007060,product_detail,reviews_tab,584,1233,app
S007060,product_detail,thumbnails,175,680,app
S007060,product_detail,add_to_cart,968,918,app
S007060,product_detail,reviews_tab,505,1256,app
S007062,product_detail,size_chart,909,706,app
S007062,product_detail,reviews_tab,189,1277,app
S007062,product_detail,add_to_cart,981,855,app
S007062,product_detail,wishlist,1142,918,app
S007063,product_detail,add_to_cart,948,928,mobile
S007063,product_detail,size_chart,852,686,mobile
S007063,product_detail,coupon_banner,300,140,mobile
S007063,product_detail,main_image,589,545,mobile
S007063,product_detail,reviews_tab,772,1271,mobile
S007063,product_detail,add_to_cart,933,925,mobile
S007063,product_detail,size_chart,923,670,mobile
S007064,product_detail,wishlist,1161,955,app
S007064,product_detail,thumbnails,217,765,app
S007065,product_detail,add_to_cart,1130,931,app
S007065,product_detail,thumbnails,239,869,app
S007065,product_detail,size_chart,838,663,app
S007066,product_detail,reviews_tab,838,1229,mobile
S007066,product_detail,main_image,581,541,mobile
S007068,product_detail,add_to_cart,937,905,app
S007068,product_detail,add_to_cart,855,897,app
S007068,product_detail,reviews_tab,597,1265,app
S007069,product_detail,main_image,499,270,mobile
S007069,product_detail,reviews_tab,552,1239,mobile
S007069,product_detail,reviews_tab,629,1235,mobile
S007070,product_detail,add_to_cart,935,901,mobile
S007070,product_detail,main_image,454,571,mobile
S007070,product_detail,detail_text,584,1616,mobile
S007070,product_detail,main_image,413,597,mobile
S007071,product_detail,reviews_tab,567,1242,mobile
S007071,product_detail,size_chart,1003,722,mobile
S007072,product_detail,size_chart,884,724,desktop
S007072,product_detail,main_image,364,591,desktop
S007073,product_detail,reviews_tab,585,1205,app
S007073,product_detail,detail_text,321,1897,app
S007073,product_detail,add_to_cart,1008,920,app
S007074,product_detail,reviews_tab,775,1253,app
S007075,product_detail,detail_text,784,1922,app
S007075,product_detail,main_image,580,562,app
S007076,product_detail,thumbnails,163,721,app
S007076,product_detail,wishlist,1158,885,app
S007077,product_detail,main_image,296,506,app
S007077,product_detail,main_image,223,562,app
S007077,product_detail,detail_text,741,1564,app
S007077,product_detail,main_image,348,476,app
S007077,product_detail,main_image,561,463,app
S007077,product_detail,detail_text,476,2102,app
S007078,product_detail,main_image,450,479,desktop
S007079,product_detail,main_image,237,513,app
S007080,product_detail,reviews_tab,477,1225,mobile
S007081,product_detail,main_image,440,440,app
S007081,product_detail,coupon_banner,211,181,app
S007081,product_detail,main_image,439,225,app
S007081,product_detail,main_image,277,473,app
S007081,product_detail,add_to_cart,836,923,app
S007081,product_detail,add_to_cart,1012,899,app
S007081,product_detail,main_image,456,564,app
S007082,product_detail,main_image,357,440,mobile
S007082,product_detail,reviews_tab,475,1238,mobile
S007084,product_detail,reviews_tab,866,1258,app
S007084,product_detail,main_image,413,490,app
S007084,product_detail,add_to_cart,968,897,app
S007085,product_detail,wishlist,1142,939,app
S007085,product_detail,add_to_cart,880,959,app
S007086,product_detail,add_to_cart,1105,929,app
S007086,product_detail,add_to_cart,964,890,app
S007086,product_detail,detail_text,254,1810,app
S007088,product_detail,main_image,399,639,app
S007090,product_detail,main_image,543,910,mobile
S007091,product_detail,reviews_tab,484,1247,mobile
S007091,product_detail,reviews_tab,471,1239,mobile
S007091,product_detail,size_chart,966,691,mobile
S007092,product_detail,main_image,439,449,app
S007094,product_detail,main_image,132,466,mobile
S007094,product_detail,main_image,521,259,mobile
S007095,product_detail,add_to_cart,1100,920,mobile
S007095,product_detail,coupon_banner,527,184,mobile
S007095,product_detail,main_image,123,421,mobile
S007095,product_detail,reviews_tab,859,1235,mobile
S007096,product_detail,add_to_cart,926,973,mobile
S007096,product_detail,main_image,605,501,mobile
S007096,product_detail,add_to_cart,1069,890,mobile
S007096,product_detail,coupon_banner,145,238,mobile
S007096,product_detail,add_to_cart,1093,927,mobile
S007097,product_detail,size_chart,844,673,desktop
S007097,product_detail,size_chart,860,698,desktop
S007098,product_detail,main_image,611,503,app
S007099,product_detail,detail_text,759,1517,app
S007099,product_detail,size_chart,825,725,app
S007100,product_detail,main_image,560,562,mobile
S007100,product_detail,reviews_tab,665,1247,mobile
S007100,product_detail,wishlist,1150,909,mobile
S007100,product_detail,reviews_tab,694,1254,mobile
S007102,product_detail,thumbnails,141,501,desktop
S007103,product_detail,add_to_cart,1095,907,app
S007104,product_detail,main_image,389,532,desktop
S007105,product_detail,size_chart,782,718,mobile
S007105,product_detail,main_image,477,551,mobile
S007105,product_detail,main_image,269,372,mobile
S007107,product_detail,main_image,303,543,mobile
S007107,product_detail,detail_text,626,1424,mobile
S007108,product_detail,thumbnails,166,893,app
S007108,product_detail,main_image,337,476,app
S007109,product_detail,reviews_tab,475,1210,app
S007109,product_detail,main_image,483,389,app
S007110,product_detail,main_image,322,580,app
S007110,product_detail,main_image,514,612,app
S007110,product_detail,reviews_tab,644,1268,app
S007111,product_detail,reviews_tab,725,1229,app
S007111,product_detail,reviews_tab,571,1273,app
S007111,product_detail,main_image,451,612,app
S007111,product_detail,main_image,510,391,app
S007113,product_detail,size_chart,1024,713,mobile
S007113,product_detail,size_chart,988,695,mobile
S007113,product_detail,thumbnails,151,707,mobile
S007113,product_detail,size_chart,976,652,mobile
S007113,product_detail,reviews_tab,906,1250,mobile
S007113,product_detail,reviews_tab,826,1248,mobile
S007113,product_detail,size_chart,863,719,mobile
S007113,product_detail,add_to_cart,868,920,mobile
S007114,product_detail,add_to_cart,985,930,mobile
S007114,product_detail,wishlist,1130,918,mobile
S007115,product_detail,reviews_tab,703,1256,desktop
S007115,product_detail,reviews_tab,439,1250,desktop
S007115,product_detail,add_to_cart,1041,910,desktop
S007115,product_detail,size_chart,889,658,desktop
S007116,product_detail,add_to_cart,936,895,mobile
S007116,product_detail,size_chart,963,741,mobile
S007117,product_detail,main_image,591,769,mobile
S007117,product_detail,reviews_tab,517,1247,mobile
S007117,product_detail,reviews_tab,611,1253,mobile
S007118,product_detail,main_image,159,747,mobile
S007118,product_detail,add_to_cart,918,973,mobile
S007118,product_detail,thumbnails,152,558,mobile
S007118,product_detail,main_image,457,469,mobile
S007118,product_detail,main_image,443,541,mobile
S007118,product_detail,wishlist,1162,931,mobile
S007118,product_detail,main_image,550,619,mobile
S007118,product_detail,main_image,486,807,mobile
S007119,product_detail,main_image,372,377,mobile
S007119,product_detail,size_chart,830,689,mobile
S007119,product_detail,size_chart,872,695,mobile
S007119,product_detail,thumbnails,200,950,mobile
S007119,product_detail,main_image,311,214,mobile
S007119,product_detail,main_image,188,336,mobile
S007119,product_detail,main_image,414,504,mobile
S007119,product_detail,wishlist,1101,926,mobile
S007121,product_detail,size_chart,926,687,desktop
S007121,product_detail,thumbnails,168,716,desktop
S007121,product_detail,main_image,242,589,desktop
S007121,product_detail,main_image,264,462,desktop
S007121,product_detail,reviews_tab,694,1265,desktop
S007121,product_detail,add_to_cart,897,945,desktop
S007122,product_detail,main_image,628,472,app
S007122,product_detail,add_to_cart,1041,929,app
S007122,product_detail,size_chart,805,701,app
S007122,product_detail,reviews_tab,740,1231,app
S007122,product_detail,wishlist,1102,944,app
S007122,product_detail,add_to_cart,988,896,app
S007122,product_detail,main_image,482,503,app
S007122,product_detail,coupon_banner,290,209,app
S007122,product_detail,reviews_tab,655,1244,app
S007123,product_detail,detail_text,693,2599,app
S007123,product_detail,reviews_tab,542,1241,app
S007123,product_detail,add_to_cart,862,858,app
S007124,product_detail,reviews_tab,554,1216,mobile
S007124,product_detail,add_to_cart,999,930,mobile
S007124,product_detail,main_image,551,701,mobile
S007125,product_detail,main_image,536,642,app
S007125,product_detail,detail_text,899,1895,app
S007125,product_detail,add_to_cart,1066,918,app
S007126,product_detail,main_image,366,763,desktop
S007126,product_detail,reviews_tab,754,1273,desktop
S007126,product_detail,size_chart,915,686,desktop
S007126,product_detail,main_image,526,376,desktop
S007127,product_detail,detail_text,582,2293,mobile
S007127,product_detail,main_image,428,758,mobile
S007128,product_detail,add_to_cart,1023,913,app
S007128,product_detail,detail_text,1018,1666,app
S007129,product_detail,reviews_tab,477,1232,app
S007129,product_detail,main_image,409,393,app
S007129,product_detail,add_to_cart,958,926,app
S007130,product_detail,reviews_tab,626,1251,mobile
S007130,product_detail,coupon_banner,762,200,mobile
S007130,product_detail,main_image,277,301,mobile
S007130,product_detail,wishlist,1126,943,mobile
S007130,product_detail,reviews_tab,637,1279,mobile
S007132,product_detail,size_chart,1044,685,app
S007132,product_detail,reviews_tab,616,1236,app
S007132,product_detail,main_image,427,341,app
S007133,product_detail,add_to_cart,1047,959,mobile
S007133,product_detail,size_chart,806,750,mobile
S007135,product_detail,reviews_tab,863,1265,mobile
S007135,product_detail,coupon_banner,433,254,mobile
S007135,product_detail,main_image,483,317,mobile
S007135,product_detail,detail_text,535,2334,mobile
S007135,product_detail,detail_text,0,1715,mobile
S007136,product_detail,main_image,373,381,desktop
S007137,product_detail,add_to_cart,1039,908,mobile
S007137,product_detail,size_chart,871,712,mobile
S007137,product_detail,detail_text,265,1749,mobile
S007138,product_detail,main_image,393,581,app
S007139,product_detail,detail_text,621,1834,app
S007139,product_detail,reviews_tab,642,1251,app
S007141,product_detail,detail_text,412,1891,app
S007142,product_detail,main_image,383,235,app
S007142,product_detail,add_to_cart,937,937,app
S007145,product_detail,reviews_tab,625,1216,app
S007145,product_detail,detail_text,1121,1351,app
S007146,product_detail,reviews_tab,582,1264,app
S007146,product_detail,add_to_cart,1195,873,app
S007147,product_detail,reviews_tab,587,1247,desktop
S007148,product_detail,main_image,214,640,mobile
S007148,product_detail,size_chart,866,707,mobile
S007148,product_detail,add_to_cart,963,898,mobile
S007148,product_detail,main_image,521,823,mobile
S007148,product_detail,size_chart,837,697,mobile
S007148,product_detail,detail_text,68,1652,mobile
S007149,product_detail,main_image,360,358,desktop
S007151,product_detail,main_image,504,449,mobile
S007151,product_detail,detail_text,588,2278,mobile
S007152,product_detail,size_chart,1008,694,desktop
S007153,product_detail,main_image,464,360,mobile
S007153,product_detail,detail_text,227,2245,mobile
S007153,product_detail,size_chart,824,704,mobile
S007153,product_detail,reviews_tab,486,1241,mobile
S007153,product_detail,add_to_cart,1044,903,mobile
S007154,product_detail,main_image,146,567,app
S007154,product_detail,main_image,285,492,app
S007154,product_detail,main_image,436,481,app
S007156,product_detail,detail_text,1059,2100,app
S007157,product_detail,reviews_tab,750,1251,app
S007157,product_detail,main_image,381,407,app
S007160,product_detail,main_image,274,556,app
S007162,product_detail,add_to_cart,1040,926,desktop
S007163,product_detail,wishlist,1120,915,app
S007163,product_detail,main_image,486,674,app
S007163,product_detail,main_image,202,686,app
S007164,product_detail,reviews_tab,452,1245,mobile
S007164,product_detail,main_image,582,369,mobile
S007164,product_detail,add_to_cart,1161,943,mobile
S007164,product_detail,main_image,572,356,mobile
S007165,product_detail,main_image,457,419,desktop
S007165,product_detail,add_to_cart,984,927,desktop
S007165,product_detail,main_image,539,545,desktop
S007166,product_detail,size_chart,933,716,app
S007168,product_detail,reviews_tab,606,1262,app
S007168,product_detail,size_chart,1023,685,app
S007171,product_detail,main_image,460,324,app
S007171,product_detail,detail_text,442,1916,app
S007171,product_detail,size_chart,947,678,app
S007171,product_detail,main_image,263,443,app
S007171,product_detail,add_to_cart,1069,904,app
S007172,product_detail,detail_text,716,1440,app
S007172,product_detail,size_chart,861,714,app
S007172,product_detail,add_to_cart,1081,918,app
S007172,product_detail,coupon_banner,887,245,app
S007172,product_detail,detail_text,347,1836,app
S007172,product_detail,thumbnails,154,790,app
S007175,product_detail,size_chart,880,726,mobile
S007175,product_detail,reviews_tab,458,1243,mobile
S007176,product_detail,reviews_tab,708,1258,mobile
S007176,product_detail,detail_text,517,1580,mobile
S007178,product_detail,size_chart,850,675,desktop
S007178,product_detail,main_image,229,674,desktop
S007178,product_detail,main_image,483,555,desktop
S007178,product_detail,main_image,427,808,desktop
S007178,product_detail,size_chart,955,683,desktop
S007178,product_detail,main_image,332,511,desktop
S007179,product_detail,main_image,156,551,mobile
S007179,product_detail,add_to_cart,1117,896,mobile
S007179,product_detail,main_image,351,789,mobile
S007179,product_detail,add_to_cart,985,945,mobile
S007179,product_detail,main_image,336,719,mobile
S007179,product_detail,main_image,409,532,mobile
S007180,product_detail,size_chart,772,691,mobile
S007180,product_detail,add_to_cart,1223,923,mobile
S007180,product_detail,reviews_tab,619,1228,mobile
S007180,product_detail,add_to_cart,867,896,mobile
S007181,product_detail,detail_text,487,2186,app
S007181,product_detail,size_chart,854,684,app
S007181,product_detail,thumbnails,184,867,app
S007181,product_detail,main_image,458,513,app
S007182,product_detail,main_image,493,411,mobile
S007182,product_detail,thumbnails,186,778,mobile
S007182,product_detail,main_image,481,460,mobile
S007182,product_detail,detail_text,415,1997,mobile
S007183,product_detail,add_to_cart,1063,891,app
S007183,product_detail,main_image,497,629,app
S007184,product_detail,size_chart,831,705,mobile
S007184,product_detail,reviews_tab,560,1228,mobile
S007184,product_detail,main_image,289,726,mobile
S007184,product_detail,size_chart,914,675,mobile
S007185,product_detail,main_image,382,499,app
S007186,product_detail,main_image,445,343,mobile
S007186,product_detail,main_image,442,525,mobile
S007186,product_detail,main_image,435,543,mobile
S007186,product_detail,add_to_cart,870,921,mobile
S007186,product_detail,thumbnails,203,599,mobile
S007186,product_detail,add_to_cart,1096,891,mobile
S007186,product_detail,size_chart,734,697,mobile
S007187,product_detail,detail_text,856,1975,mobile
S007187,product_detail,size_chart,845,698,mobile
S007187,product_detail,main_image,356,588,mobile
S007188,product_detail,main_image,492,353,mobile
S007188,product_detail,detail_text,1155,1908,mobile
S007189,product_detail,main_image,503,361,desktop
S007189,product_detail,add_to_cart,1001,962,desktop
S007189,product_detail,main_image,637,498,desktop
S007189,product_detail,add_to_cart,1016,923,desktop
S007189,product_detail,size_chart,852,695,desktop
S007190,product_detail,main_image,478,438,app
S007190,product_detail,add_to_cart,1005,920,app
S007191,product_detail,add_to_cart,945,949,mobile
S007191,product_detail,main_image,494,481,mobile
S007191,product_detail,add_to_cart,1170,934,mobile
S007191,product_detail,main_image,509,582,mobile
S007192,product_detail,main_image,468,829,app
S007193,product_detail,size_chart,977,684,app
S007194,product_detail,thumbnails,135,672,mobile
S007194,product_detail,main_image,319,545,mobile
S007194,product_detail,add_to_cart,795,935,mobile
S007194,product_detail,main_image,394,538,mobile
S007194,product_detail,main_image,293,277,mobile
S007196,product_detail,size_chart,933,694,mobile
S007196,product_detail,main_image,548,726,mobile
S007196,product_detail,add_to_cart,732,951,mobile
S007196,product_detail,detail_text,228,1510,mobile
S007197,product_detail,main_image,331,251,mobile
S007197,product_detail,wishlist,1104,901,mobile
S007197,product_detail,main_image,184,610,mobile
S007197,product_detail,add_to_cart,1228,938,mobile
S007197,product_detail,reviews_tab,887,1238,mobile
S007198,product_detail,add_to_cart,1112,934,mobile
S007199,product_detail,main_image,335,400,desktop
S007199,product_detail,add_to_cart,940,912,desktop
S007200,product_detail,size_chart,876,680,mobile
S007200,product_detail,main_image,375,570,mobile
S007200,product_detail,wishlist,1131,948,mobile
S007200,product_detail,main_image,546,420,mobile
S007202,product_detail,coupon_banner,1040,222,mobile
S007202,product_detail,add_to_cart,1128,919,mobile
S007203,product_detail,reviews_tab,607,1253,app
S007203,product_detail,reviews_tab,811,1227,app
S007203,product_detail,add_to_cart,947,959,app
S007203,product_detail,detail_text,808,1528,app
S007203,product_detail,add_to_cart,1081,893,app
S007203,product_detail,main_image,572,532,app
S007204,product_detail,thumbnails,235,946,desktop
S007205,product_detail,thumbnails,187,616,app
S007206,product_detail,reviews_tab,907,1254,app
S007206,product_detail,add_to_cart,897,958,app
S007206,product_detail,main_image,615,354,app
S007208,product_detail,main_image,359,362,desktop
S007209,product_detail,reviews_tab,632,1250,desktop
S007210,product_detail,main_image,453,657,app
S007211,product_detail,main_image,371,206,app
S007211,product_detail,detail_text,244,1861,app
S007212,product_detail,main_image,550,451,app
S007213,product_detail,thumbnails,133,754,app
S007215,product_detail,reviews_tab,860,1231,app
S007216,product_detail,thumbnails,156,779,app
S007216,product_detail,reviews_tab,843,1222,app
S007216,product_detail,main_image,524,626,app
S007216,product_detail,main_image,348,677,app
S007217,product_detail,add_to_cart,777,888,mobile
S007217,product_detail,main_image,650,560,mobile
S007217,product_detail,reviews_tab,470,1248,mobile
S007217,product_detail,main_image,201,614,mobile
S007218,product_detail,coupon_banner,627,148,app
S007219,product_detail,reviews_tab,1120,1259,app
S007219,product_detail,main_image,480,675,app
S007219,product_detail,thumbnails,177,640,app
S007220,product_detail,add_to_cart,827,889,desktop
S007220,product_detail,add_to_cart,863,890,desktop
S007221,product_detail,wishlist,1198,915,app
S007223,product_detail,main_image,421,542,mobile
S007223,product_detail,main_image,337,487,mobile
S007224,product_detail,main_image,381,622,mobile
S007224,product_detail,main_image,203,555,mobile
S007224,product_detail,wishlist,1142,915,mobile
S007224,product_detail,wishlist,1182,930,mobile
S007224,product_detail,reviews_tab,720,1230,mobile
S007224,product_detail,main_image,291,308,mobile
S007224,product_detail,size_chart,892,680,mobile
S007224,product_detail,detail_text,307,1817,mobile
S007225,product_detail,size_chart,905,695,mobile
S007226,product_detail,reviews_tab,907,1222,app
S007226,product_detail,add_to_cart,873,973,app
S007226,product_detail,thumbnails,148,384,app
S007228,product_detail,reviews_tab,769,1245,desktop
S007228,product_detail,size_chart,953,728,desktop
S007229,product_detail,size_chart,894,689,app
S007229,product_detail,add_to_cart,776,891,app
S007229,product_detail,main_image,505,395,app
S007229,product_detail,main_image,425,552,app
S007231,product_detail,detail_text,777,1669,app
S007231,product_detail,size_chart,864,688,app
S007232,product_detail,add_to_cart,1171,939,mobile
S007232,product_detail,reviews_tab,694,1264,mobile
S007233,product_detail,main_image,296,569,desktop
S007234,product_detail,reviews_tab,462,1301,mobile
S007234,product_detail,add_to_cart,1170,942,mobile
S007234,product_detail,add_to_cart,1048,940,mobile
S007234,product_detail,reviews_tab,836,1244,mobile
S007235,product_detail,main_image,360,425,desktop
S007235,product_detail,thumbnails,76,826,desktop
S007236,product_detail,reviews_tab,644,1216,desktop
S007236,product_detail,wishlist,1114,916,desktop
S007236,product_detail,main_image,490,404,desktop
S007237,product_detail,main_image,470,420,app
S007237,product_detail,main_image,308,335,app
S007237,product_detail,add_to_cart,973,926,app
S007237,product_detail,reviews_tab,1021,1266,app
S007237,product_detail,size_chart,755,702,app
S007237,product_detail,size_chart,1011,676,app
S007237,product_detail,add_to_cart,897,896,app
S007237,product_detail,main_image,448,413,app
S007237,product_detail,thumbnails,149,748,app
S007237,product_detail,reviews_tab,634,1250,app
S007237,product_detail,size_chart,960,758,app
S007238,product_detail,main_image,557,290,app
S007238,product_detail,main_image,415,317,app
S007238,product_detail,add_to_cart,1019,911,app
S007238,product_detail,main_image,484,475,app
S007239,product_detail,main_image,366,434,mobile
S007239,product_detail,add_to_cart,1073,893,mobile
S007239,product_detail,size_chart,923,729,mobile
S007239,product_detail,main_image,271,577,mobile
S007239,product_detail,wishlist,1130,920,mobile
S007239,product_detail,add_to_cart,1104,920,mobile
S007239,product_detail,reviews_tab,582,1224,mobile
S007240,product_detail,main_image,226,558,app
S007242,product_detail,main_image,342,535,app
S007242,product_detail,size_chart,913,706,app
S007242,product_detail,add_to_cart,965,924,app
S007242,product_detail,size_chart,982,704,app
S007242,product_detail,reviews_tab,730,1234,app
S007242,product_detail,reviews_tab,450,1220,app
S007243,product_detail,add_to_cart,1039,926,app
S007243,product_detail,main_image,630,231,app
S007244,product_detail,reviews_tab,794,1210,desktop
S007244,product_detail,add_to_cart,1007,940,desktop
S007244,product_detail,size_chart,981,702,desktop
S007244,product_detail,main_image,519,818,desktop
S007245,product_detail,detail_text,339,2022,mobile
S007246,product_detail,coupon_banner,669,187,app
S007246,product_detail,wishlist,1163,939,app
S007248,product_detail,coupon_banner,984,212,app
S007250,product_detail,wishlist,1125,876,mobile
S007253,product_detail,wishlist,1172,938,mobile
S007253,product_detail,main_image,419,513,mobile
S007253,product_detail,size_chart,1026,693,mobile
S007257,product_detail,detail_text,678,2158,mobile
S007258,product_detail,detail_text,1011,1764,app
S007260,product_detail,main_image,316,580,mobile
S007261,product_detail,size_chart,1000,706,app
S007262,product_detail,coupon_banner,510,195,app
S007262,product_detail,wishlist,1107,932,app
S007262,product_detail,main_image,399,406,app
S007262,product_detail,main_image,378,220,app
S007262,product_detail,coupon_banner,351,192,app
S007263,product_detail,main_image,533,460,app
S007263,product_detail,reviews_tab,890,1194,app
S007264,product_detail,reviews_tab,750,1242,desktop
S007264,product_detail,main_image,469,639,desktop
S007264,product_detail,main_image,584,644,desktop
S007264,product_detail,detail_text,160,1974,desktop
S007265,product_detail,coupon_banner,461,223,app
S007266,product_detail,main_image,394,663,mobile
S007266,product_detail,reviews_tab,623,1225,mobile
S007268,product_detail,main_image,417,580,mobile
S007268,product_detail,size_chart,897,671,mobile
S007268,product_detail,detail_text,977,1665,mobile
S007268,product_detail,detail_text,799,1598,mobile
S007268,product_detail,detail_text,434,1670,mobile
S007268,product_detail,main_image,458,422,mobile
S007269,product_detail,reviews_tab,354,1294,mobile
S007271,product_detail,main_image,421,631,app
S007271,product_detail,add_to_cart,980,955,app
S007273,product_detail,main_image,387,498,desktop
S007273,product_detail,main_image,446,261,desktop
S007273,product_detail,wishlist,1182,917,desktop
S007273,product_detail,main_image,531,159,desktop
S007273,product_detail,main_image,380,693,desktop
S007273,product_detail,main_image,388,520,desktop
S007273,product_detail,detail_text,432,1901,desktop
S007273,product_detail,wishlist,1130,930,desktop
S007275,product_detail,main_image,506,654,mobile
S007275,product_detail,thumbnails,193,910,mobile
S007277,product_detail,detail_text,779,2378,app
S007277,product_detail,main_image,325,609,app
S007277,product_detail,detail_text,620,1354,app
S007277,product_detail,coupon_banner,1065,213,app
S007278,product_detail,coupon_banner,986,133,mobile
S007278,product_detail,add_to_cart,1122,914,mobile
S007279,product_detail,add_to_cart,1123,937,app
S007281,product_detail,add_to_cart,770,935,mobile
S007281,product_detail,thumbnails,128,648,mobile
S007283,product_detail,size_chart,765,728,mobile
S007283,product_detail,size_chart,922,699,mobile
S007284,product_detail,main_image,700,232,app
S007284,product_detail,reviews_tab,856,1252,app
S007284,product_detail,size_chart,905,712,app
S007284,product_detail,main_image,444,695,app
S007285,product_detail,add_to_cart,909,895,mobile
S007285,product_detail,reviews_tab,557,1284,mobile
S007286,product_detail,wishlist,1151,928,app
S007287,product_detail,add_to_cart,1085,954,desktop
S007287,product_detail,size_chart,853,666,desktop
S007287,product_detail,thumbnails,186,635,desktop
S007287,product_detail,thumbnails,147,889,desktop
S007287,product_detail,reviews_tab,574,1234,desktop
S007287,product_detail,thumbnails,171,742,desktop
S007288,product_detail,detail_text,132,1572,desktop
S007289,product_detail,size_chart,898,697,app
S007289,product_detail,main_image,310,666,app
S007289,product_detail,reviews_tab,395,1242,app
S007289,product_detail,main_image,360,605,app
S007290,product_detail,reviews_tab,772,1239,app
S007291,product_detail,add_to_cart,1228,932,mobile
S007291,product_detail,detail_text,942,2104,mobile
S007291,product_detail,detail_text,721,1428,mobile
S007291,product_detail,detail_text,1126,1697,mobile
S007291,product_detail,size_chart,941,756,mobile
S007292,product_detail,thumbnails,118,770,mobile
S007292,product_detail,size_chart,999,667,mobile
S007292,product_detail,size_chart,969,714,mobile
S007293,product_detail,size_chart,800,712,app
S007293,product_detail,main_image,229,511,app
S007293,product_detail,detail_text,317,2183,app
S007293,product_detail,main_image,334,531,app
S007294,product_detail,detail_text,218,1885,app
S007294,product_detail,size_chart,890,721,app
S007294,product_detail,detail_text,1004,2146,app
S007294,product_detail,coupon_banner,894,201,app
S007296,product_detail,reviews_tab,573,1234,desktop
S007297,product_detail,detail_text,631,2106,mobile
S007299,product_detail,add_to_cart,1186,913,mobile
S007299,product_detail,main_image,472,628,mobile
S007299,product_detail,main_image,175,759,mobile
S007299,product_detail,reviews_tab,756,1242,mobile
S007299,product_detail,thumbnails,156,516,mobile
S007299,product_detail,main_image,220,703,mobile
S007300,product_detail,main_image,263,140,app
S007300,product_detail,coupon_banner,1088,201,app
S007301,product_detail,size_chart,1008,706,mobile
S007301,product_detail,add_to_cart,968,940,mobile
S007301,product_detail,add_to_cart,957,940,mobile
S007301,product_detail,add_to_cart,793,943,mobile
S007302,product_detail,detail_text,174,2227,mobile
S007302,product_detail,main_image,495,718,mobile
S007302,product_detail,wishlist,1118,933,mobile
S007302,product_detail,wishlist,1150,915,mobile
S007302,product_detail,add_to_cart,1117,929,mobile
S007303,product_detail,thumbnails,177,571,mobile
S007303,product_detail,main_image,523,441,mobile
S007305,product_detail,main_image,272,529,app
S007305,product_detail,detail_text,1035,1617,app
S007305,product_detail,reviews_tab,550,1242,app
S007306,product_detail,add_to_cart,908,879,desktop
S007306,product_detail,size_chart,970,736,desktop
S007306,product_detail,main_image,571,609,desktop
S007307,product_detail,size_chart,952,691,app
S007307,product_detail,detail_text,336,2354,app
S007307,product_detail,add_to_cart,1078,900,app
S007307,product_detail,reviews_tab,629,1242,app
S007307,product_detail,reviews_tab,352,1264,app
S007307,product_detail,main_image,706,724,app
S007310,product_detail,detail_text,525,1903,app
S007313,product_detail,reviews_tab,753,1271,app
S007313,product_detail,main_image,385,755,app
S007314,product_detail,main_image,329,731,mobile
S007314,product_detail,detail_text,937,1451,mobile
S007314,product_detail,thumbnails,159,903,mobile
S007314,product_detail,reviews_tab,461,1240,mobile
S007315,product_detail,reviews_tab,642,1242,app
S007315,product_detail,size_chart,752,703,app
S007316,product_detail,size_chart,921,699,desktop
S007316,product_detail,main_image,552,374,desktop
S007316,product_detail,reviews_tab,546,1290,desktop
S007316,product_detail,size_chart,872,703,desktop
S007316,product_detail,main_image,372,650,desktop
S007317,product_detail,add_to_cart,1207,932,mobile
S007318,product_detail,reviews_tab,792,1274,desktop
S007318,product_detail,main_image,314,475,desktop
S007319,product_detail,main_image,407,621,app
S007319,product_detail,detail_text,806,2294,app
S007319,product_detail,size_chart,894,702,app
S007319,product_detail,size_chart,1031,720,app
S007319,product_detail,add_to_cart,855,926,app
S007320,product_detail,coupon_banner,533,197,mobile
S007322,product_detail,main_image,579,550,mobile
S007325,product_detail,add_to_cart,1020,943,app
S007325,product_detail,size_chart,965,677,app
S007326,product_detail,main_image,306,211,app
S007326,product_detail,main_image,460,411,app
S007327,product_detail,reviews_tab,652,1288,mobile
S007327,product_detail,size_chart,910,681,mobile
S007328,product_detail,main_image,477,449,app
S007328,product_detail,size_chart,912,698,app
S007329,product_detail,size_chart,843,670,desktop
S007329,product_detail,main_image,629,530,desktop
S007329,product_detail,add_to_cart,1042,939,desktop
S007329,product_detail,wishlist,1122,900,desktop
S007331,product_detail,add_to_cart,960,906,mobile
S007331,product_detail,main_image,696,650,mobile
S007332,product_detail,detail_text,929,1300,app
S007332,product_detail,add_to_cart,1026,946,app
S007332,product_detail,add_to_cart,1052,876,app
S007333,product_detail,coupon_banner,720,235,mobile
S007333,product_detail,reviews_tab,657,1234,mobile
S007333,product_detail,reviews_tab,806,1247,mobile
S007333,product_detail,add_to_cart,1081,925,mobile
S007333,product_detail,main_image,398,715,mobile
S007333,product_detail,reviews_tab,754,1216,mobile
S007333,product_detail,main_image,330,572,mobile
S007336,product_detail,add_to_cart,1019,964,desktop
S007336,product_detail,main_image,386,579,desktop
S007338,product_detail,thumbnails,136,824,app
S007339,product_detail,add_to_cart,1064,895,app
S007342,product_detail,add_to_cart,981,908,app
S007342,product_detail,add_to_cart,1040,921,app
S007342,product_detail,reviews_tab,349,1229,app
S007342,product_detail,thumbnails,72,596,app
S007343,product_detail,size_chart,1003,689,app
S007343,product_detail,reviews_tab,802,1247,app
S007343,product_detail,reviews_tab,707,1227,app
S007343,product_detail,coupon_banner,306,150,app
S007343,product_detail,wishlist,1141,908,app
S007344,product_detail,add_to_cart,863,921,mobile
S007345,product_detail,add_to_cart,1068,897,mobile
S007345,product_detail,size_chart,866,702,mobile
S007345,product_detail,detail_text,812,2320,mobile
S007345,product_detail,main_image,562,452,mobile
S007345,product_detail,add_to_cart,1041,871,mobile
S007346,product_detail,wishlist,1111,926,mobile
S007346,product_detail,main_image,407,652,mobile
S007347,product_detail,add_to_cart,945,932,app
S007347,product_detail,main_image,365,506,app
S007347,product_detail,main_image,407,489,app
S007347,product_detail,coupon_banner,862,177,app
S007347,product_detail,main_image,406,685,app
S007349,product_detail,wishlist,1158,941,mobile
S007351,product_detail,add_to_cart,1081,911,app
S007351,product_detail,add_to_cart,901,940,app
S007351,product_detail,add_to_cart,1110,963,app
S007353,product_detail,wishlist,1185,933,app
S007353,product_detail,thumbnails,148,675,app
S007353,product_detail,add_to_cart,857,899,app
S007353,product_detail,add_to_cart,1030,932,app
S007354,product_detail,main_image,215,297,desktop
S007354,product_detail,wishlist,1159,894,desktop
S007355,product_detail,wishlist,1153,932,app
S007356,product_detail,add_to_cart,944,932,mobile
S007356,product_detail,add_to_cart,1092,929,mobile
S007356,product_detail,add_to_cart,1058,911,mobile
S007356,product_detail,main_image,473,616,mobile
S007357,product_detail,size_chart,829,705,desktop
S007357,product_detail,size_chart,938,708,desktop
S007358,product_detail,add_to_cart,1128,951,mobile
S007358,product_detail,wishlist,1165,911,mobile
S007360,product_detail,main_image,180,467,app
S007360,product_detail,main_image,158,489,app
S007360,product_detail,size_chart,1043,718,app
S007361,product_detail,reviews_tab,944,1234,app
S007362,product_detail,reviews_tab,706,1239,app
S007362,product_detail,size_chart,902,713,app
S007363,product_detail,main_image,244,560,desktop
S007363,product_detail,add_to_cart,933,916,desktop
S007364,product_detail,main_image,399,732,mobile
S007365,product_detail,add_to_cart,891,907,app
S007365,product_detail,reviews_tab,533,1241,app
S007366,product_detail,main_image,507,772,desktop
S007367,product_detail,reviews_tab,430,1266,app
S007367,product_detail,main_image,399,607,app
S007368,product_detail,add_to_cart,803,938,mobile
S007368,product_detail,reviews_tab,816,1283,mobile
S007369,product_detail,coupon_banner,949,162,mobile
S007369,product_detail,detail_text,519,2029,mobile
S007369,product_detail,main_image,508,97,mobile
S007370,product_detail,coupon_banner,526,185,app
S007370,product_detail,reviews_tab,448,1259,app
S007370,product_detail,main_image,485,610,app
S007371,product_detail,wishlist,1134,910,mobile
S007371,product_detail,thumbnails,152,610,mobile
S007373,product_detail,add_to_cart,1132,949,mobile
S007373,product_detail,main_image,291,594,mobile
S007374,product_detail,thumbnails,163,697,app
S007374,product_detail,reviews_tab,747,1275,app
S007374,product_detail,add_to_cart,1100,912,app
S007374,product_detail,main_image,292,409,app
S007374,product_detail,size_chart,852,690,app
S007375,product_detail,add_to_cart,986,928,app
S007375,product_detail,add_to_cart,1065,969,app
S007375,product_detail,main_image,322,602,app
S007375,product_detail,thumbnails,147,706,app
S007377,product_detail,size_chart,823,710,desktop
S007381,product_detail,add_to_cart,1038,912,mobile
S007381,product_detail,main_image,328,213,mobile
S007382,product_detail,size_chart,848,686,app
S007384,product_detail,main_image,546,292,app
S007384,product_detail,add_to_cart,910,942,app
S007385,product_detail,main_image,368,731,desktop
S007386,product_detail,thumbnails,139,820,app
S007386,product_detail,detail_text,630,1525,app
S007386,product_detail,main_image,737,673,app
S007386,product_detail,add_to_cart,865,924,app
S007387,product_detail,main_image,748,734,app
S007388,product_detail,reviews_tab,764,1264,desktop
S007388,product_detail,main_image,369,439,desktop
S007389,product_detail,main_image,270,663,app
S007389,product_detail,main_image,421,557,app
S007391,product_detail,main_image,350,571,desktop
S007391,product_detail,reviews_tab,346,1286,desktop
S007392,product_detail,detail_text,213,1335,mobile
S007393,product_detail,add_to_cart,972,942,mobile
S007393,product_detail,main_image,344,393,mobile
S007393,product_detail,coupon_banner,178,187,mobile
S007393,product_detail,thumbnails,203,676,mobile
S007393,product_detail,reviews_tab,707,1268,mobile
S007393,product_detail,wishlist,1163,901,mobile
S007395,product_detail,main_image,481,331,desktop
S007395,product_detail,detail_text,969,2074,desktop
S007396,product_detail,size_chart,779,694,mobile
S007397,product_detail,main_image,568,514,mobile
S007397,product_detail,add_to_cart,1279,921,mobile
S007398,product_detail,add_to_cart,1279,925,mobile
S007398,product_detail,size_chart,809,671,mobile
S007398,product_detail,detail_text,720,1848,mobile
S007400,product_detail,main_image,389,744,mobile
S007400,product_detail,add_to_cart,910,950,mobile
S007401,product_detail,main_image,456,603,app
S007401,product_detail,coupon_banner,404,202,app
S007402,product_detail,main_image,165,343,mobile
S007402,product_detail,reviews_tab,545,1240,mobile
S007403,product_detail,coupon_banner,383,181,mobile
S007405,product_detail,add_to_cart,850,881,desktop
S007405,product_detail,size_chart,992,698,desktop
S007407,product_detail,main_image,468,672,app
S007407,product_detail,size_chart,840,703,app
S007408,product_detail,main_image,639,418,desktop
S007408,product_detail,main_image,404,712,desktop
S007408,product_detail,reviews_tab,672,1246,desktop
S007408,product_detail,main_image,350,539,desktop
S007409,product_detail,reviews_tab,593,1202,desktop
S007409,product_detail,main_image,374,237,desktop
S007410,product_detail,main_image,500,643,mobile
S007410,product_detail,main_image,406,505,mobile
S007410,product_detail,reviews_tab,728,1231,mobile
S007410,product_detail,thumbnails,164,766,mobile
S007411,product_detail,add_to_cart,1109,889,mobile
S007411,product_detail,main_image,466,381,mobile
S007413,product_detail,reviews_tab,461,1242,desktop
S007414,product_detail,size_chart,963,665,desktop
S007415,product_detail,size_chart,848,680,desktop
S007416,product_detail,size_chart,1002,681,mobile
S007417,product_detail,size_chart,929,689,mobile
S007418,product_detail,main_image,318,504,mobile
S007418,product_detail,add_to_cart,898,897,mobile
S007418,product_detail,coupon_banner,698,140,mobile
S007419,product_detail,add_to_cart,1049,900,mobile
S007419,product_detail,reviews_tab,730,1268,mobile
S007419,product_detail,main_image,349,371,mobile
S007420,product_detail,thumbnails,155,677,mobile
S007420,product_detail,size_chart,882,700,mobile
S007420,product_detail,main_image,508,427,mobile
S007420,product_detail,size_chart,893,683,mobile
S007420,product_detail,coupon_banner,741,180,mobile
S007421,product_detail,reviews_tab,278,1274,app
S007422,product_detail,main_image,370,598,app
S007422,product_detail,main_image,333,281,app
S007423,product_detail,main_image,445,407,desktop
S007423,product_detail,main_image,365,550,desktop
S007424,product_detail,add_to_cart,1042,927,mobile
S007425,product_detail,main_image,299,546,mobile
S007425,product_detail,main_image,446,684,mobile
S007427,product_detail,coupon_banner,971,159,mobile
S007428,product_detail,reviews_tab,383,1245,app
S007429,product_detail,add_to_cart,914,914,app
S007430,product_detail,main_image,348,461,mobile
S007430,product_detail,main_image,345,584,mobile
S007430,product_detail,add_to_cart,1056,924,mobile
S007430,product_detail,main_image,204,333,mobile
S007434,product_detail,main_image,520,607,mobile
S007434,product_detail,main_image,690,519,mobile
S007434,product_detail,size_chart,995,718,mobile
S007435,product_detail,main_image,476,576,mobile
S007435,product_detail,wishlist,1132,936,mobile
S007435,product_detail,size_chart,898,697,mobile
S007436,product_detail,reviews_tab,753,1238,app
S007437,product_detail,reviews_tab,762,1244,mobile
S007438,product_detail,main_image,392,518,mobile
S007439,product_detail,wishlist,1173,898,app
S007439,product_detail,coupon_banner,765,199,app
S007440,product_detail,reviews_tab,633,1256,app
S007440,product_detail,detail_text,541,2035,app
S007441,product_detail,detail_text,555,1795,mobile
S007441,product_detail,add_to_cart,1042,925,mobile
S007442,product_detail,size_chart,832,671,mobile
S007442,product_detail,thumbnails,107,766,mobile
S007442,product_detail,detail_text,394,1849,mobile
S007443,product_detail,add_to_cart,984,918,desktop
S007444,product_detail,add_to_cart,1013,943,mobile
S007444,product_detail,reviews_tab,602,1252,mobile
S007445,product_detail,reviews_tab,668,1217,app
S007446,product_detail,detail_text,750,1350,desktop
S007446,product_detail,thumbnails,161,736,desktop
S007446,product_detail,main_image,361,327,desktop
S007446,product_detail,main_image,419,609,desktop
S007448,product_detail,add_to_cart,1030,914,app
S007448,product_detail,main_image,285,836,app
S007448,product_detail,main_image,352,474,app
S007449,product_detail,add_to_cart,950,930,mobile
S007449,product_detail,add_to_cart,888,935,mobile
S007451,product_detail,size_chart,764,669,mobile
S007451,product_detail,detail_text,811,1864,mobile
S007451,product_detail,detail_text,652,2318,mobile
S007451,product_detail,main_image,181,477,mobile
S007451,product_detail,thumbnails,202,626,mobile
S007451,product_detail,add_to_cart,1056,948,mobile
S007453,product_detail,size_chart,856,688,mobile
S007453,product_detail,coupon_banner,235,200,mobile
S007454,product_detail,size_chart,890,684,mobile
S007454,product_detail,main_image,344,746,mobile
S007454,product_detail,detail_text,806,1680,mobile
S007454,product_detail,add_to_cart,958,942,mobile
S007455,product_detail,size_chart,812,667,mobile
S007456,product_detail,main_image,354,514,mobile
S007456,product_detail,add_to_cart,969,944,mobile
S007457,product_detail,main_image,422,693,desktop
S007458,product_detail,add_to_cart,1090,947,app
S007459,product_detail,size_chart,851,709,app
S007459,product_detail,main_image,328,338,app
S007459,product_detail,reviews_tab,717,1254,app
S007460,product_detail,size_chart,757,686,mobile
S007461,product_detail,detail_text,613,1820,app
S007461,product_detail,add_to_cart,980,942,app
S007461,product_detail,add_to_cart,723,943,app
S007461,product_detail,add_to_cart,743,882,app
S007461,product_detail,coupon_banner,822,189,app
S007462,product_detail,size_chart,942,700,mobile
S007463,product_detail,size_chart,833,715,app
S007463,product_detail,reviews_tab,539,1245,app
S007463,product_detail,reviews_tab,510,1230,app
S007463,product_detail,detail_text,883,1979,app
S007466,product_detail,add_to_cart,814,917,mobile
S007466,product_detail,detail_text,832,1832,mobile
S007466,product_detail,thumbnails,180,658,mobile
S007466,product_detail,main_image,423,366,mobile
S007467,product_detail,main_image,252,234,app
S007467,product_detail,wishlist,1155,932,app
S007468,product_detail,main_image,397,477,mobile
S007468,product_detail,main_image,307,578,mobile
S007468,product_detail,coupon_banner,807,244,mobile
S007468,product_detail,main_image,339,720,mobile
S007468,product_detail,wishlist,1183,924,mobile
S007469,product_detail,main_image,403,932,mobile
S007469,product_detail,main_image,345,222,mobile
S007470,product_detail,main_image,251,492,app
S007470,product_detail,size_chart,962,710,app
S007471,product_detail,size_chart,897,699,mobile
S007471,product_detail,add_to_cart,845,917,mobile
S007471,product_detail,wishlist,1121,921,mobile
S007471,product_detail,add_to_cart,1048,958,mobile
S007471,product_detail,main_image,506,461,mobile
S007471,product_detail,main_image,475,568,mobile
S007471,product_detail,reviews_tab,708,1270,mobile
S007471,product_detail,main_image,569,504,mobile
S007471,product_detail,size_chart,854,670,mobile
S007474,product_detail,coupon_banner,0,184,app
S007474,product_detail,add_to_cart,997,982,app
S007474,product_detail,size_chart,957,706,app
S007474,product_detail,add_to_cart,867,978,app
S007474,product_detail,coupon_banner,472,164,app
S007474,product_detail,main_image,347,310,app
S007475,product_detail,reviews_tab,633,1221,mobile
S007476,product_detail,coupon_banner,563,216,mobile
S007476,product_detail,size_chart,902,678,mobile
S007479,product_detail,main_image,388,448,mobile
S007480,product_detail,wishlist,1142,897,mobile
S007480,product_detail,main_image,491,508,mobile
S007481,product_detail,thumbnails,132,588,mobile
S007481,product_detail,main_image,413,639,mobile
S007482,product_detail,main_image,487,583,mobile
S007482,product_detail,add_to_cart,959,894,mobile
S007483,product_detail,size_chart,913,672,app
S007483,product_detail,main_image,368,725,app
S007483,product_detail,size_chart,959,695,app
S007483,product_detail,size_chart,873,685,app
S007485,product_detail,thumbnails,52,775,app
S007485,product_detail,reviews_tab,646,1213,app
S007487,product_detail,reviews_tab,716,1227,desktop
S007487,product_detail,main_image,383,517,desktop
S007489,product_detail,reviews_tab,735,1289,desktop
S007489,product_detail,add_to_cart,1072,959,desktop
S007489,product_detail,detail_text,1123,2248,desktop
S007489,product_detail,thumbnails,88,676,desktop
S007489,product_detail,size_chart,899,717,desktop
S007489,product_detail,reviews_tab,706,1258,desktop
S007490,product_detail,main_image,432,530,mobile
S007490,product_detail,main_image,255,641,mobile
S007491,product_detail,thumbnails,186,1001,app
S007493,product_detail,reviews_tab,420,1240,desktop
S007493,product_detail,reviews_tab,853,1225,desktop
S007493,product_detail,detail_text,825,1305,desktop
S007493,product_detail,add_to_cart,610,902,desktop
S007494,product_detail,add_to_cart,940,899,desktop
S007494,product_detail,thumbnails,185,672,desktop
S007494,product_detail,detail_text,182,2072,desktop
S007496,product_detail,thumbnails,124,627,desktop
S007496,product_detail,thumbnails,151,867,desktop
S007496,product_detail,detail_text,696,1950,desktop
S007496,product_detail,size_chart,719,683,desktop
S007497,product_detail,reviews_tab,726,1260,app
S007498,product_detail,main_image,480,620,desktop
S007498,product_detail,reviews_tab,833,1238,desktop
S007498,product_detail,wishlist,1134,931,desktop
S007498,product_detail,main_image,488,419,desktop
S007498,product_detail,reviews_tab,782,1278,desktop
S007498,product_detail,reviews_tab,615,1236,desktop
S007499,product_detail,reviews_tab,694,1231,app
S007499,product_detail,reviews_tab,998,1247,app
S007499,product_detail,reviews_tab,393,1265,app
S007499,product_detail,main_image,397,552,app
S007499,product_detail,size_chart,790,696,app
S007499,product_detail,main_image,472,411,app
S007499,product_detail,main_image,537,589,app
S007499,product_detail,main_image,618,236,app
S007501,product_detail,detail_text,559,1935,mobile
S007501,product_detail,main_image,468,340,mobile
S007502,product_detail,main_image,478,437,app
S007502,product_detail,add_to_cart,1065,924,app
S007503,product_detail,detail_text,494,1915,mobile
S007503,product_detail,main_image,341,710,mobile
S007504,product_detail,add_to_cart,1126,887,desktop
S007504,product_detail,wishlist,1121,931,desktop
S007504,product_detail,detail_text,1176,1985,desktop
S007505,product_detail,reviews_tab,635,1236,app
S007505,product_detail,detail_text,350,1938,app
S007506,product_detail,reviews_tab,815,1252,mobile
S007506,product_detail,add_to_cart,849,965,mobile
S007506,product_detail,detail_text,566,1489,mobile
S007506,product_detail,main_image,494,809,mobile
S007506,product_detail,reviews_tab,486,1240,mobile
S007507,product_detail,main_image,601,529,mobile
S007508,product_detail,thumbnails,161,691,app
S007510,product_detail,wishlist,1154,934,mobile
S007510,product_detail,main_image,578,662,mobile
S007510,product_detail,main_image,520,508,mobile
S007511,product_detail,main_image,561,438,mobile
S007511,product_detail,main_image,465,561,mobile
S007512,product_detail,size_chart,931,698,app
S007512,product_detail,thumbnails,164,893,app
S007513,product_detail,wishlist,1173,929,mobile
S007513,product_detail,main_image,319,295,mobile
S007514,product_detail,size_chart,868,694,mobile
S007515,product_detail,wishlist,1161,916,mobile
S007516,product_detail,main_image,276,442,app
S007516,product_detail,add_to_cart,1018,913,app
S007517,product_detail,reviews_tab,707,1272,app
S007517,product_detail,thumbnails,143,855,app
S007517,product_detail,detail_text,99,2247,app
S007517,product_detail,size_chart,911,694,app
S007520,product_detail,main_image,135,793,mobile
S007520,product_detail,main_image,390,679,mobile
S007520,product_detail,reviews_tab,633,1245,mobile
S007520,product_detail,main_image,592,457,mobile
S007521,product_detail,main_image,455,772,app
S007521,product_detail,size_chart,906,715,app
S007521,product_detail,detail_text,1082,2271,app
S007522,product_detail,reviews_tab,621,1250,mobile
S007522,product_detail,coupon_banner,772,197,mobile
S007522,product_detail,reviews_tab,567,1251,mobile
S007523,product_detail,size_chart,861,672,app
S007523,product_detail,main_image,458,553,app
S007523,product_detail,add_to_cart,927,906,app
S007523,product_detail,main_image,554,767,app
S007523,product_detail,reviews_tab,634,1269,app
S007523,product_detail,reviews_tab,543,1279,app
S007523,product_detail,add_to_cart,1052,917,app
S007524,product_detail,main_image,488,362,app
S007524,product_detail,thumbnails,140,874,app
S007525,product_detail,main_image,228,301,desktop
S007525,product_detail,add_to_cart,1031,951,desktop
S007526,product_detail,main_image,234,622,app
S007526,product_detail,coupon_banner,424,213,app
S007528,product_detail,wishlist,1110,916,mobile
S007528,product_detail,main_image,351,573,mobile
S007528,product_detail,reviews_tab,477,1268,mobile
S007528,product_detail,add_to_cart,1033,896,mobile
S007528,product_detail,main_image,323,538,mobile
S007528,product_detail,size_chart,935,696,mobile
S007528,product_detail,reviews_tab,211,1265,mobile
S007528,product_detail,main_image,696,282,mobile
S007528,product_detail,reviews_tab,716,1246,mobile
S007529,product_detail,reviews_tab,625,1274,mobile
S007529,product_detail,main_image,382,497,mobile
S007532,product_detail,main_image,471,552,app
S007533,product_detail,add_to_cart,956,939,app
S007533,product_detail,coupon_banner,774,198,app
S007534,product_detail,main_image,631,487,mobile
S007535,product_detail,wishlist,1138,935,mobile
S007535,product_detail,main_image,379,383,mobile
S007536,product_detail,reviews_tab,702,1276,mobile
S007537,product_detail,add_to_cart,1198,963,app
S007538,product_detail,wishlist,1163,917,mobile
S007538,product_detail,add_to_cart,981,891,mobile
S007538,product_detail,reviews_tab,803,1267,mobile
S007538,product_detail,main_image,284,623,mobile
S007540,product_detail,size_chart,909,725,app
S007540,product_detail,main_image,404,430,app
S007540,product_detail,reviews_tab,552,1265,app
S007543,product_detail,add_to_cart,1116,926,app
S007543,product_detail,reviews_tab,816,1237,app
S007544,product_detail,main_image,323,479,mobile
S007544,product_detail,reviews_tab,384,1277,mobile
S007546,product_detail,thumbnails,178,770,mobile
S007547,product_detail,size_chart,755,719,app
S007547,product_detail,main_image,662,482,app
S007549,product_detail,detail_text,365,2193,mobile
S007549,product_detail,main_image,495,715,mobile
S007549,product_detail,add_to_cart,947,911,mobile
S007549,product_detail,detail_text,106,2086,mobile
S007550,product_detail,detail_text,739,1864,app
S007550,product_detail,wishlist,1139,931,app
S007552,product_detail,add_to_cart,1086,915,app
S007552,product_detail,coupon_banner,1081,171,app
S007554,product_detail,reviews_tab,698,1254,mobile
S007554,product_detail,size_chart,961,688,mobile
S007554,product_detail,reviews_tab,909,1242,mobile
S007555,product_detail,detail_text,982,2009,mobile
S007556,product_detail,thumbnails,185,777,app
S007556,product_detail,main_image,357,642,app
S007558,product_detail,main_image,417,328,mobile
S007558,product_detail,reviews_tab,1031,1267,mobile
S007559,product_detail,size_chart,863,663,mobile
S007559,product_detail,detail_text,711,1912,mobile
S007560,product_detail,main_image,372,592,app
S007561,product_detail,wishlist,1127,952,mobile
S007562,product_detail,thumbnails,61,682,app
S007562,product_detail,size_chart,892,682,app
S007563,product_detail,main_image,585,543,desktop
S007563,product_detail,wishlist,1129,909,desktop
S007563,product_detail,main_image,509,678,desktop
S007564,product_detail,add_to_cart,950,881,mobile
S007564,product_detail,main_image,338,458,mobile
S007564,product_detail,main_image,582,362,mobile
S007564,product_detail,main_image,268,628,mobile
S007565,product_detail,size_chart,816,679,mobile
S007565,product_detail,size_chart,820,676,mobile
S007565,product_detail,main_image,486,841,mobile
S007565,product_detail,main_image,370,541,mobile
S007565,product_detail,size_chart,949,708,mobile
S007566,product_detail,thumbnails,142,624,desktop
S007567,product_detail,add_to_cart,1221,876,desktop
S007567,product_detail,reviews_tab,518,1221,desktop
S007568,product_detail,main_image,333,591,app
S007568,product_detail,size_chart,909,721,app
S007569,product_detail,size_chart,873,704,mobile
S007569,product_detail,size_chart,965,687,mobile
S007570,product_detail,add_to_cart,1048,923,mobile
S007570,product_detail,wishlist,1108,920,mobile
S007571,product_detail,wishlist,1105,906,desktop
S007572,product_detail,main_image,329,457,app
S007572,product_detail,detail_text,418,1730,app
S007573,product_detail,wishlist,1184,903,mobile
S007573,product_detail,reviews_tab,580,1237,mobile
S007574,product_detail,size_chart,941,702,app
S007574,product_detail,main_image,505,659,app
S007574,product_detail,main_image,509,326,app
S007574,product_detail,add_to_cart,1024,927,app
S007575,product_detail,wishlist,1158,918,mobile
S007575,product_detail,add_to_cart,793,947,mobile
S007576,product_detail,coupon_banner,726,187,desktop
S007577,product_detail,reviews_tab,313,1265,app
S007578,product_detail,wishlist,1146,924,mobile
S007578,product_detail,main_image,283,93,mobile
S007578,product_detail,main_image,432,315,mobile
S007578,product_detail,coupon_banner,437,234,mobile
S007579,product_detail,reviews_tab,516,1285,mobile
S007579,product_detail,thumbnails,147,711,mobile
S007579,product_detail,coupon_banner,1071,169,mobile
S007579,product_detail,size_chart,849,716,mobile
S007579,product_detail,coupon_banner,0,219,mobile
S007579,product_detail,main_image,551,339,mobile
S007580,product_detail,reviews_tab,559,1276,mobile
S007580,product_detail,reviews_tab,604,1240,mobile
S007580,product_detail,main_image,447,724,mobile
S007582,product_detail,main_image,464,409,desktop
S007583,product_detail,main_image,459,468,mobile
S007583,product_detail,main_image,294,273,mobile
S007583,product_detail,size_chart,957,711,mobile
S007584,product_detail,size_chart,921,682,app
S007584,product_detail,add_to_cart,956,918,app
S007585,product_detail,add_to_cart,1140,914,app
S007585,product_detail,main_image,352,422,app
S007588,product_detail,size_chart,823,697,app
S007588,product_detail,size_chart,840,691,app
S007588,product_detail,reviews_tab,701,1266,app
S007589,product_detail,add_to_cart,1118,937,app
S007590,product_detail,add_to_cart,1128,936,mobile
S007591,product_detail,main_image,474,378,mobile
S007591,product_detail,reviews_tab,555,1264,mobile
S007592,product_detail,size_chart,774,635,mobile
S007592,product_detail,add_to_cart,1143,918,mobile
S007592,product_detail,add_to_cart,718,901,mobile
S007593,product_detail,size_chart,892,690,app
S007593,product_detail,add_to_cart,1017,889,app
S007593,product_detail,detail_text,785,1830,app
S007593,product_detail,reviews_tab,680,1267,app
S007593,product_detail,reviews_tab,569,1244,app
S007593,product_detail,wishlist,1148,912,app
S007593,product_detail,reviews_tab,537,1237,app
S007593,product_detail,reviews_tab,700,1237,app
S007594,product_detail,add_to_cart,953,943,app
S007594,product_detail,main_image,465,897,app
S007594,product_detail,reviews_tab,856,1279,app
S007594,product_detail,main_image,523,445,app
S007595,product_detail,reviews_tab,894,1238,mobile
S007596,product_detail,main_image,495,722,mobile
S007596,product_detail,main_image,455,275,mobile
S007597,product_detail,size_chart,892,681,app
S007597,product_detail,wishlist,1163,905,app
S007597,product_detail,size_chart,865,681,app
S007598,product_detail,add_to_cart,1104,937,mobile
S007599,product_detail,reviews_tab,428,1251,app
S007599,product_detail,main_image,432,633,app
S007599,product_detail,add_to_cart,1106,950,app
S007600,product_detail,size_chart,925,722,mobile
S007600,product_detail,add_to_cart,1097,923,mobile
S007600,product_detail,size_chart,981,752,mobile
S007600,product_detail,add_to_cart,1179,916,mobile
S007600,product_detail,size_chart,792,692,mobile
S007600,product_detail,add_to_cart,1048,929,mobile
S007601,product_detail,main_image,394,344,mobile
S007601,product_detail,size_chart,832,710,mobile
S007601,product_detail,coupon_banner,645,205,mobile
S007601,product_detail,add_to_cart,854,908,mobile
S007601,product_detail,detail_text,833,2111,mobile
S007602,product_detail,thumbnails,166,835,app
S007602,product_detail,main_image,318,1006,app
S007603,product_detail,add_to_cart,909,916,mobile
S007603,product_detail,reviews_tab,640,1255,mobile
S007603,product_detail,main_image,421,592,mobile
S007605,product_detail,main_image,344,685,mobile
S007607,product_detail,size_chart,869,695,mobile
S007607,product_detail,size_chart,772,676,mobile
S007607,product_detail,reviews_tab,451,1265,mobile
S007608,product_detail,detail_text,978,1477,app
S007608,product_detail,size_chart,829,713,app
S007609,product_detail,reviews_tab,487,1236,app
S007609,product_detail,size_chart,859,681,app
S007609,product_detail,thumbnails,191,851,app
S007610,product_detail,main_image,545,357,mobile
S007611,product_detail,detail_text,210,1736,app
S007611,product_detail,size_chart,959,699,app
S007611,product_detail,add_to_cart,853,940,app
S007612,product_detail,main_image,434,570,mobile
S007612,product_detail,thumbnails,149,605,mobile
S007614,product_detail,main_image,546,500,mobile
S007614,product_detail,main_image,442,696,mobile
S007614,product_detail,reviews_tab,714,1260,mobile
S007614,product_detail,size_chart,956,694,mobile
S007615,product_detail,reviews_tab,839,1207,app
S007616,product_detail,add_to_cart,973,928,desktop
S007617,product_detail,main_image,499,655,app
S007618,product_detail,size_chart,917,697,app
S007618,product_detail,detail_text,910,2065,app
S007619,product_detail,add_to_cart,986,899,app
S007620,product_detail,thumbnails,145,717,mobile
S007621,product_detail,wishlist,1094,925,mobile
S007621,product_detail,add_to_cart,886,972,mobile
S007622,product_detail,main_image,383,344,app
S007622,product_detail,main_image,423,433,app
S007622,product_detail,detail_text,644,1900,app
S007623,product_detail,detail_text,69,2376,mobile
S007624,product_detail,size_chart,899,707,mobile
S007624,product_detail,main_image,580,581,mobile
S007624,product_detail,size_chart,945,719,mobile
S007624,product_detail,reviews_tab,698,1292,mobile
S007626,product_detail,reviews_tab,599,1234,mobile
S007627,product_detail,main_image,361,709,app
S007627,product_detail,reviews_tab,476,1242,app
S007627,product_detail,size_chart,878,710,app
S007627,product_detail,main_image,577,600,app
S007627,product_detail,add_to_cart,887,955,app
S007627,product_detail,reviews_tab,640,1230,app
S007628,product_detail,add_to_cart,1047,917,app
S007628,product_detail,main_image,380,444,app
S007628,product_detail,main_image,410,198,app
S007628,product_detail,add_to_cart,1029,961,app
S007628,product_detail,thumbnails,145,690,app
S007628,product_detail,add_to_cart,1129,936,app
S007628,product_detail,main_image,236,467,app
S007629,product_detail,main_image,622,775,desktop
S007629,product_detail,thumbnails,191,954,desktop
S007629,product_detail,main_image,615,780,desktop
S007630,product_detail,main_image,317,438,mobile
S007632,product_detail,detail_text,875,1569,mobile
S007632,product_detail,detail_text,482,2205,mobile
S007632,product_detail,wishlist,1136,933,mobile
S007632,product_detail,size_chart,933,692,mobile
S007633,product_detail,size_chart,924,685,desktop
S007634,product_detail,main_image,534,697,app
S007636,product_detail,main_image,505,588,app
S007636,product_detail,size_chart,822,713,app
S007636,product_detail,wishlist,1113,920,app
S007637,product_detail,coupon_banner,1123,202,app
S007637,product_detail,add_to_cart,1245,921,app
S007638,product_detail,size_chart,858,694,app
S007638,product_detail,size_chart,888,722,app
S007638,product_detail,add_to_cart,874,909,app
S007639,product_detail,main_image,632,589,mobile
S007639,product_detail,reviews_tab,804,1228,mobile
S007639,product_detail,reviews_tab,789,1246,mobile
S007639,product_detail,detail_text,953,1868,mobile
S007639,product_detail,add_to_cart,944,963,mobile
S007640,product_detail,detail_text,646,1356,desktop
S007640,product_detail,reviews_tab,534,1279,desktop
S007640,product_detail,main_image,609,569,desktop
S007640,product_detail,main_image,344,651,desktop
S007640,product_detail,size_chart,890,714,desktop
S007640,product_detail,main_image,495,570,desktop
S007641,product_detail,reviews_tab,743,1254,desktop
S007641,product_detail,wishlist,1210,920,desktop
S007641,product_detail,add_to_cart,1080,935,desktop
S007642,product_detail,main_image,489,499,desktop
S007643,product_detail,main_image,317,523,mobile
S007643,product_detail,main_image,504,617,mobile
S007644,product_detail,main_image,511,607,mobile
S007644,product_detail,thumbnails,143,815,mobile
S007647,product_detail,wishlist,1115,937,app
S007647,product_detail,reviews_tab,709,1218,app
S007647,product_detail,reviews_tab,648,1262,app
S007648,product_detail,main_image,544,621,desktop
S007649,product_detail,reviews_tab,778,1243,app
S007649,product_detail,main_image,467,651,app
S007650,product_detail,size_chart,869,742,mobile
S007651,product_detail,thumbnails,145,875,mobile
S007652,product_detail,detail_text,721,1805,app
S007652,product_detail,size_chart,1024,681,app
S007653,product_detail,main_image,492,390,app
S007653,product_detail,reviews_tab,603,1256,app
S007654,product_detail,detail_text,660,2599,mobile
S007655,product_detail,coupon_banner,587,171,desktop
S007655,product_detail,add_to_cart,1041,902,desktop
S007655,product_detail,size_chart,772,687,desktop
S007655,product_detail,coupon_banner,567,197,desktop
S007657,product_detail,reviews_tab,497,1276,app
S007657,product_detail,thumbnails,58,533,app
S007657,product_detail,main_image,421,369,app
S007659,product_detail,add_to_cart,916,876,mobile
S007660,product_detail,reviews_tab,555,1238,desktop
S007660,product_detail,size_chart,890,706,desktop
S007660,product_detail,reviews_tab,455,1244,desktop
S007660,product_detail,wishlist,1119,938,desktop
S007660,product_detail,add_to_cart,1015,940,desktop
S007660,product_detail,detail_text,905,2048,desktop
S007661,product_detail,size_chart,901,743,app
S007662,product_detail,main_image,205,489,app
S007662,product_detail,coupon_banner,442,203,app
S007663,product_detail,thumbnails,156,764,desktop
S007664,product_detail,add_to_cart,975,920,mobile
S007664,product_detail,add_to_cart,974,894,mobile
S007664,product_detail,detail_text,869,1649,mobile
S007664,product_detail,main_image,230,776,mobile
S007664,product_detail,main_image,236,382,mobile
S007664,product_detail,main_image,579,635,mobile
S007665,product_detail,main_image,352,615,mobile
S007665,product_detail,main_image,310,379,mobile
S007666,product_detail,main_image,451,391,app
S007666,product_detail,add_to_cart,1197,931,app
S007667,product_detail,main_image,399,865,app
S007669,product_detail,add_to_cart,1162,923,mobile
S007671,product_detail,main_image,317,530,mobile
S007672,product_detail,size_chart,805,700,app
S007672,product_detail,reviews_tab,776,1235,app
S007672,product_detail,size_chart,915,720,app
S007674,product_detail,add_to_cart,915,948,mobile
S007674,product_detail,size_chart,865,681,mobile
S007674,product_detail,main_image,499,827,mobile
S007674,product_detail,wishlist,1146,907,mobile
S007675,product_detail,size_chart,971,724,app
S007675,product_detail,wishlist,1130,931,app
S007676,product_detail,main_image,376,431,app
S007677,product_detail,main_image,359,624,desktop
S007677,product_detail,reviews_tab,519,1246,desktop
S007677,product_detail,main_image,388,367,desktop
S007677,product_detail,thumbnails,182,762,desktop
S007677,product_detail,reviews_tab,485,1246,desktop
S007677,product_detail,reviews_tab,990,1232,desktop
S007678,product_detail,main_image,364,781,mobile
S007678,product_detail,reviews_tab,371,1228,mobile
S007678,product_detail,main_image,296,452,mobile
S007678,product_detail,reviews_tab,514,1237,mobile
S007678,product_detail,main_image,366,429,mobile
S007679,product_detail,main_image,524,588,desktop
S007679,product_detail,main_image,303,556,desktop
S007680,product_detail,size_chart,819,691,app
S007681,product_detail,main_image,376,359,desktop
S007681,product_detail,main_image,514,451,desktop
S007681,product_detail,add_to_cart,1056,987,desktop
S007681,product_detail,add_to_cart,1021,949,desktop
S007681,product_detail,main_image,470,537,desktop
S007683,product_detail,thumbnails,191,908,app
S007683,product_detail,main_image,241,291,app
S007683,product_detail,add_to_cart,1075,910,app
S007685,product_detail,add_to_cart,886,944,app
S007685,product_detail,main_image,305,643,app
S007685,product_detail,size_chart,1025,701,app
S007685,product_detail,add_to_cart,944,882,app
S007685,product_detail,size_chart,752,676,app
S007685,product_detail,size_chart,897,716,app
S007685,product_detail,main_image,184,184,app
S007686,product_detail,add_to_cart,961,942,app
S007686,product_detail,main_image,339,531,app
S007686,product_detail,size_chart,851,686,app
S007687,product_detail,main_image,369,633,mobile
S007687,product_detail,add_to_cart,1003,891,mobile
S007688,product_detail,size_chart,793,694,mobile
S007689,product_detail,coupon_banner,810,231,mobile
S007689,product_detail,add_to_cart,1072,927,mobile
S007691,product_detail,detail_text,509,2290,app
S007691,product_detail,size_chart,778,679,app
S007691,product_detail,add_to_cart,927,917,app
S007693,product_detail,detail_text,1151,2061,app
S007693,product_detail,main_image,167,493,app
S007693,product_detail,reviews_tab,655,1285,app
S007693,product_detail,add_to_cart,1130,939,app
S007694,product_detail,detail_text,562,1863,mobile
S007695,product_detail,detail_text,410,2039,app
S007696,product_detail,size_chart,929,694,mobile
S007697,product_detail,main_image,563,437,mobile
S007697,product_detail,add_to_cart,1145,935,mobile
S007698,product_detail,main_image,280,482,mobile
S007698,product_detail,add_to_cart,1090,952,mobile
S007698,product_detail,add_to_cart,1008,928,mobile
S007700,product_detail,add_to_cart,777,917,desktop
S007700,product_detail,main_image,268,419,desktop
S007702,product_detail,main_image,431,442,mobile
S007702,product_detail,size_chart,984,738,mobile
S007702,product_detail,add_to_cart,1166,914,mobile
S007702,product_detail,reviews_tab,504,1278,mobile
S007702,product_detail,detail_text,475,1827,mobile
S007704,product_detail,main_image,507,398,mobile
S007704,product_detail,main_image,506,556,mobile
S007705,product_detail,add_to_cart,982,934,mobile
S007705,product_detail,reviews_tab,642,1248,mobile
S007705,product_detail,reviews_tab,424,1239,mobile
S007706,product_detail,coupon_banner,1010,164,app
S007706,product_detail,main_image,486,448,app
S007706,product_detail,main_image,577,587,app
S007706,product_detail,main_image,538,430,app
S007706,product_detail,add_to_cart,1002,889,app
S007706,product_detail,add_to_cart,1114,952,app
S007707,product_detail,main_image,305,607,app
S007707,product_detail,wishlist,1143,930,app
S007707,product_detail,size_chart,889,681,app
S007708,product_detail,add_to_cart,978,943,app
S007710,product_detail,add_to_cart,776,861,mobile
S007710,product_detail,main_image,542,433,mobile
S007710,product_detail,coupon_banner,488,196,mobile
S007710,product_detail,add_to_cart,1031,931,mobile
S007711,product_detail,main_image,284,424,app
S007711,product_detail,add_to_cart,1040,911,app
S007711,product_detail,size_chart,876,713,app
S007711,product_detail,reviews_tab,588,1260,app
S007711,product_detail,size_chart,838,697,app
S007712,product_detail,add_to_cart,1114,924,mobile
S007712,product_detail,size_chart,833,729,mobile
S007712,product_detail,detail_text,656,1890,mobile
S007712,product_detail,main_image,711,518,mobile
S007714,product_detail,thumbnails,117,854,mobile
S007714,product_detail,size_chart,883,681,mobile
S007716,product_detail,detail_text,252,2160,app
S007717,product_detail,size_chart,796,681,desktop
S007718,product_detail,reviews_tab,674,1215,mobile
S007720,product_detail,main_image,381,681,mobile
S007720,product_detail,coupon_banner,477,188,mobile
S007720,product_detail,size_chart,992,699,mobile
S007720,product_detail,detail_text,413,1730,mobile
S007721,product_detail,main_image,512,436,app
S007721,product_detail,add_to_cart,1024,952,app
S007721,product_detail,add_to_cart,1028,895,app
S007721,product_detail,main_image,353,706,app
S007721,product_detail,size_chart,897,699,app
S007721,product_detail,add_to_cart,1024,922,app
S007721,product_detail,reviews_tab,542,1227,app
S007722,product_detail,reviews_tab,601,1214,desktop
S007722,product_detail,add_to_cart,1062,903,desktop
S007722,product_detail,main_image,458,811,desktop
S007722,product_detail,main_image,397,680,desktop
S007725,product_detail,wishlist,1186,923,mobile
S007725,product_detail,wishlist,1109,940,mobile
S007726,product_detail,reviews_tab,446,1210,mobile
S007727,product_detail,main_image,520,451,app
S007727,product_detail,detail_text,750,2231,app
S007727,product_detail,main_image,633,297,app
S007728,product_detail,main_image,463,565,app
S007730,product_detail,main_image,498,377,app
S007730,product_detail,main_image,537,634,app
S007730,product_detail,add_to_cart,789,902,app
S007731,product_detail,main_image,370,706,app
S007731,product_detail,main_image,486,393,app
S007731,product_detail,reviews_tab,569,1239,app
S007731,product_detail,coupon_banner,223,215,app
S007732,product_detail,add_to_cart,1005,892,mobile
S007732,product_detail,main_image,555,624,mobile
S007733,product_detail,reviews_tab,600,1255,app
S007733,product_detail,add_to_cart,872,920,app
S007735,product_detail,add_to_cart,1018,904,app
S007735,product_detail,size_chart,924,705,app
S007735,product_detail,reviews_tab,662,1298,app
S007735,product_detail,main_image,144,530,app
S007736,product_detail,reviews_tab,678,1234,app
S007736,product_detail,main_image,522,645,app
S007736,product_detail,main_image,294,688,app
S007736,product_detail,add_to_cart,1058,912,app
S007737,product_detail,main_image,628,539,mobile
S007738,product_detail,coupon_banner,833,181,mobile
S007738,product_detail,reviews_tab,547,1248,mobile
S007740,product_detail,reviews_tab,616,1267,desktop
S007740,product_detail,add_to_cart,911,920,desktop
S007740,product_detail,add_to_cart,889,936,desktop
S007741,product_detail,main_image,289,587,app
S007741,product_detail,reviews_tab,614,1293,app
S007741,product_detail,main_image,323,740,app
S007744,product_detail,reviews_tab,579,1263,mobile
S007744,product_detail,main_image,543,397,mobile
S007744,product_detail,reviews_tab,525,1282,mobile
S007744,product_detail,main_image,397,818,mobile
S007746,product_detail,reviews_tab,491,1243,mobile
S007749,product_detail,main_image,605,122,mobile
S007749,product_detail,main_image,369,348,mobile
S007751,product_detail,coupon_banner,998,240,app
S007751,product_detail,thumbnails,130,794,app
S007751,product_detail,main_image,220,435,app
S007751,product_detail,size_chart,950,693,app
S007751,product_detail,detail_text,1025,2107,app
S007751,product_detail,size_chart,1046,712,app
S007751,product_detail,add_to_cart,1145,900,app
S007751,product_detail,detail_text,1078,1779,app
S007751,product_detail,size_chart,843,677,app
S007752,product_detail,thumbnails,174,882,desktop
S007752,product_detail,main_image,628,591,desktop
S007752,product_detail,coupon_banner,847,211,desktop
S007752,product_detail,main_image,364,210,desktop
S007752,product_detail,size_chart,819,715,desktop
S007752,product_detail,main_image,401,430,desktop
S007752,product_detail,size_chart,1023,731,desktop
S007752,product_detail,main_image,489,671,desktop
S007752,product_detail,add_to_cart,992,931,desktop
S007752,product_detail,wishlist,1124,897,desktop
S007753,product_detail,detail_text,593,2599,mobile
S007754,product_detail,coupon_banner,700,152,desktop
S007754,product_detail,add_to_cart,1015,916,desktop
S007754,product_detail,main_image,426,0,desktop
S007754,product_detail,reviews_tab,764,1265,desktop
S007754,product_detail,reviews_tab,748,1259,desktop
S007755,product_detail,size_chart,817,695,app
S007755,product_detail,add_to_cart,1040,949,app
S007755,product_detail,reviews_tab,434,1230,app
S007756,product_detail,main_image,538,589,mobile
S007759,product_detail,add_to_cart,772,973,desktop
S007760,product_detail,main_image,383,713,app
S007760,product_detail,reviews_tab,686,1248,app
S007760,product_detail,detail_text,489,2352,app
S007760,product_detail,size_chart,963,670,app
S007762,product_detail,main_image,462,383,mobile
S007762,product_detail,size_chart,1052,718,mobile
S007762,product_detail,thumbnails,179,885,mobile
S007763,product_detail,reviews_tab,581,1257,app
S007763,product_detail,detail_text,442,1405,app
S007763,product_detail,main_image,405,475,app
S007763,product_detail,add_to_cart,1052,935,app
S007763,product_detail,size_chart,951,700,app
S007763,product_detail,reviews_tab,871,1266,app
S007764,product_detail,reviews_tab,681,1246,mobile
S007764,product_detail,main_image,160,729,mobile
S007764,product_detail,main_image,471,448,mobile
S007764,product_detail,thumbnails,175,890,mobile
S007764,product_detail,add_to_cart,1022,919,mobile
S007765,product_detail,size_chart,909,713,desktop
S007765,product_detail,size_chart,919,695,desktop
S007766,product_detail,add_to_cart,1062,900,app
S007767,product_detail,main_image,596,540,app
S007767,product_detail,main_image,461,598,app
S007767,product_detail,detail_text,590,2264,app
S007767,product_detail,main_image,473,696,app
S007768,product_detail,reviews_tab,824,1238,desktop
S007769,product_detail,main_image,309,364,app
S007770,product_detail,main_image,546,369,desktop
S007770,product_detail,reviews_tab,837,1224,desktop
S007771,product_detail,main_image,407,555,app
S007771,product_detail,add_to_cart,1062,911,app
S007772,product_detail,main_image,549,473,app
S007772,product_detail,main_image,441,429,app
S007774,product_detail,main_image,351,499,mobile
S007774,product_detail,add_to_cart,1036,945,mobile
S007774,product_detail,add_to_cart,944,923,mobile
S007774,product_detail,size_chart,928,710,mobile
S007776,product_detail,main_image,359,462,app
S007776,product_detail,add_to_cart,1066,938,app
S007778,product_detail,main_image,316,715,app
S007778,product_detail,detail_text,995,2249,app
S007778,product_detail,reviews_tab,559,1269,app
S007780,product_detail,reviews_tab,406,1217,app
S007780,product_detail,main_image,411,617,app
S007781,product_detail,main_image,602,579,desktop
S007781,product_detail,size_chart,918,720,desktop
S007781,product_detail,wishlist,1164,958,desktop
S007782,product_detail,main_image,317,370,mobile
S007782,product_detail,reviews_tab,477,1242,mobile
S007782,product_detail,main_image,409,413,mobile
S007783,product_detail,main_image,356,613,app
S007783,product_detail,add_to_cart,850,895,app
S007783,product_detail,reviews_tab,764,1277,app
S007783,product_detail,size_chart,804,682,app
S007784,product_detail,add_to_cart,987,902,mobile
S007784,product_detail,add_to_cart,861,886,mobile
S007784,product_detail,main_image,529,372,mobile
S007785,product_detail,reviews_tab,680,1279,app
S007788,product_detail,main_image,442,317,mobile
S007788,product_detail,add_to_cart,905,905,mobile
S007789,product_detail,size_chart,805,653,mobile
S007789,product_detail,size_chart,916,696,mobile
S007789,product_detail,wishlist,1187,939,mobile
S007789,product_detail,size_chart,854,695,mobile
S007789,product_detail,thumbnails,159,798,mobile
S007790,product_detail,coupon_banner,586,192,mobile
S007790,product_detail,add_to_cart,1033,890,mobile
S007790,product_detail,add_to_cart,785,935,mobile
S007790,product_detail,add_to_cart,1170,893,mobile
S007790,product_detail,detail_text,1005,1489,mobile
S007792,product_detail,coupon_banner,855,242,mobile
S007792,product_detail,thumbnails,184,700,mobile
S007793,product_detail,main_image,545,313,app
S007793,product_detail,detail_text,523,1432,app
S007794,product_detail,main_image,356,274,app
S007794,product_detail,thumbnails,212,711,app
S007794,product_detail,main_image,274,459,app
S007794,product_detail,add_to_cart,1111,904,app
S007795,product_detail,main_image,656,713,app
S007796,product_detail,reviews_tab,612,1285,mobile
S007796,product_detail,add_to_cart,934,922,mobile
S007796,product_detail,size_chart,949,715,mobile
S007798,product_detail,add_to_cart,1222,899,app
S007798,product_detail,size_chart,895,678,app
S007799,product_detail,detail_text,0,2051,app
S007799,product_detail,main_image,427,416,app
S007799,product_detail,reviews_tab,503,1256,app
S007800,product_detail,add_to_cart,1118,897,mobile
S007800,product_detail,add_to_cart,751,925,mobile
S007800,product_detail,reviews_tab,767,1248,mobile
S007800,product_detail,detail_text,472,2419,mobile
S007802,product_detail,thumbnails,149,697,mobile
S007804,product_detail,reviews_tab,661,1256,mobile
S007804,product_detail,size_chart,961,684,mobile
S007807,product_detail,reviews_tab,656,1257,app
S007809,product_detail,main_image,232,301,mobile
S007809,product_detail,size_chart,964,684,mobile
S007810,product_detail,main_image,328,284,mobile
S007810,product_detail,main_image,332,874,mobile
S007810,product_detail,main_image,409,704,mobile
S007810,product_detail,main_image,637,483,mobile
S007811,product_detail,size_chart,836,667,app
S007811,product_detail,main_image,388,487,app
S007811,product_detail,size_chart,846,720,app
S007812,product_detail,reviews_tab,499,1230,mobile
S007813,product_detail,main_image,520,431,mobile
S007813,product_detail,add_to_cart,952,929,mobile
S007815,product_detail,reviews_tab,727,1281,desktop
S007815,product_detail,main_image,448,700,desktop
S007815,product_detail,main_image,421,386,desktop
S007815,product_detail,main_image,376,447,desktop
S007816,product_detail,reviews_tab,371,1255,desktop
S007816,product_detail,size_chart,966,715,desktop
S007816,product_detail,main_image,649,454,desktop
S007817,product_detail,reviews_tab,471,1217,mobile
S007817,product_detail,size_chart,840,672,mobile
S007820,product_detail,reviews_tab,1090,1230,app
S007820,product_detail,main_image,425,250,app
S007820,product_detail,detail_text,725,1853,app
S007820,product_detail,main_image,382,532,app
S007821,product_detail,coupon_banner,856,229,app
S007821,product_detail,main_image,260,611,app
S007821,product_detail,wishlist,1198,901,app
S007821,product_detail,add_to_cart,889,960,app
S007822,product_detail,main_image,657,230,app
S007822,product_detail,reviews_tab,566,1244,app
S007822,product_detail,detail_text,822,2110,app
S007822,product_detail,detail_text,529,2459,app
S007824,product_detail,thumbnails,181,759,app
S007825,product_detail,detail_text,925,1604,desktop
S007826,product_detail,main_image,520,607,app
S007826,product_detail,reviews_tab,517,1260,app
S007826,product_detail,reviews_tab,464,1254,app
S007826,product_detail,size_chart,969,736,app
S007826,product_detail,main_image,308,570,app
S007826,product_detail,wishlist,1156,930,app
S007826,product_detail,size_chart,1046,699,app
S007827,product_detail,detail_text,283,1497,mobile
S007827,product_detail,coupon_banner,847,196,mobile
S007828,product_detail,coupon_banner,214,225,app
S007828,product_detail,add_to_cart,1222,930,app
S007828,product_detail,detail_text,380,2091,app
S007828,product_detail,add_to_cart,939,893,app
S007828,product_detail,size_chart,983,690,app
S007829,product_detail,main_image,450,427,app
S007829,product_detail,size_chart,991,684,app
S007829,product_detail,detail_text,513,2239,app
S007829,product_detail,detail_text,1257,1812,app
S007830,product_detail,reviews_tab,440,1247,app
S007830,product_detail,main_image,247,518,app
S007831,product_detail,add_to_cart,1060,903,app
S007833,product_detail,size_chart,1025,689,mobile
S007833,product_detail,main_image,636,260,mobile
S007833,product_detail,reviews_tab,527,1274,mobile
S007833,product_detail,add_to_cart,1103,879,mobile
S007833,product_detail,main_image,570,477,mobile
S007833,product_detail,detail_text,73,1965,mobile
S007834,product_detail,add_to_cart,1061,934,mobile
S007834,product_detail,main_image,511,638,mobile
S007835,product_detail,main_image,419,263,mobile
S007836,product_detail,main_image,313,582,mobile
S007836,product_detail,reviews_tab,554,1268,mobile
S007836,product_detail,thumbnails,124,950,mobile
S007836,product_detail,main_image,561,451,mobile
S007838,product_detail,main_image,482,454,mobile
S007838,product_detail,add_to_cart,1088,948,mobile
S007838,product_detail,reviews_tab,798,1234,mobile
S007839,product_detail,add_to_cart,946,939,app
S007839,product_detail,reviews_tab,540,1241,app
S007840,product_detail,size_chart,983,674,app
S007840,product_detail,coupon_banner,810,210,app
S007840,product_detail,main_image,311,707,app
S007840,product_detail,add_to_cart,936,935,app
S007840,product_detail,thumbnails,162,655,app
S007842,product_detail,size_chart,914,700,mobile
S007842,product_detail,wishlist,1160,888,mobile
S007842,product_detail,main_image,374,494,mobile
S007842,product_detail,thumbnails,202,798,mobile
S007843,product_detail,main_image,397,536,desktop
S007843,product_detail,main_image,242,426,desktop
S007843,product_detail,detail_text,0,1701,desktop
S007844,product_detail,wishlist,1125,868,mobile
S007844,product_detail,main_image,324,363,mobile
S007845,product_detail,detail_text,790,2068,app
S007845,product_detail,main_image,391,519,app
S007845,product_detail,thumbnails,159,883,app
S007845,product_detail,reviews_tab,698,1246,app
S007845,product_detail,main_image,205,506,app
S007845,product_detail,reviews_tab,561,1240,app
S007847,product_detail,coupon_banner,160,173,desktop
S007847,product_detail,main_image,343,627,desktop
S007847,product_detail,add_to_cart,1033,870,desktop
S007847,product_detail,reviews_tab,705,1277,desktop
S007847,product_detail,reviews_tab,533,1249,desktop
S007849,product_detail,main_image,460,819,mobile
S007849,product_detail,main_image,339,694,mobile
S007849,product_detail,main_image,349,668,mobile
S007849,product_detail,main_image,448,298,mobile
S007849,product_detail,add_to_cart,900,916,mobile
S007850,product_detail,main_image,554,446,app
S007850,product_detail,add_to_cart,920,937,app
S007850,product_detail,main_image,544,523,app
S007850,product_detail,main_image,497,619,app
S007850,product_detail,detail_text,976,1397,app
S007850,product_detail,wishlist,1148,908,app
S007851,product_detail,main_image,488,557,app
S007851,product_detail,detail_text,1217,1811,app
S007851,product_detail,size_chart,910,698,app
S007852,product_detail,main_image,306,695,desktop
S007854,product_detail,wishlist,1125,929,desktop
S007854,product_detail,detail_text,413,1524,desktop
S007854,product_detail,reviews_tab,904,1278,desktop
S007854,product_detail,coupon_banner,635,237,desktop
S007854,product_detail,add_to_cart,769,954,desktop
S007854,product_detail,main_image,363,426,desktop
S007854,product_detail,add_to_cart,961,881,desktop
S007854,product_detail,detail_text,929,1989,desktop
S007854,product_detail,size_chart,912,666,desktop
S007854,product_detail,detail_text,878,2058,desktop
S007854,product_detail,main_image,256,759,desktop
S007855,product_detail,main_image,420,579,mobile
S007856,product_detail,reviews_tab,710,1231,mobile
S007857,product_detail,size_chart,912,700,app
S007857,product_detail,wishlist,1130,901,app
S007857,product_detail,size_chart,926,717,app
S007857,product_detail,detail_text,994,2288,app
S007859,product_detail,add_to_cart,933,919,desktop
S007859,product_detail,main_image,336,366,desktop
S007860,product_detail,detail_text,536,1960,mobile
S007860,product_detail,size_chart,895,672,mobile
S007861,product_detail,reviews_tab,520,1255,mobile
S007861,product_detail,size_chart,918,675,mobile
S007862,product_detail,reviews_tab,483,1263,app
S007862,product_detail,wishlist,1129,931,app
S007864,product_detail,main_image,425,750,desktop
S007864,product_detail,size_chart,958,699,desktop
S007865,product_detail,main_image,401,430,mobile
S007865,product_detail,add_to_cart,859,900,mobile
S007865,product_detail,main_image,537,657,mobile
S007865,product_detail,reviews_tab,645,1249,mobile
S007865,product_detail,add_to_cart,1183,1010,mobile
S007866,product_detail,coupon_banner,852,225,mobile
S007870,product_detail,reviews_tab,444,1243,mobile
S007870,product_detail,main_image,367,561,mobile
S007871,product_detail,main_image,350,481,app
S007872,product_detail,reviews_tab,964,1243,mobile
S007872,product_detail,main_image,448,225,mobile
S007872,product_detail,main_image,469,319,mobile
S007872,product_detail,main_image,532,614,mobile
S007872,product_detail,reviews_tab,604,1248,mobile
S007873,product_detail,detail_text,908,1816,mobile
S007874,product_detail,thumbnails,119,716,app
S007874,product_detail,reviews_tab,226,1252,app
S007874,product_detail,thumbnails,113,767,app
S007874,product_detail,main_image,484,355,app
S007875,product_detail,reviews_tab,464,1273,desktop
S007875,product_detail,main_image,375,555,desktop
S007876,product_detail,size_chart,872,688,desktop
S007876,product_detail,reviews_tab,966,1273,desktop
S007876,product_detail,main_image,535,802,desktop
S007876,product_detail,add_to_cart,944,971,desktop
S007877,product_detail,main_image,619,707,app
S007877,product_detail,add_to_cart,1029,946,app
S007877,product_detail,detail_text,675,1991,app
S007878,product_detail,reviews_tab,637,1233,desktop
S007879,product_detail,size_chart,981,709,app
S007879,product_detail,size_chart,806,695,app
S007880,product_detail,reviews_tab,436,1258,mobile
S007880,product_detail,coupon_banner,855,250,mobile
S007880,product_detail,main_image,275,557,mobile
S007880,product_detail,main_image,368,190,mobile
S007880,product_detail,main_image,370,229,mobile
S007880,product_detail,detail_text,1030,2066,mobile
S007881,product_detail,size_chart,921,700,mobile
S007881,product_detail,add_to_cart,1110,921,mobile
S007883,product_detail,size_chart,868,672,app
S007884,product_detail,main_image,441,466,mobile
S007884,product_detail,reviews_tab,702,1257,mobile
S007885,product_detail,main_image,680,689,mobile
S007885,product_detail,detail_text,193,1717,mobile
S007885,product_detail,main_image,233,728,mobile
S007886,product_detail,add_to_cart,985,943,app
S007887,product_detail,main_image,378,505,desktop
S007887,product_detail,main_image,574,731,desktop
S007888,product_detail,wishlist,1149,917,app
S007888,product_detail,wishlist,1123,934,app
S007888,product_detail,wishlist,1111,939,app
S007888,product_detail,size_chart,775,679,app
S007889,product_detail,size_chart,926,654,mobile
S007889,product_detail,detail_text,619,1942,mobile
S007889,product_detail,add_to_cart,1029,885,mobile
S007889,product_detail,detail_text,579,1551,mobile
S007889,product_detail,detail_text,1017,2244,mobile
S007890,product_detail,main_image,324,267,mobile
S007890,product_detail,coupon_banner,878,144,mobile
S007891,product_detail,main_image,332,779,desktop
S007891,product_detail,coupon_banner,555,209,desktop
S007891,product_detail,reviews_tab,589,1259,desktop
S007892,product_detail,reviews_tab,383,1223,app
S007892,product_detail,size_chart,1026,688,app
S007893,product_detail,reviews_tab,705,1241,app
S007893,product_detail,wishlist,1124,927,app
S007894,product_detail,thumbnails,258,768,mobile
S007894,product_detail,main_image,214,262,mobile
S007894,product_detail,main_image,427,582,mobile
S007894,product_detail,reviews_tab,649,1246,mobile
S007894,product_detail,add_to_cart,1079,915,mobile
S007895,product_detail,reviews_tab,804,1256,desktop
S007895,product_detail,main_image,501,508,desktop
S007895,product_detail,detail_text,604,1991,desktop
S007895,product_detail,coupon_banner,346,251,desktop
S007895,product_detail,add_to_cart,850,915,desktop
S007896,product_detail,add_to_cart,1019,926,app
S007896,product_detail,wishlist,1102,931,app
S007898,product_detail,size_chart,929,691,app
S007898,product_detail,detail_text,827,1718,app
S007898,product_detail,size_chart,836,682,app
S007898,product_detail,wishlist,1133,944,app
S007898,product_detail,detail_text,1279,2599,app
S007898,product_detail,main_image,260,577,app
S007899,product_detail,reviews_tab,868,1241,app
S007899,product_detail,add_to_cart,1035,925,app
S007899,product_detail,thumbnails,191,783,app
S007899,product_detail,main_image,431,620,app
S007900,product_detail,add_to_cart,852,940,app
S007902,product_detail,size_chart,853,682,app
S007902,product_detail,reviews_tab,796,1236,app
S007904,product_detail,add_to_cart,1124,930,app
S007904,product_detail,add_to_cart,804,924,app
S007904,product_detail,thumbnails,130,871,app
S007905,product_detail,main_image,233,735,desktop
S007905,product_detail,add_to_cart,935,913,desktop
S007905,product_detail,main_image,328,262,desktop
S007905,product_detail,main_image,359,278,desktop
S007905,product_detail,reviews_tab,506,1275,desktop
S007905,product_detail,thumbnails,167,807,desktop
S007905,product_detail,main_image,310,775,desktop
S007905,product_detail,thumbnails,93,905,desktop
S007906,product_detail,reviews_tab,501,1244,app
S007907,product_detail,main_image,327,295,app
S007909,product_detail,thumbnails,162,969,app
S007910,product_detail,add_to_cart,782,940,desktop
S007910,product_detail,detail_text,422,1712,desktop
S007911,product_detail,wishlist,1118,901,desktop
S007913,product_detail,add_to_cart,967,918,app
S007913,product_detail,detail_text,117,1630,app
S007913,product_detail,reviews_tab,739,1251,app
S007913,product_detail,thumbnails,139,849,app
S007914,product_detail,size_chart,883,689,mobile
S007914,product_detail,size_chart,932,731,mobile
S007914,product_detail,main_image,469,241,mobile
S007914,product_detail,size_chart,839,697,mobile
S007915,product_detail,add_to_cart,1098,951,mobile
S007915,product_detail,add_to_cart,1085,912,mobile
S007916,product_detail,reviews_tab,748,1237,desktop
S007916,product_detail,main_image,321,597,desktop
S007918,product_detail,main_image,355,517,mobile
S007918,product_detail,add_to_cart,1013,920,mobile
S007918,product_detail,thumbnails,152,986,mobile
S007918,product_detail,main_image,606,356,mobile
S007918,product_detail,reviews_tab,539,1241,mobile
S007919,product_detail,main_image,511,512,mobile
S007919,product_detail,add_to_cart,989,957,mobile
S007919,product_detail,size_chart,989,712,mobile
S007919,product_detail,main_image,305,545,mobile
S007919,product_detail,add_to_cart,1091,923,mobile
S007923,product_detail,reviews_tab,699,1288,desktop
S007923,product_detail,main_image,547,752,desktop
S007924,product_detail,main_image,589,872,app
S007924,product_detail,coupon_banner,512,218,app
S007924,product_detail,add_to_cart,1132,910,app
S007926,product_detail,reviews_tab,728,1266,mobile
S007927,product_detail,size_chart,880,706,mobile
S007927,product_detail,main_image,402,384,mobile
S007927,product_detail,add_to_cart,1113,925,mobile
S007927,product_detail,coupon_banner,305,222,mobile
S007928,product_detail,size_chart,917,687,app
S007928,product_detail,size_chart,799,701,app
S007929,product_detail,coupon_banner,1093,236,app
S007930,product_detail,size_chart,870,728,mobile
S007930,product_detail,reviews_tab,637,1242,mobile
S007930,product_detail,add_to_cart,1092,950,mobile
S007931,product_detail,main_image,385,733,desktop
S007931,product_detail,main_image,389,587,desktop
S007932,product_detail,reviews_tab,475,1258,mobile
S007934,product_detail,main_image,443,560,mobile
S007934,product_detail,add_to_cart,1122,878,mobile
S007934,product_detail,coupon_banner,1125,218,mobile
S007934,product_detail,coupon_banner,825,185,mobile
S007934,product_detail,main_image,462,394,mobile
S007935,product_detail,add_to_cart,1246,942,app
S007935,product_detail,detail_text,203,1685,app
S007937,product_detail,main_image,423,427,mobile
S007938,product_detail,add_to_cart,1099,925,mobile
S007938,product_detail,thumbnails,133,744,mobile
S007939,product_detail,add_to_cart,1026,917,mobile
S007940,product_detail,add_to_cart,1279,908,mobile
S007940,product_detail,add_to_cart,928,930,mobile
S007940,product_detail,reviews_tab,555,1269,mobile
S007940,product_detail,main_image,654,448,mobile
S007941,product_detail,wishlist,1120,924,app
S007941,product_detail,size_chart,911,692,app
S007941,product_detail,size_chart,915,694,app
S007942,product_detail,main_image,501,874,mobile
S007942,product_detail,main_image,307,444,mobile
S007944,product_detail,detail_text,1031,1923,mobile
S007944,product_detail,main_image,567,385,mobile
S007944,product_detail,main_image,376,513,mobile
S007944,product_detail,add_to_cart,947,948,mobile
S007944,product_detail,reviews_tab,361,1231,mobile
S007946,product_detail,detail_text,241,1807,mobile
S007946,product_detail,add_to_cart,933,914,mobile
S007946,product_detail,main_image,351,561,mobile
S007947,product_detail,size_chart,839,703,mobile
S007947,product_detail,reviews_tab,511,1262,mobile
S007947,product_detail,size_chart,1022,720,mobile
S007947,product_detail,reviews_tab,569,1264,mobile
S007948,product_detail,add_to_cart,1018,957,app
S007948,product_detail,main_image,255,404,app
S007948,product_detail,add_to_cart,1167,933,app
S007948,product_detail,main_image,408,290,app
S007950,product_detail,main_image,498,598,app
S007950,product_detail,main_image,207,565,app
S007950,product_detail,main_image,274,236,app
S007950,product_detail,main_image,625,762,app
S007951,product_detail,add_to_cart,1039,940,app
S007953,product_detail,main_image,542,775,desktop
S007953,product_detail,detail_text,916,1470,desktop
S007955,product_detail,thumbnails,70,932,mobile
S007955,product_detail,size_chart,887,687,mobile
S007955,product_detail,detail_text,441,1336,mobile
S007956,product_detail,main_image,385,405,mobile
S007956,product_detail,thumbnails,130,541,mobile
S007957,product_detail,main_image,564,757,mobile
S007957,product_detail,size_chart,851,698,mobile
S007957,product_detail,size_chart,949,693,mobile
S007957,product_detail,main_image,184,87,mobile
S007957,product_detail,main_image,356,276,mobile
S007957,product_detail,add_to_cart,1096,933,mobile
S007957,product_detail,reviews_tab,545,1233,mobile
S007958,product_detail,main_image,484,229,app
S007960,product_detail,main_image,313,738,app
S007962,product_detail,main_image,525,359,app
S007962,product_detail,size_chart,953,693,app
S007962,product_detail,size_chart,927,661,app
S007962,product_detail,reviews_tab,655,1294,app
S007963,product_detail,reviews_tab,509,1214,mobile
S007965,product_detail,add_to_cart,901,933,desktop
S007965,product_detail,detail_text,571,1369,desktop
S007966,product_detail,main_image,469,711,mobile
S007966,product_detail,main_image,408,701,mobile
S007967,product_detail,add_to_cart,964,916,mobile
S007968,product_detail,add_to_cart,1109,934,app
S007969,product_detail,thumbnails,158,641,app
S007969,product_detail,main_image,376,217,app
S007969,product_detail,main_image,327,509,app
S007970,product_detail,main_image,515,282,app
S007970,product_detail,add_to_cart,1120,944,app
S007971,product_detail,detail_text,1045,1679,mobile
S007971,product_detail,reviews_tab,542,1233,mobile
S007972,product_detail,reviews_tab,410,1259,mobile
S007972,product_detail,reviews_tab,509,1289,mobile
S007972,product_detail,detail_text,594,1588,mobile
S007972,product_detail,add_to_cart,965,916,mobile
S007972,product_detail,main_image,568,528,mobile
S007973,product_detail,main_image,338,756,mobile
S007974,product_detail,add_to_cart,982,886,mobile
S007974,product_detail,add_to_cart,1064,934,mobile
S007976,product_detail,size_chart,1097,698,desktop
S007979,product_detail,main_image,240,638,app
S007979,product_detail,reviews_tab,358,1211,app
S007980,product_detail,add_to_cart,1186,926,mobile
S007980,product_detail,thumbnails,213,926,mobile
S007981,product_detail,reviews_tab,594,1227,app
S007981,product_detail,coupon_banner,1175,209,app
S007982,product_detail,main_image,506,709,desktop
S007983,product_detail,main_image,448,411,app
S007983,product_detail,detail_text,411,1831,app
S007983,product_detail,size_chart,844,700,app
S007984,product_detail,detail_text,0,1984,app
S007984,product_detail,add_to_cart,1047,914,app
S007985,product_detail,detail_text,749,1802,desktop
S007985,product_detail,main_image,710,699,desktop
S007985,product_detail,add_to_cart,1160,928,desktop
S007985,product_detail,main_image,318,405,desktop
S007986,product_detail,detail_text,769,2098,app
S007986,product_detail,size_chart,949,681,app
S007986,product_detail,thumbnails,155,730,app
S007987,product_detail,detail_text,482,1377,desktop
S007987,product_detail,size_chart,907,718,desktop
S007987,product_detail,main_image,676,380,desktop
S007987,product_detail,main_image,426,571,desktop
S007987,product_detail,reviews_tab,522,1274,desktop
S007987,product_detail,add_to_cart,1060,926,desktop
S007988,product_detail,detail_text,167,1647,mobile
S007989,product_detail,detail_text,683,1911,app
S007989,product_detail,size_chart,860,736,app
S007989,product_detail,add_to_cart,1168,928,app
S007989,product_detail,size_chart,961,689,app
S007989,product_detail,detail_text,493,1836,app
S007989,product_detail,add_to_cart,1155,954,app
S007990,product_detail,main_image,358,619,app
S007990,product_detail,reviews_tab,626,1275,app
S007990,product_detail,add_to_cart,1085,887,app
S007990,product_detail,main_image,382,362,app
S007990,product_detail,reviews_tab,812,1206,app
S007991,product_detail,size_chart,886,702,desktop
S007992,product_detail,detail_text,658,1570,app
S007992,product_detail,main_image,572,396,app
S007993,product_detail,add_to_cart,1054,944,mobile
S007993,product_detail,reviews_tab,681,1264,mobile
S007994,product_detail,main_image,415,443,app
S007994,product_detail,add_to_cart,974,887,app
S007995,product_detail,reviews_tab,882,1258,app
S007995,product_detail,reviews_tab,520,1236,app
S007995,product_detail,size_chart,930,707,app
S007995,product_detail,reviews_tab,971,1273,app
S007996,product_detail,add_to_cart,1072,903,app
S007996,product_detail,wishlist,1164,902,app
S007997,product_detail,reviews_tab,893,1258,desktop
S007997,product_detail,detail_text,585,1939,desktop
S008001,product_detail,main_image,454,503,app
S008001,product_detail,add_to_cart,800,880,app
S008003,product_detail,detail_text,669,2254,desktop
S008003,product_detail,size_chart,904,707,desktop
S008003,product_detail,main_image,391,940,desktop
S008004,product_detail,main_image,275,680,mobile
S008004,product_detail,add_to_cart,1085,943,mobile
S008004,product_detail,main_image,559,798,mobile
S008004,product_detail,thumbnails,113,781,mobile
S008004,product_detail,add_to_cart,974,908,mobile
S008005,product_detail,main_image,297,493,mobile
S008005,product_detail,main_image,708,290,mobile
S008006,product_detail,reviews_tab,507,1220,app
S008006,product_detail,detail_text,802,1779,app
S008007,product_detail,detail_text,747,1618,desktop
S008008,product_detail,detail_text,912,1982,mobile
S008008,product_detail,main_image,383,629,mobile
S008008,product_detail,detail_text,735,1578,mobile
S008012,product_detail,detail_text,1150,1725,mobile
S008012,product_detail,main_image,314,653,mobile
S008012,product_detail,main_image,449,735,mobile
S008013,product_detail,add_to_cart,973,913,desktop
S008013,product_detail,main_image,314,396,desktop
S008013,product_detail,add_to_cart,840,930,desktop
S008014,product_detail,main_image,612,394,app
S008014,product_detail,coupon_banner,349,197,app
S008014,product_detail,add_to_cart,1046,894,app
S008014,product_detail,size_chart,958,690,app
S008014,product_detail,thumbnails,210,766,app
S008014,product_detail,main_image,573,364,app
S008014,product_detail,main_image,244,389,app
S008016,product_detail,reviews_tab,757,1258,mobile
S008016,product_detail,main_image,558,665,mobile
S008016,product_detail,reviews_tab,665,1226,mobile
S008016,product_detail,wishlist,1130,922,mobile
S008016,product_detail,main_image,418,662,mobile
S008016,product_detail,main_image,797,636,mobile
S008017,product_detail,main_image,353,686,mobile
S008020,product_detail,reviews_tab,499,1261,app
S008020,product_detail,detail_text,873,2212,app
S008021,product_detail,reviews_tab,698,1265,mobile
S008021,product_detail,add_to_cart,1003,886,mobile
S008021,product_detail,main_image,478,650,mobile
S008021,product_detail,detail_text,649,1991,mobile
S008021,product_detail,main_image,562,389,mobile
S008024,product_detail,main_image,370,434,mobile
S008025,product_detail,size_chart,797,687,mobile
S008025,product_detail,main_image,590,400,mobile
S008025,product_detail,main_image,562,247,mobile
S008025,product_detail,detail_text,235,1364,mobile
S008025,product_detail,main_image,360,570,mobile
S008026,product_detail,reviews_tab,499,1267,mobile
S008026,product_detail,add_to_cart,1103,876,mobile
S008026,product_detail,size_chart,952,684,mobile
S008027,product_detail,main_image,455,900,mobile
S008027,product_detail,add_to_cart,1054,887,mobile
S008028,product_detail,main_image,635,148,app
S008028,product_detail,reviews_tab,681,1255,app
S008029,product_detail,main_image,529,288,mobile
S008031,product_detail,detail_text,846,2078,desktop
S008031,product_detail,detail_text,627,1772,desktop
S008031,product_detail,size_chart,843,745,desktop
S008031,product_detail,coupon_banner,868,187,desktop
S008031,product_detail,main_image,630,666,desktop
S008031,product_detail,add_to_cart,891,955,desktop
S008031,product_detail,size_chart,873,705,desktop
S008031,product_detail,reviews_tab,820,1240,desktop
S008032,product_detail,reviews_tab,504,1276,mobile
S008032,product_detail,add_to_cart,934,937,mobile
S008032,product_detail,add_to_cart,1080,918,mobile
S008032,product_detail,reviews_tab,795,1269,mobile
S008032,product_detail,thumbnails,112,780,mobile
S008032,product_detail,main_image,429,527,mobile
S008033,product_detail,coupon_banner,562,247,app
S008033,product_detail,main_image,662,572,app
S008033,product_detail,size_chart,922,705,app
S008033,product_detail,add_to_cart,883,939,app
S008034,product_detail,main_image,403,668,desktop
S008034,product_detail,reviews_tab,720,1243,desktop
S008034,product_detail,wishlist,1119,908,desktop
S008035,product_detail,main_image,504,565,mobile
S008035,product_detail,wishlist,1128,904,mobile
S008035,product_detail,coupon_banner,426,182,mobile
S008035,product_detail,reviews_tab,662,1231,mobile
S008035,product_detail,size_chart,1007,713,mobile
S008035,product_detail,main_image,413,339,mobile
S008035,product_detail,main_image,538,492,mobile
S008035,product_detail,size_chart,950,689,mobile
S008036,product_detail,detail_text,1069,1730,desktop
S008037,product_detail,add_to_cart,981,955,app
S008039,product_detail,wishlist,1107,929,desktop
S008039,product_detail,wishlist,1123,916,desktop
S008039,product_detail,reviews_tab,461,1224,desktop
S008040,product_detail,reviews_tab,814,1263,mobile
S008040,product_detail,add_to_cart,1170,909,mobile
S008041,product_detail,reviews_tab,602,1265,mobile
S008041,product_detail,size_chart,941,729,mobile
S008041,product_detail,main_image,487,476,mobile
S008043,product_detail,size_chart,953,660,mobile
S008043,product_detail,main_image,412,449,mobile
S008044,product_detail,reviews_tab,821,1282,app
S008044,product_detail,detail_text,575,2050,app
S008044,product_detail,add_to_cart,1018,943,app
S008045,product_detail,main_image,708,786,app
S008047,product_detail,reviews_tab,259,1232,mobile
S008048,product_detail,main_image,611,725,app
S008048,product_detail,detail_text,480,2599,app
S008048,product_detail,add_to_cart,1129,933,app
S008048,product_detail,add_to_cart,1279,962,app
S008049,product_detail,detail_text,630,1562,mobile
S008049,product_detail,reviews_tab,845,1275,mobile
S008051,product_detail,add_to_cart,941,924,app
S008052,product_detail,reviews_tab,600,1241,app
S008053,product_detail,add_to_cart,876,927,app
S008053,product_detail,detail_text,511,2122,app
S008053,product_detail,add_to_cart,945,874,app
S008053,product_detail,wishlist,1095,927,app
S008057,product_detail,wishlist,1170,898,mobile
S008057,product_detail,main_image,422,291,mobile
S008058,product_detail,size_chart,941,696,app
S008058,product_detail,main_image,393,536,app
S008059,product_detail,size_chart,880,702,mobile
S008059,product_detail,main_image,286,480,mobile
S008059,product_detail,size_chart,764,707,mobile
S008059,product_detail,detail_text,629,1773,mobile
S008060,product_detail,thumbnails,245,568,app
S008060,product_detail,main_image,382,748,app
S008060,product_detail,wishlist,1147,928,app
S008060,product_detail,thumbnails,90,869,app
S008061,product_detail,reviews_tab,118,1264,app
S008062,product_detail,reviews_tab,519,1242,mobile
S008063,product_detail,main_image,663,226,desktop
S008063,product_detail,main_image,406,782,desktop
S008063,product_detail,reviews_tab,551,1237,desktop
S008064,product_detail,thumbnails,171,638,desktop
S008066,product_detail,detail_text,567,2328,app
S008066,product_detail,add_to_cart,911,908,app
S008068,product_detail,main_image,638,401,mobile
S008068,product_detail,reviews_tab,605,1253,mobile
S008069,product_detail,size_chart,914,686,app
S008070,product_detail,reviews_tab,745,1215,app
S008070,product_detail,reviews_tab,655,1257,app
S008070,product_detail,size_chart,857,696,app
S008070,product_detail,detail_text,1132,1908,app
S008071,product_detail,detail_text,891,1842,app
S008071,product_detail,main_image,546,720,app
S008071,product_detail,add_to_cart,952,939,app
S008072,product_detail,detail_text,919,1882,desktop
S008072,product_detail,detail_text,307,1630,desktop
S008073,product_detail,size_chart,1038,689,app
S008073,product_detail,wishlist,1141,941,app
S008075,product_detail,add_to_cart,816,912,mobile
S008076,product_detail,size_chart,992,723,desktop
S008076,product_detail,thumbnails,212,888,desktop
S008077,product_detail,main_image,257,407,app
S008077,product_detail,coupon_banner,897,190,app
S008077,product_detail,coupon_banner,653,220,app
S008077,product_detail,main_image,490,618,app
S008078,product_detail,main_image,560,378,mobile
S008079,product_detail,add_to_cart,1008,936,app
S008079,product_detail,detail_text,985,1785,app
S008080,product_detail,add_to_cart,829,937,mobile
S008080,product_detail,add_to_cart,1160,976,mobile
S008081,product_detail,add_to_cart,909,903,desktop
S008083,product_detail,size_chart,829,727,mobile
S008083,product_detail,add_to_cart,1012,928,mobile
S008083,product_detail,thumbnails,85,587,mobile
S008083,product_detail,main_image,264,260,mobile
S008083,product_detail,size_chart,930,695,mobile
S008084,product_detail,detail_text,1279,1875,mobile
S008084,product_detail,reviews_tab,844,1261,mobile
S008085,product_detail,add_to_cart,1081,891,desktop
S008085,product_detail,main_image,386,411,desktop
S008086,product_detail,wishlist,1123,903,mobile
S008086,product_detail,reviews_tab,728,1228,mobile
S008086,product_detail,add_to_cart,1006,913,mobile
S008087,product_detail,thumbnails,127,621,mobile
S008087,product_detail,main_image,503,667,mobile
S008087,product_detail,reviews_tab,591,1256,mobile
S008087,product_detail,size_chart,898,716,mobile
S008087,product_detail,size_chart,1017,745,mobile
S008087,product_detail,size_chart,977,737,mobile
S008088,product_detail,reviews_tab,564,1283,app
S008088,product_detail,reviews_tab,642,1266,app
S008089,product_detail,detail_text,128,2276,mobile
S008090,product_detail,main_image,306,701,app
S008090,product_detail,add_to_cart,1061,935,app
S008090,product_detail,main_image,334,428,app
S008090,product_detail,add_to_cart,1036,933,app
S008091,product_detail,add_to_cart,995,909,mobile
S008091,product_detail,size_chart,804,693,mobile
S008091,product_detail,main_image,404,426,mobile
S008091,product_detail,coupon_banner,808,207,mobile
S008091,product_detail,main_image,698,466,mobile
S008093,product_detail,size_chart,850,667,desktop
S008094,product_detail,main_image,414,507,app
S008094,product_detail,main_image,576,389,app
S008094,product_detail,size_chart,902,672,app
S008094,product_detail,add_to_cart,1167,916,app
S008094,product_detail,size_chart,982,708,app
S008094,product_detail,main_image,374,358,app
S008096,product_detail,reviews_tab,919,1256,mobile
S008098,product_detail,main_image,399,361,desktop
S008098,product_detail,main_image,581,589,desktop
S008098,product_detail,add_to_cart,992,909,desktop
S008098,product_detail,reviews_tab,634,1246,desktop
S008098,product_detail,detail_text,0,2172,desktop
S008098,product_detail,main_image,555,436,desktop
S008099,product_detail,main_image,338,641,mobile
S008100,product_detail,thumbnails,123,570,mobile
S008100,product_detail,thumbnails,152,877,mobile
S008102,product_detail,size_chart,927,665,app
S008102,product_detail,add_to_cart,1078,893,app
S008102,product_detail,main_image,208,417,app
S008102,product_detail,main_image,265,731,app
S008104,product_detail,add_to_cart,1134,909,mobile
S008105,product_detail,wishlist,1145,930,app
S008105,product_detail,detail_text,914,1981,app
S008106,product_detail,size_chart,862,700,app
S008106,product_detail,main_image,448,427,app
S008106,product_detail,reviews_tab,810,1258,app
S008107,product_detail,detail_text,869,2468,app
S008107,product_detail,detail_text,917,1854,app
S008107,product_detail,main_image,389,566,app
S008108,product_detail,add_to_cart,910,892,mobile
S008108,product_detail,wishlist,1109,923,mobile
S008109,product_detail,reviews_tab,707,1242,desktop
S008109,product_detail,reviews_tab,664,1225,desktop
S008110,product_detail,main_image,524,491,mobile
S008111,product_detail,add_to_cart,1133,943,app
S008111,product_detail,reviews_tab,559,1255,app
S008112,product_detail,size_chart,859,687,app
S008112,product_detail,add_to_cart,997,894,app
S008112,product_detail,detail_text,594,2104,app
S008113,product_detail,thumbnails,97,738,app
S008113,product_detail,add_to_cart,949,926,app
S008113,product_detail,detail_text,153,1276,app
S008113,product_detail,add_to_cart,999,913,app
S008114,product_detail,add_to_cart,948,943,mobile
S008114,product_detail,size_chart,855,678,mobile
S008115,product_detail,main_image,422,333,mobile
S008117,product_detail,size_chart,880,718,app
S008117,product_detail,size_chart,884,689,app
S008117,product_detail,thumbnails,178,809,app
S008118,product_detail,size_chart,1014,708,desktop
S008120,product_detail,main_image,270,741,mobile
S008120,product_detail,size_chart,939,683,mobile
S008121,product_detail,add_to_cart,997,919,app
S008121,product_detail,detail_text,329,1958,app
S008121,product_detail,reviews_tab,846,1268,app
S008121,product_detail,main_image,493,856,app
S008121,product_detail,reviews_tab,861,1255,app
S008122,product_detail,wishlist,1159,894,app
S008122,product_detail,reviews_tab,595,1270,app
S008122,product_detail,detail_text,457,1969,app
S008122,product_detail,thumbnails,85,684,app
S008122,product_detail,main_image,422,263,app
S008125,product_detail,main_image,446,515,mobile
S008125,product_detail,size_chart,907,681,mobile
S008126,product_detail,add_to_cart,1041,961,mobile
S008127,product_detail,detail_text,765,1705,app
S008127,product_detail,size_chart,902,684,app
S008127,product_detail,add_to_cart,854,957,app
S008128,product_detail,main_image,370,575,desktop
S008128,product_detail,main_image,547,784,desktop
S008129,product_detail,add_to_cart,1051,939,mobile
S008129,product_detail,main_image,324,364,mobile
S008131,product_detail,add_to_cart,939,886,app
S008131,product_detail,main_image,218,638,app
S008131,product_detail,main_image,378,766,app
S008134,product_detail,reviews_tab,611,1218,app
S008134,product_detail,wishlist,1130,923,app
S008134,product_detail,reviews_tab,667,1279,app
S008135,product_detail,add_to_cart,1054,919,mobile
S008135,product_detail,size_chart,872,693,mobile
S008135,product_detail,main_image,417,616,mobile
S008135,product_detail,add_to_cart,824,963,mobile
S008136,product_detail,coupon_banner,618,230,app
S008137,product_detail,detail_text,757,1956,app
S008137,product_detail,reviews_tab,1048,1238,app
S008138,product_detail,detail_text,796,1761,app
S008138,product_detail,wishlist,1128,914,app
S008138,product_detail,coupon_banner,603,191,app
S008138,product_detail,main_image,498,331,app
S008139,product_detail,main_image,352,452,mobile
S008139,product_detail,size_chart,830,707,mobile
S008140,product_detail,size_chart,952,700,desktop
S008142,product_detail,main_image,581,446,desktop
S008142,product_detail,main_image,462,420,desktop
S008142,product_detail,size_chart,890,722,desktop
S008142,product_detail,size_chart,932,696,desktop
S008145,product_detail,main_image,273,461,app
S008146,product_detail,size_chart,835,685,mobile
S008146,product_detail,add_to_cart,1095,969,mobile
S008146,product_detail,detail_text,675,1748,mobile
S008146,product_detail,wishlist,1141,915,mobile
S008147,product_detail,coupon_banner,1279,237,app
S008147,product_detail,main_image,501,405,app
S008147,product_detail,detail_text,797,2031,app
S008150,product_detail,add_to_cart,1186,920,app
S008150,product_detail,size_chart,907,727,app
S008151,product_detail,thumbnails,145,689,mobile
S008151,product_detail,wishlist,1162,907,mobile
S008151,product_detail,wishlist,1178,889,mobile
S008151,product_detail,reviews_tab,811,1275,mobile
S008152,product_detail,main_image,565,744,mobile
S008152,product_detail,add_to_cart,1036,918,mobile
S008153,product_detail,main_image,455,824,mobile
S008153,product_detail,size_chart,888,686,mobile
S008154,product_detail,add_to_cart,890,941,mobile
S008154,product_detail,coupon_banner,350,183,mobile
S008154,product_detail,add_to_cart,1201,937,mobile
S008155,product_detail,add_to_cart,873,932,mobile
S008155,product_detail,size_chart,886,686,mobile
S008155,product_detail,main_image,434,746,mobile
S008155,product_detail,thumbnails,130,843,mobile
S008156,product_detail,detail_text,704,2284,desktop
S008156,product_detail,main_image,482,471,desktop
S008157,product_detail,main_image,358,613,app
S008157,product_detail,wishlist,1139,912,app
S008157,product_detail,add_to_cart,868,928,app
S008160,product_detail,add_to_cart,1062,908,app
S008161,product_detail,main_image,424,687,app
S008161,product_detail,size_chart,887,668,app
S008161,product_detail,wishlist,1084,920,app
S008161,product_detail,size_chart,991,719,app
S008161,product_detail,reviews_tab,824,1251,app
S008162,product_detail,main_image,318,405,app
S008163,product_detail,reviews_tab,836,1263,mobile
S008163,product_detail,reviews_tab,587,1234,mobile
S008163,product_detail,size_chart,763,679,mobile
S008163,product_detail,size_chart,867,708,mobile
S008163,product_detail,size_chart,823,711,mobile
S008163,product_detail,main_image,663,527,mobile
S008163,product_detail,detail_text,891,1334,mobile
S008164,product_detail,coupon_banner,652,204,app
S008164,product_detail,main_image,190,138,app
S008164,product_detail,reviews_tab,713,1271,app
S008164,product_detail,add_to_cart,916,943,app
S008165,product_detail,reviews_tab,812,1230,app
S008165,product_detail,add_to_cart,1279,932,app
S008166,product_detail,size_chart,945,714,mobile
S008166,product_detail,main_image,337,326,mobile
S008166,product_detail,reviews_tab,677,1250,mobile
S008168,product_detail,main_image,400,637,app
S008168,product_detail,add_to_cart,1039,942,app
S008171,product_detail,detail_text,661,2110,mobile
S008171,product_detail,add_to_cart,954,919,mobile
S008172,product_detail,wishlist,1096,958,mobile
S008172,product_detail,add_to_cart,883,913,mobile
S008173,product_detail,reviews_tab,553,1253,mobile
S008173,product_detail,main_image,477,425,mobile
S008174,product_detail,main_image,324,666,mobile
S008175,product_detail,reviews_tab,625,1276,mobile
S008175,product_detail,reviews_tab,579,1281,mobile
S008176,product_detail,detail_text,747,2109,mobile
S008176,product_detail,add_to_cart,821,890,mobile
S008176,product_detail,reviews_tab,722,1288,mobile
S008176,product_detail,size_chart,823,707,mobile
S008178,product_detail,reviews_tab,841,1235,mobile
S008178,product_detail,size_chart,919,688,mobile
S008178,product_detail,main_image,391,674,mobile
S008178,product_detail,add_to_cart,1123,924,mobile
S008181,product_detail,add_to_cart,895,914,mobile
S008181,product_detail,add_to_cart,1064,881,mobile
S008182,product_detail,main_image,354,550,desktop
S008182,product_detail,add_to_cart,860,940,desktop
S008182,product_detail,main_image,786,690,desktop
S008184,product_detail,reviews_tab,852,1266,mobile
S008184,product_detail,thumbnails,132,873,mobile
S008185,product_detail,main_image,335,702,mobile
S008185,product_detail,thumbnails,82,837,mobile
S008185,product_detail,size_chart,909,659,mobile
S008187,product_detail,thumbnails,13,763,mobile
S008188,product_detail,main_image,684,411,app
S008188,product_detail,main_image,390,223,app
S008189,product_detail,detail_text,639,2011,app
S008189,product_detail,add_to_cart,1014,948,app
S008190,product_detail,main_image,397,695,app
S008191,product_detail,add_to_cart,823,928,mobile
S008191,product_detail,main_image,271,702,mobile
S008191,product_detail,thumbnails,32,900,mobile
S008192,product_detail,detail_text,916,1616,desktop
S008192,product_detail,size_chart,867,729,desktop
S008192,product_detail,main_image,313,311,desktop
S008192,product_detail,size_chart,927,703,desktop
S008193,product_detail,main_image,403,218,mobile
S008193,product_detail,main_image,625,474,mobile
S008193,product_detail,main_image,489,162,mobile
S008193,product_detail,main_image,268,311,mobile
S008194,product_detail,main_image,366,489,mobile
S008194,product_detail,add_to_cart,987,962,mobile
S008194,product_detail,main_image,492,599,mobile
S008194,product_detail,reviews_tab,913,1267,mobile
S008195,product_detail,main_image,306,652,desktop
S008195,product_detail,wishlist,1133,921,desktop
S008198,product_detail,add_to_cart,974,959,app
S008198,product_detail,size_chart,840,676,app
S008199,product_detail,main_image,624,489,desktop
S008199,product_detail,size_chart,844,695,desktop
S008200,product_detail,size_chart,913,694,app
S008201,product_detail,main_image,722,424,app
S008201,product_detail,add_to_cart,1021,853,app
S008202,product_detail,detail_text,507,1735,mobile
S008202,product_detail,coupon_banner,492,202,mobile
S008202,product_detail,detail_text,311,1739,mobile
S008203,product_detail,detail_text,480,1587,mobile
S008203,product_detail,main_image,477,378,mobile
S008205,product_detail,main_image,409,479,desktop
S008205,product_detail,thumbnails,80,697,desktop
S008205,product_detail,main_image,663,666,desktop
S008207,product_detail,coupon_banner,355,223,mobile
S008207,product_detail,thumbnails,90,870,mobile
S008207,product_detail,size_chart,778,679,mobile
S008207,product_detail,main_image,515,491,mobile
S008207,product_detail,main_image,554,395,mobile
S008208,product_detail,main_image,460,569,mobile
S008209,product_detail,thumbnails,143,748,mobile
S008210,product_detail,size_chart,945,698,mobile
S008210,product_detail,reviews_tab,593,1240,mobile
S008211,product_detail,add_to_cart,1132,907,desktop
S008213,product_detail,main_image,261,597,desktop
S008215,product_detail,size_chart,864,720,mobile
S008216,product_detail,add_to_cart,1179,899,app
S008216,product_detail,add_to_cart,1047,959,app
S008216,product_detail,main_image,221,519,app
S008218,product_detail,add_to_cart,1011,944,mobile
S008218,product_detail,main_image,469,484,mobile
S008218,product_detail,add_to_cart,939,904,mobile
S008218,product_detail,add_to_cart,1053,943,mobile
S008218,product_detail,size_chart,916,675,mobile
S008218,product_detail,detail_text,725,1462,mobile
S008218,product_detail,size_chart,936,661,mobile
S008218,product_detail,main_image,364,779,mobile
S008218,product_detail,reviews_tab,646,1298,mobile
S008219,product_detail,add_to_cart,964,896,mobile
S008219,product_detail,main_image,337,519,mobile
S008220,product_detail,size_chart,904,704,mobile
S008220,product_detail,main_image,726,645,mobile
S008220,product_detail,main_image,371,489,mobile
S008220,product_detail,thumbnails,148,611,mobile
S008221,product_detail,reviews_tab,244,1246,mobile
S008222,product_detail,size_chart,910,679,app
S008222,product_detail,detail_text,685,1622,app
S008223,product_detail,add_to_cart,1094,871,mobile
S008223,product_detail,size_chart,795,688,mobile
S008225,product_detail,add_to_cart,1021,916,mobile
S008225,product_detail,main_image,441,327,mobile
S008225,product_detail,wishlist,1136,911,mobile
S008225,product_detail,add_to_cart,890,923,mobile
S008226,product_detail,reviews_tab,575,1271,desktop
S008226,product_detail,main_image,266,414,desktop
S008226,product_detail,main_image,366,136,desktop
S008226,product_detail,thumbnails,169,726,desktop
S008226,product_detail,thumbnails,74,748,desktop
S008226,product_detail,size_chart,885,729,desktop
S008227,product_detail,reviews_tab,334,1269,mobile
S008227,product_detail,main_image,583,402,mobile
S008228,product_detail,wishlist,1155,925,mobile
S008229,product_detail,size_chart,1000,685,app
S008229,product_detail,main_image,363,531,app
S008231,product_detail,reviews_tab,622,1232,desktop
S008231,product_detail,main_image,505,356,desktop
S008234,product_detail,size_chart,886,718,app
S008234,product_detail,add_to_cart,936,938,app
S008236,product_detail,main_image,586,494,mobile
S008237,product_detail,main_image,343,549,app
S008237,product_detail,main_image,334,580,app
S008239,product_detail,main_image,408,192,mobile
S008239,product_detail,size_chart,976,703,mobile
S008240,product_detail,thumbnails,215,715,mobile
S008242,product_detail,detail_text,799,2026,app
S008242,product_detail,size_chart,908,682,app
S008243,product_detail,reviews_tab,646,1258,mobile
S008243,product_detail,size_chart,788,659,mobile
S008244,product_detail,reviews_tab,481,1246,desktop
S008244,product_detail,reviews_tab,844,1275,desktop
S008244,product_detail,size_chart,911,662,desktop
S008244,product_detail,main_image,164,829,desktop
S008245,product_detail,size_chart,928,715,desktop
S008246,product_detail,reviews_tab,516,1217,app
S008248,product_detail,main_image,481,337,mobile
S008248,product_detail,main_image,453,613,mobile
S008248,product_detail,add_to_cart,1054,938,mobile
S008248,product_detail,main_image,302,535,mobile
S008248,product_detail,thumbnails,119,887,mobile
S008249,product_detail,main_image,494,580,app
S008249,product_detail,main_image,399,590,app
S008250,product_detail,add_to_cart,1037,945,app
S008250,product_detail,main_image,570,876,app
S008251,product_detail,thumbnails,185,907,app
S008252,product_detail,reviews_tab,836,1246,app
S008252,product_detail,main_image,533,416,app
S008252,product_detail,reviews_tab,566,1271,app
S008253,product_detail,detail_text,794,1761,mobile
S008254,product_detail,add_to_cart,996,936,app
S008254,product_detail,size_chart,907,705,app
S008255,product_detail,thumbnails,101,798,app
S008255,product_detail,main_image,444,554,app
S008256,product_detail,add_to_cart,1057,951,app
S008256,product_detail,wishlist,1100,937,app
S008256,product_detail,main_image,359,671,app
S008256,product_detail,add_to_cart,965,934,app
S008257,product_detail,add_to_cart,1114,947,app
S008257,product_detail,main_image,355,427,app
S008257,product_detail,add_to_cart,1023,929,app
S008257,product_detail,reviews_tab,785,1265,app
S008258,product_detail,add_to_cart,1015,940,mobile
S008258,product_detail,main_image,353,649,mobile
S008258,product_detail,detail_text,559,1922,mobile
S008258,product_detail,size_chart,882,697,mobile
S008258,product_detail,reviews_tab,865,1273,mobile
S008258,product_detail,coupon_banner,942,192,mobile
S008259,product_detail,reviews_tab,691,1216,mobile
S008259,product_detail,add_to_cart,1021,936,mobile
S008260,product_detail,main_image,235,343,app
S008260,product_detail,add_to_cart,953,928,app
S008260,product_detail,thumbnails,197,845,app
S008263,product_detail,coupon_banner,845,164,mobile
S008263,product_detail,add_to_cart,969,954,mobile
S008263,product_detail,add_to_cart,1207,924,mobile
S008264,product_detail,main_image,588,837,mobile
S008264,product_detail,reviews_tab,570,1301,mobile
S008264,product_detail,thumbnails,133,908,mobile
S008264,product_detail,reviews_tab,793,1218,mobile
S008264,product_detail,main_image,430,464,mobile
S008264,product_detail,main_image,423,565,mobile
S008264,product_detail,add_to_cart,981,946,mobile
S008264,product_detail,add_to_cart,1044,921,mobile
S008264,product_detail,add_to_cart,784,955,mobile
S008265,product_detail,add_to_cart,906,937,mobile
S008267,product_detail,main_image,306,499,app
S008267,product_detail,reviews_tab,584,1223,app
S008268,product_detail,main_image,398,281,mobile
S008268,product_detail,main_image,517,308,mobile
S008268,product_detail,reviews_tab,897,1236,mobile
S008268,product_detail,add_to_cart,1038,944,mobile
S008268,product_detail,main_image,299,566,mobile
S008268,product_detail,size_chart,886,724,mobile
S008273,product_detail,main_image,444,719,mobile
S008274,product_detail,reviews_tab,714,1242,app
S008274,product_detail,main_image,553,477,app
S008274,product_detail,reviews_tab,458,1244,app
S008274,product_detail,reviews_tab,938,1244,app
S008274,product_detail,coupon_banner,1160,206,app
S008275,product_detail,main_image,433,534,mobile
S008276,product_detail,reviews_tab,693,1251,desktop
S008276,product_detail,size_chart,841,716,desktop
S008278,product_detail,detail_text,438,1300,app
S008278,product_detail,main_image,305,797,app
S008278,product_detail,reviews_tab,650,1254,app
S008280,product_detail,main_image,287,430,mobile
S008280,product_detail,main_image,515,600,mobile
S008281,product_detail,size_chart,955,693,mobile
S008282,product_detail,size_chart,886,723,app
S008283,product_detail,reviews_tab,456,1286,mobile
S008283,product_detail,thumbnails,176,838,mobile
S008284,product_detail,thumbnails,130,666,desktop
S008285,product_detail,size_chart,975,670,desktop
S008285,product_detail,main_image,407,337,desktop
S008285,product_detail,detail_text,990,2599,desktop
S008286,product_detail,thumbnails,211,764,app
S008286,product_detail,wishlist,1105,914,app
S008286,product_detail,add_to_cart,1158,888,app
S008286,product_detail,size_chart,810,681,app
S008287,product_detail,detail_text,652,1911,mobile
S008287,product_detail,reviews_tab,777,1263,mobile
S008288,product_detail,reviews_tab,661,1232,app
S008289,product_detail,main_image,423,294,app
S008289,product_detail,detail_text,337,1592,app
S008289,product_detail,thumbnails,213,743,app
S008290,product_detail,size_chart,979,664,mobile
S008290,product_detail,coupon_banner,632,234,mobile
S008292,product_detail,main_image,583,781,app
S008292,product_detail,detail_text,719,1814,app
S008292,product_detail,add_to_cart,925,918,app
S008293,product_detail,size_chart,840,682,app
S008294,product_detail,add_to_cart,1126,929,desktop
S008294,product_detail,main_image,279,441,desktop
S008296,product_detail,size_chart,794,707,app
S008297,product_detail,main_image,511,412,mobile
S008298,product_detail,main_image,358,734,desktop
S008298,product_detail,add_to_cart,956,910,desktop
S008298,product_detail,size_chart,834,712,desktop
S008299,product_detail,main_image,499,423,app
S008300,product_detail,add_to_cart,1118,931,app
S008300,product_detail,detail_text,816,1362,app
S008301,product_detail,main_image,624,640,app
S008301,product_detail,main_image,408,288,app
S008301,product_detail,thumbnails,112,707,app
S008301,product_detail,main_image,625,651,app
S008304,product_detail,size_chart,841,646,mobile
S008304,product_detail,thumbnails,157,884,mobile
S008305,product_detail,reviews_tab,733,1255,mobile
S008305,product_detail,coupon_banner,686,145,mobile
S008306,product_detail,main_image,591,325,app
S008306,product_detail,main_image,291,600,app
S008306,product_detail,detail_text,253,1690,app
S008306,product_detail,wishlist,1143,897,app
S008307,product_detail,add_to_cart,1129,899,mobile
S008307,product_detail,detail_text,535,1562,mobile
S008308,product_detail,wishlist,1150,922,mobile
S008308,product_detail,add_to_cart,1077,912,mobile
S008308,product_detail,reviews_tab,578,1248,mobile
S008308,product_detail,add_to_cart,919,904,mobile
S008309,product_detail,main_image,472,707,app
S008309,product_detail,detail_text,722,1722,app
S008310,product_detail,wishlist,1133,909,mobile
S008310,product_detail,thumbnails,116,756,mobile
S008310,product_detail,size_chart,918,705,mobile
S008311,product_detail,reviews_tab,725,1232,app
S008311,product_detail,main_image,332,559,app
S008312,product_detail,reviews_tab,673,1251,app
S008312,product_detail,reviews_tab,621,1259,app
S008313,product_detail,size_chart,841,671,app
S008313,product_detail,add_to_cart,981,971,app
S008314,product_detail,reviews_tab,628,1247,mobile
S008314,product_detail,reviews_tab,617,1251,mobile
S008316,product_detail,reviews_tab,406,1207,mobile
S008318,product_detail,main_image,454,625,app
S008318,product_detail,add_to_cart,943,934,app
S008319,product_detail,add_to_cart,956,922,mobile
S008319,product_detail,detail_text,1029,1848,mobile
S008319,product_detail,detail_text,504,1963,mobile
S008320,product_detail,add_to_cart,978,948,app
S008320,product_detail,size_chart,846,660,app
S008320,product_detail,reviews_tab,837,1254,app
S008321,product_detail,main_image,286,752,mobile
S008321,product_detail,detail_text,3,1745,mobile
S008321,product_detail,main_image,637,832,mobile
S008321,product_detail,add_to_cart,1070,941,mobile
S008321,product_detail,add_to_cart,992,897,mobile
S008321,product_detail,wishlist,1136,892,mobile
S008321,product_detail,add_to_cart,1089,890,mobile
S008321,product_detail,main_image,564,213,mobile
S008322,product_detail,size_chart,886,702,mobile
S008323,product_detail,main_image,294,112,mobile
S008323,product_detail,add_to_cart,993,880,mobile
S008323,product_detail,coupon_banner,658,213,mobile
S008323,product_detail,reviews_tab,812,1247,mobile
S008323,product_detail,add_to_cart,1165,940,mobile
S008323,product_detail,main_image,334,793,mobile
S008323,product_detail,thumbnails,187,754,mobile
S008324,product_detail,main_image,449,437,app
S008324,product_detail,add_to_cart,1049,916,app
S008325,product_detail,size_chart,877,701,mobile
S008325,product_detail,size_chart,921,707,mobile
S008325,product_detail,reviews_tab,531,1230,mobile
S008325,product_detail,main_image,539,594,mobile
S008326,product_detail,coupon_banner,1163,198,app
S008326,product_detail,reviews_tab,518,1277,app
S008329,product_detail,size_chart,916,724,desktop
S008329,product_detail,add_to_cart,1128,925,desktop
S008329,product_detail,wishlist,1111,935,desktop
S008329,product_detail,main_image,453,644,desktop
S008329,product_detail,size_chart,793,667,desktop
S008329,product_detail,main_image,359,689,desktop
S008329,product_detail,size_chart,935,735,desktop
S008331,product_detail,thumbnails,187,587,app
S008331,product_detail,size_chart,1007,722,app
S008332,product_detail,reviews_tab,625,1242,app
S008332,product_detail,reviews_tab,451,1247,app
S008332,product_detail,reviews_tab,1059,1224,app
S008333,product_detail,main_image,460,485,app
S008333,product_detail,coupon_banner,741,174,app
S008333,product_detail,main_image,514,579,app
S008333,product_detail,detail_text,602,1930,app
S008333,product_detail,detail_text,437,1789,app
S008334,product_detail,size_chart,940,685,app
S008334,product_detail,size_chart,970,726,app
S008335,product_detail,main_image,216,374,mobile
S008335,product_detail,size_chart,932,682,mobile
S008335,product_detail,main_image,219,456,mobile
S008335,product_detail,main_image,295,562,mobile
S008336,product_detail,detail_text,436,1960,app
S008336,product_detail,add_to_cart,1101,889,app
S008337,product_detail,reviews_tab,682,1247,desktop
S008337,product_detail,size_chart,928,674,desktop
S008339,product_detail,size_chart,856,677,desktop
S008340,product_detail,add_to_cart,931,898,app
S008340,product_detail,main_image,287,777,app
S008340,product_detail,size_chart,975,684,app
S008340,product_detail,coupon_banner,471,237,app
S008341,product_detail,size_chart,952,727,desktop
S008341,product_detail,detail_text,251,1568,desktop
S008342,product_detail,add_to_cart,800,892,app
S008342,product_detail,main_image,318,735,app
S008344,product_detail,thumbnails,107,732,app
S008344,product_detail,reviews_tab,673,1245,app
S008345,product_detail,coupon_banner,929,228,app
S008345,product_detail,add_to_cart,834,960,app
S008345,product_detail,wishlist,1137,894,app
S008346,product_detail,wishlist,1097,919,desktop
S008347,product_detail,size_chart,960,682,mobile
S008347,product_detail,add_to_cart,865,887,mobile
S008347,product_detail,main_image,675,725,mobile
S008347,product_detail,add_to_cart,923,890,mobile
S008350,product_detail,reviews_tab,511,1226,mobile
S008351,product_detail,add_to_cart,942,940,mobile
S008352,product_detail,add_to_cart,895,891,app
S008352,product_detail,size_chart,927,682,app
S008353,product_detail,coupon_banner,887,176,app
S008353,product_detail,add_to_cart,1110,891,app
S008354,product_detail,add_to_cart,983,896,app
S008354,product_detail,add_to_cart,842,936,app
S008354,product_detail,thumbnails,208,653,app
S008355,product_detail,main_image,602,431,app
S008356,product_detail,thumbnails,96,701,app
S008358,product_detail,add_to_cart,1051,928,mobile
S008359,product_detail,main_image,408,544,mobile
S008359,product_detail,add_to_cart,953,962,mobile
S008359,product_detail,add_to_cart,1149,953,mobile
S008359,product_detail,main_image,323,667,mobile
S008360,product_detail,thumbnails,77,764,app
S008360,product_detail,main_image,364,254,app
S008361,product_detail,size_chart,1014,706,mobile
S008361,product_detail,reviews_tab,708,1228,mobile
S008362,product_detail,reviews_tab,414,1227,app
S008362,product_detail,wishlist,1097,903,app
S008363,product_detail,reviews_tab,634,1229,mobile
S008363,product_detail,main_image,429,573,mobile
S008364,product_detail,size_chart,842,698,app
S008364,product_detail,main_image,387,409,app
S008365,product_detail,wishlist,1077,915,app
S008367,product_detail,main_image,317,736,mobile
S008367,product_detail,reviews_tab,346,1281,mobile
S008367,product_detail,reviews_tab,590,1268,mobile
S008367,product_detail,add_to_cart,764,916,mobile
S008369,product_detail,size_chart,965,681,app
S008369,product_detail,main_image,499,433,app
S008369,product_detail,reviews_tab,772,1244,app
S008369,product_detail,add_to_cart,1121,917,app
S008370,product_detail,thumbnails,101,658,mobile
S008370,product_detail,wishlist,1103,928,mobile
S008370,product_detail,add_to_cart,973,901,mobile
S008370,product_detail,detail_text,823,2294,mobile
S008370,product_detail,add_to_cart,1098,954,mobile
S008370,product_detail,add_to_cart,948,916,mobile
S008372,product_detail,size_chart,739,692,app
S008372,product_detail,coupon_banner,526,205,app
S008374,product_detail,thumbnails,164,858,app
S008374,product_detail,reviews_tab,538,1247,app
S008374,product_detail,main_image,648,568,app
S008374,product_detail,coupon_banner,572,199,app
S008375,product_detail,reviews_tab,465,1204,mobile
S008375,product_detail,size_chart,975,705,mobile
S008375,product_detail,thumbnails,175,735,mobile
S008375,product_detail,main_image,298,675,mobile
S008375,product_detail,main_image,510,498,mobile
S008376,product_detail,add_to_cart,988,902,desktop
S008376,product_detail,size_chart,893,695,desktop
S008376,product_detail,reviews_tab,515,1258,desktop
S008376,product_detail,main_image,307,434,desktop
S008376,product_detail,add_to_cart,968,898,desktop
S008376,product_detail,main_image,443,319,desktop
S008377,product_detail,detail_text,267,2399,mobile
S008377,product_detail,coupon_banner,817,171,mobile
S008377,product_detail,detail_text,267,2346,mobile
S008377,product_detail,coupon_banner,716,216,mobile
S008378,product_detail,reviews_tab,914,1258,app
S008378,product_detail,detail_text,358,2272,app
S008379,product_detail,reviews_tab,339,1260,desktop
S008379,product_detail,add_to_cart,1177,927,desktop
S008379,product_detail,add_to_cart,1060,951,desktop
S008379,product_detail,main_image,375,304,desktop
S008379,product_detail,size_chart,889,658,desktop
S008379,product_detail,reviews_tab,261,1285,desktop
S008382,product_detail,main_image,348,548,app
S008382,product_detail,reviews_tab,630,1266,app
S008382,product_detail,reviews_tab,648,1213,app
S008385,product_detail,main_image,339,473,app
S008387,product_detail,main_image,312,323,mobile
S008387,product_detail,main_image,422,377,mobile
S008387,product_detail,reviews_tab,680,1280,mobile
S008388,product_detail,reviews_tab,663,1247,desktop
S008388,product_detail,reviews_tab,742,1255,desktop
S008389,product_detail,add_to_cart,975,930,mobile
S008390,product_detail,detail_text,467,2304,desktop
S008390,product_detail,reviews_tab,791,1254,desktop
S008390,product_detail,main_image,433,643,desktop
S008390,product_detail,reviews_tab,1033,1216,desktop
S008391,product_detail,detail_text,457,1841,app
S008391,product_detail,reviews_tab,678,1291,app
S008391,product_detail,main_image,250,158,app
S008391,product_detail,add_to_cart,1024,981,app
S008391,product_detail,detail_text,295,1455,app
S008394,product_detail,size_chart,901,682,mobile
S008394,product_detail,detail_text,994,2087,mobile
S008394,product_detail,main_image,375,594,mobile
S008394,product_detail,main_image,513,610,mobile
S008394,product_detail,thumbnails,163,662,mobile
S008394,product_detail,detail_text,1094,1681,mobile
S008395,product_detail,wishlist,1186,899,app
S008397,product_detail,wishlist,1144,912,mobile
S008397,product_detail,size_chart,979,724,mobile
S008397,product_detail,main_image,291,529,mobile
S008397,product_detail,main_image,514,602,mobile
S008397,product_detail,reviews_tab,503,1250,mobile
S008397,product_detail,main_image,494,542,mobile
S008397,product_detail,main_image,409,406,mobile
S008398,product_detail,size_chart,935,707,app
S008399,product_detail,reviews_tab,372,1266,app
S008399,product_detail,detail_text,229,1773,app
S008399,product_detail,reviews_tab,790,1214,app
S008400,product_detail,size_chart,951,705,mobile
S008400,product_detail,reviews_tab,523,1245,mobile
S008400,product_detail,detail_text,711,2416,mobile
S008401,product_detail,reviews_tab,529,1249,app
S008401,product_detail,size_chart,978,736,app
S008403,product_detail,main_image,562,139,mobile
S008403,product_detail,main_image,577,252,mobile
S008404,product_detail,main_image,412,742,app
S008404,product_detail,main_image,364,306,app
S008404,product_detail,add_to_cart,1133,953,app
S008405,product_detail,main_image,512,548,desktop
S008405,product_detail,size_chart,902,657,desktop
S008405,product_detail,wishlist,1157,931,desktop
S008408,product_detail,main_image,374,730,mobile
S008408,product_detail,main_image,373,709,mobile
S008409,product_detail,main_image,545,327,app
S008409,product_detail,wishlist,1157,925,app
S008410,product_detail,thumbnails,155,647,app
S008411,product_detail,size_chart,796,683,desktop
S008411,product_detail,reviews_tab,1083,1247,desktop
S008411,product_detail,main_image,498,487,desktop
S008411,product_detail,size_chart,962,657,desktop
S008411,product_detail,add_to_cart,1016,913,desktop
S008414,product_detail,thumbnails,164,880,mobile
S008414,product_detail,reviews_tab,585,1256,mobile
S008414,product_detail,main_image,311,224,mobile
S008414,product_detail,wishlist,1145,955,mobile
S008415,product_detail,main_image,606,550,app
S008415,product_detail,coupon_banner,548,264,app
S008415,product_detail,reviews_tab,718,1261,app
S008415,product_detail,main_image,523,481,app
S008415,product_detail,size_chart,978,672,app
S008417,product_detail,add_to_cart,1128,935,mobile
S008417,product_detail,reviews_tab,887,1259,mobile
S008418,product_detail,main_image,583,784,app
S008418,product_detail,add_to_cart,1097,888,app
S008418,product_detail,add_to_cart,907,900,app
S008418,product_detail,main_image,741,394,app
S008418,product_detail,add_to_cart,764,940,app
S008419,product_detail,add_to_cart,1000,912,mobile
S008419,product_detail,main_image,554,552,mobile
S008419,product_detail,reviews_tab,509,1225,mobile
S008420,product_detail,main_image,266,401,app
S008420,product_detail,add_to_cart,798,911,app
S008420,product_detail,reviews_tab,767,1230,app
S008421,product_detail,reviews_tab,697,1245,app
S008421,product_detail,main_image,268,322,app
S008422,product_detail,main_image,416,499,desktop
S008423,product_detail,add_to_cart,955,901,mobile
S008424,product_detail,add_to_cart,1069,920,mobile
S008424,product_detail,main_image,288,603,mobile
S008425,product_detail,add_to_cart,962,906,app
S008425,product_detail,main_image,276,185,app
S008426,product_detail,add_to_cart,728,869,app
S008426,product_detail,reviews_tab,747,1215,app
S008426,product_detail,main_image,482,425,app
S008428,product_detail,add_to_cart,615,910,mobile
S008429,product_detail,main_image,509,456,mobile
S008430,product_detail,size_chart,951,684,mobile
S008430,product_detail,reviews_tab,648,1288,mobile
S008430,product_detail,coupon_banner,871,210,mobile
S008431,product_detail,add_to_cart,1049,904,app
S008431,product_detail,main_image,46,351,app
S008431,product_detail,size_chart,882,698,app
S008431,product_detail,reviews_tab,695,1244,app
S008432,product_detail,wishlist,1177,930,app
S008432,product_detail,detail_text,905,2038,app
S008433,product_detail,detail_text,682,1762,mobile
S008433,product_detail,add_to_cart,1039,902,mobile
S008433,product_detail,main_image,532,657,mobile
S008433,product_detail,size_chart,1025,665,mobile
S008433,product_detail,coupon_banner,939,145,mobile
S008434,product_detail,add_to_cart,1059,912,app
S008435,product_detail,add_to_cart,1070,898,app
S008435,product_detail,main_image,466,535,app
S008435,product_detail,thumbnails,208,852,app
S008435,product_detail,main_image,241,440,app
S008436,product_detail,main_image,132,417,mobile
S008437,product_detail,size_chart,773,700,app
S008437,product_detail,thumbnails,195,724,app
S008438,product_detail,size_chart,785,710,mobile
S008438,product_detail,detail_text,648,1719,mobile
S008438,product_detail,reviews_tab,360,1271,mobile
S008439,product_detail,size_chart,907,700,desktop
S008441,product_detail,add_to_cart,1112,887,mobile
S008441,product_detail,detail_text,563,1993,mobile
S008441,product_detail,size_chart,761,688,mobile
S008442,product_detail,main_image,446,304,desktop
S008442,product_detail,size_chart,1017,694,desktop
S008442,product_detail,size_chart,776,728,desktop
S008444,product_detail,main_image,305,513,mobile
S008444,product_detail,main_image,494,587,mobile
S008444,product_detail,detail_text,998,1808,mobile
S008445,product_detail,coupon_banner,388,209,mobile
S008446,product_detail,add_to_cart,1028,930,mobile
S008446,product_detail,main_image,618,675,mobile
S008446,product_detail,detail_text,645,2005,mobile
S008447,product_detail,add_to_cart,1096,904,mobile
S008447,product_detail,thumbnails,85,755,mobile
S008447,product_detail,add_to_cart,1068,912,mobile
S008447,product_detail,reviews_tab,635,1250,mobile
S008448,product_detail,add_to_cart,921,923,app
S008449,product_detail,reviews_tab,734,1250,app
S008450,product_detail,add_to_cart,973,893,mobile
S008451,product_detail,detail_text,501,2003,app
S008451,product_detail,detail_text,859,1998,app
S008451,product_detail,main_image,479,570,app
S008451,product_detail,detail_text,736,1628,app
S008451,product_detail,detail_text,97,1907,app
S008453,product_detail,main_image,408,986,app
S008453,product_detail,size_chart,829,696,app
S008455,product_detail,reviews_tab,578,1262,mobile
S008455,product_detail,main_image,384,570,mobile
S008458,product_detail,size_chart,961,671,mobile
S008458,product_detail,add_to_cart,954,899,mobile
S008458,product_detail,detail_text,856,1590,mobile
S008458,product_detail,add_to_cart,1076,884,mobile
S008458,product_detail,main_image,493,434,mobile
S008459,product_detail,main_image,466,677,app
S008459,product_detail,main_image,358,498,app
S008462,product_detail,size_chart,815,737,mobile
S008462,product_detail,main_image,419,488,mobile
S008463,product_detail,add_to_cart,1144,936,desktop
S008464,product_detail,size_chart,953,671,app
S008464,product_detail,main_image,486,663,app
S008464,product_detail,add_to_cart,1108,918,app
S008464,product_detail,reviews_tab,805,1242,app
S008464,product_detail,wishlist,1151,932,app
S008464,product_detail,main_image,313,329,app
S008465,product_detail,add_to_cart,996,891,mobile
S008465,product_detail,main_image,450,724,mobile
S008465,product_detail,coupon_banner,1236,188,mobile
S008465,product_detail,main_image,259,769,mobile
S008466,product_detail,main_image,426,477,app
S008466,product_detail,reviews_tab,803,1245,app
S008466,product_detail,main_image,543,446,app
S008466,product_detail,main_image,137,959,app
S008467,product_detail,size_chart,989,689,mobile
S008467,product_detail,add_to_cart,1270,891,mobile
S008468,product_detail,add_to_cart,1082,936,app
S008470,product_detail,add_to_cart,1016,962,mobile
S008470,product_detail,main_image,525,766,mobile
S008470,product_detail,main_image,406,670,mobile
S008470,product_detail,add_to_cart,1000,924,mobile
S008470,product_detail,add_to_cart,933,959,mobile
S008470,product_detail,main_image,616,778,mobile
S008471,product_detail,main_image,574,740,mobile
S008471,product_detail,reviews_tab,628,1245,mobile
S008472,product_detail,main_image,418,380,app
S008472,product_detail,size_chart,854,699,app
S008472,product_detail,reviews_tab,375,1268,app
S008473,product_detail,detail_text,1082,1395,mobile
S008473,product_detail,reviews_tab,628,1243,mobile
S008473,product_detail,add_to_cart,931,931,mobile
S008474,product_detail,reviews_tab,584,1229,app
S008474,product_detail,main_image,340,408,app
S008475,product_detail,size_chart,814,727,app
S008475,product_detail,reviews_tab,551,1274,app
S008475,product_detail,reviews_tab,446,1243,app
S008475,product_detail,size_chart,922,726,app
S008475,product_detail,size_chart,944,702,app
S008475,product_detail,add_to_cart,854,933,app
S008475,product_detail,reviews_tab,694,1262,app
S008475,product_detail,thumbnails,94,953,app
S008477,product_detail,reviews_tab,910,1238,app
S008478,product_detail,main_image,396,729,mobile
S008478,product_detail,main_image,270,510,mobile
S008478,product_detail,main_image,321,572,mobile
S008478,product_detail,wishlist,1156,948,mobile
S008479,product_detail,add_to_cart,858,887,desktop
S008479,product_detail,wishlist,1183,919,desktop
S008479,product_detail,add_to_cart,1011,926,desktop
S008480,product_detail,main_image,439,418,app
S008480,product_detail,size_chart,1009,674,app
S008481,product_detail,size_chart,855,680,desktop
S008481,product_detail,thumbnails,202,868,desktop
S008481,product_detail,main_image,401,502,desktop
S008483,product_detail,size_chart,689,725,mobile
S008483,product_detail,size_chart,894,752,mobile
S008483,product_detail,reviews_tab,355,1236,mobile
S008483,product_detail,thumbnails,123,666,mobile
S008483,product_detail,reviews_tab,868,1264,mobile
S008484,product_detail,main_image,265,361,mobile
S008484,product_detail,main_image,283,608,mobile
S008484,product_detail,add_to_cart,1229,908,mobile
S008484,product_detail,main_image,508,712,mobile
S008485,product_detail,wishlist,1087,921,mobile
S008486,product_detail,reviews_tab,664,1264,mobile
S008486,product_detail,detail_text,975,1429,mobile
S008486,product_detail,wishlist,1126,926,mobile
S008486,product_detail,add_to_cart,980,923,mobile
S008487,product_detail,thumbnails,138,910,mobile
S008487,product_detail,reviews_tab,695,1248,mobile
S008487,product_detail,main_image,547,407,mobile
S008487,product_detail,main_image,404,221,mobile
S008488,product_detail,wishlist,1147,944,desktop
S008488,product_detail,coupon_banner,1004,192,desktop
S008488,product_detail,reviews_tab,667,1246,desktop
S008489,product_detail,add_to_cart,918,894,mobile
S008489,product_detail,add_to_cart,1041,930,mobile
S008489,product_detail,reviews_tab,785,1244,mobile
S008489,product_detail,detail_text,403,2019,mobile
S008490,product_detail,size_chart,918,717,desktop
S008492,product_detail,thumbnails,87,765,mobile
S008492,product_detail,size_chart,886,681,mobile
S008493,product_detail,detail_text,939,1673,app
S008494,product_detail,main_image,511,584,mobile
S008495,product_detail,reviews_tab,603,1276,app
S008495,product_detail,add_to_cart,1126,964,app
S008495,product_detail,detail_text,421,1892,app
S008495,product_detail,size_chart,1015,714,app
S008496,product_detail,size_chart,901,715,desktop
S008496,product_detail,size_chart,909,686,desktop
S008496,product_detail,add_to_cart,1042,907,desktop
S008496,product_detail,thumbnails,144,759,desktop
S008496,product_detail,main_image,376,301,desktop
S008497,product_detail,add_to_cart,886,905,mobile
S008497,product_detail,wishlist,1140,928,mobile
S008498,product_detail,add_to_cart,1093,911,app
S008501,product_detail,main_image,559,372,app
S008501,product_detail,main_image,347,673,app
S008501,product_detail,reviews_tab,715,1242,app
S008502,product_detail,main_image,395,240,app
S008502,product_detail,main_image,337,540,app
S008502,product_detail,wishlist,1116,886,app
S008503,product_detail,thumbnails,206,859,mobile
S008504,product_detail,thumbnails,181,900,app
S008505,product_detail,add_to_cart,1039,924,desktop
S008505,product_detail,detail_text,895,2026,desktop
S008508,product_detail,thumbnails,153,633,app
S008508,product_detail,size_chart,874,715,app
S008509,product_detail,main_image,375,684,app
S008509,product_detail,main_image,435,691,app
S008509,product_detail,size_chart,886,697,app
S008509,product_detail,wishlist,1123,935,app
S008510,product_detail,wishlist,1127,915,mobile
S008511,product_detail,add_to_cart,960,901,mobile
S008511,product_detail,coupon_banner,593,171,mobile
S008511,product_detail,add_to_cart,912,955,mobile
S008511,product_detail,size_chart,949,689,mobile
S008511,product_detail,size_chart,820,696,mobile
S008511,product_detail,main_image,445,528,mobile
S008511,product_detail,main_image,170,601,mobile
S008511,product_detail,wishlist,1163,913,mobile
S008511,product_detail,main_image,738,522,mobile
S008512,product_detail,size_chart,978,692,mobile
S008512,product_detail,reviews_tab,483,1254,mobile
S008512,product_detail,main_image,336,485,mobile
S008512,product_detail,size_chart,981,710,mobile
S008512,product_detail,add_to_cart,1076,935,mobile
S008513,product_detail,size_chart,936,681,mobile
S008513,product_detail,reviews_tab,584,1257,mobile
S008513,product_detail,detail_text,419,1643,mobile
S008513,product_detail,reviews_tab,352,1233,mobile
S008513,product_detail,reviews_tab,699,1252,mobile
S008513,product_detail,add_to_cart,1069,902,mobile
S008516,product_detail,add_to_cart,1132,958,mobile
S008516,product_detail,coupon_banner,130,208,mobile
S008516,product_detail,main_image,491,615,mobile
S008516,product_detail,wishlist,1173,969,mobile
S008517,product_detail,size_chart,788,708,mobile
S008517,product_detail,detail_text,375,2450,mobile
S008517,product_detail,size_chart,874,671,mobile
S008518,product_detail,add_to_cart,926,883,desktop
S008518,product_detail,reviews_tab,394,1200,desktop
S008518,product_detail,thumbnails,133,837,desktop
S008518,product_detail,main_image,332,382,desktop
S008520,product_detail,main_image,497,666,app
S008520,product_detail,main_image,384,488,app
S008520,product_detail,detail_text,133,1131,app
S008521,product_detail,main_image,566,187,app
S008521,product_detail,add_to_cart,1141,887,app
S008524,product_detail,detail_text,981,2437,mobile
S008524,product_detail,main_image,363,432,mobile
S008525,product_detail,detail_text,573,2567,app
S008525,product_detail,add_to_cart,792,924,app
S008525,product_detail,add_to_cart,928,933,app
S008526,product_detail,size_chart,891,692,mobile
S008526,product_detail,add_to_cart,933,920,mobile
S008526,product_detail,main_image,359,581,mobile
S008527,product_detail,main_image,438,528,app
S008528,product_detail,coupon_banner,480,202,app
S008528,product_detail,size_chart,959,699,app
S008529,product_detail,thumbnails,140,590,mobile
S008529,product_detail,reviews_tab,612,1263,mobile
S008529,product_detail,main_image,305,212,mobile
S008529,product_detail,size_chart,916,700,mobile
S008529,product_detail,main_image,407,468,mobile
S008529,product_detail,size_chart,960,665,mobile
S008529,product_detail,wishlist,1149,920,mobile
S008530,product_detail,thumbnails,143,923,mobile
S008530,product_detail,reviews_tab,642,1269,mobile
S008532,product_detail,reviews_tab,769,1253,desktop
S008534,product_detail,main_image,426,691,desktop
S008534,product_detail,main_image,356,285,desktop
S008535,product_detail,reviews_tab,538,1298,app
S008535,product_detail,detail_text,232,1914,app
S008536,product_detail,add_to_cart,972,937,desktop
S008536,product_detail,main_image,432,267,desktop
S008537,product_detail,main_image,348,479,mobile
S008538,product_detail,add_to_cart,913,950,mobile
S008540,product_detail,size_chart,987,729,desktop
S008540,product_detail,reviews_tab,451,1269,desktop
S008540,product_detail,add_to_cart,1048,960,desktop
S008540,product_detail,add_to_cart,951,882,desktop
S008541,product_detail,main_image,464,218,app
S008541,product_detail,size_chart,816,731,app
S008541,product_detail,wishlist,1127,955,app
S008541,product_detail,main_image,491,452,app
S008541,product_detail,add_to_cart,1065,912,app
S008541,product_detail,thumbnails,168,813,app
S008541,product_detail,add_to_cart,1050,910,app
S008541,product_detail,main_image,380,605,app
S008542,product_detail,add_to_cart,996,954,app
S008544,product_detail,detail_text,814,1773,mobile
S008544,product_detail,size_chart,911,701,mobile
S008544,product_detail,reviews_tab,446,1254,mobile
S008544,product_detail,detail_text,746,1617,mobile
S008544,product_detail,reviews_tab,775,1246,mobile
S008544,product_detail,reviews_tab,542,1252,mobile
S008544,product_detail,detail_text,910,1748,mobile
S008544,product_detail,size_chart,939,677,mobile
S008545,product_detail,reviews_tab,807,1270,app
S008546,product_detail,reviews_tab,885,1250,mobile
S008547,product_detail,add_to_cart,1018,915,mobile
S008547,product_detail,thumbnails,150,722,mobile
S008547,product_detail,detail_text,891,2230,mobile
S008548,product_detail,coupon_banner,658,214,mobile
S008550,product_detail,main_image,227,574,desktop
S008550,product_detail,main_image,522,315,desktop
S008550,product_detail,detail_text,1091,1584,desktop
S008550,product_detail,coupon_banner,870,197,desktop
S008550,product_detail,detail_text,714,2057,desktop
S008552,product_detail,size_chart,928,700,app
S008552,product_detail,main_image,392,106,app
S008552,product_detail,size_chart,904,709,app
S008553,product_detail,main_image,353,772,mobile
S008554,product_detail,main_image,465,361,app
S008554,product_detail,main_image,327,583,app
S008554,product_detail,reviews_tab,865,1247,app
S008554,product_detail,reviews_tab,721,1241,app
S008554,product_detail,main_image,560,510,app
S008555,product_detail,main_image,476,534,mobile
S008555,product_detail,add_to_cart,999,912,mobile
S008555,product_detail,reviews_tab,635,1241,mobile
S008556,product_detail,reviews_tab,713,1265,app
S008556,product_detail,reviews_tab,763,1259,app
S008557,product_detail,main_image,327,504,mobile
S008558,product_detail,main_image,522,178,app
S008558,product_detail,reviews_tab,654,1235,app
S008559,product_detail,add_to_cart,801,910,mobile
S008559,product_detail,size_chart,791,714,mobile
S008560,product_detail,size_chart,914,720,desktop
S008561,product_detail,main_image,543,232,app
S008561,product_detail,detail_text,811,2098,app
S008562,product_detail,reviews_tab,530,1242,desktop
S008562,product_detail,add_to_cart,929,905,desktop
S008562,product_detail,main_image,244,523,desktop
S008562,product_detail,main_image,379,464,desktop
S008562,product_detail,size_chart,913,688,desktop
S008562,product_detail,reviews_tab,698,1234,desktop
S008562,product_detail,main_image,422,324,desktop
S008562,product_detail,size_chart,849,680,desktop
S008563,product_detail,main_image,109,567,desktop
S008564,product_detail,add_to_cart,989,910,mobile
S008565,product_detail,size_chart,799,690,app
S008565,product_detail,main_image,340,537,app
S008565,product_detail,add_to_cart,868,877,app
S008565,product_detail,main_image,377,309,app
S008567,product_detail,add_to_cart,997,920,desktop
S008567,product_detail,add_to_cart,922,933,desktop
S008570,product_detail,main_image,422,733,app
S008572,product_detail,main_image,589,610,app
S008572,product_detail,size_chart,914,703,app
S008572,product_detail,wishlist,1121,940,app
S008572,product_detail,add_to_cart,936,903,app
S008573,product_detail,size_chart,892,733,app
S008573,product_detail,thumbnails,145,652,app
S008575,product_detail,main_image,503,546,desktop
S008575,product_detail,reviews_tab,532,1249,desktop
S008575,product_detail,wishlist,1102,903,desktop
S008575,product_detail,detail_text,401,2141,desktop
S008576,product_detail,detail_text,878,1687,app
S008576,product_detail,main_image,579,607,app
S008576,product_detail,add_to_cart,1086,920,app
S008576,product_detail,size_chart,855,688,app
S008577,product_detail,detail_text,1279,1974,app
S008577,product_detail,main_image,437,482,app
S008577,product_detail,main_image,551,192,app
S008577,product_detail,main_image,471,470,app
S008577,product_detail,main_image,507,563,app
S008577,product_detail,wishlist,1161,902,app
S008578,product_detail,add_to_cart,884,953,app
S008578,product_detail,thumbnails,101,780,app
S008580,product_detail,main_image,405,447,app
S008582,product_detail,reviews_tab,414,1241,desktop
S008582,product_detail,add_to_cart,1171,878,desktop
S008582,product_detail,main_image,372,459,desktop
S008583,product_detail,main_image,509,405,mobile
S008583,product_detail,main_image,208,638,mobile
S008583,product_detail,add_to_cart,936,928,mobile
S008583,product_detail,detail_text,1063,1953,mobile
S008583,product_detail,wishlist,1165,934,mobile
S008584,product_detail,detail_text,1231,1535,mobile
S008586,product_detail,main_image,353,341,app
S008587,product_detail,wishlist,1092,913,mobile
S008587,product_detail,main_image,306,497,mobile
S008588,product_detail,main_image,244,922,app
S008589,product_detail,main_image,350,494,mobile
S008589,product_detail,reviews_tab,677,1268,mobile
S008590,product_detail,size_chart,802,659,app
S008590,product_detail,reviews_tab,470,1249,app
S008590,product_detail,main_image,387,507,app
S008590,product_detail,reviews_tab,671,1238,app
S008590,product_detail,size_chart,945,706,app
S008590,product_detail,add_to_cart,974,909,app
S008592,product_detail,add_to_cart,853,890,mobile
S008592,product_detail,size_chart,862,667,mobile
S008593,product_detail,add_to_cart,972,861,mobile
S008593,product_detail,main_image,491,437,mobile
S008593,product_detail,add_to_cart,987,915,mobile
S008593,product_detail,reviews_tab,951,1233,mobile
S008594,product_detail,main_image,466,637,app
S008596,product_detail,size_chart,944,725,mobile
S008596,product_detail,wishlist,1148,920,mobile
S008597,product_detail,detail_text,354,1501,app
S008598,product_detail,add_to_cart,1085,909,mobile
S008598,product_detail,size_chart,824,676,mobile
S008598,product_detail,size_chart,969,705,mobile
S008598,product_detail,add_to_cart,1206,918,mobile
S008600,product_detail,coupon_banner,1279,212,desktop
S008600,product_detail,main_image,468,382,desktop
S008600,product_detail,main_image,492,879,desktop
S008603,product_detail,main_image,450,564,app
S008603,product_detail,detail_text,909,2317,app
S008603,product_detail,add_to_cart,1223,864,app
S008603,product_detail,main_image,496,536,app
S008604,product_detail,add_to_cart,950,924,app
S008605,product_detail,add_to_cart,1021,912,app
S008605,product_detail,main_image,304,628,app
S008605,product_detail,detail_text,1115,1943,app
S008606,product_detail,main_image,314,552,mobile
S008606,product_detail,wishlist,1161,917,mobile
S008606,product_detail,add_to_cart,1170,907,mobile
S008606,product_detail,size_chart,928,682,mobile
S008607,product_detail,main_image,291,683,app
S008607,product_detail,add_to_cart,955,916,app
S008607,product_detail,wishlist,1122,905,app
S008608,product_detail,main_image,559,750,mobile
S008609,product_detail,add_to_cart,1022,942,app
S008609,product_detail,wishlist,1202,915,app
S008609,product_detail,reviews_tab,571,1240,app
S008609,product_detail,size_chart,919,688,app
S008611,product_detail,detail_text,347,1788,app
S008611,product_detail,main_image,510,1005,app
S008611,product_detail,add_to_cart,850,926,app
S008611,product_detail,main_image,404,418,app
S008611,product_detail,thumbnails,195,839,app
S008611,product_detail,detail_text,901,1958,app
S008611,product_detail,add_to_cart,880,926,app
S008611,product_detail,main_image,634,477,app
S008611,product_detail,add_to_cart,1279,912,app
S008611,product_detail,main_image,330,599,app
S008613,product_detail,wishlist,1128,959,app
S008613,product_detail,add_to_cart,1045,914,app
S008613,product_detail,main_image,274,624,app
S008613,product_detail,main_image,286,634,app
S008614,product_detail,add_to_cart,878,896,app
S008614,product_detail,thumbnails,113,740,app
S008614,product_detail,add_to_cart,912,951,app
S008614,product_detail,thumbnails,102,816,app
S008614,product_detail,main_image,558,387,app
S008614,product_detail,add_to_cart,1108,904,app
S008616,product_detail,coupon_banner,571,199,app
S008616,product_detail,size_chart,948,688,app
S008617,product_detail,add_to_cart,905,920,app
S008617,product_detail,detail_text,749,2042,app
S008618,product_detail,reviews_tab,542,1252,mobile
S008618,product_detail,main_image,395,795,mobile
S008620,product_detail,main_image,400,545,app
S008620,product_detail,add_to_cart,990,922,app
S008621,product_detail,detail_text,239,1974,app
S008621,product_detail,size_chart,908,704,app
S008622,product_detail,size_chart,995,692,desktop
S008622,product_detail,reviews_tab,874,1245,desktop
S008622,product_detail,reviews_tab,735,1237,desktop
S008622,product_detail,add_to_cart,1051,921,desktop
S008623,product_detail,main_image,447,613,desktop
S008623,product_detail,add_to_cart,931,901,desktop
S008623,product_detail,wishlist,1131,909,desktop
S008625,product_detail,main_image,453,538,mobile
S008625,product_detail,add_to_cart,846,917,mobile
S008626,product_detail,size_chart,871,724,mobile
S008627,product_detail,reviews_tab,683,1265,mobile
S008627,product_detail,main_image,427,597,mobile
S008628,product_detail,thumbnails,174,576,app
S008629,product_detail,size_chart,874,698,app
S008629,product_detail,detail_text,549,2025,app
S008631,product_detail,detail_text,586,2054,app
S008631,product_detail,coupon_banner,256,214,app
S008631,product_detail,add_to_cart,1095,921,app
S008631,product_detail,main_image,238,389,app
S008631,product_detail,reviews_tab,861,1273,app
S008631,product_detail,main_image,269,566,app
S008633,product_detail,main_image,311,892,app
S008633,product_detail,thumbnails,142,536,app
S008633,product_detail,detail_text,80,1236,app
S008634,product_detail,main_image,405,878,app
S008634,product_detail,size_chart,952,712,app
S008636,product_detail,main_image,476,285,desktop
S008636,product_detail,detail_text,12,2240,desktop
S008637,product_detail,detail_text,371,1592,mobile
S008639,product_detail,add_to_cart,1100,906,desktop
S008641,product_detail,wishlist,1104,923,app
S008641,product_detail,main_image,275,639,app
S008642,product_detail,reviews_tab,450,1234,mobile
S008642,product_detail,thumbnails,131,685,mobile
S008643,product_detail,reviews_tab,574,1260,app
S008644,product_detail,main_image,253,770,app
S008645,product_detail,detail_text,113,1874,mobile
S008646,product_detail,add_to_cart,942,920,mobile
S008646,product_detail,main_image,371,666,mobile
S008647,product_detail,main_image,194,681,desktop
S008648,product_detail,reviews_tab,717,1215,app
S008649,product_detail,add_to_cart,1056,888,desktop
S008649,product_detail,main_image,326,730,desktop
S008649,product_detail,add_to_cart,1013,941,desktop
S008649,product_detail,add_to_cart,885,926,desktop
S008649,product_detail,size_chart,871,666,desktop
S008649,product_detail,detail_text,591,2311,desktop
S008649,product_detail,main_image,356,636,desktop
S008649,product_detail,size_chart,913,686,desktop
S008649,product_detail,coupon_banner,33,172,desktop
S008649,product_detail,main_image,466,559,desktop
S008651,product_detail,main_image,389,738,mobile
S008651,product_detail,detail_text,192,2462,mobile
S008651,product_detail,detail_text,483,1942,mobile
S008651,product_detail,main_image,561,398,mobile
S008651,product_detail,main_image,352,691,mobile
S008651,product_detail,main_image,671,624,mobile
S008651,product_detail,reviews_tab,368,1265,mobile
S008651,product_detail,thumbnails,180,898,mobile
S008651,product_detail,main_image,460,250,mobile
S008652,product_detail,main_image,341,593,mobile
S008652,product_detail,main_image,530,505,mobile
S008652,product_detail,main_image,334,597,mobile
S008652,product_detail,detail_text,742,2229,mobile
S008653,product_detail,main_image,294,406,mobile
S008653,product_detail,wishlist,1126,887,mobile
S008654,product_detail,thumbnails,155,697,app
S008655,product_detail,main_image,588,754,desktop
S008655,product_detail,add_to_cart,1067,916,desktop
S008656,product_detail,detail_text,467,2511,app
S008656,product_detail,size_chart,901,706,app
S008658,product_detail,size_chart,856,665,desktop
S008659,product_detail,thumbnails,184,669,app
S008659,product_detail,main_image,389,880,app
S008659,product_detail,size_chart,816,674,app
S008660,product_detail,size_chart,889,705,app
S008660,product_detail,size_chart,904,724,app
S008660,product_detail,add_to_cart,869,909,app
S008660,product_detail,main_image,258,242,app
S008661,product_detail,size_chart,1060,666,app
S008661,product_detail,detail_text,612,1965,app
S008663,product_detail,main_image,338,431,mobile
S008663,product_detail,main_image,331,402,mobile
S008664,product_detail,reviews_tab,827,1231,mobile
S008664,product_detail,reviews_tab,202,1264,mobile
S008664,product_detail,main_image,400,660,mobile
S008664,product_detail,reviews_tab,571,1256,mobile
S008665,product_detail,add_to_cart,1149,924,app
S008665,product_detail,add_to_cart,1071,935,app
S008665,product_detail,coupon_banner,847,196,app
S008666,product_detail,size_chart,841,690,app
S008666,product_detail,add_to_cart,924,990,app
S008669,product_detail,main_image,501,491,mobile
S008669,product_detail,coupon_banner,759,209,mobile
S008669,product_detail,coupon_banner,698,257,mobile
S008670,product_detail,wishlist,1142,936,mobile
S008672,product_detail,coupon_banner,1279,157,mobile
S008674,product_detail,add_to_cart,1244,877,app
S008675,product_detail,size_chart,975,707,mobile
S008676,product_detail,main_image,606,161,app
S008676,product_detail,reviews_tab,683,1217,app
S008677,product_detail,add_to_cart,1126,930,app
S008677,product_detail,reviews_tab,664,1276,app
S008677,product_detail,size_chart,918,710,app
S008678,product_detail,size_chart,847,681,app
S008680,product_detail,size_chart,933,717,desktop
S008680,product_detail,main_image,343,509,desktop
S008680,product_detail,size_chart,835,688,desktop
S008680,product_detail,main_image,364,563,desktop
S008681,product_detail,reviews_tab,907,1300,app
S008681,product_detail,coupon_banner,1092,245,app
S008681,product_detail,add_to_cart,812,948,app
S008682,product_detail,reviews_tab,490,1248,mobile
S008683,product_detail,add_to_cart,1045,937,app
S008683,product_detail,add_to_cart,1067,925,app
S008683,product_detail,main_image,481,540,app
S008683,product_detail,size_chart,944,680,app
S008683,product_detail,main_image,324,529,app
S008683,product_detail,reviews_tab,441,1252,app
S008684,product_detail,coupon_banner,523,209,app
S008684,product_detail,add_to_cart,1083,879,app
S008685,product_detail,main_image,666,501,app
S008686,product_detail,main_image,382,563,app
S008686,product_detail,detail_text,388,2136,app
S008686,product_detail,add_to_cart,900,927,app
S008688,product_detail,main_image,529,520,desktop
S008688,product_detail,detail_text,1080,2077,desktop
S008689,product_detail,coupon_banner,261,198,desktop
S008689,product_detail,main_image,326,608,desktop
S008689,product_detail,main_image,640,656,desktop
S008689,product_detail,add_to_cart,884,965,desktop
S008689,product_detail,add_to_cart,985,912,desktop
S008689,product_detail,detail_text,217,2276,desktop
S008690,product_detail,add_to_cart,1140,950,app
S008690,product_detail,thumbnails,149,649,app
S008690,product_detail,main_image,396,305,app
S008690,product_detail,wishlist,1144,932,app
S008690,product_detail,reviews_tab,807,1233,app
S008690,product_detail,main_image,457,610,app
S008691,product_detail,detail_text,0,2172,mobile
S008691,product_detail,detail_text,455,1544,mobile
S008691,product_detail,size_chart,956,720,mobile
S008692,product_detail,add_to_cart,1203,952,mobile
S008692,product_detail,main_image,302,662,mobile
S008692,product_detail,main_image,388,472,mobile
S008692,product_detail,detail_text,610,2412,mobile
S008695,product_detail,size_chart,1081,711,app
S008695,product_detail,detail_text,679,1960,app
S008695,product_detail,main_image,438,350,app
S008695,product_detail,reviews_tab,796,1258,app
S008696,product_detail,main_image,423,441,app
S008696,product_detail,main_image,530,512,app
S008697,product_detail,size_chart,892,725,app
S008697,product_detail,size_chart,818,708,app
S008697,product_detail,main_image,404,468,app
S008697,product_detail,wishlist,1138,929,app
S008698,product_detail,main_image,452,273,app
S008699,product_detail,main_image,556,572,app
S008699,product_detail,detail_text,1279,2229,app
S008700,product_detail,size_chart,934,727,app
S008701,product_detail,size_chart,846,708,mobile
S008701,product_detail,thumbnails,90,682,mobile
S008701,product_detail,detail_text,223,2031,mobile
S008701,product_detail,reviews_tab,630,1245,mobile
S008702,product_detail,reviews_tab,819,1268,app
S008702,product_detail,add_to_cart,910,945,app
S008702,product_detail,add_to_cart,946,935,app
S008703,product_detail,add_to_cart,1035,917,mobile
S008703,product_detail,size_chart,945,706,mobile
S008703,product_detail,detail_text,894,2122,mobile
S008704,product_detail,main_image,369,635,mobile
S008704,product_detail,reviews_tab,569,1246,mobile
S008704,product_detail,detail_text,459,1886,mobile
S008704,product_detail,main_image,330,462,mobile
S008705,product_detail,main_image,199,424,app
S008706,product_detail,main_image,603,629,mobile
S008706,product_detail,coupon_banner,7,208,mobile
S008708,product_detail,main_image,405,139,app
S008708,product_detail,thumbnails,144,696,app
S008708,product_detail,main_image,428,605,app
S008709,product_detail,add_to_cart,1074,864,app
S008712,product_detail,add_to_cart,855,928,mobile
S008712,product_detail,coupon_banner,373,161,mobile
S008713,product_detail,main_image,337,341,app
S008713,product_detail,main_image,613,249,app
S008713,product_detail,add_to_cart,1170,923,app
S008713,product_detail,wishlist,1114,928,app
S008713,product_detail,reviews_tab,708,1223,app
S008713,product_detail,main_image,418,425,app
S008714,product_detail,main_image,355,434,app
S008714,product_detail,add_to_cart,649,902,app
S008717,product_detail,wishlist,1161,924,desktop
S008719,product_detail,main_image,248,375,mobile
S008719,product_detail,main_image,559,402,mobile
S008719,product_detail,size_chart,845,681,mobile
S008721,product_detail,main_image,344,376,app
S008722,product_detail,reviews_tab,688,1262,mobile
S008722,product_detail,reviews_tab,283,1237,mobile
S008723,product_detail,size_chart,1003,705,app
S008723,product_detail,main_image,455,572,app
S008724,product_detail,size_chart,1067,664,app
S008725,product_detail,thumbnails,116,682,app
S008725,product_detail,add_to_cart,1066,961,app
S008725,product_detail,wishlist,1181,884,app
S008726,product_detail,size_chart,951,696,mobile
S008726,product_detail,reviews_tab,644,1262,mobile
S008726,product_detail,main_image,366,615,mobile
S008726,product_detail,main_image,345,823,mobile
S008727,product_detail,add_to_cart,1065,932,mobile
S008729,product_detail,size_chart,1049,707,mobile
S008729,product_detail,main_image,454,425,mobile
S008730,product_detail,main_image,357,663,mobile
S008732,product_detail,add_to_cart,893,926,desktop
S008732,product_detail,main_image,357,509,desktop
S008732,product_detail,main_image,434,572,desktop
S008732,product_detail,wishlist,1120,894,desktop
S008733,product_detail,add_to_cart,1090,938,app
S008733,product_detail,main_image,356,587,app
S008733,product_detail,main_image,349,564,app
S008733,product_detail,add_to_cart,905,943,app
S008734,product_detail,main_image,308,378,app
S008736,product_detail,main_image,274,214,app
S008736,product_detail,size_chart,1015,711,app
S008737,product_detail,main_image,588,559,app
S008738,product_detail,size_chart,808,715,app
S008738,product_detail,reviews_tab,641,1212,app
S008739,product_detail,add_to_cart,948,934,app
S008739,product_detail,main_image,465,444,app
S008739,product_detail,size_chart,925,656,app
S008740,product_detail,main_image,441,562,desktop
S008740,product_detail,add_to_cart,1072,909,desktop
S008740,product_detail,reviews_tab,536,1246,desktop
S008740,product_detail,add_to_cart,1082,926,desktop
S008741,product_detail,size_chart,900,721,desktop
S008741,product_detail,reviews_tab,307,1266,desktop
S008742,product_detail,add_to_cart,1001,919,app
S008742,product_detail,detail_text,1013,1878,app
S008743,product_detail,detail_text,601,1999,mobile
S008745,product_detail,coupon_banner,1032,227,app
S008745,product_detail,size_chart,861,687,app
S008745,product_detail,main_image,390,561,app
S008745,product_detail,main_image,473,670,app
S008745,product_detail,main_image,265,632,app
S008746,product_detail,add_to_cart,989,943,mobile
S008748,product_detail,add_to_cart,1199,942,mobile
S008749,product_detail,size_chart,938,682,app
S008749,product_detail,reviews_tab,670,1227,app
S008749,product_detail,main_image,362,563,app
S008749,product_detail,size_chart,873,711,app
S008749,product_detail,add_to_cart,759,942,app
S008752,product_detail,add_to_cart,1071,973,mobile
S008752,product_detail,coupon_banner,642,256,mobile
S008752,product_detail,reviews_tab,546,1221,mobile
S008752,product_detail,size_chart,827,706,mobile
S008752,product_detail,detail_text,991,1643,mobile
S008752,product_detail,add_to_cart,1093,896,mobile
S008753,product_detail,main_image,546,716,mobile
S008753,product_detail,thumbnails,92,664,mobile
S008753,product_detail,thumbnails,165,606,mobile
S008754,product_detail,add_to_cart,1116,942,app
S008755,product_detail,main_image,487,357,app
S008755,product_detail,main_image,549,224,app
S008755,product_detail,main_image,463,666,app
S008756,product_detail,reviews_tab,533,1248,app
S008758,product_detail,main_image,406,775,desktop
S008758,product_detail,main_image,492,377,desktop
S008758,product_detail,main_image,372,436,desktop
S008758,product_detail,reviews_tab,818,1254,desktop
S008758,product_detail,main_image,326,416,desktop
S008758,product_detail,wishlist,1117,941,desktop
S008758,product_detail,add_to_cart,863,954,desktop
S008759,product_detail,main_image,372,320,app
S008759,product_detail,detail_text,70,1459,app
S008759,product_detail,main_image,441,708,app
S008759,product_detail,main_image,164,430,app
S008760,product_detail,size_chart,916,682,app
S008760,product_detail,add_to_cart,853,933,app
S008760,product_detail,size_chart,879,689,app
S008761,product_detail,reviews_tab,526,1258,app
S008761,product_detail,main_image,581,463,app
S008762,product_detail,add_to_cart,789,917,mobile
S008762,product_detail,wishlist,1135,908,mobile
S008764,product_detail,add_to_cart,1012,930,app
S008764,product_detail,size_chart,929,662,app
S008765,product_detail,main_image,386,546,mobile
S008765,product_detail,size_chart,907,698,mobile
S008765,product_detail,size_chart,902,675,mobile
S008765,product_detail,coupon_banner,342,122,mobile
S008765,product_detail,add_to_cart,964,961,mobile
S008766,product_detail,add_to_cart,998,935,desktop
S008767,product_detail,size_chart,958,712,mobile
S008767,product_detail,add_to_cart,1142,914,mobile
S008767,product_detail,reviews_tab,746,1270,mobile
S008768,product_detail,main_image,332,159,mobile
S008768,product_detail,size_chart,810,707,mobile
S008768,product_detail,detail_text,1262,2391,mobile
S008769,product_detail,size_chart,875,703,mobile
S008770,product_detail,add_to_cart,896,893,desktop
S008770,product_detail,main_image,376,623,desktop
S008771,product_detail,main_image,346,348,app
S008771,product_detail,reviews_tab,478,1242,app
S008771,product_detail,size_chart,857,672,app
S008772,product_detail,size_chart,977,707,app
S008773,product_detail,thumbnails,149,754,app
S008774,product_detail,detail_text,873,2157,app
S008774,product_detail,add_to_cart,1069,922,app
S008776,product_detail,thumbnails,97,893,mobile
S008777,product_detail,thumbnails,154,603,mobile
S008778,product_detail,main_image,626,392,app
S008778,product_detail,main_image,251,385,app
S008778,product_detail,reviews_tab,853,1274,app
S008778,product_detail,detail_text,1176,1734,app
S008778,product_detail,add_to_cart,1007,943,app
S008778,product_detail,main_image,354,403,app
S008780,product_detail,add_to_cart,1069,894,app
S008780,product_detail,reviews_tab,749,1249,app
S008781,product_detail,reviews_tab,792,1219,desktop
S008781,product_detail,main_image,435,831,desktop
S008781,product_detail,main_image,449,358,desktop
S008781,product_detail,wishlist,1145,923,desktop
S008781,product_detail,add_to_cart,1140,971,desktop
S008783,product_detail,size_chart,904,690,mobile
S008784,product_detail,main_image,481,637,mobile
S008784,product_detail,wishlist,1160,909,mobile
S008785,product_detail,main_image,418,222,app
S008787,product_detail,size_chart,994,709,mobile
S008787,product_detail,main_image,177,627,mobile
S008787,product_detail,thumbnails,44,792,mobile
S008787,product_detail,main_image,263,433,mobile
S008787,product_detail,main_image,385,427,mobile
S008788,product_detail,size_chart,887,707,mobile
S008789,product_detail,main_image,478,312,app
S008791,product_detail,main_image,495,227,mobile
S008791,product_detail,add_to_cart,861,932,mobile
S008792,product_detail,main_image,559,404,desktop
S008792,product_detail,main_image,403,453,desktop
S008792,product_detail,reviews_tab,571,1285,desktop
S008794,product_detail,size_chart,900,680,desktop
S008794,product_detail,thumbnails,229,721,desktop
S008795,product_detail,add_to_cart,1169,934,app
S008795,product_detail,detail_text,623,1636,app
S008795,product_detail,size_chart,903,718,app
S008796,product_detail,size_chart,1025,676,desktop
S008796,product_detail,main_image,526,512,desktop
S008796,product_detail,reviews_tab,703,1233,desktop
S008796,product_detail,add_to_cart,932,927,desktop
S008798,product_detail,main_image,438,633,desktop
S008798,product_detail,reviews_tab,380,1273,desktop
S008799,product_detail,reviews_tab,558,1257,mobile
S008799,product_detail,wishlist,1107,916,mobile
S008799,product_detail,main_image,358,612,mobile
S008801,product_detail,coupon_banner,471,154,desktop
S008801,product_detail,detail_text,119,2091,desktop
S008802,product_detail,main_image,497,477,mobile
S008802,product_detail,add_to_cart,1079,955,mobile
S008802,product_detail,main_image,389,473,mobile
S008802,product_detail,thumbnails,112,912,mobile
S008802,product_detail,coupon_banner,1051,242,mobile
S008804,product_detail,coupon_banner,885,204,desktop
S008804,product_detail,detail_text,383,1811,desktop
S008805,product_detail,detail_text,619,1346,mobile
S008805,product_detail,thumbnails,82,755,mobile
S008805,product_detail,reviews_tab,732,1210,mobile
S008805,product_detail,size_chart,782,676,mobile
S008805,product_detail,reviews_tab,608,1231,mobile
S008806,product_detail,main_image,512,635,desktop
S008806,product_detail,detail_text,663,1773,desktop
S008806,product_detail,thumbnails,183,730,desktop
S008807,product_detail,wishlist,1142,934,app
S008808,product_detail,detail_text,592,2001,app
S008808,product_detail,reviews_tab,837,1255,app
S008808,product_detail,add_to_cart,1056,876,app
