order_id,line_no,order_time,customer_id,product_id,quantity,unit_price,discount_rate,status,channel
O000001,1,2026-01-01T16:12,C0220,P050,1,84000,0.0,completed,web
O000002,1,2026-01-01T14:00,C0431,P077,1,69000,0.0,completed,web
O000003,1,2026-01-01T11:06,C0451,P008,1,279000,0.0,completed,app
O000003,2,2026-01-01T11:06,C0451,P064,1,127000,0.0,completed,app
O000004,1,2026-01-01T20:48,C0085,P008,1,279000,0.0,completed,web
O000004,2,2026-01-01T20:48,C0085,P001,1,193000,0.0,completed,web
O000004,3,2026-01-01T20:48,C0085,P070,1,114000,0.0,completed,web
O000005,1,2026-01-01T14:38,C0397,P040,1,44000,0.0,returned,app
O000006,1,2026-01-01T13:11,C0477,P043,1,91000,0.0,cancelled,app
O000007,1,2026-01-01T09:54,C0171,P017,1,274000,0.0,completed,app
O000008,1,2026-01-01T15:26,C0583,P004,1,157000,0.0,completed,app
O000008,2,2026-01-01T15:26,C0583,P064,1,127000,0.0,completed,app
O000009,1,2026-01-01T10:59,C0167,P035,1,49000,0.0,completed,app
O000010,1,2026-01-01T17:35,C0383,P004,1,157000,0.0,completed,app
O000010,2,2026-01-01T17:35,C0383,P008,1,279000,0.0,completed,app
O000011,1,2026-01-01T19:52,C0114,P011,1,265000,0.0,completed,app
O000011,2,2026-01-01T19:52,C0114,P003,1,136000,0.0,completed,app
O000011,3,2026-01-01T19:52,C0114,P017,1,274000,0.0,completed,app
O000012,1,2026-01-01T17:31,C0456,P017,1,274000,0.0,returned,app
O000012,2,2026-01-01T17:31,C0456,P075,1,81000,0.0,returned,app
O000013,1,2026-01-01T07:05,C0010,P021,1,72000,0.0,completed,web
O000014,1,2026-01-01T14:20,C0438,P039,1,45000,0.0,completed,web
O000015,1,2026-01-01T12:55,C0271,P001,1,193000,0.0,completed,app
O000015,2,2026-01-01T12:55,C0271,P044,1,85000,0.0,completed,app
O000016,1,2026-01-01T10:17,C0089,P046,1,59000,0.0,completed,app
O000017,1,2026-01-01T09:40,C0109,P059,1,95000,0.0,cancelled,app
O000018,1,2026-01-01T18:05,C0148,P040,1,44000,0.0,completed,app
O000019,1,2026-01-01T19:27,C0430,P055,1,88000,0.0,completed,app
O000019,2,2026-01-01T19:27,C0430,P057,1,92000,0.0,completed,app
O000020,1,2026-01-01T22:09,C0587,P017,1,274000,0.0,completed,app
O000021,1,2026-01-01T12:53,C0099,P008,1,279000,0.0,completed,app
O000021,2,2026-01-01T12:53,C0099,P073,1,75000,0.0,completed,app
O000022,1,2026-01-01T16:44,C0573,P016,1,169000,0.0,completed,web
O000023,1,2026-01-01T18:37,C0099,P074,1,107000,0.0,completed,app
O000023,2,2026-01-01T18:37,C0099,P016,1,169000,0.0,completed,app
O000024,1,2026-01-01T18:04,C0573,P053,3,100000,0.0,completed,web
O000024,2,2026-01-01T18:04,C0573,P009,1,194000,0.0,completed,web
O000024,3,2026-01-01T18:04,C0573,P040,1,44000,0.0,completed,web
O000025,1,2026-01-01T13:07,C0450,P042,1,85000,0.0,completed,web
O000025,2,2026-01-01T13:07,C0450,P042,1,85000,0.0,completed,web
O000026,1,2026-01-01T16:01,C0377,P028,1,39000,0.0,completed,web
O000027,1,2026-01-01T15:26,C0587,P080,1,109000,0.0,completed,app
O000028,1,2026-01-01T23:13,C0186,P001,1,193000,0.0,completed,app
O000028,2,2026-01-01T23:13,C0186,P008,1,279000,0.0,completed,app
O000029,1,2026-01-01T11:27,C0109,P008,1,279000,0.0,completed,app
O000030,1,2026-01-01T16:14,C0249,P027,1,63000,0.0,returned,app
O000031,1,2026-01-01T13:07,C0403,P008,1,279000,0.0,completed,web
O000031,2,2026-01-01T13:07,C0403,P027,1,63000,0.0,completed,web
O000032,1,2026-01-01T18:49,C0596,P075,1,81000,0.0,completed,web
O000032,2,2026-01-01T18:49,C0596,P021,1,72000,0.0,completed,web
O000033,1,2026-01-01T12:28,C0068,P038,1,38000,0.0,completed,app
O000034,1,2026-01-01T14:44,C0186,P008,1,279000,0.0,completed,app
O000034,2,2026-01-01T14:44,C0186,P001,1,193000,0.0,completed,app
O000035,1,2026-01-01T06:24,C0265,P015,1,222000,0.0,completed,web
O000036,1,2026-01-01T11:27,C0077,P008,1,279000,0.0,completed,app
O000037,1,2026-01-01T12:58,C0265,P017,1,274000,0.0,completed,web
O000038,1,2026-01-01T16:39,C0127,P040,1,44000,0.0,cancelled,app
O000039,1,2026-01-01T07:21,C0600,P062,1,86000,0.0,completed,app
O000040,1,2026-01-01T18:53,C0162,P010,1,263000,0.0,cancelled,web
O000041,1,2026-01-01T19:23,C0496,P027,1,63000,0.0,completed,app
O000042,1,2026-01-01T18:25,C0535,P040,1,44000,0.0,completed,app
O000043,1,2026-01-01T16:31,C0058,P073,1,75000,0.0,completed,app
O000044,1,2026-01-02T13:13,C0341,P042,1,85000,0.0,completed,app
O000045,1,2026-01-02T21:41,C0300,P040,1,44000,0.0,returned,web
O000046,1,2026-01-02T17:06,C0335,P037,1,49000,0.0,completed,web
O000047,1,2026-01-02T13:28,C0468,P006,1,275000,0.0,completed,web
O000048,1,2026-01-02T12:00,C0493,P017,1,274000,0.0,returned,web
O000048,2,2026-01-02T12:00,C0493,P004,1,157000,0.0,returned,web
O000049,1,2026-01-02T18:35,C0163,P016,1,169000,0.0,returned,app
O000050,1,2026-01-02T11:14,C0265,P021,1,72000,0.0,completed,web
O000051,1,2026-01-02T14:26,C0333,P048,1,92000,0.0,completed,app
O000052,1,2026-01-02T22:50,C0068,P055,1,88000,0.0,completed,app
O000053,1,2026-01-02T18:05,C0005,P008,1,279000,0.0,completed,app
O000053,2,2026-01-02T18:05,C0005,P016,1,169000,0.0,completed,app
O000054,1,2026-01-02T16:31,C0353,P017,1,274000,0.0,returned,web
O000055,1,2026-01-02T14:53,C0595,P038,1,38000,0.0,completed,app
O000056,1,2026-01-02T10:50,C0463,P052,1,74000,0.0,completed,web
O000057,1,2026-01-02T18:37,C0429,P069,1,122000,0.0,completed,app
O000057,2,2026-01-02T18:37,C0429,P003,1,136000,0.0,completed,app
O000058,1,2026-01-02T05:04,C0333,P040,1,44000,0.0,completed,web
O000058,2,2026-01-02T05:04,C0333,P048,1,92000,0.0,completed,web
O000058,3,2026-01-02T05:04,C0333,P045,1,64000,0.0,completed,web
O000059,1,2026-01-02T16:33,C0346,P008,1,279000,0.0,completed,web
O000060,1,2026-01-02T06:51,C0044,P063,1,124000,0.0,completed,app
O000061,1,2026-01-02T16:39,C0170,P052,1,74000,0.0,completed,app
O000062,1,2026-01-02T11:41,C0001,P017,1,274000,0.0,completed,web
O000062,2,2026-01-02T11:41,C0001,P016,1,169000,0.0,completed,web
O000063,1,2026-01-02T13:56,C0074,P055,1,88000,0.0,completed,web
O000064,1,2026-01-02T23:44,C0595,P028,1,39000,0.0,completed,app
O000065,1,2026-01-02T18:43,C0393,P020,1,41000,0.0,completed,app
O000066,1,2026-01-02T13:26,C0499,P027,1,63000,0.0,completed,app
O000067,1,2026-01-02T16:12,C0452,P059,1,95000,0.0,completed,web
O000068,1,2026-01-02T20:46,C0430,P056,1,61000,0.0,completed,app
O000068,2,2026-01-02T20:46,C0430,P055,1,88000,0.0,completed,app
O000069,1,2026-01-02T09:15,C0066,P012,1,138000,0.0,completed,app
O000069,2,2026-01-02T09:15,C0066,P011,1,265000,0.0,completed,app
O000070,1,2026-01-02T08:38,C0112,P038,1,38000,0.0,completed,web
O000071,1,2026-01-02T07:32,C0583,P072,1,95000,0.0,completed,app
O000071,2,2026-01-02T07:32,C0583,P068,1,117000,0.0,completed,app
O000072,1,2026-01-02T14:45,C0061,P048,1,92000,0.0,completed,app
O000072,2,2026-01-02T14:45,C0061,P008,2,279000,0.0,completed,app
O000073,1,2026-01-02T07:33,C0465,P069,1,122000,0.0,cancelled,app
O000074,1,2026-01-02T17:51,C0133,P048,1,92000,0.0,completed,web
O000075,1,2026-01-02T14:31,C0068,P073,1,75000,0.0,cancelled,app
O000076,1,2026-01-02T09:18,C0321,P002,1,163000,0.0,completed,app
O000077,1,2026-01-02T13:11,C0509,P043,3,91000,0.0,completed,web
O000078,1,2026-01-02T14:38,C0247,P040,1,44000,0.0,completed,app
O000079,1,2026-01-02T15:09,C0587,P054,1,50000,0.0,completed,app
O000080,1,2026-01-02T09:22,C0572,P045,1,64000,0.0,completed,web
O000081,1,2026-01-02T16:27,C0160,P029,2,39000,0.0,completed,app
O000082,1,2026-01-02T13:33,C0018,P040,1,44000,0.0,completed,app
O000083,1,2026-01-02T10:22,C0423,P040,1,44000,0.0,completed,web
O000084,1,2026-01-02T15:44,C0068,P078,1,108000,0.0,completed,app
O000085,1,2026-01-02T15:30,C0468,P017,1,274000,0.0,completed,web
O000086,1,2026-01-02T16:35,C0018,P003,1,136000,0.0,completed,app
O000087,1,2026-01-02T16:24,C0053,P017,1,274000,0.0,completed,web
O000087,2,2026-01-02T16:24,C0053,P028,1,39000,0.0,completed,web
O000087,3,2026-01-02T16:24,C0053,P043,1,91000,0.0,completed,web
O000088,1,2026-01-02T20:52,C0595,P075,1,81000,0.0,completed,app
O000089,1,2026-01-02T13:28,C0452,P001,1,193000,0.0,completed,web
O000090,1,2026-01-02T12:55,C0265,P012,1,138000,0.0,cancelled,web
O000090,2,2026-01-02T12:55,C0265,P008,1,279000,0.0,cancelled,web
O000091,1,2026-01-02T10:18,C0526,P068,1,117000,0.0,completed,web
O000092,1,2026-01-02T06:54,C0438,P012,1,138000,0.0,completed,web
O000093,1,2026-01-02T13:48,C0383,P008,1,279000,0.0,completed,web
O000094,1,2026-01-02T16:20,C0283,P055,1,88000,0.0,completed,web
O000094,2,2026-01-02T16:20,C0283,P057,1,92000,0.0,completed,web
O000095,1,2026-01-02T20:09,C0522,P017,1,274000,0.0,completed,app
O000096,1,2026-01-02T09:13,C0196,P042,1,85000,0.0,completed,app
O000097,1,2026-01-02T15:46,C0066,P001,1,193000,0.0,completed,web
O000098,1,2026-01-02T12:35,C0213,P075,1,81000,0.0,completed,web
O000098,2,2026-01-02T12:35,C0213,P073,1,75000,0.0,completed,web
O000099,1,2026-01-02T09:46,C0383,P052,1,74000,0.0,completed,app
O000100,1,2026-01-02T10:18,C0335,P058,1,99000,0.0,completed,web
O000101,1,2026-01-03T11:30,C0188,P043,1,91000,0.0,returned,web
O000102,1,2026-01-03T08:30,C0333,P043,1,91000,0.0,completed,app
O000103,1,2026-01-03T17:20,C0481,P040,1,44000,0.0,returned,app
O000104,1,2026-01-03T19:22,C0265,P080,1,109000,0.0,completed,web
O000105,1,2026-01-03T13:51,C0496,P001,1,193000,0.0,completed,app
O000106,1,2026-01-03T20:37,C0129,P043,1,91000,0.0,completed,app
O000107,1,2026-01-03T11:45,C0282,P068,1,117000,0.0,completed,web
O000108,1,2026-01-03T12:45,C0595,P037,1,49000,0.0,completed,app
O000108,2,2026-01-03T12:45,C0595,P029,1,39000,0.0,completed,app
O000108,3,2026-01-03T12:45,C0595,P040,1,44000,0.0,completed,app
O000109,1,2026-01-03T10:36,C0033,P061,1,115000,0.0,completed,web
O000109,2,2026-01-03T10:36,C0033,P048,1,92000,0.0,completed,web
O000109,3,2026-01-03T10:36,C0033,P061,1,115000,0.0,completed,web
O000110,1,2026-01-03T17:50,C0339,P013,1,271000,0.0,completed,app
O000111,1,2026-01-03T18:24,C0005,P017,1,274000,0.0,completed,app
O000112,1,2026-01-03T15:35,C0113,P008,1,279000,0.0,completed,web
O000113,1,2026-01-03T22:11,C0123,P027,1,63000,0.0,completed,web
O000113,2,2026-01-03T22:11,C0123,P028,1,39000,0.0,completed,web
O000114,1,2026-01-03T16:07,C0183,P076,1,101000,0.0,completed,web
O000115,1,2026-01-03T13:27,C0596,P068,1,117000,0.0,cancelled,web
O000115,2,2026-01-03T13:27,C0596,P064,1,127000,0.0,cancelled,web
O000116,1,2026-01-03T18:46,C0335,P026,1,48000,0.0,returned,web
O000117,1,2026-01-03T15:09,C0188,P060,1,82000,0.0,completed,web
O000118,1,2026-01-03T18:54,C0572,P028,1,39000,0.0,completed,web
O000119,1,2026-01-03T16:35,C0114,P011,1,265000,0.0,completed,web
O000120,1,2026-01-03T04:07,C0179,P061,1,115000,0.0,completed,app
O000121,1,2026-01-03T21:03,C0243,P049,1,78000,0.0,completed,web
O000122,1,2026-01-03T04:05,C0418,P017,1,274000,0.0,completed,app
O000123,1,2026-01-03T17:15,C0173,P008,1,279000,0.0,returned,web
O000124,1,2026-01-03T17:49,C0515,P006,1,275000,0.0,completed,web
O000125,1,2026-01-03T16:01,C0108,P017,1,274000,0.0,completed,app
O000126,1,2026-01-03T22:39,C0376,P008,1,279000,0.0,completed,app
O000127,1,2026-01-03T11:26,C0057,P064,1,127000,0.0,completed,app
O000128,1,2026-01-03T17:53,C0595,P028,1,39000,0.0,completed,app
O000129,1,2026-01-03T16:46,C0570,P046,1,59000,0.0,returned,web
O000130,1,2026-01-03T10:45,C0445,P004,1,157000,0.0,completed,web
O000131,1,2026-01-03T04:06,C0452,P043,1,91000,0.0,completed,web
O000132,1,2026-01-03T07:48,C0451,P066,1,110000,0.0,completed,app
O000133,1,2026-01-03T17:46,C0482,P017,3,274000,0.0,completed,web
O000134,1,2026-01-03T18:16,C0171,P045,1,64000,0.0,completed,app
O000134,2,2026-01-03T18:16,C0171,P059,1,95000,0.0,completed,app
O000135,1,2026-01-03T07:59,C0018,P017,1,274000,0.0,completed,web
O000136,1,2026-01-03T16:18,C0479,P040,1,44000,0.0,completed,app
O000137,1,2026-01-03T16:01,C0006,P001,1,193000,0.0,completed,app
O000138,1,2026-01-03T17:07,C0411,P043,1,91000,0.0,completed,web
O000138,2,2026-01-03T17:07,C0411,P004,1,157000,0.0,completed,web
O000138,3,2026-01-03T17:07,C0411,P075,1,81000,0.0,completed,web
O000139,1,2026-01-03T05:25,C0221,P019,1,37000,0.0,completed,app
O000139,2,2026-01-03T05:25,C0221,P040,1,44000,0.0,completed,app
O000140,1,2026-01-03T14:19,C0309,P008,1,279000,0.0,completed,app
O000141,1,2026-01-03T09:38,C0457,P075,1,81000,0.0,completed,web
O000142,1,2026-01-03T13:00,C0001,P017,1,274000,0.0,completed,web
O000142,2,2026-01-03T13:00,C0001,P001,1,193000,0.0,completed,web
O000143,1,2026-01-03T10:14,C0109,P044,1,85000,0.0,completed,app
O000144,1,2026-01-03T17:02,C0146,P045,1,64000,0.0,completed,app
O000144,2,2026-01-03T17:02,C0146,P040,1,44000,0.0,completed,app
O000144,3,2026-01-03T17:02,C0146,P001,1,193000,0.0,completed,app
O000145,1,2026-01-03T17:19,C0397,P008,1,279000,0.0,completed,app
O000145,2,2026-01-03T17:19,C0397,P032,1,45000,0.0,completed,app
O000145,3,2026-01-03T17:19,C0397,P040,1,44000,0.0,completed,app
O000146,1,2026-01-03T18:26,C0346,P019,1,37000,0.0,completed,app
O000146,2,2026-01-03T18:26,C0346,P017,1,274000,0.0,completed,app
O000146,3,2026-01-03T18:26,C0346,P008,1,279000,0.0,completed,app
O000147,1,2026-01-03T10:13,C0435,P074,1,107000,0.0,completed,web
O000148,1,2026-01-03T14:44,C0160,P008,1,279000,0.0,completed,app
O000148,2,2026-01-03T14:44,C0160,P008,2,279000,0.0,completed,app
O000148,3,2026-01-03T14:44,C0160,P011,2,265000,0.0,completed,app
O000149,1,2026-01-03T20:53,C0430,P080,1,109000,0.0,completed,app
O000150,1,2026-01-03T20:57,C0011,P005,1,227000,0.0,completed,app
O000151,1,2026-01-03T13:16,C0295,P001,1,193000,0.0,returned,app
O000152,1,2026-01-03T13:54,C0058,P001,1,193000,0.0,completed,app
O000153,1,2026-01-03T14:11,C0279,P011,1,265000,0.0,completed,app
O000153,2,2026-01-03T14:11,C0279,P006,1,275000,0.0,completed,app
O000154,1,2026-01-03T11:36,C0196,P008,1,279000,0.0,completed,app
O000155,1,2026-01-03T13:34,C0600,P017,1,274000,0.0,completed,app
O000156,1,2026-01-03T21:23,C0204,P017,1,274000,0.0,completed,web
O000157,1,2026-01-03T18:45,C0489,P011,1,265000,0.0,completed,web
O000158,1,2026-01-03T21:46,C0579,P001,1,193000,0.0,cancelled,app
O000159,1,2026-01-04T10:56,C0096,P040,1,44000,0.0,completed,web
O000159,2,2026-01-04T10:56,C0096,P040,1,44000,0.0,completed,web
O000160,1,2026-01-04T14:35,C0499,P008,1,279000,0.0,completed,app
O000161,1,2026-01-04T16:44,C0418,P043,1,91000,0.0,completed,app
O000161,2,2026-01-04T16:44,C0418,P017,1,274000,0.0,completed,app
O000161,3,2026-01-04T16:44,C0418,P049,1,78000,0.0,completed,app
O000162,1,2026-01-04T18:38,C0512,P034,1,57000,0.0,completed,app
O000163,1,2026-01-04T16:32,C0522,P015,1,222000,0.0,completed,web
O000164,1,2026-01-04T18:20,C0493,P017,1,274000,0.0,completed,web
O000165,1,2026-01-04T14:29,C0346,P045,1,64000,0.0,completed,web
O000165,2,2026-01-04T14:29,C0346,P015,1,222000,0.0,completed,web
O000166,1,2026-01-04T21:35,C0180,P017,1,274000,0.0,completed,web
O000167,1,2026-01-04T17:55,C0465,P075,1,81000,0.0,completed,app
O000168,1,2026-01-04T13:24,C0367,P045,1,64000,0.0,completed,app
O000169,1,2026-01-04T11:20,C0478,P070,1,114000,0.0,completed,web
O000170,1,2026-01-04T11:24,C0033,P017,1,274000,0.0,completed,web
O000170,2,2026-01-04T11:24,C0033,P064,1,127000,0.0,completed,web
O000171,1,2026-01-04T16:19,C0164,P021,1,72000,0.0,completed,web
O000171,2,2026-01-04T16:19,C0164,P040,1,44000,0.0,completed,web
O000172,1,2026-01-04T04:41,C0009,P008,1,279000,0.0,cancelled,app
O000173,1,2026-01-04T17:03,C0455,P045,1,64000,0.0,completed,web
O000174,1,2026-01-04T14:14,C0406,P042,1,85000,0.0,completed,app
O000175,1,2026-01-04T10:50,C0335,P038,1,38000,0.0,completed,web
O000175,2,2026-01-04T10:50,C0335,P036,1,65000,0.0,completed,web
O000176,1,2026-01-04T13:01,C0278,P013,1,271000,0.0,completed,web
O000177,1,2026-01-04T23:03,C0350,P074,1,107000,0.0,returned,app
O000178,1,2026-01-04T08:09,C0146,P008,1,279000,0.0,completed,web
O000178,2,2026-01-04T08:09,C0146,P045,1,64000,0.0,completed,web
O000179,1,2026-01-04T19:18,C0030,P016,1,169000,0.0,completed,web
O000180,1,2026-01-04T17:33,C0357,P040,1,44000,0.0,completed,app
O000180,2,2026-01-04T17:33,C0357,P070,1,114000,0.0,completed,app
O000181,1,2026-01-04T13:22,C0418,P013,1,271000,0.0,completed,web
O000181,2,2026-01-04T13:22,C0418,P001,1,193000,0.0,completed,web
O000182,1,2026-01-04T22:41,C0386,P009,1,194000,0.0,completed,app
O000182,2,2026-01-04T22:41,C0386,P008,1,279000,0.0,completed,app
O000183,1,2026-01-04T16:15,C0438,P026,1,48000,0.0,completed,web
O000183,2,2026-01-04T16:15,C0438,P001,1,193000,0.0,completed,web
O000184,1,2026-01-04T14:14,C0113,P011,1,265000,0.0,completed,web
O000185,1,2026-01-04T15:44,C0494,P040,1,44000,0.0,completed,app
O000186,1,2026-01-04T04:32,C0418,P042,1,85000,0.0,completed,app
O000187,1,2026-01-04T14:10,C0361,P055,1,88000,0.0,completed,web
O000188,1,2026-01-04T11:02,C0600,P043,1,91000,0.0,completed,app
O000189,1,2026-01-04T13:33,C0148,P007,1,262000,0.0,cancelled,app
O000190,1,2026-01-04T16:45,C0045,P037,1,49000,0.0,completed,web
O000191,1,2026-01-04T18:11,C0137,P016,1,169000,0.0,completed,web
O000192,1,2026-01-04T20:38,C0181,P017,1,274000,0.0,completed,app
O000193,1,2026-01-04T16:03,C0036,P021,1,72000,0.0,completed,app
O000194,1,2026-01-04T13:54,C0558,P010,1,263000,0.0,completed,app
O000195,1,2026-01-04T09:11,C0479,P007,1,262000,0.0,returned,app
O000195,2,2026-01-04T09:11,C0479,P063,1,124000,0.0,returned,app
O000195,3,2026-01-04T09:11,C0479,P061,1,115000,0.0,returned,app
O000196,1,2026-01-04T22:25,C0256,P011,1,265000,0.0,completed,app
O000197,1,2026-01-04T13:14,C0033,P064,1,127000,0.0,completed,web
O000197,2,2026-01-04T13:14,C0033,P042,1,85000,0.0,completed,web
O000197,3,2026-01-04T13:14,C0033,P080,1,109000,0.0,completed,web
O000198,1,2026-01-04T13:29,C0501,P055,1,88000,0.0,completed,web
O000199,1,2026-01-04T19:14,C0383,P017,1,274000,0.0,completed,app
O000200,1,2026-01-04T17:26,C0307,P001,1,193000,0.0,completed,web
O000201,1,2026-01-04T17:27,C0279,P008,1,279000,0.0,returned,web
O000202,1,2026-01-04T09:53,C0006,P011,1,265000,0.0,completed,app
O000203,1,2026-01-04T18:57,C0447,P017,1,274000,0.0,completed,app
O000204,1,2026-01-04T19:30,C0281,P015,1,222000,0.0,completed,app
O000205,1,2026-01-04T17:53,C0595,P040,1,44000,0.0,completed,app
O000205,2,2026-01-04T17:53,C0595,P037,1,49000,0.0,completed,app
O000206,1,2026-01-04T13:46,C0492,P002,1,163000,0.0,completed,app
O000207,1,2026-01-04T14:16,C0077,P016,1,169000,0.0,completed,app
O000207,2,2026-01-04T14:16,C0077,P042,1,85000,0.0,completed,app
O000208,1,2026-01-04T12:07,C0186,P077,1,69000,0.0,completed,app
O000209,1,2026-01-04T11:54,C0353,P073,1,75000,0.0,completed,web
O000210,1,2026-01-04T08:36,C0504,P078,1,108000,0.0,completed,web
O000211,1,2026-01-04T17:33,C0589,P043,1,91000,0.0,completed,app
O000211,2,2026-01-04T17:33,C0589,P044,1,85000,0.0,completed,app
O000212,1,2026-01-04T13:09,C0098,P008,1,279000,0.0,completed,app
O000213,1,2026-01-04T14:36,C0570,P057,1,92000,0.0,completed,web
O000214,1,2026-01-04T15:22,C0595,P012,1,138000,0.0,completed,app
O000215,1,2026-01-04T12:18,C0113,P042,1,85000,0.0,completed,web
O000215,2,2026-01-04T12:18,C0113,P049,1,78000,0.0,completed,web
O000216,1,2026-01-04T17:34,C0397,P012,1,138000,0.0,cancelled,app
O000216,2,2026-01-04T17:34,C0397,P006,1,275000,0.0,cancelled,app
O000217,1,2026-01-04T09:54,C0478,P008,1,279000,0.0,completed,web
O000218,1,2026-01-04T13:54,C0010,P011,1,265000,0.0,completed,web
O000219,1,2026-01-04T12:48,C0504,P059,1,95000,0.0,completed,app
O000219,2,2026-01-04T12:48,C0504,P007,1,262000,0.0,completed,app
O000220,1,2026-01-04T14:44,C0231,P015,1,222000,0.0,completed,app
O000221,1,2026-01-04T10:10,C0005,P010,1,263000,0.0,completed,app
O000221,2,2026-01-04T10:10,C0005,P001,1,193000,0.0,completed,app
O000222,1,2026-01-04T19:13,C0533,P006,1,275000,0.0,completed,web
O000223,1,2026-01-04T18:30,C0450,P048,1,92000,0.0,completed,app
O000224,1,2026-01-04T05:31,C0022,P017,1,274000,0.0,completed,web
O000225,1,2026-01-04T21:38,C0186,P016,1,169000,0.0,completed,app
O000225,2,2026-01-04T21:38,C0186,P043,1,91000,0.0,completed,app
O000225,3,2026-01-04T21:38,C0186,P042,1,85000,0.0,completed,app
O000226,1,2026-01-05T15:14,C0017,P040,1,44000,0.0,completed,web
O000227,1,2026-01-05T15:55,C0366,P008,1,279000,0.0,completed,web
O000228,1,2026-01-05T14:14,C0418,P017,1,274000,0.0,completed,app
O000229,1,2026-01-05T23:58,C0041,P027,1,63000,0.0,completed,web
O000230,1,2026-01-05T14:31,C0036,P069,1,122000,0.0,completed,app
O000231,1,2026-01-05T16:17,C0360,P057,1,92000,0.0,completed,web
O000231,2,2026-01-05T16:17,C0360,P050,1,84000,0.0,completed,web
O000232,1,2026-01-05T11:58,C0325,P067,1,110000,0.0,completed,web
O000233,1,2026-01-05T18:51,C0325,P070,1,114000,0.0,completed,web
O000234,1,2026-01-05T10:24,C0499,P006,1,275000,0.0,returned,app
O000235,1,2026-01-05T18:49,C0153,P038,1,38000,0.0,completed,web
O000235,2,2026-01-05T18:49,C0153,P019,1,37000,0.0,completed,web
O000236,1,2026-01-05T10:59,C0019,P048,1,92000,0.0,completed,app
O000237,1,2026-01-05T10:12,C0393,P001,1,193000,0.0,returned,web
O000238,1,2026-01-05T20:45,C0414,P017,1,274000,0.0,cancelled,app
O000239,1,2026-01-05T15:37,C0080,P030,1,62000,0.0,completed,web
O000240,1,2026-01-05T11:52,C0430,P045,1,64000,0.0,completed,app
O000240,2,2026-01-05T11:52,C0430,P051,1,78000,0.0,completed,app
O000241,1,2026-01-05T12:11,C0357,P017,1,274000,0.0,completed,web
O000241,2,2026-01-05T12:11,C0357,P046,1,59000,0.0,completed,web
O000241,3,2026-01-05T12:11,C0357,P017,1,274000,0.0,completed,web
O000242,1,2026-01-05T16:07,C0294,P074,1,107000,0.0,completed,app
O000242,2,2026-01-05T16:07,C0294,P001,1,193000,0.0,completed,app
O000243,1,2026-01-05T15:20,C0297,P063,1,124000,0.0,completed,app
O000244,1,2026-01-05T12:50,C0493,P043,1,91000,0.0,completed,web
O000244,2,2026-01-05T12:50,C0493,P076,1,101000,0.0,completed,web
O000244,3,2026-01-05T12:50,C0493,P006,1,275000,0.0,completed,web
O000245,1,2026-01-05T18:58,C0595,P055,1,88000,0.0,completed,app
O000246,1,2026-01-05T19:31,C0033,P015,1,222000,0.0,completed,web
O000247,1,2026-01-05T12:28,C0429,P017,1,274000,0.0,completed,app
O000248,1,2026-01-05T18:40,C0005,P026,1,48000,0.0,completed,app
O000249,1,2026-01-05T22:03,C0562,P015,1,222000,0.0,completed,app
O000250,1,2026-01-05T19:07,C0148,P015,1,222000,0.0,returned,app
O000251,1,2026-01-05T19:44,C0199,P017,1,274000,0.0,completed,app
O000252,1,2026-01-05T14:38,C0335,P019,1,37000,0.0,completed,web
O000253,1,2026-01-05T13:29,C0068,P055,1,88000,0.0,completed,web
O000254,1,2026-01-05T13:34,C0293,P015,1,222000,0.0,completed,web
O000255,1,2026-01-05T21:21,C0516,P016,1,169000,0.0,completed,web
O000256,1,2026-01-05T21:27,C0335,P004,1,157000,0.0,completed,web
O000256,2,2026-01-05T21:27,C0335,P030,1,62000,0.0,completed,web
O000257,1,2026-01-05T14:52,C0150,P045,1,64000,0.0,completed,web
O000258,1,2026-01-05T20:58,C0089,P055,1,88000,0.0,completed,web
O000258,2,2026-01-05T20:58,C0089,P076,1,101000,0.0,completed,web
O000258,3,2026-01-05T20:58,C0089,P042,1,85000,0.0,completed,web
O000259,1,2026-01-05T07:16,C0579,P055,1,88000,0.0,completed,app
O000260,1,2026-01-05T16:33,C0596,P008,1,279000,0.0,completed,web
O000261,1,2026-01-05T19:15,C0192,P005,1,227000,0.0,completed,app
O000261,2,2026-01-05T19:15,C0192,P009,1,194000,0.0,completed,app
O000262,1,2026-01-05T13:30,C0266,P037,1,49000,0.0,completed,web
O000263,1,2026-01-05T17:04,C0274,P074,1,107000,0.0,completed,app
O000264,1,2026-01-05T16:11,C0419,P078,1,108000,0.0,completed,web
O000265,1,2026-01-05T12:48,C0325,P015,1,222000,0.0,completed,web
O000266,1,2026-01-05T11:49,C0047,P075,1,81000,0.0,completed,web
O000266,2,2026-01-05T11:49,C0047,P040,2,44000,0.0,completed,web
O000267,1,2026-01-05T17:40,C0259,P040,1,44000,0.0,completed,web
O000267,2,2026-01-05T17:40,C0259,P040,1,44000,0.0,completed,web
O000268,1,2026-01-05T14:10,C0113,P008,1,279000,0.0,completed,web
O000268,2,2026-01-05T14:10,C0113,P011,1,265000,0.0,completed,web
O000268,3,2026-01-05T14:10,C0113,P001,1,193000,0.0,completed,web
O000269,1,2026-01-05T12:15,C0250,P013,1,271000,0.0,completed,app
O000270,1,2026-01-05T15:08,C0150,P042,1,85000,0.0,completed,web
O000271,1,2026-01-05T21:02,C0418,P043,1,91000,0.0,completed,app
O000272,1,2026-01-05T18:25,C0026,P008,1,279000,0.0,completed,app
O000273,1,2026-01-05T17:17,C0335,P075,1,81000,0.0,completed,web
O000274,1,2026-01-05T06:16,C0057,P008,1,279000,0.0,completed,app
O000274,2,2026-01-05T06:16,C0057,P074,1,107000,0.0,completed,app
O000275,1,2026-01-05T18:34,C0085,P008,1,279000,0.0,completed,web
O000275,2,2026-01-05T18:34,C0085,P017,1,274000,0.0,completed,web
O000276,1,2026-01-05T22:55,C0489,P008,1,279000,0.0,cancelled,web
O000277,1,2026-01-05T16:24,C0350,P017,1,274000,0.0,completed,app
O000278,1,2026-01-06T16:02,C0341,P043,1,91000,0.0,completed,app
O000279,1,2026-01-06T07:52,C0092,P043,1,91000,0.0,completed,web
O000280,1,2026-01-06T03:55,C0089,P056,1,61000,0.0,completed,app
O000281,1,2026-01-06T12:29,C0213,P027,1,63000,0.0,completed,web
O000281,2,2026-01-06T12:29,C0213,P038,1,38000,0.0,completed,web
O000281,3,2026-01-06T12:29,C0213,P008,1,279000,0.0,completed,web
O000282,1,2026-01-06T17:33,C0409,P071,1,133000,0.0,returned,app
O000283,1,2026-01-06T13:24,C0214,P017,1,274000,0.0,returned,app
O000283,2,2026-01-06T13:24,C0214,P017,1,274000,0.0,returned,app
O000284,1,2026-01-06T10:31,C0294,P043,1,91000,0.0,completed,app
O000285,1,2026-01-06T11:48,C0502,P048,1,92000,0.0,completed,app
O000286,1,2026-01-06T19:08,C0270,P027,1,63000,0.0,cancelled,web
O000287,1,2026-01-06T15:14,C0430,P055,1,88000,0.0,completed,web
O000288,1,2026-01-06T14:39,C0096,P055,1,88000,0.0,completed,app
O000288,2,2026-01-06T14:39,C0096,P016,1,169000,0.0,completed,app
O000289,1,2026-01-06T17:08,C0577,P055,1,88000,0.0,returned,app
O000289,2,2026-01-06T17:08,C0577,P048,1,92000,0.0,returned,app
O000290,1,2026-01-06T16:11,C0350,P008,1,279000,0.0,completed,app
O000291,1,2026-01-06T17:30,C0582,P055,1,88000,0.0,completed,app
O000291,2,2026-01-06T17:30,C0582,P013,1,271000,0.0,completed,app
O000292,1,2026-01-06T05:05,C0380,P015,1,222000,0.0,completed,web
O000293,1,2026-01-06T05:21,C0170,P048,1,92000,0.0,completed,web
O000294,1,2026-01-06T09:35,C0136,P017,1,274000,0.0,completed,app
O000295,1,2026-01-06T12:06,C0501,P043,1,91000,0.0,completed,web
O000296,1,2026-01-06T13:48,C0265,P013,1,271000,0.0,completed,web
O000297,1,2026-01-06T15:52,C0312,P029,1,39000,0.0,completed,web
O000298,1,2026-01-06T17:48,C0113,P008,1,279000,0.0,completed,web
O000299,1,2026-01-06T06:53,C0052,P066,1,110000,0.0,completed,app
O000299,2,2026-01-06T06:53,C0052,P061,1,115000,0.0,completed,app
O000300,1,2026-01-06T15:27,C0430,P052,1,74000,0.0,completed,app
O000301,1,2026-01-06T16:34,C0567,P008,1,279000,0.0,completed,app
O000302,1,2026-01-06T14:51,C0335,P001,1,193000,0.0,completed,web
O000303,1,2026-01-06T19:15,C0011,P024,1,55000,0.0,completed,app
O000303,2,2026-01-06T19:15,C0011,P037,1,49000,0.0,completed,app
O000304,1,2026-01-06T13:50,C0566,P042,1,85000,0.0,completed,app
O000305,1,2026-01-06T17:10,C0361,P079,1,115000,0.0,completed,app
O000306,1,2026-01-06T11:41,C0436,P017,1,274000,0.0,completed,app
O000307,1,2026-01-06T17:53,C0129,P050,1,84000,0.0,completed,app
O000307,2,2026-01-06T17:53,C0129,P077,1,69000,0.0,completed,app
O000308,1,2026-01-06T21:58,C0335,P017,1,274000,0.0,completed,web
O000309,1,2026-01-06T16:24,C0571,P069,1,122000,0.0,completed,web
O000310,1,2026-01-06T18:15,C0294,P040,1,44000,0.0,completed,app
O000311,1,2026-01-06T15:54,C0283,P016,1,169000,0.0,completed,app
O000312,1,2026-01-06T18:53,C0294,P015,1,222000,0.0,completed,app
O000313,1,2026-01-06T13:17,C0068,P013,1,271000,0.0,completed,app
O000314,1,2026-01-06T14:51,C0280,P001,1,193000,0.0,completed,web
O000315,1,2026-01-06T16:17,C0435,P011,1,265000,0.0,completed,web
O000316,1,2026-01-06T23:22,C0397,P017,1,274000,0.0,completed,app
O000317,1,2026-01-06T18:00,C0568,P013,3,271000,0.0,completed,web
O000317,2,2026-01-06T18:00,C0568,P066,1,110000,0.0,completed,web
O000318,1,2026-01-06T12:48,C0481,P072,1,95000,0.0,completed,app
O000319,1,2026-01-06T14:07,C0303,P006,3,275000,0.0,completed,web
O000319,2,2026-01-06T14:07,C0303,P076,1,101000,0.0,completed,web
O000320,1,2026-01-06T21:28,C0110,P063,1,124000,0.0,completed,app
O000320,2,2026-01-06T21:28,C0110,P075,1,81000,0.0,completed,app
O000321,1,2026-01-06T15:53,C0325,P062,1,86000,0.0,completed,web
O000322,1,2026-01-06T10:51,C0167,P017,1,274000,0.0,completed,app
O000323,1,2026-01-06T14:31,C0341,P077,1,69000,0.0,completed,web
O000324,1,2026-01-06T20:39,C0271,P074,1,107000,0.0,completed,app
O000325,1,2026-01-06T14:34,C0597,P015,1,222000,0.0,completed,web
O000326,1,2026-01-06T14:17,C0005,P017,1,274000,0.0,completed,app
O000327,1,2026-01-06T11:52,C0330,P007,1,262000,0.0,completed,web
O000328,1,2026-01-06T12:47,C0489,P008,1,279000,0.0,completed,web
O000328,2,2026-01-06T12:47,C0489,P013,1,271000,0.0,completed,web
O000329,1,2026-01-06T17:16,C0393,P006,1,275000,0.0,completed,web
O000330,1,2026-01-06T12:34,C0035,P071,1,133000,0.0,completed,web
O000331,1,2026-01-06T11:55,C0451,P017,1,274000,0.0,completed,app
O000332,1,2026-01-06T15:31,C0129,P008,1,279000,0.0,completed,app
O000333,1,2026-01-07T08:21,C0154,P017,1,274000,0.0,completed,app
O000334,1,2026-01-07T15:19,C0215,P055,1,88000,0.0,completed,app
O000334,2,2026-01-07T15:19,C0215,P040,1,44000,0.0,completed,app
O000335,1,2026-01-07T15:26,C0229,P046,1,59000,0.0,completed,app
O000336,1,2026-01-07T13:00,C0126,P007,1,262000,0.0,completed,app
O000337,1,2026-01-07T18:22,C0240,P035,1,49000,0.0,completed,app
O000337,2,2026-01-07T18:22,C0240,P073,1,75000,0.0,completed,app
O000338,1,2026-01-07T17:24,C0165,P074,1,107000,0.0,completed,app
O000339,1,2026-01-07T16:51,C0403,P008,1,279000,0.0,completed,app
O000339,2,2026-01-07T16:51,C0403,P007,1,262000,0.0,completed,app
O000339,3,2026-01-07T16:51,C0403,P006,1,275000,0.0,completed,app
O000340,1,2026-01-07T17:25,C0182,P028,1,39000,0.0,returned,app
O000340,2,2026-01-07T17:25,C0182,P027,1,63000,0.0,returned,app
O000341,1,2026-01-07T10:05,C0595,P040,1,44000,0.0,completed,app
O000341,2,2026-01-07T10:05,C0595,P023,1,53000,0.0,completed,app
O000341,3,2026-01-07T10:05,C0595,P021,1,72000,0.0,completed,app
O000342,1,2026-01-07T11:37,C0385,P032,1,45000,0.0,completed,web
O000343,1,2026-01-07T19:16,C0214,P016,1,169000,0.0,completed,app
O000344,1,2026-01-07T14:18,C0240,P059,1,95000,0.0,completed,app
O000344,2,2026-01-07T14:18,C0240,P059,1,95000,0.0,completed,app
O000345,1,2026-01-07T14:16,C0458,P008,1,279000,0.0,completed,web
O000345,2,2026-01-07T14:16,C0458,P011,2,265000,0.0,completed,web
O000346,1,2026-01-07T10:49,C0489,P011,1,265000,0.0,completed,web
O000346,2,2026-01-07T10:49,C0489,P010,1,263000,0.0,completed,web
O000347,1,2026-01-07T11:03,C0136,P008,1,279000,0.0,completed,app
O000348,1,2026-01-07T11:33,C0295,P064,1,127000,0.0,completed,app
O000349,1,2026-01-07T07:27,C0005,P015,1,222000,0.0,returned,app
O000349,2,2026-01-07T07:27,C0005,P017,1,274000,0.0,returned,app
O000350,1,2026-01-07T14:25,C0579,P061,1,115000,0.0,completed,app
O000351,1,2026-01-07T15:50,C0523,P008,1,279000,0.0,completed,web
O000352,1,2026-01-07T11:32,C0360,P043,1,91000,0.0,completed,web
O000352,2,2026-01-07T11:32,C0360,P060,1,82000,0.0,completed,web
O000353,1,2026-01-07T18:35,C0109,P015,1,222000,0.0,completed,app
O000354,1,2026-01-07T17:54,C0044,P040,1,44000,0.0,returned,app
O000354,2,2026-01-07T17:54,C0044,P008,1,279000,0.0,returned,app
O000354,3,2026-01-07T17:54,C0044,P059,1,95000,0.0,returned,app
O000355,1,2026-01-07T23:16,C0033,P071,1,133000,0.0,completed,web
O000356,1,2026-01-07T16:31,C0057,P055,1,88000,0.0,completed,web
O000357,1,2026-01-07T10:58,C0397,P068,1,117000,0.0,completed,app
O000358,1,2026-01-07T19:25,C0354,P042,1,85000,0.0,completed,web
O000359,1,2026-01-07T18:53,C0595,P027,1,63000,0.0,completed,web
O000359,2,2026-01-07T18:53,C0595,P075,1,81000,0.0,completed,web
O000360,1,2026-01-07T14:20,C0333,P052,1,74000,0.0,completed,app
O000361,1,2026-01-07T19:28,C0448,P064,1,127000,0.0,completed,app
O000362,1,2026-01-07T16:39,C0595,P059,1,95000,0.0,completed,app
O000363,1,2026-01-07T12:49,C0206,P001,1,193000,0.0,completed,web
O000364,1,2026-01-07T15:02,C0109,P075,1,81000,0.0,completed,app
O000365,1,2026-01-07T12:59,C0265,P001,1,193000,0.0,completed,web
O000366,1,2026-01-07T20:43,C0397,P042,1,85000,0.0,completed,app
O000367,1,2026-01-07T15:49,C0252,P011,2,265000,0.0,completed,web
O000367,2,2026-01-07T15:49,C0252,P078,2,108000,0.0,completed,web
O000367,3,2026-01-07T15:49,C0252,P008,1,279000,0.0,completed,web
O000368,1,2026-01-07T20:19,C0215,P073,1,75000,0.0,returned,app
O000369,1,2026-01-07T22:24,C0068,P048,1,92000,0.0,completed,app
O000370,1,2026-01-07T17:32,C0186,P013,1,271000,0.0,completed,app
O000370,2,2026-01-07T17:32,C0186,P001,1,193000,0.0,completed,app
O000370,3,2026-01-07T17:32,C0186,P003,1,136000,0.0,completed,app
O000371,1,2026-01-07T07:51,C0099,P074,1,107000,0.0,completed,app
O000372,1,2026-01-07T14:40,C0496,P050,1,84000,0.0,completed,app
O000373,1,2026-01-07T08:58,C0109,P045,1,64000,0.0,completed,app
O000374,1,2026-01-07T20:34,C0220,P055,1,88000,0.0,completed,web
O000375,1,2026-01-07T19:34,C0214,P075,1,81000,0.0,completed,app
O000375,2,2026-01-07T19:34,C0214,P043,1,91000,0.0,completed,app
O000376,1,2026-01-07T18:38,C0304,P073,2,75000,0.0,completed,web
O000377,1,2026-01-07T18:36,C0283,P043,1,91000,0.0,completed,app
O000377,2,2026-01-07T18:36,C0283,P047,1,58000,0.0,completed,app
O000378,1,2026-01-07T15:52,C0018,P001,1,193000,0.0,completed,app
O000379,1,2026-01-07T19:26,C0480,P017,1,274000,0.0,completed,app
O000380,1,2026-01-08T12:02,C0582,P066,1,110000,0.0,returned,app
O000380,2,2026-01-08T12:02,C0582,P008,1,279000,0.0,returned,app
O000381,1,2026-01-08T10:40,C0171,P049,1,78000,0.0,completed,app
O000382,1,2026-01-08T13:07,C0026,P017,1,274000,0.0,returned,app
O000383,1,2026-01-08T13:36,C0250,P039,1,45000,0.0,completed,app
O000384,1,2026-01-08T19:25,C0239,P011,1,265000,0.0,completed,web
O000385,1,2026-01-08T16:26,C0496,P073,1,75000,0.0,completed,app
O000386,1,2026-01-08T11:15,C0329,P028,1,39000,0.0,completed,app
O000387,1,2026-01-08T12:16,C0350,P071,1,133000,0.0,completed,app
O000388,1,2026-01-08T15:41,C0499,P042,1,85000,0.0,completed,app
O000389,1,2026-01-08T17:36,C0033,P050,1,84000,0.0,completed,web
O000389,2,2026-01-08T17:36,C0033,P039,1,45000,0.0,completed,web
O000389,3,2026-01-08T17:36,C0033,P049,1,78000,0.0,completed,web
O000390,1,2026-01-08T13:04,C0515,P013,1,271000,0.0,completed,app
O000390,2,2026-01-08T13:04,C0515,P010,1,263000,0.0,completed,app
O000391,1,2026-01-08T10:02,C0583,P080,1,109000,0.0,completed,app
O000391,2,2026-01-08T10:02,C0583,P064,1,127000,0.0,completed,app
O000392,1,2026-01-08T16:10,C0589,P034,1,57000,0.0,completed,app
O000393,1,2026-01-08T10:29,C0022,P038,1,38000,0.0,completed,web
O000394,1,2026-01-08T18:55,C0271,P055,1,88000,0.0,completed,app
O000394,2,2026-01-08T18:55,C0271,P030,1,62000,0.0,completed,app
O000395,1,2026-01-08T19:53,C0358,P011,1,265000,0.0,completed,app
O000396,1,2026-01-08T20:01,C0093,P064,1,127000,0.0,completed,web
O000396,2,2026-01-08T20:01,C0093,P040,2,44000,0.0,completed,web
O000397,1,2026-01-08T20:27,C0186,P040,1,44000,0.0,completed,app
O000397,2,2026-01-08T20:27,C0186,P013,1,271000,0.0,completed,app
O000398,1,2026-01-08T18:52,C0353,P045,1,64000,0.0,completed,app
O000398,2,2026-01-08T18:52,C0353,P045,1,64000,0.0,completed,app
O000399,1,2026-01-08T08:27,C0430,P075,1,81000,0.0,completed,app
O000400,1,2026-01-08T19:46,C0496,P021,1,72000,0.0,completed,app
O000401,1,2026-01-08T09:24,C0400,P040,1,44000,0.0,completed,app
O000402,1,2026-01-08T14:17,C0240,P055,1,88000,0.0,completed,app
O000403,1,2026-01-08T11:42,C0495,P001,1,193000,0.0,completed,app
O000404,1,2026-01-08T18:17,C0458,P011,3,265000,0.0,returned,web
O000404,2,2026-01-08T18:17,C0458,P017,2,274000,0.0,returned,web
O000404,3,2026-01-08T18:17,C0458,P027,2,63000,0.0,returned,web
O000405,1,2026-01-08T11:29,C0188,P020,1,41000,0.0,completed,web
O000405,2,2026-01-08T11:29,C0188,P040,1,44000,0.0,completed,web
O000405,3,2026-01-08T11:29,C0188,P062,1,86000,0.0,completed,web
O000406,1,2026-01-08T18:02,C0011,P037,1,49000,0.0,returned,app
O000407,1,2026-01-08T13:17,C0246,P006,1,275000,0.0,completed,web
O000407,2,2026-01-08T13:17,C0246,P017,1,274000,0.0,completed,web
O000408,1,2026-01-08T12:10,C0600,P075,1,81000,0.0,completed,app
O000409,1,2026-01-08T13:00,C0504,P074,1,107000,0.0,completed,app
O000409,2,2026-01-08T13:00,C0504,P064,1,127000,0.0,completed,app
O000410,1,2026-01-08T12:16,C0220,P028,1,39000,0.0,completed,app
O000411,1,2026-01-08T11:59,C0005,P009,1,194000,0.0,completed,app
O000412,1,2026-01-08T20:41,C0188,P039,1,45000,0.0,completed,web
O000413,1,2026-01-08T10:53,C0455,P040,1,44000,0.0,completed,web
O000413,2,2026-01-08T10:53,C0455,P040,1,44000,0.0,completed,web
O000414,1,2026-01-09T10:48,C0595,P008,1,279000,0.0,completed,app
O000415,1,2026-01-09T14:55,C0424,P026,3,48000,0.0,completed,app
O000415,2,2026-01-09T14:55,C0424,P011,2,265000,0.0,completed,app
O000416,1,2026-01-09T14:02,C0583,P063,1,124000,0.0,completed,web
O000417,1,2026-01-09T12:08,C0587,P015,1,222000,0.0,completed,app
O000417,2,2026-01-09T12:08,C0587,P011,1,265000,0.0,completed,app
O000418,1,2026-01-09T15:12,C0279,P012,1,138000,0.0,completed,app
O000418,2,2026-01-09T15:12,C0279,P074,1,107000,0.0,completed,app
O000419,1,2026-01-09T16:37,C0596,P080,1,109000,0.0,completed,web
O000420,1,2026-01-09T11:32,C0206,P016,1,169000,0.0,completed,web
O000421,1,2026-01-09T18:41,C0380,P015,1,222000,0.0,cancelled,web
O000422,1,2026-01-09T13:20,C0249,P073,1,75000,0.0,completed,app
O000422,2,2026-01-09T13:20,C0249,P076,1,101000,0.0,completed,app
O000423,1,2026-01-09T09:26,C0275,P037,1,49000,0.0,completed,app
O000424,1,2026-01-09T09:14,C0049,P069,1,122000,0.0,cancelled,app
O000425,1,2026-01-09T14:01,C0403,P013,1,271000,0.0,completed,app
O000425,2,2026-01-09T14:01,C0403,P040,1,44000,0.0,completed,app
O000426,1,2026-01-09T17:56,C0438,P017,1,274000,0.0,completed,web
O000427,1,2026-01-09T14:52,C0346,P008,1,279000,0.0,completed,app
O000428,1,2026-01-09T14:01,C0368,P008,1,279000,0.0,completed,web
O000429,1,2026-01-09T17:41,C0068,P053,1,100000,0.0,completed,app
O000429,2,2026-01-09T17:41,C0068,P011,1,265000,0.0,completed,app
O000429,3,2026-01-09T17:41,C0068,P049,1,78000,0.0,completed,app
O000430,1,2026-01-09T20:55,C0451,P061,1,115000,0.0,completed,app
O000431,1,2026-01-09T04:58,C0131,P060,1,82000,0.0,completed,app
O000431,2,2026-01-09T04:58,C0131,P043,1,91000,0.0,completed,app
O000432,1,2026-01-09T09:13,C0057,P008,1,279000,0.0,completed,web
O000432,2,2026-01-09T09:13,C0057,P006,1,275000,0.0,completed,web
O000433,1,2026-01-09T17:06,C0126,P008,1,279000,0.0,returned,web
O000434,1,2026-01-09T19:02,C0068,P007,1,262000,0.0,completed,app
O000435,1,2026-01-09T13:12,C0146,P045,1,64000,0.0,completed,web
O000435,2,2026-01-09T13:12,C0146,P030,1,62000,0.0,completed,web
O000436,1,2026-01-09T14:08,C0310,P008,1,279000,0.0,completed,web
O000437,1,2026-01-09T20:08,C0430,P052,1,74000,0.0,completed,app
O000437,2,2026-01-09T20:08,C0430,P053,1,100000,0.0,completed,app
O000438,1,2026-01-09T19:03,C0545,P006,1,275000,0.0,completed,app
O000438,2,2026-01-09T19:03,C0545,P043,1,91000,0.0,completed,app
O000439,1,2026-01-09T12:45,C0031,P044,1,85000,0.0,completed,web
O000440,1,2026-01-09T18:17,C0231,P004,1,157000,0.0,completed,app
O000441,1,2026-01-09T14:21,C0036,P020,1,41000,0.0,completed,app
O000442,1,2026-01-09T10:09,C0343,P017,1,274000,0.0,cancelled,web
O000443,1,2026-01-09T15:21,C0190,P043,1,91000,0.0,completed,app
O000443,2,2026-01-09T15:21,C0190,P002,1,163000,0.0,completed,app
O000443,3,2026-01-09T15:21,C0190,P055,1,88000,0.0,completed,app
O000444,1,2026-01-09T17:44,C0053,P015,1,222000,0.0,completed,app
O000445,1,2026-01-09T17:30,C0096,P027,1,63000,0.0,completed,app
O000445,2,2026-01-09T17:30,C0096,P040,1,44000,0.0,completed,app
O000446,1,2026-01-09T10:21,C0346,P011,1,265000,0.0,completed,app
O000447,1,2026-01-09T19:10,C0429,P037,1,49000,0.0,completed,web
O000448,1,2026-01-09T16:34,C0099,P013,1,271000,0.0,completed,app
O000449,1,2026-01-09T19:56,C0383,P043,1,91000,0.0,completed,app
O000450,1,2026-01-09T10:22,C0181,P008,1,279000,0.0,completed,app
O000451,1,2026-01-09T16:54,C0569,P016,1,169000,0.0,completed,web
O000452,1,2026-01-09T12:28,C0057,P078,1,108000,0.0,completed,app
O000453,1,2026-01-09T14:37,C0463,P049,1,78000,0.0,completed,web
O000454,1,2026-01-09T13:08,C0357,P059,1,95000,0.0,completed,app
O000455,1,2026-01-09T15:40,C0164,P008,1,279000,0.0,completed,app
O000456,1,2026-01-09T12:22,C0113,P017,1,274000,0.0,cancelled,web
O000457,1,2026-01-09T19:27,C0068,P055,1,88000,0.0,completed,app
O000457,2,2026-01-09T19:27,C0068,P018,1,273000,0.0,completed,app
O000458,1,2026-01-09T11:33,C0246,P008,1,279000,0.0,completed,web
O000458,2,2026-01-09T11:33,C0246,P055,1,88000,0.0,completed,web
O000458,3,2026-01-09T11:33,C0246,P017,1,274000,0.0,completed,web
O000459,1,2026-01-09T20:20,C0196,P027,1,63000,0.0,completed,web
O000459,2,2026-01-09T20:20,C0196,P053,1,100000,0.0,completed,web
O000459,3,2026-01-09T20:20,C0196,P017,1,274000,0.0,completed,web
O000460,1,2026-01-09T09:07,C0596,P011,1,265000,0.0,completed,web
O000461,1,2026-01-09T09:11,C0140,P008,1,279000,0.0,completed,web
O000462,1,2026-01-09T15:32,C0587,P053,1,100000,0.0,completed,app
O000463,1,2026-01-10T17:34,C0451,P045,1,64000,0.0,completed,web
O000464,1,2026-01-10T13:53,C0058,P028,1,39000,0.0,completed,web
O000465,1,2026-01-10T12:45,C0526,P030,1,62000,0.0,completed,web
O000466,1,2026-01-10T15:22,C0566,P017,1,274000,0.0,completed,app
O000467,1,2026-01-10T13:03,C0515,P008,1,279000,0.0,completed,app
O000467,2,2026-01-10T13:03,C0515,P010,1,263000,0.0,completed,app
O000468,1,2026-01-10T13:46,C0017,P037,1,49000,0.0,completed,web
O000469,1,2026-01-10T14:20,C0092,P063,1,124000,0.0,completed,web
O000470,1,2026-01-10T11:54,C0163,P028,3,39000,0.0,cancelled,web
O000471,1,2026-01-10T14:26,C0283,P075,1,81000,0.0,completed,app
O000471,2,2026-01-10T14:26,C0283,P048,1,92000,0.0,completed,app
O000472,1,2026-01-10T15:39,C0261,P017,1,274000,0.0,completed,web
O000473,1,2026-01-10T12:56,C0294,P022,1,36000,0.0,completed,app
O000473,2,2026-01-10T12:56,C0294,P012,1,138000,0.0,completed,app
O000474,1,2026-01-10T19:34,C0077,P017,1,274000,0.0,completed,app
O000474,2,2026-01-10T19:34,C0077,P006,1,275000,0.0,completed,app
O000475,1,2026-01-10T14:05,C0275,P055,1,88000,0.0,completed,web
O000476,1,2026-01-10T08:09,C0333,P043,1,91000,0.0,completed,app
O000476,2,2026-01-10T08:09,C0333,P049,1,78000,0.0,completed,app
O000476,3,2026-01-10T08:09,C0333,P008,1,279000,0.0,completed,app
O000477,1,2026-01-10T14:02,C0053,P040,1,44000,0.0,completed,app
O000478,1,2026-01-10T11:57,C0451,P069,1,122000,0.0,returned,web
O000479,1,2026-01-10T15:00,C0188,P042,1,85000,0.0,completed,web
O000480,1,2026-01-10T13:29,C0214,P052,1,74000,0.0,returned,app
O000480,2,2026-01-10T13:29,C0214,P021,1,72000,0.0,returned,app
O000481,1,2026-01-10T23:21,C0481,P068,1,117000,0.0,completed,app
O000482,1,2026-01-10T12:11,C0493,P064,1,127000,0.0,completed,web
O000482,2,2026-01-10T12:11,C0493,P013,1,271000,0.0,completed,web
O000483,1,2026-01-10T16:20,C0393,P042,1,85000,0.0,completed,web
O000484,1,2026-01-10T22:44,C0440,P055,1,88000,0.0,completed,web
O000485,1,2026-01-10T22:23,C0146,P043,1,91000,0.0,returned,app
O000486,1,2026-01-10T13:37,C0089,P075,1,81000,0.0,completed,web
O000486,2,2026-01-10T13:37,C0089,P046,1,59000,0.0,completed,web
O000487,1,2026-01-10T16:31,C0321,P007,1,262000,0.0,completed,app
O000488,1,2026-01-10T12:19,C0565,P040,1,44000,0.0,completed,web
O000489,1,2026-01-10T14:52,C0127,P040,1,44000,0.0,completed,app
O000490,1,2026-01-10T14:12,C0097,P008,1,279000,0.0,completed,web
O000491,1,2026-01-10T11:07,C0283,P045,1,64000,0.0,completed,app
O000492,1,2026-01-10T23:42,C0005,P075,1,81000,0.0,completed,app
O000493,1,2026-01-10T17:12,C0049,P011,1,265000,0.0,completed,app
O000494,1,2026-01-10T13:06,C0417,P038,1,38000,0.0,completed,app
O000494,2,2026-01-10T13:06,C0417,P075,1,81000,0.0,completed,app
O000495,1,2026-01-10T15:27,C0110,P065,1,119000,0.0,completed,app
O000495,2,2026-01-10T15:27,C0110,P016,1,169000,0.0,completed,app
O000496,1,2026-01-10T13:21,C0246,P008,1,279000,0.0,completed,web
O000496,2,2026-01-10T13:21,C0246,P016,1,169000,0.0,completed,web
O000497,1,2026-01-10T07:31,C0346,P006,1,275000,0.0,completed,app
O000498,1,2026-01-10T13:41,C0250,P040,1,44000,0.0,completed,app
O000498,2,2026-01-10T13:41,C0250,P080,1,109000,0.0,completed,app
O000499,1,2026-01-10T13:33,C0429,P064,1,127000,0.0,completed,web
O000500,1,2026-01-10T14:41,C0335,P021,1,72000,0.0,completed,web
O000501,1,2026-01-10T08:47,C0357,P043,1,91000,0.0,completed,app
O000501,2,2026-01-10T08:47,C0357,P080,1,109000,0.0,completed,app
O000502,1,2026-01-10T22:19,C0008,P008,1,279000,0.0,completed,app
O000503,1,2026-01-10T05:12,C0386,P014,1,203000,0.0,completed,app
O000503,2,2026-01-10T05:12,C0386,P079,1,115000,0.0,completed,app
O000504,1,2026-01-10T13:50,C0500,P026,1,48000,0.0,completed,app
O000505,1,2026-01-10T05:44,C0283,P043,1,91000,0.0,completed,app
O000506,1,2026-01-10T18:30,C0393,P043,1,91000,0.0,completed,app
O000507,1,2026-01-10T15:32,C0511,P012,1,138000,0.0,completed,web
O000508,1,2026-01-10T18:06,C0217,P036,2,65000,0.0,completed,app
O000509,1,2026-01-10T09:57,C0270,P040,1,44000,0.0,completed,web
O000510,1,2026-01-10T13:20,C0335,P021,1,72000,0.0,completed,web
O000511,1,2026-01-10T17:16,C0595,P045,1,64000,0.0,completed,app
O000512,1,2026-01-10T16:19,C0275,P064,1,127000,0.0,completed,app
O000513,1,2026-01-10T13:28,C0302,P017,1,274000,0.0,completed,app
O000513,2,2026-01-10T13:28,C0302,P013,1,271000,0.0,completed,app
O000514,1,2026-01-10T10:51,C0077,P055,1,88000,0.0,completed,app
O000515,1,2026-01-10T15:11,C0294,P007,1,262000,0.0,cancelled,app
O000516,1,2026-01-10T17:20,C0451,P065,1,119000,0.0,cancelled,app
O000516,2,2026-01-10T17:20,C0451,P008,1,279000,0.0,cancelled,app
O000516,3,2026-01-10T17:20,C0451,P042,1,85000,0.0,cancelled,app
O000517,1,2026-01-10T19:18,C0500,P043,1,91000,0.0,completed,app
O000518,1,2026-01-10T12:23,C0403,P015,1,222000,0.0,completed,web
O000518,2,2026-01-10T12:23,C0403,P008,1,279000,0.0,completed,web
O000518,3,2026-01-10T12:23,C0403,P008,1,279000,0.0,completed,web
O000519,1,2026-01-10T15:11,C0596,P010,1,263000,0.0,completed,web
O000519,2,2026-01-10T15:11,C0596,P080,1,109000,0.0,completed,web
O000520,1,2026-01-10T13:24,C0388,P008,1,279000,0.0,returned,web
O000521,1,2026-01-10T16:32,C0249,P077,1,69000,0.0,completed,web
O000521,2,2026-01-10T16:32,C0249,P008,1,279000,0.0,completed,web
O000522,1,2026-01-10T19:56,C0351,P042,2,85000,0.0,completed,app
O000522,2,2026-01-10T19:56,C0351,P001,1,193000,0.0,completed,app
O000523,1,2026-01-10T16:11,C0346,P008,1,279000,0.0,completed,app
O000524,1,2026-01-11T19:46,C0599,P040,1,44000,0.0,completed,web
O000525,1,2026-01-11T16:36,C0159,P019,1,37000,0.0,completed,web
O000526,1,2026-01-11T21:57,C0021,P001,1,193000,0.0,completed,web
O000527,1,2026-01-11T06:35,C0502,P004,1,157000,0.0,completed,app
O000527,2,2026-01-11T06:35,C0502,P040,1,44000,0.0,completed,app
O000528,1,2026-01-11T12:42,C0057,P061,1,115000,0.0,completed,web
O000529,1,2026-01-11T19:23,C0182,P053,1,100000,0.0,cancelled,app
O000529,2,2026-01-11T19:23,C0182,P043,1,91000,0.0,cancelled,app
O000530,1,2026-01-11T12:31,C0479,P061,1,115000,0.0,returned,app
O000530,2,2026-01-11T12:31,C0479,P010,1,263000,0.0,returned,app
O000531,1,2026-01-11T17:49,C0348,P053,1,100000,0.0,completed,web
O000532,1,2026-01-11T16:53,C0249,P062,1,86000,0.0,completed,app
O000532,2,2026-01-11T16:53,C0249,P010,1,263000,0.0,completed,app
O000532,3,2026-01-11T16:53,C0249,P023,1,53000,0.0,completed,app
O000533,1,2026-01-11T09:11,C0001,P013,1,271000,0.0,returned,web
O000533,2,2026-01-11T09:11,C0001,P012,1,138000,0.0,returned,web
O000534,1,2026-01-11T12:03,C0570,P055,1,88000,0.0,completed,web
O000534,2,2026-01-11T12:03,C0570,P059,1,95000,0.0,completed,web
O000535,1,2026-01-11T21:59,C0215,P059,1,95000,0.0,completed,app
O000536,1,2026-01-11T21:14,C0570,P008,1,279000,0.0,completed,web
O000536,2,2026-01-11T21:14,C0570,P051,1,78000,0.0,completed,web
O000537,1,2026-01-11T14:26,C0458,P010,1,263000,0.0,completed,web
O000537,2,2026-01-11T14:26,C0458,P015,2,222000,0.0,completed,web
O000538,1,2026-01-11T14:56,C0214,P042,1,85000,0.0,completed,web
O000538,2,2026-01-11T14:56,C0214,P013,1,271000,0.0,completed,web
O000539,1,2026-01-11T14:05,C0592,P008,1,279000,0.0,completed,app
O000540,1,2026-01-11T09:36,C0299,P043,1,91000,0.0,completed,app
O000541,1,2026-01-11T16:26,C0504,P080,1,109000,0.0,completed,web
O000542,1,2026-01-11T10:54,C0417,P008,1,279000,0.0,completed,app
O000543,1,2026-01-11T17:43,C0568,P020,2,41000,0.0,completed,app
O000544,1,2026-01-11T11:37,C0265,P008,1,279000,0.0,completed,web
O000544,2,2026-01-11T11:37,C0265,P017,1,274000,0.0,completed,web
O000545,1,2026-01-11T19:16,C0447,P008,1,279000,0.0,completed,app
O000546,1,2026-01-11T11:57,C0453,P072,1,95000,0.0,completed,app
O000547,1,2026-01-11T21:54,C0577,P007,1,262000,0.0,completed,web
O000548,1,2026-01-11T14:51,C0541,P043,1,91000,0.0,completed,app
O000549,1,2026-01-11T13:28,C0436,P061,1,115000,0.0,completed,app
O000549,2,2026-01-11T13:28,C0436,P062,1,86000,0.0,completed,app
O000549,3,2026-01-11T13:28,C0436,P061,1,115000,0.0,completed,app
O000550,1,2026-01-11T18:14,C0313,P010,1,263000,0.0,completed,web
O000551,1,2026-01-11T17:16,C0058,P040,1,44000,0.0,completed,app
O000551,2,2026-01-11T17:16,C0058,P069,1,122000,0.0,completed,app
O000552,1,2026-01-11T16:51,C0192,P008,1,279000,0.0,completed,app
O000552,2,2026-01-11T16:51,C0192,P001,1,193000,0.0,completed,app
O000552,3,2026-01-11T16:51,C0192,P006,1,275000,0.0,completed,app
O000553,1,2026-01-11T14:58,C0570,P006,1,275000,0.0,completed,web
O000554,1,2026-01-11T11:38,C0221,P040,1,44000,0.0,completed,app
O000555,1,2026-01-11T16:49,C0214,P077,1,69000,0.0,completed,app
O000556,1,2026-01-11T08:25,C0438,P017,1,274000,0.0,completed,web
O000556,2,2026-01-11T08:25,C0438,P008,1,279000,0.0,completed,web
O000557,1,2026-01-11T09:44,C0333,P017,1,274000,0.0,completed,app
O000557,2,2026-01-11T09:44,C0333,P048,1,92000,0.0,completed,app
O000558,1,2026-01-11T16:14,C0467,P068,1,117000,0.0,completed,app
O000559,1,2026-01-11T12:27,C0177,P077,1,69000,0.0,completed,web
O000560,1,2026-01-11T15:47,C0504,P080,1,109000,0.0,completed,app
O000561,1,2026-01-11T13:41,C0496,P042,1,85000,0.0,completed,app
O000561,2,2026-01-11T13:41,C0496,P043,1,91000,0.0,completed,app
O000562,1,2026-01-11T11:34,C0430,P044,1,85000,0.0,completed,app
O000563,1,2026-01-11T15:23,C0282,P073,1,75000,0.0,completed,web
O000564,1,2026-01-11T17:40,C0589,P040,1,44000,0.0,completed,web
O000565,1,2026-01-11T19:43,C0418,P006,1,275000,0.0,returned,app
O000566,1,2026-01-11T16:59,C0405,P064,1,127000,0.0,completed,web
O000567,1,2026-01-11T19:41,C0223,P040,1,44000,0.0,completed,web
O000568,1,2026-01-11T18:35,C0457,P013,1,271000,0.0,completed,web
O000569,1,2026-01-11T18:37,C0192,P008,1,279000,0.0,completed,app
O000570,1,2026-01-11T20:02,C0463,P042,1,85000,0.0,completed,web
O000570,2,2026-01-11T20:02,C0463,P016,1,169000,0.0,completed,web
O000571,1,2026-01-11T14:33,C0052,P046,1,59000,0.0,completed,app
O000572,1,2026-01-11T11:01,C0127,P027,1,63000,0.0,completed,web
O000572,2,2026-01-11T11:01,C0127,P046,1,59000,0.0,completed,web
O000572,3,2026-01-11T11:01,C0127,P055,1,88000,0.0,completed,web
O000573,1,2026-01-11T13:10,C0582,P005,1,227000,0.0,completed,app
O000574,1,2026-01-11T14:44,C0479,P030,1,62000,0.0,completed,app
O000575,1,2026-01-11T16:10,C0333,P043,1,91000,0.0,completed,app
O000576,1,2026-01-11T18:30,C0181,P003,1,136000,0.0,completed,app
O000576,2,2026-01-11T18:30,C0181,P058,1,99000,0.0,completed,app
O000576,3,2026-01-11T18:30,C0181,P023,1,53000,0.0,completed,app
O000577,1,2026-01-11T16:26,C0294,P043,1,91000,0.0,completed,web
O000578,1,2026-01-11T12:41,C0113,P017,1,274000,0.0,completed,web
O000579,1,2026-01-11T04:48,C0252,P001,3,193000,0.0,completed,web
O000579,2,2026-01-11T04:48,C0252,P059,1,95000,0.0,completed,web
O000579,3,2026-01-11T04:48,C0252,P017,3,274000,0.0,completed,web
O000580,1,2026-01-11T23:22,C0066,P017,1,274000,0.0,completed,app
O000580,2,2026-01-11T23:22,C0066,P055,1,88000,0.0,completed,app
O000581,1,2026-01-12T11:40,C0467,P006,1,275000,0.0,completed,web
O000581,2,2026-01-12T11:40,C0467,P064,1,127000,0.0,completed,web
O000582,1,2026-01-12T16:40,C0433,P044,1,85000,0.0,completed,web
O000583,1,2026-01-12T09:04,C0011,P037,1,49000,0.0,cancelled,app
O000583,2,2026-01-12T09:04,C0011,P033,1,65000,0.0,cancelled,app
O000584,1,2026-01-12T16:01,C0463,P042,1,85000,0.0,completed,web
O000585,1,2026-01-12T17:55,C0240,P001,1,193000,0.0,completed,web
O000585,2,2026-01-12T17:55,C0240,P052,1,74000,0.0,completed,web
O000586,1,2026-01-12T18:40,C0493,P006,1,275000,0.0,completed,web
O000586,2,2026-01-12T18:40,C0493,P013,1,271000,0.0,completed,web
O000587,1,2026-01-12T15:46,C0274,P051,1,78000,0.0,completed,app
O000588,1,2026-01-12T14:16,C0377,P048,1,92000,0.0,completed,web
O000589,1,2026-01-12T11:31,C0443,P075,1,81000,0.0,completed,app
O000589,2,2026-01-12T11:31,C0443,P017,1,274000,0.0,completed,app
O000590,1,2026-01-12T16:46,C0570,P055,1,88000,0.0,completed,web
O000591,1,2026-01-12T13:18,C0350,P030,1,62000,0.0,completed,app
O000592,1,2026-01-12T19:14,C0140,P080,1,109000,0.0,completed,app
O000593,1,2026-01-12T15:04,C0455,P043,1,91000,0.0,cancelled,web
O000594,1,2026-01-12T08:21,C0496,P040,1,44000,0.0,completed,app
O000594,2,2026-01-12T08:21,C0496,P040,1,44000,0.0,completed,app
O000595,1,2026-01-12T11:20,C0494,P040,1,44000,0.0,completed,app
O000595,2,2026-01-12T11:20,C0494,P008,1,279000,0.0,completed,app
O000596,1,2026-01-12T13:48,C0068,P050,1,84000,0.0,completed,app
O000596,2,2026-01-12T13:48,C0068,P049,1,78000,0.0,completed,app
O000597,1,2026-01-12T16:07,C0325,P040,1,44000,0.0,completed,web
O000598,1,2026-01-12T16:06,C0136,P043,1,91000,0.0,completed,app
O000599,1,2026-01-12T19:47,C0218,P008,3,279000,0.0,completed,web
O000600,1,2026-01-12T09:52,C0129,P048,1,92000,0.0,completed,app
O000600,2,2026-01-12T09:52,C0129,P043,1,91000,0.0,completed,app
O000601,1,2026-01-12T10:20,C0294,P027,1,63000,0.0,completed,app
O000602,1,2026-01-12T16:34,C0407,P055,1,88000,0.0,completed,web
O000603,1,2026-01-12T09:33,C0131,P056,1,61000,0.0,completed,app
O000603,2,2026-01-12T09:33,C0131,P017,1,274000,0.0,completed,app
O000604,1,2026-01-12T10:39,C0358,P017,1,274000,0.0,completed,app
O000605,1,2026-01-12T16:21,C0080,P028,1,39000,0.0,completed,app
O000606,1,2026-01-12T10:19,C0034,P040,1,44000,0.0,completed,app
O000607,1,2026-01-12T12:46,C0361,P001,1,193000,0.0,completed,app
O000608,1,2026-01-12T11:04,C0010,P040,1,44000,0.0,completed,web
O000608,2,2026-01-12T11:04,C0010,P008,1,279000,0.0,completed,web
O000608,3,2026-01-12T11:04,C0010,P010,1,263000,0.0,completed,web
O000609,1,2026-01-12T19:03,C0366,P017,1,274000,0.0,completed,web
O000610,1,2026-01-12T12:44,C0364,P016,1,169000,0.0,returned,web
O000611,1,2026-01-12T13:02,C0547,P015,1,222000,0.0,completed,web
O000612,1,2026-01-12T07:47,C0155,P010,1,263000,0.0,cancelled,app
O000612,2,2026-01-12T07:47,C0155,P024,1,55000,0.0,cancelled,app
O000613,1,2026-01-12T17:09,C0454,P008,1,279000,0.0,completed,web
O000614,1,2026-01-12T16:14,C0398,P017,2,274000,0.0,completed,app
O000615,1,2026-01-12T13:07,C0451,P008,1,279000,0.0,completed,web
O000616,1,2026-01-12T11:57,C0431,P006,1,275000,0.0,completed,web
O000617,1,2026-01-12T12:05,C0479,P075,1,81000,0.0,completed,web
O000618,1,2026-01-12T14:00,C0209,P039,1,45000,0.0,completed,app
O000618,2,2026-01-12T14:00,C0209,P020,1,41000,0.0,completed,app
O000619,1,2026-01-12T10:41,C0208,P008,1,279000,0.0,completed,web
O000620,1,2026-01-12T12:10,C0110,P048,1,92000,0.0,completed,app
O000621,1,2026-01-12T14:54,C0124,P008,1,279000,0.0,returned,web
O000621,2,2026-01-12T14:54,C0124,P038,1,38000,0.0,returned,web
O000622,1,2026-01-12T16:37,C0482,P017,1,274000,0.0,completed,web
O000623,1,2026-01-12T14:25,C0502,P008,1,279000,0.0,completed,web
O000624,1,2026-01-12T14:23,C0302,P007,1,262000,0.0,completed,app
O000625,1,2026-01-12T11:18,C0274,P042,1,85000,0.0,completed,app
O000626,1,2026-01-12T17:02,C0463,P011,1,265000,0.0,completed,web
O000627,1,2026-01-12T15:36,C0477,P008,1,279000,0.0,completed,app
O000628,1,2026-01-12T10:19,C0400,P006,1,275000,0.0,completed,app
O000629,1,2026-01-12T07:06,C0057,P069,1,122000,0.0,completed,app
O000629,2,2026-01-12T07:06,C0057,P010,1,263000,0.0,completed,app
O000630,1,2026-01-13T17:01,C0196,P011,1,265000,0.0,completed,app
O000630,2,2026-01-13T17:01,C0196,P001,1,193000,0.0,completed,app
O000630,3,2026-01-13T17:01,C0196,P001,1,193000,0.0,completed,app
O000631,1,2026-01-13T13:18,C0383,P040,1,44000,0.0,completed,app
O000631,2,2026-01-13T13:18,C0383,P030,1,62000,0.0,completed,app
O000631,3,2026-01-13T13:18,C0383,P008,1,279000,0.0,completed,app
O000632,1,2026-01-13T16:12,C0230,P040,2,44000,0.0,completed,web
O000633,1,2026-01-13T16:19,C0140,P055,1,88000,0.0,completed,app
O000633,2,2026-01-13T16:19,C0140,P073,1,75000,0.0,completed,app
O000633,3,2026-01-13T16:19,C0140,P064,1,127000,0.0,completed,app
O000634,1,2026-01-13T06:34,C0489,P072,1,95000,0.0,completed,web
O000635,1,2026-01-13T12:56,C0265,P011,1,265000,0.0,returned,web
O000636,1,2026-01-13T15:57,C0592,P064,1,127000,0.0,completed,web
O000637,1,2026-01-13T11:02,C0429,P071,1,133000,0.0,completed,web
O000637,2,2026-01-13T11:02,C0429,P070,1,114000,0.0,completed,web
O000638,1,2026-01-13T12:18,C0447,P017,1,274000,0.0,completed,app
O000639,1,2026-01-13T13:35,C0057,P013,1,271000,0.0,completed,app
O000639,2,2026-01-13T13:35,C0057,P002,1,163000,0.0,completed,app
O000640,1,2026-01-13T18:13,C0148,P009,1,194000,0.0,completed,app
O000641,1,2026-01-13T17:07,C0453,P015,1,222000,0.0,completed,web
O000641,2,2026-01-13T17:07,C0453,P064,1,127000,0.0,completed,web
O000641,3,2026-01-13T17:07,C0453,P008,1,279000,0.0,completed,web
O000642,1,2026-01-13T11:25,C0253,P063,1,124000,0.0,completed,app
O000643,1,2026-01-13T11:16,C0309,P001,1,193000,0.0,completed,app
O000644,1,2026-01-13T23:01,C0537,P071,1,133000,0.0,completed,web
O000645,1,2026-01-13T15:14,C0290,P012,1,138000,0.0,completed,web
O000646,1,2026-01-13T19:19,C0492,P016,1,169000,0.0,completed,web
O000647,1,2026-01-13T12:30,C0181,P057,1,92000,0.0,completed,app
O000647,2,2026-01-13T12:30,C0181,P026,1,48000,0.0,completed,app
O000648,1,2026-01-13T20:22,C0289,P027,1,63000,0.0,completed,web
O000649,1,2026-01-13T12:11,C0430,P055,1,88000,0.0,completed,web
O000650,1,2026-01-13T15:29,C0229,P051,1,78000,0.0,completed,app
O000651,1,2026-01-13T19:26,C0008,P002,1,163000,0.0,completed,app
O000652,1,2026-01-13T15:07,C0469,P076,1,101000,0.0,cancelled,app
O000653,1,2026-01-13T22:00,C0567,P028,1,39000,0.0,cancelled,app
O000653,2,2026-01-13T22:00,C0567,P040,1,44000,0.0,cancelled,app
O000654,1,2026-01-13T14:26,C0595,P030,1,62000,0.0,completed,app
O000654,2,2026-01-13T14:26,C0595,P027,1,63000,0.0,completed,app
O000655,1,2026-01-13T11:44,C0436,P027,1,63000,0.0,completed,app
O000656,1,2026-01-13T08:56,C0100,P006,1,275000,0.0,completed,web
O000656,2,2026-01-13T08:56,C0100,P008,1,279000,0.0,completed,web
O000657,1,2026-01-13T14:39,C0113,P008,1,279000,0.0,completed,web
O000658,1,2026-01-13T10:13,C0469,P027,1,63000,0.0,completed,app
O000658,2,2026-01-13T10:13,C0469,P040,1,44000,0.0,completed,app
O000658,3,2026-01-13T10:13,C0469,P056,1,61000,0.0,completed,app
O000659,1,2026-01-13T07:33,C0246,P008,1,279000,0.0,completed,web
O000660,1,2026-01-13T16:04,C0467,P048,1,92000,0.0,completed,app
O000661,1,2026-01-13T13:13,C0336,P028,1,39000,0.0,completed,web
O000662,1,2026-01-13T10:37,C0246,P017,1,274000,0.0,cancelled,web
O000662,2,2026-01-13T10:37,C0246,P011,1,265000,0.0,cancelled,web
O000663,1,2026-01-13T13:38,C0077,P045,1,64000,0.0,completed,app
O000664,1,2026-01-13T09:11,C0424,P043,1,91000,0.0,completed,web
O000665,1,2026-01-13T14:13,C0157,P008,1,279000,0.0,completed,web
O000666,1,2026-01-13T07:14,C0477,P055,1,88000,0.0,completed,app
O000666,2,2026-01-13T07:14,C0477,P075,1,81000,0.0,completed,app
O000666,3,2026-01-13T07:14,C0477,P048,1,92000,0.0,completed,app
O000667,1,2026-01-13T12:54,C0148,P027,1,63000,0.0,completed,app
O000667,2,2026-01-13T12:54,C0148,P017,1,274000,0.0,completed,app
O000668,1,2026-01-13T10:40,C0240,P011,1,265000,0.0,cancelled,app
O000668,2,2026-01-13T10:40,C0240,P048,1,92000,0.0,cancelled,app
O000668,3,2026-01-13T10:40,C0240,P008,1,279000,0.0,cancelled,app
O000669,1,2026-01-13T15:46,C0010,P045,1,64000,0.0,completed,web
O000670,1,2026-01-13T22:20,C0406,P029,1,39000,0.0,completed,web
O000671,1,2026-01-13T12:15,C0447,P074,1,107000,0.0,completed,app
O000671,2,2026-01-13T12:15,C0447,P001,1,193000,0.0,completed,app
O000672,1,2026-01-13T23:15,C0146,P077,1,69000,0.0,completed,web
O000673,1,2026-01-13T12:35,C0497,P011,1,265000,0.0,completed,web
O000674,1,2026-01-13T16:06,C0463,P001,1,193000,0.0,completed,web
O000675,1,2026-01-13T16:11,C0096,P011,1,265000,0.0,returned,app
O000675,2,2026-01-13T16:11,C0096,P001,1,193000,0.0,returned,app
O000676,1,2026-01-14T12:03,C0192,P043,1,91000,0.0,completed,app
O000676,2,2026-01-14T12:03,C0192,P061,1,115000,0.0,completed,app
O000677,1,2026-01-14T14:11,C0221,P024,1,55000,0.0,completed,app
O000677,2,2026-01-14T14:11,C0221,P040,1,44000,0.0,completed,app
O000678,1,2026-01-14T17:09,C0018,P061,1,115000,0.0,completed,app
O000679,1,2026-01-14T13:43,C0582,P021,1,72000,0.0,completed,app
O000680,1,2026-01-14T15:32,C0033,P064,1,127000,0.0,completed,web
O000681,1,2026-01-14T12:36,C0459,P016,1,169000,0.0,completed,web
O000682,1,2026-01-14T17:17,C0144,P008,1,279000,0.0,completed,web
O000683,1,2026-01-14T19:07,C0020,P040,1,44000,0.0,completed,web
O000684,1,2026-01-14T12:01,C0350,P008,1,279000,0.0,completed,app
O000685,1,2026-01-14T14:28,C0299,P042,1,85000,0.0,returned,app
O000686,1,2026-01-14T13:52,C0299,P049,1,78000,0.0,completed,app
O000687,1,2026-01-14T18:51,C0250,P040,1,44000,0.0,completed,web
O000687,2,2026-01-14T18:51,C0250,P006,1,275000,0.0,completed,web
O000688,1,2026-01-14T04:14,C0424,P008,1,279000,0.0,completed,app
O000688,2,2026-01-14T04:14,C0424,P011,1,265000,0.0,completed,app
O000689,1,2026-01-14T18:57,C0018,P040,1,44000,0.0,completed,web
O000690,1,2026-01-14T18:07,C0001,P001,1,193000,0.0,completed,web
O000691,1,2026-01-14T18:09,C0469,P008,1,279000,0.0,completed,app
O000692,1,2026-01-14T12:22,C0430,P037,1,49000,0.0,completed,app
O000693,1,2026-01-14T19:17,C0515,P016,1,169000,0.0,completed,app
O000693,2,2026-01-14T19:17,C0515,P018,1,273000,0.0,completed,app
O000693,3,2026-01-14T19:17,C0515,P014,1,203000,0.0,completed,app
O000694,1,2026-01-14T13:32,C0146,P050,1,84000,0.0,completed,app
O000694,2,2026-01-14T13:32,C0146,P076,1,101000,0.0,completed,app
O000694,3,2026-01-14T13:32,C0146,P050,1,84000,0.0,completed,app
O000695,1,2026-01-14T05:02,C0496,P002,1,163000,0.0,completed,app
O000696,1,2026-01-14T16:23,C0302,P017,1,274000,0.0,completed,app
O000697,1,2026-01-14T15:42,C0011,P071,1,133000,0.0,completed,app
O000697,2,2026-01-14T15:42,C0011,P017,1,274000,0.0,completed,app
O000698,1,2026-01-14T12:39,C0146,P045,1,64000,0.0,completed,app
O000699,1,2026-01-14T10:37,C0249,P008,1,279000,0.0,completed,app
O000699,2,2026-01-14T10:37,C0249,P030,1,62000,0.0,completed,app
O000700,1,2026-01-14T15:34,C0596,P063,1,124000,0.0,cancelled,web
O000701,1,2026-01-14T22:43,C0499,P076,1,101000,0.0,completed,web
O000701,2,2026-01-14T22:43,C0499,P053,1,100000,0.0,completed,web
O000702,1,2026-01-14T14:39,C0018,P043,1,91000,0.0,completed,app
O000703,1,2026-01-14T19:25,C0182,P008,1,279000,0.0,completed,web
O000704,1,2026-01-14T13:06,C0164,P020,1,41000,0.0,completed,app
O000704,2,2026-01-14T13:06,C0164,P038,1,38000,0.0,completed,app
O000705,1,2026-01-14T18:09,C0499,P008,1,279000,0.0,completed,app
O000705,2,2026-01-14T18:09,C0499,P052,1,74000,0.0,completed,app
O000705,3,2026-01-14T18:09,C0499,P052,1,74000,0.0,completed,app
O000706,1,2026-01-14T09:21,C0240,P007,1,262000,0.0,completed,web
O000706,2,2026-01-14T09:21,C0240,P017,1,274000,0.0,completed,web
O000707,1,2026-01-14T20:29,C0600,P054,1,50000,0.0,completed,app
O000708,1,2026-01-14T08:08,C0595,P028,1,39000,0.0,completed,app
O000709,1,2026-01-14T13:04,C0085,P015,2,222000,0.0,cancelled,web
O000709,2,2026-01-14T13:04,C0085,P059,1,95000,0.0,cancelled,web
O000710,1,2026-01-14T17:38,C0578,P001,1,193000,0.0,completed,app
O000711,1,2026-01-14T18:04,C0074,P008,1,279000,0.0,completed,web
O000712,1,2026-01-14T19:30,C0482,P009,2,194000,0.0,completed,web
O000713,1,2026-01-14T12:15,C0403,P008,1,279000,0.0,completed,app
O000713,2,2026-01-14T12:15,C0403,P001,1,193000,0.0,completed,app
O000714,1,2026-01-14T23:04,C0058,P001,1,193000,0.0,completed,app
O000715,1,2026-01-14T16:54,C0326,P075,1,81000,0.0,completed,web
O000716,1,2026-01-14T13:05,C0596,P017,1,274000,0.0,completed,web
O000717,1,2026-01-14T10:29,C0564,P027,1,63000,0.0,completed,app
O000718,1,2026-01-14T18:57,C0429,P020,1,41000,0.0,completed,app
O000718,2,2026-01-14T18:57,C0429,P048,1,92000,0.0,completed,app
O000718,3,2026-01-14T18:57,C0429,P008,1,279000,0.0,completed,app
O000719,1,2026-01-14T15:06,C0230,P071,2,133000,0.0,completed,web
O000720,1,2026-01-14T14:36,C0077,P055,1,88000,0.0,completed,app
O000720,2,2026-01-14T14:36,C0077,P059,1,95000,0.0,completed,app
O000721,1,2026-01-14T17:14,C0249,P001,1,193000,0.0,completed,web
O000722,1,2026-01-14T23:09,C0333,P008,1,279000,0.0,completed,web
O000722,2,2026-01-14T23:09,C0333,P034,1,57000,0.0,completed,web
O000723,1,2026-01-14T21:38,C0570,P040,1,44000,0.0,completed,web
O000724,1,2026-01-14T10:04,C0123,P001,1,193000,0.0,completed,web
O000725,1,2026-01-15T18:22,C0264,P040,1,44000,0.0,completed,web
O000726,1,2026-01-15T18:20,C0160,P004,2,157000,0.0,completed,app
O000727,1,2026-01-15T22:30,C0418,P056,1,61000,0.0,completed,app
O000727,2,2026-01-15T22:30,C0418,P020,1,41000,0.0,completed,app
O000728,1,2026-01-15T15:15,C0258,P069,1,122000,0.0,completed,web
O000729,1,2026-01-15T16:43,C0259,P070,1,114000,0.0,completed,web
O000730,1,2026-01-15T09:50,C0033,P017,1,274000,0.0,completed,web
O000731,1,2026-01-15T11:12,C0090,P011,1,265000,0.0,returned,app
O000732,1,2026-01-15T19:32,C0333,P059,1,95000,0.0,completed,app
O000733,1,2026-01-15T14:12,C0465,P013,1,271000,0.0,completed,app
O000734,1,2026-01-15T15:14,C0582,P017,1,274000,0.0,cancelled,app
O000735,1,2026-01-15T16:32,C0080,P020,1,41000,0.0,completed,app
O000736,1,2026-01-15T14:01,C0499,P048,1,92000,0.0,completed,web
O000737,1,2026-01-15T15:08,C0214,P045,1,64000,0.0,completed,app
O000738,1,2026-01-15T17:53,C0180,P027,1,63000,0.0,completed,app
O000739,1,2026-01-15T15:41,C0001,P012,1,138000,0.0,completed,web
O000740,1,2026-01-15T10:29,C0595,P020,1,41000,0.0,completed,web
O000741,1,2026-01-15T08:23,C0393,P042,1,85000,0.0,completed,app
O000742,1,2026-01-15T12:34,C0503,P070,1,114000,0.0,completed,app
O000743,1,2026-01-15T16:53,C0182,P028,1,39000,0.0,completed,app
O000744,1,2026-01-15T13:06,C0123,P019,1,37000,0.0,completed,web
O000745,1,2026-01-15T16:21,C0350,P017,1,274000,0.0,returned,web
O000745,2,2026-01-15T16:21,C0350,P062,1,86000,0.0,returned,web
O000745,3,2026-01-15T16:21,C0350,P001,1,193000,0.0,returned,web
O000746,1,2026-01-15T16:29,C0434,P038,1,38000,0.0,completed,app
O000747,1,2026-01-15T16:27,C0066,P008,1,279000,0.0,completed,app
O000747,2,2026-01-15T16:27,C0066,P008,1,279000,0.0,completed,app
O000747,3,2026-01-15T16:27,C0066,P001,1,193000,0.0,completed,app
O000748,1,2026-01-15T15:19,C0481,P049,1,78000,0.0,completed,app
O000748,2,2026-01-15T15:19,C0481,P061,1,115000,0.0,completed,app
O000749,1,2026-01-15T11:55,C0556,P021,1,72000,0.0,returned,web
O000750,1,2026-01-15T20:31,C0220,P080,1,109000,0.0,completed,app
O000750,2,2026-01-15T20:31,C0220,P052,1,74000,0.0,completed,app
O000751,1,2026-01-15T10:32,C0600,P017,1,274000,0.0,returned,app
O000752,1,2026-01-15T16:57,C0061,P040,2,44000,0.0,completed,app
O000752,2,2026-01-15T16:57,C0061,P011,1,265000,0.0,completed,app
O000753,1,2026-01-15T03:34,C0520,P078,1,108000,0.0,completed,web
O000754,1,2026-01-15T12:22,C0011,P008,1,279000,0.0,completed,app
O000755,1,2026-01-15T10:08,C0320,P011,1,265000,0.0,completed,app
O000756,1,2026-01-15T13:36,C0333,P064,1,127000,0.0,completed,app
O000756,2,2026-01-15T13:36,C0333,P013,1,271000,0.0,completed,app
O000757,1,2026-01-15T18:18,C0275,P006,1,275000,0.0,completed,web
O000758,1,2026-01-15T18:04,C0357,P017,1,274000,0.0,completed,app
O000759,1,2026-01-15T05:19,C0009,P055,1,88000,0.0,completed,app
O000760,1,2026-01-15T19:07,C0229,P055,1,88000,0.0,completed,app
O000761,1,2026-01-15T08:23,C0044,P006,1,275000,0.0,completed,app
O000761,2,2026-01-15T08:23,C0044,P011,1,265000,0.0,completed,app
O000761,3,2026-01-15T08:23,C0044,P017,1,274000,0.0,completed,app
O000762,1,2026-01-15T17:42,C0019,P017,1,274000,0.0,completed,app
O000763,1,2026-01-15T16:00,C0453,P017,1,274000,0.0,completed,web
O000764,1,2026-01-15T16:06,C0566,P008,1,279000,0.0,completed,web
O000765,1,2026-01-15T10:03,C0221,P011,1,265000,0.0,completed,app
O000766,1,2026-01-15T16:33,C0163,P008,1,279000,0.0,completed,app
O000767,1,2026-01-15T17:17,C0129,P056,1,61000,0.0,completed,app
O000768,1,2026-01-15T13:50,C0587,P015,1,222000,0.0,completed,web
O000768,2,2026-01-15T13:50,C0587,P015,1,222000,0.0,completed,web
O000769,1,2026-01-16T22:36,C0469,P078,1,108000,0.0,cancelled,app
O000770,1,2026-01-16T11:19,C0160,P017,3,274000,0.0,completed,web
O000771,1,2026-01-16T15:03,C0209,P040,1,44000,0.0,completed,app
O000772,1,2026-01-16T17:51,C0333,P042,1,85000,0.0,completed,app
O000773,1,2026-01-16T17:38,C0537,P043,1,91000,0.0,completed,web
O000774,1,2026-01-16T20:30,C0283,P055,1,88000,0.0,completed,app
O000775,1,2026-01-16T12:47,C0123,P030,1,62000,0.0,completed,web
O000775,2,2026-01-16T12:47,C0123,P040,1,44000,0.0,completed,web
O000776,1,2026-01-16T13:11,C0304,P040,3,44000,0.0,completed,web
O000777,1,2026-01-16T18:35,C0406,P043,1,91000,0.0,completed,app
O000778,1,2026-01-16T12:47,C0443,P075,1,81000,0.0,completed,app
O000779,1,2026-01-16T08:19,C0099,P001,1,193000,0.0,completed,app
O000779,2,2026-01-16T08:19,C0099,P008,1,279000,0.0,completed,app
O000780,1,2026-01-16T18:59,C0444,P008,1,279000,0.0,completed,web
O000781,1,2026-01-16T11:02,C0147,P008,1,279000,0.0,completed,web
O000782,1,2026-01-16T14:36,C0109,P008,1,279000,0.0,cancelled,web
O000782,2,2026-01-16T14:36,C0109,P042,1,85000,0.0,cancelled,web
O000782,3,2026-01-16T14:36,C0109,P056,1,61000,0.0,cancelled,web
O000783,1,2026-01-16T12:07,C0164,P040,1,44000,0.0,completed,app
O000783,2,2026-01-16T12:07,C0164,P037,1,49000,0.0,completed,app
O000784,1,2026-01-16T20:54,C0164,P079,1,115000,0.0,completed,app
O000785,1,2026-01-16T18:35,C0216,P008,1,279000,0.0,completed,web
O000786,1,2026-01-16T09:08,C0175,P066,1,110000,0.0,completed,web
O000787,1,2026-01-16T18:51,C0213,P032,1,45000,0.0,completed,web
O000788,1,2026-01-16T19:42,C0443,P074,1,107000,0.0,completed,app
O000789,1,2026-01-16T19:56,C0217,P027,1,63000,0.0,completed,app
O000790,1,2026-01-16T11:47,C0357,P056,1,61000,0.0,completed,app
O000791,1,2026-01-16T18:20,C0302,P040,1,44000,0.0,completed,app
O000791,2,2026-01-16T18:20,C0302,P016,1,169000,0.0,completed,app
O000791,3,2026-01-16T18:20,C0302,P017,1,274000,0.0,completed,app
O000792,1,2026-01-16T07:08,C0352,P027,1,63000,0.0,completed,app
O000793,1,2026-01-16T14:21,C0265,P014,1,203000,0.0,completed,web
O000793,2,2026-01-16T14:21,C0265,P017,1,274000,0.0,completed,web
O000794,1,2026-01-16T22:00,C0044,P008,1,279000,0.0,completed,app
O000795,1,2026-01-16T11:45,C0001,P031,1,60000,0.0,completed,web
O000795,2,2026-01-16T11:45,C0001,P029,1,39000,0.0,completed,web
O000796,1,2026-01-16T13:29,C0457,P080,1,109000,0.0,completed,web
O000797,1,2026-01-16T11:08,C0155,P051,1,78000,0.0,completed,app
O000798,1,2026-01-16T16:37,C0077,P055,1,88000,0.0,completed,app
O000799,1,2026-01-16T10:46,C0403,P017,1,274000,0.0,completed,app
O000799,2,2026-01-16T10:46,C0403,P039,1,45000,0.0,completed,app
O000799,3,2026-01-16T10:46,C0403,P017,1,274000,0.0,completed,app
O000800,1,2026-01-16T08:01,C0068,P043,1,91000,0.0,completed,app
O000801,1,2026-01-16T20:27,C0146,P051,1,78000,0.0,completed,app
O000801,2,2026-01-16T20:27,C0146,P064,1,127000,0.0,completed,app
O000802,1,2026-01-16T13:08,C0005,P015,1,222000,0.0,completed,web
O000803,1,2026-01-16T19:28,C0471,P071,1,133000,0.0,completed,web
O000804,1,2026-01-16T17:55,C0057,P064,1,127000,0.0,completed,app
O000805,1,2026-01-16T08:37,C0567,P029,1,39000,0.0,completed,app
O000805,2,2026-01-16T08:37,C0567,P040,1,44000,0.0,completed,app
O000806,1,2026-01-16T14:33,C0279,P013,1,271000,0.0,returned,app
O000807,1,2026-01-16T10:20,C0587,P001,1,193000,0.0,cancelled,app
O000807,2,2026-01-16T10:20,C0587,P008,1,279000,0.0,cancelled,app
O000808,1,2026-01-16T16:48,C0228,P005,1,227000,0.0,completed,web
O000809,1,2026-01-16T16:17,C0317,P008,2,279000,0.0,completed,web
O000809,2,2026-01-16T16:17,C0317,P055,2,88000,0.0,completed,web
O000810,1,2026-01-16T19:05,C0005,P007,1,262000,0.0,completed,web
O000811,1,2026-01-16T10:51,C0435,P011,1,265000,0.0,cancelled,web
O000812,1,2026-01-16T09:38,C0429,P066,1,110000,0.0,completed,app
O000812,2,2026-01-16T09:38,C0429,P061,1,115000,0.0,completed,app
O000813,1,2026-01-16T07:55,C0451,P033,1,65000,0.0,completed,web
O000814,1,2026-01-16T17:13,C0274,P040,1,44000,0.0,completed,app
O000815,1,2026-01-16T18:46,C0221,P055,1,88000,0.0,cancelled,app
O000815,2,2026-01-16T18:46,C0221,P011,1,265000,0.0,cancelled,app
O000815,3,2026-01-16T18:46,C0221,P012,1,138000,0.0,cancelled,app
O000816,1,2026-01-16T06:36,C0311,P012,1,138000,0.0,completed,web
O000817,1,2026-01-16T17:08,C0429,P008,1,279000,0.0,completed,app
O000818,1,2026-01-16T11:45,C0434,P028,1,39000,0.0,completed,web
O000819,1,2026-01-16T18:14,C0295,P028,1,39000,0.0,completed,web
O000819,2,2026-01-16T18:14,C0295,P008,1,279000,0.0,completed,web
O000820,1,2026-01-16T18:30,C0386,P008,1,279000,0.0,completed,app
O000821,1,2026-01-16T15:31,C0010,P040,1,44000,0.0,completed,web
O000821,2,2026-01-16T15:31,C0010,P008,1,279000,0.0,completed,web
O000822,1,2026-01-16T19:47,C0418,P008,1,279000,0.0,completed,app
O000822,2,2026-01-16T19:47,C0418,P013,1,271000,0.0,completed,app
O000823,1,2026-01-16T09:52,C0357,P008,1,279000,0.0,completed,app
O000823,2,2026-01-16T09:52,C0357,P008,1,279000,0.0,completed,app
O000824,1,2026-01-16T15:15,C0186,P002,1,163000,0.0,completed,app
O000825,1,2026-01-17T10:24,C0486,P056,1,61000,0.0,completed,web
O000825,2,2026-01-17T10:24,C0486,P043,1,91000,0.0,completed,web
O000825,3,2026-01-17T10:24,C0486,P008,1,279000,0.0,completed,web
O000826,1,2026-01-17T18:41,C0018,P027,1,63000,0.0,completed,web
O000826,2,2026-01-17T18:41,C0018,P076,1,101000,0.0,completed,web
O000827,1,2026-01-17T16:02,C0335,P047,1,58000,0.0,completed,web
O000827,2,2026-01-17T16:02,C0335,P028,1,39000,0.0,completed,web
O000827,3,2026-01-17T16:02,C0335,P017,1,274000,0.0,completed,web
O000828,1,2026-01-17T17:08,C0127,P010,1,263000,0.0,completed,app
O000828,2,2026-01-17T17:08,C0127,P040,1,44000,0.0,completed,app
O000829,1,2026-01-17T13:36,C0479,P067,1,110000,0.0,completed,app
O000830,1,2026-01-17T12:05,C0001,P001,1,193000,0.0,completed,web
O000830,2,2026-01-17T12:05,C0001,P017,1,274000,0.0,completed,web
O000831,1,2026-01-17T14:11,C0438,P030,1,62000,0.0,completed,web
O000832,1,2026-01-17T17:20,C0383,P008,1,279000,0.0,completed,app
O000833,1,2026-01-17T11:16,C0265,P006,1,275000,0.0,completed,web
O000834,1,2026-01-17T19:01,C0183,P011,1,265000,0.0,completed,web
O000835,1,2026-01-17T07:36,C0600,P043,1,91000,0.0,completed,app
O000836,1,2026-01-17T15:56,C0596,P030,1,62000,0.0,returned,web
O000837,1,2026-01-17T14:49,C0190,P042,1,85000,0.0,completed,app
O000838,1,2026-01-17T09:53,C0502,P004,1,157000,0.0,completed,web
O000839,1,2026-01-17T14:18,C0418,P001,1,193000,0.0,completed,app
O000840,1,2026-01-17T11:48,C0274,P042,1,85000,0.0,completed,app
O000841,1,2026-01-17T13:34,C0148,P026,1,48000,0.0,completed,app
O000842,1,2026-01-17T10:18,C0321,P008,1,279000,0.0,completed,app
O000842,2,2026-01-17T10:18,C0321,P001,1,193000,0.0,completed,app
O000843,1,2026-01-17T19:25,C0176,P014,3,203000,0.0,completed,web
O000844,1,2026-01-17T16:58,C0487,P064,1,127000,0.0,completed,web
O000845,1,2026-01-17T21:06,C0153,P008,1,279000,0.0,completed,app
O000845,2,2026-01-17T21:06,C0153,P028,1,39000,0.0,completed,app
O000845,3,2026-01-17T21:06,C0153,P030,1,62000,0.0,completed,app
O000846,1,2026-01-17T17:14,C0098,P040,1,44000,0.0,completed,app
O000847,1,2026-01-17T19:42,C0190,P059,1,95000,0.0,completed,web
O000848,1,2026-01-17T06:34,C0493,P001,1,193000,0.0,returned,web
O000849,1,2026-01-17T10:45,C0010,P001,1,193000,0.0,completed,web
O000850,1,2026-01-17T08:02,C0466,P072,1,95000,0.0,completed,app
O000851,1,2026-01-17T13:06,C0220,P043,1,91000,0.0,completed,app
O000851,2,2026-01-17T13:06,C0220,P043,1,91000,0.0,completed,app
O000852,1,2026-01-17T13:58,C0418,P037,1,49000,0.0,completed,app
O000853,1,2026-01-17T12:51,C0295,P001,1,193000,0.0,completed,web
O000854,1,2026-01-17T14:40,C0403,P015,1,222000,0.0,completed,app
O000854,2,2026-01-17T14:40,C0403,P055,1,88000,0.0,completed,app
O000855,1,2026-01-17T10:10,C0403,P005,1,227000,0.0,returned,app
O000855,2,2026-01-17T10:10,C0403,P013,1,271000,0.0,returned,app
O000856,1,2026-01-17T09:46,C0357,P013,1,271000,0.0,completed,app
O000856,2,2026-01-17T09:46,C0357,P046,1,59000,0.0,completed,app
O000857,1,2026-01-17T15:53,C0346,P015,1,222000,0.0,completed,app
O000857,2,2026-01-17T15:53,C0346,P073,1,75000,0.0,completed,app
O000857,3,2026-01-17T15:53,C0346,P017,1,274000,0.0,completed,app
O000858,1,2026-01-17T14:41,C0373,P015,1,222000,0.0,completed,app
O000859,1,2026-01-17T15:02,C0229,P008,1,279000,0.0,completed,app
O000860,1,2026-01-17T16:08,C0077,P045,1,64000,0.0,completed,app
O000860,2,2026-01-17T16:08,C0077,P008,1,279000,0.0,completed,app
O000861,1,2026-01-17T18:43,C0400,P001,1,193000,0.0,completed,app
O000862,1,2026-01-17T11:52,C0504,P077,1,69000,0.0,returned,app
O000863,1,2026-01-17T05:00,C0545,P045,1,64000,0.0,completed,app
O000863,2,2026-01-17T05:00,C0545,P059,1,95000,0.0,completed,app
O000863,3,2026-01-17T05:00,C0545,P053,1,100000,0.0,completed,app
O000864,1,2026-01-17T13:09,C0283,P042,1,85000,0.0,completed,app
O000865,1,2026-01-17T10:44,C0409,P001,1,193000,0.0,completed,app
O000866,1,2026-01-17T18:02,C0407,P040,1,44000,0.0,completed,web
O000867,1,2026-01-17T12:55,C0358,P001,1,193000,0.0,completed,app
O000868,1,2026-01-17T14:41,C0274,P053,1,100000,0.0,completed,app
O000869,1,2026-01-17T14:27,C0443,P011,1,265000,0.0,completed,app
O000870,1,2026-01-17T13:40,C0587,P017,1,274000,0.0,completed,app
O000870,2,2026-01-17T13:40,C0587,P043,1,91000,0.0,completed,app
O000871,1,2026-01-17T14:26,C0383,P017,1,274000,0.0,completed,app
O000872,1,2026-01-17T16:22,C0005,P001,1,193000,0.0,completed,app
O000872,2,2026-01-17T16:22,C0005,P008,1,279000,0.0,completed,app
O000873,1,2026-01-18T15:02,C0190,P055,1,88000,0.0,completed,app
O000874,1,2026-01-18T07:43,C0259,P011,1,265000,0.0,completed,web
O000874,2,2026-01-18T07:43,C0259,P028,1,39000,0.0,completed,web
O000875,1,2026-01-18T11:45,C0415,P075,1,81000,0.0,completed,web
O000875,2,2026-01-18T11:45,C0415,P064,3,127000,0.0,completed,web
O000876,1,2026-01-18T14:45,C0499,P017,1,274000,0.0,completed,app
O000877,1,2026-01-18T13:14,C0453,P040,1,44000,0.0,completed,app
O000878,1,2026-01-18T14:11,C0403,P008,1,279000,0.0,completed,app
O000878,2,2026-01-18T14:11,C0403,P017,1,274000,0.0,completed,app
O000878,3,2026-01-18T14:11,C0403,P016,1,169000,0.0,completed,app
O000879,1,2026-01-18T09:42,C0448,P008,1,279000,0.0,completed,app
O000880,1,2026-01-18T15:07,C0096,P008,1,279000,0.0,completed,app
O000880,2,2026-01-18T15:07,C0096,P020,1,41000,0.0,completed,app
O000881,1,2026-01-18T11:00,C0190,P064,1,127000,0.0,completed,web
O000882,1,2026-01-18T10:30,C0123,P040,1,44000,0.0,completed,web
O000883,1,2026-01-18T16:15,C0249,P011,1,265000,0.0,completed,app
O000884,1,2026-01-18T06:59,C0196,P027,1,63000,0.0,cancelled,app
O000884,2,2026-01-18T06:59,C0196,P008,1,279000,0.0,cancelled,app
O000885,1,2026-01-18T11:37,C0110,P059,1,95000,0.0,completed,app
O000885,2,2026-01-18T11:37,C0110,P042,1,85000,0.0,completed,app
O000886,1,2026-01-18T16:13,C0190,P076,1,101000,0.0,completed,app
O000886,2,2026-01-18T16:13,C0190,P008,1,279000,0.0,completed,app
O000887,1,2026-01-18T21:37,C0005,P001,1,193000,0.0,completed,app
O000887,2,2026-01-18T21:37,C0005,P008,1,279000,0.0,completed,app
O000888,1,2026-01-18T13:04,C0357,P011,1,265000,0.0,completed,web
O000888,2,2026-01-18T13:04,C0357,P046,1,59000,0.0,completed,web
O000889,1,2026-01-18T13:07,C0333,P045,1,64000,0.0,completed,app
O000890,1,2026-01-18T13:55,C0455,P052,1,74000,0.0,completed,web
O000890,2,2026-01-18T13:55,C0455,P042,1,85000,0.0,completed,web
O000891,1,2026-01-18T14:13,C0190,P045,1,64000,0.0,completed,app
O000892,1,2026-01-18T14:09,C0441,P040,1,44000,0.0,completed,web
O000893,1,2026-01-18T12:51,C0214,P045,1,64000,0.0,completed,app
O000894,1,2026-01-18T20:03,C0153,P028,1,39000,0.0,completed,app
O000894,2,2026-01-18T20:03,C0153,P040,1,44000,0.0,completed,app
O000895,1,2026-01-18T12:45,C0479,P008,1,279000,0.0,completed,web
O000895,2,2026-01-18T12:45,C0479,P063,1,124000,0.0,completed,web
O000895,3,2026-01-18T12:45,C0479,P049,1,78000,0.0,completed,web
O000896,1,2026-01-18T12:49,C0406,P055,1,88000,0.0,completed,app
O000897,1,2026-01-18T21:06,C0087,P050,1,84000,0.0,completed,web
O000898,1,2026-01-18T19:32,C0246,P008,1,279000,0.0,completed,web
O000899,1,2026-01-18T15:57,C0214,P013,1,271000,0.0,completed,app
O000900,1,2026-01-18T09:36,C0124,P042,1,85000,0.0,cancelled,app
O000900,2,2026-01-18T09:36,C0124,P060,1,82000,0.0,cancelled,app
O000901,1,2026-01-18T23:06,C0423,P080,1,109000,0.0,cancelled,web
O000902,1,2026-01-18T12:52,C0327,P021,1,72000,0.0,completed,web
O000903,1,2026-01-18T16:12,C0521,P008,1,279000,0.0,completed,web
O000904,1,2026-01-18T12:13,C0544,P017,3,274000,0.0,completed,web
O000904,2,2026-01-18T12:13,C0544,P023,1,53000,0.0,completed,web
O000905,1,2026-01-18T13:02,C0265,P016,1,169000,0.0,completed,web
O000906,1,2026-01-18T23:47,C0249,P075,1,81000,0.0,completed,app
O000907,1,2026-01-18T06:33,C0450,P051,1,78000,0.0,completed,app
O000907,2,2026-01-18T06:33,C0450,P017,1,274000,0.0,completed,app
O000908,1,2026-01-18T12:36,C0579,P016,1,169000,0.0,completed,app
O000909,1,2026-01-18T14:48,C0417,P037,1,49000,0.0,returned,app
O000910,1,2026-01-18T10:31,C0127,P040,1,44000,0.0,completed,app
O000911,1,2026-01-18T20:25,C0463,P076,1,101000,0.0,completed,web
O000911,2,2026-01-18T20:25,C0463,P011,1,265000,0.0,completed,web
O000912,1,2026-01-18T12:19,C0005,P008,1,279000,0.0,completed,app
O000913,1,2026-01-18T11:58,C0471,P001,1,193000,0.0,completed,web
O000914,1,2026-01-18T22:22,C0325,P008,1,279000,0.0,completed,web
O000915,1,2026-01-18T17:39,C0502,P008,1,279000,0.0,completed,web
O000915,2,2026-01-18T17:39,C0502,P001,1,193000,0.0,completed,web
O000916,1,2026-01-18T19:32,C0341,P015,1,222000,0.0,completed,app
O000917,1,2026-01-18T17:49,C0103,P027,3,63000,0.0,completed,web
O000917,2,2026-01-18T17:49,C0103,P052,3,74000,0.0,completed,web
O000918,1,2026-01-18T12:45,C0099,P019,1,37000,0.0,completed,app
O000918,2,2026-01-18T12:45,C0099,P001,1,193000,0.0,completed,app
O000919,1,2026-01-18T13:06,C0129,P052,1,74000,0.0,completed,app
O000920,1,2026-01-18T12:33,C0595,P001,1,193000,0.0,completed,app
O000921,1,2026-01-18T12:21,C0074,P001,1,193000,0.0,completed,web
O000922,1,2026-01-18T16:14,C0089,P003,1,136000,0.0,completed,app
O000923,1,2026-01-18T18:30,C0019,P073,1,75000,0.0,completed,web
O000924,1,2026-01-18T11:10,C0186,P003,1,136000,0.0,completed,app
O000925,1,2026-01-18T01:00,C0350,P080,1,109000,0.0,completed,app
O000925,2,2026-01-18T01:00,C0350,P012,1,138000,0.0,completed,app
O000926,1,2026-01-18T07:32,C0240,P008,1,279000,0.0,completed,app
O000927,1,2026-01-18T19:48,C0005,P008,1,279000,0.0,completed,app
O000927,2,2026-01-18T19:48,C0005,P017,1,274000,0.0,completed,app
O000928,1,2026-01-18T11:57,C0481,P040,1,44000,0.0,completed,web
O000929,1,2026-01-18T19:55,C0383,P040,1,44000,0.0,completed,web
O000929,2,2026-01-18T19:55,C0383,P079,1,115000,0.0,completed,web
O000930,1,2026-01-18T06:17,C0300,P008,1,279000,0.0,completed,web
O000931,1,2026-01-18T19:53,C0213,P032,1,45000,0.0,completed,web
O000932,1,2026-01-18T14:36,C0283,P001,1,193000,0.0,completed,web
O000933,1,2026-01-18T17:38,C0171,P001,1,193000,0.0,completed,app
O000934,1,2026-01-18T15:39,C0457,P001,1,193000,0.0,completed,web
O000935,1,2026-01-19T17:48,C0259,P011,1,265000,0.0,completed,web
O000935,2,2026-01-19T17:48,C0259,P045,1,64000,0.0,completed,web
O000935,3,2026-01-19T17:48,C0259,P001,1,193000,0.0,completed,web
O000936,1,2026-01-19T13:47,C0192,P008,1,279000,0.0,completed,app
O000937,1,2026-01-19T18:01,C0249,P074,1,107000,0.0,completed,app
O000938,1,2026-01-19T14:48,C0146,P042,1,85000,0.0,completed,app
O000938,2,2026-01-19T14:48,C0146,P036,1,65000,0.0,completed,app
O000938,3,2026-01-19T14:48,C0146,P064,1,127000,0.0,completed,app
O000939,1,2026-01-19T14:08,C0469,P040,1,44000,0.0,completed,app
O000940,1,2026-01-19T13:18,C0034,P027,1,63000,0.0,completed,app
O000941,1,2026-01-19T19:46,C0057,P063,1,124000,0.0,completed,app
O000941,2,2026-01-19T19:46,C0057,P061,1,115000,0.0,completed,app
O000942,1,2026-01-19T15:43,C0520,P028,1,39000,0.0,completed,web
O000943,1,2026-01-19T18:52,C0044,P044,1,85000,0.0,completed,app
O000943,2,2026-01-19T18:52,C0044,P037,1,49000,0.0,completed,app
O000943,3,2026-01-19T18:52,C0044,P008,1,279000,0.0,completed,app
O000944,1,2026-01-19T17:43,C0600,P052,1,74000,0.0,completed,app
O000945,1,2026-01-19T13:17,C0071,P009,1,194000,0.0,completed,web
O000945,2,2026-01-19T13:17,C0071,P043,1,91000,0.0,completed,web
O000946,1,2026-01-19T10:00,C0295,P051,1,78000,0.0,completed,app
O000947,1,2026-01-19T15:13,C0133,P043,1,91000,0.0,completed,web
O000948,1,2026-01-19T11:42,C0053,P040,1,44000,0.0,completed,web
O000948,2,2026-01-19T11:42,C0053,P052,1,74000,0.0,completed,web
O000949,1,2026-01-19T10:58,C0303,P056,3,61000,0.0,completed,web
O000949,2,2026-01-19T10:58,C0303,P001,2,193000,0.0,completed,web
O000949,3,2026-01-19T10:58,C0303,P016,2,169000,0.0,completed,web
O000950,1,2026-01-19T16:16,C0383,P008,1,279000,0.0,completed,app
O000951,1,2026-01-19T11:18,C0469,P011,1,265000,0.0,completed,app
O000951,2,2026-01-19T11:18,C0469,P030,1,62000,0.0,completed,app
O000952,1,2026-01-19T12:43,C0234,P028,1,39000,0.0,completed,web
O000953,1,2026-01-19T23:01,C0582,P015,1,222000,0.0,completed,web
O000954,1,2026-01-19T08:41,C0196,P039,1,45000,0.0,completed,app
O000955,1,2026-01-19T21:18,C0130,P059,1,95000,0.0,completed,app
O000956,1,2026-01-19T17:11,C0099,P016,1,169000,0.0,completed,app
O000957,1,2026-01-19T14:09,C0190,P040,1,44000,0.0,completed,app
O000958,1,2026-01-19T16:57,C0246,P016,1,169000,0.0,completed,web
O000959,1,2026-01-19T10:41,C0022,P048,1,92000,0.0,completed,web
O000960,1,2026-01-19T11:34,C0515,P008,1,279000,0.0,completed,app
O000960,2,2026-01-19T11:34,C0515,P001,1,193000,0.0,completed,app
O000961,1,2026-01-19T20:03,C0118,P037,1,49000,0.0,completed,web
O000962,1,2026-01-19T16:36,C0433,P017,1,274000,0.0,completed,web
O000963,1,2026-01-19T17:08,C0430,P050,1,84000,0.0,completed,app
O000963,2,2026-01-19T17:08,C0430,P014,1,203000,0.0,completed,app
O000964,1,2026-01-19T13:45,C0026,P016,1,169000,0.0,completed,app
O000965,1,2026-01-19T21:33,C0443,P013,1,271000,0.0,returned,app
O000965,2,2026-01-19T21:33,C0443,P040,1,44000,0.0,returned,app
O000966,1,2026-01-19T14:08,C0066,P008,1,279000,0.0,completed,app
O000967,1,2026-01-19T18:03,C0349,P021,3,72000,0.0,completed,app
O000968,1,2026-01-19T15:50,C0403,P010,1,263000,0.0,completed,app
O000969,1,2026-01-19T10:14,C0148,P051,1,78000,0.0,cancelled,app
O000970,1,2026-01-19T19:55,C0358,P008,1,279000,0.0,completed,app
O000971,1,2026-01-19T17:07,C0300,P001,1,193000,0.0,completed,web
O000972,1,2026-01-19T16:05,C0061,P013,3,271000,0.0,cancelled,app
O000972,2,2026-01-19T16:05,C0061,P003,2,136000,0.0,cancelled,app
O000973,1,2026-01-19T12:59,C0135,P017,1,274000,0.0,completed,app
O000974,1,2026-01-19T19:05,C0400,P006,1,275000,0.0,completed,app
O000975,1,2026-01-20T16:20,C0108,P035,2,49000,0.0,completed,app
O000976,1,2026-01-20T12:15,C0117,P006,1,275000,0.0,completed,app
O000977,1,2026-01-20T11:49,C0350,P064,1,127000,0.0,completed,app
O000978,1,2026-01-20T12:28,C0582,P006,1,275000,0.0,completed,app
O000979,1,2026-01-20T14:49,C0068,P011,1,265000,0.0,returned,web
O000980,1,2026-01-20T14:04,C0570,P055,1,88000,0.0,completed,web
O000981,1,2026-01-20T08:31,C0496,P020,1,41000,0.0,completed,app
O000982,1,2026-01-20T12:38,C0297,P003,1,136000,0.0,completed,app
O000983,1,2026-01-20T20:30,C0418,P008,1,279000,0.0,completed,app
O000984,1,2026-01-20T15:19,C0418,P076,1,101000,0.0,completed,app
O000985,1,2026-01-20T19:15,C0149,P046,1,59000,0.0,completed,app
O000986,1,2026-01-20T13:30,C0109,P043,1,91000,0.0,completed,app
O000986,2,2026-01-20T13:30,C0109,P011,1,265000,0.0,completed,app
O000987,1,2026-01-20T16:20,C0011,P008,1,279000,0.0,completed,app
O000987,2,2026-01-20T16:20,C0011,P011,1,265000,0.0,completed,app
O000987,3,2026-01-20T16:20,C0011,P040,1,44000,0.0,completed,app
O000988,1,2026-01-20T15:55,C0453,P070,1,114000,0.0,completed,app
O000989,1,2026-01-20T19:23,C0436,P070,1,114000,0.0,completed,web
O000990,1,2026-01-20T17:15,C0117,P011,1,265000,0.0,completed,app
O000991,1,2026-01-20T11:45,C0411,P021,1,72000,0.0,completed,app
O000991,2,2026-01-20T11:45,C0411,P011,1,265000,0.0,completed,app
O000992,1,2026-01-20T18:57,C0209,P021,1,72000,0.0,completed,app
O000992,2,2026-01-20T18:57,C0209,P040,1,44000,0.0,completed,app
O000993,1,2026-01-20T10:35,C0180,P028,1,39000,0.0,completed,app
O000994,1,2026-01-20T13:51,C0186,P017,1,274000,0.0,completed,app
O000995,1,2026-01-20T11:00,C0521,P017,1,274000,0.0,completed,web
O000996,1,2026-01-20T08:58,C0140,P017,1,274000,0.0,completed,web
O000996,2,2026-01-20T08:58,C0140,P077,1,69000,0.0,completed,web
O000997,1,2026-01-20T17:03,C0250,P020,1,41000,0.0,completed,app
O000997,2,2026-01-20T17:03,C0250,P055,1,88000,0.0,completed,app
O000998,1,2026-01-20T07:25,C0397,P037,1,49000,0.0,completed,app
O000998,2,2026-01-20T07:25,C0397,P040,1,44000,0.0,completed,app
O000998,3,2026-01-20T07:25,C0397,P039,1,45000,0.0,completed,app
O000999,1,2026-01-20T12:51,C0294,P038,1,38000,0.0,completed,web
O000999,2,2026-01-20T12:51,C0294,P021,1,72000,0.0,completed,web
O001000,1,2026-01-20T14:45,C0001,P075,1,81000,0.0,completed,web
O001001,1,2026-01-20T13:13,C0579,P008,1,279000,0.0,completed,app
O001002,1,2026-01-20T16:11,C0471,P048,1,92000,0.0,cancelled,web
O001003,1,2026-01-20T13:14,C0406,P073,1,75000,0.0,completed,app
O001004,1,2026-01-20T21:31,C0018,P017,1,274000,0.0,completed,app
O001005,1,2026-01-20T09:32,C0350,P008,1,279000,0.0,completed,app
O001005,2,2026-01-20T09:32,C0350,P048,1,92000,0.0,completed,app
O001006,1,2026-01-20T18:57,C0472,P043,1,91000,0.0,completed,app
O001007,1,2026-01-20T20:36,C0430,P015,1,222000,0.0,returned,web
O001008,1,2026-01-20T17:23,C0068,P048,1,92000,0.0,completed,app
O001008,2,2026-01-20T17:23,C0068,P017,1,274000,0.0,completed,app
O001008,3,2026-01-20T17:23,C0068,P008,1,279000,0.0,completed,app
O001009,1,2026-01-20T13:16,C0515,P001,1,193000,0.0,completed,web
O001010,1,2026-01-20T10:23,C0057,P046,1,59000,0.0,completed,web
O001011,1,2026-01-20T15:05,C0282,P001,1,193000,0.0,completed,web
O001012,1,2026-01-20T11:52,C0256,P001,1,193000,0.0,completed,web
O001013,1,2026-01-20T07:06,C0536,P006,1,275000,0.0,completed,app
O001014,1,2026-01-20T16:23,C0089,P006,1,275000,0.0,completed,app
O001015,1,2026-01-20T17:58,C0326,P052,1,74000,0.0,completed,app
O001016,1,2026-01-20T15:06,C0523,P017,1,274000,0.0,completed,web
O001017,1,2026-01-20T12:29,C0096,P017,1,274000,0.0,completed,app
O001018,1,2026-01-20T19:32,C0198,P009,1,194000,0.0,completed,web
O001019,1,2026-01-20T10:25,C0057,P008,1,279000,0.0,completed,app
O001019,2,2026-01-20T10:25,C0057,P013,1,271000,0.0,completed,app
O001020,1,2026-01-20T16:29,C0089,P052,1,74000,0.0,completed,web
O001021,1,2026-01-20T23:53,C0146,P011,1,265000,0.0,completed,app
O001021,2,2026-01-20T23:53,C0146,P041,1,74000,0.0,completed,app
O001021,3,2026-01-20T23:53,C0146,P044,1,85000,0.0,completed,app
O001022,1,2026-01-20T13:00,C0070,P008,1,279000,0.0,completed,web
O001023,1,2026-01-20T11:25,C0011,P006,1,275000,0.0,completed,app
O001023,2,2026-01-20T11:25,C0011,P055,1,88000,0.0,completed,app
O001024,1,2026-01-20T15:55,C0515,P074,1,107000,0.0,completed,web
O001025,1,2026-01-20T15:29,C0320,P006,1,275000,0.0,completed,app
O001026,1,2026-01-20T20:50,C0432,P008,1,279000,0.0,completed,web
O001027,1,2026-01-20T12:09,C0293,P017,1,274000,0.0,completed,web
O001028,1,2026-01-20T11:00,C0477,P017,1,274000,0.0,completed,app
O001028,2,2026-01-20T11:00,C0477,P017,1,274000,0.0,completed,app
O001029,1,2026-01-20T20:03,C0478,P016,1,169000,0.0,completed,web
O001030,1,2026-01-20T18:33,C0240,P009,1,194000,0.0,completed,app
O001031,1,2026-01-20T11:27,C0192,P010,1,263000,0.0,completed,app
O001031,2,2026-01-20T11:27,C0192,P079,1,115000,0.0,completed,app
O001032,1,2026-01-21T14:09,C0126,P001,1,193000,0.0,completed,app
O001033,1,2026-01-21T16:25,C0526,P008,1,279000,0.0,completed,web
O001034,1,2026-01-21T19:44,C0532,P060,1,82000,0.0,completed,web
O001035,1,2026-01-21T12:30,C0209,P040,1,44000,0.0,completed,web
O001035,2,2026-01-21T12:30,C0209,P040,1,44000,0.0,completed,web
O001035,3,2026-01-21T12:30,C0209,P066,1,110000,0.0,completed,web
O001036,1,2026-01-21T21:09,C0025,P006,1,275000,0.0,completed,web
O001037,1,2026-01-21T22:51,C0545,P045,1,64000,0.0,completed,app
O001038,1,2026-01-21T16:28,C0361,P052,1,74000,0.0,completed,web
O001038,2,2026-01-21T16:28,C0361,P019,1,37000,0.0,completed,web
O001039,1,2026-01-21T14:20,C0600,P058,1,99000,0.0,cancelled,app
O001039,2,2026-01-21T14:20,C0600,P055,1,88000,0.0,cancelled,app
O001040,1,2026-01-21T15:29,C0123,P056,1,61000,0.0,completed,web
O001040,2,2026-01-21T15:29,C0123,P060,1,82000,0.0,completed,web
O001040,3,2026-01-21T15:29,C0123,P042,1,85000,0.0,completed,web
O001041,1,2026-01-21T11:11,C0164,P055,1,88000,0.0,cancelled,app
O001042,1,2026-01-21T11:47,C0469,P058,1,99000,0.0,completed,app
O001043,1,2026-01-21T14:33,C0550,P007,3,262000,0.0,completed,web
O001043,2,2026-01-21T14:33,C0550,P008,2,279000,0.0,completed,web
O001043,3,2026-01-21T14:33,C0550,P026,2,48000,0.0,completed,web
O001044,1,2026-01-21T13:54,C0500,P020,1,41000,0.0,completed,app
O001045,1,2026-01-21T16:13,C0335,P028,1,39000,0.0,completed,web
O001046,1,2026-01-21T14:58,C0428,P030,1,62000,0.0,completed,app
O001047,1,2026-01-21T13:43,C0031,P043,1,91000,0.0,completed,web
O001048,1,2026-01-21T09:53,C0053,P027,1,63000,0.0,cancelled,web
O001048,2,2026-01-21T09:53,C0053,P017,1,274000,0.0,cancelled,web
O001048,3,2026-01-21T09:53,C0053,P024,1,55000,0.0,cancelled,web
O001049,1,2026-01-21T16:06,C0283,P040,1,44000,0.0,completed,app
O001050,1,2026-01-21T19:22,C0469,P015,1,222000,0.0,completed,app
O001051,1,2026-01-21T19:19,C0515,P001,1,193000,0.0,completed,app
O001052,1,2026-01-21T08:54,C0279,P001,1,193000,0.0,completed,web
O001052,2,2026-01-21T08:54,C0279,P038,1,38000,0.0,completed,web
O001053,1,2026-01-21T19:19,C0346,P008,1,279000,0.0,completed,app
O001053,2,2026-01-21T19:19,C0346,P080,1,109000,0.0,completed,app
O001054,1,2026-01-21T13:26,C0068,P055,1,88000,0.0,completed,app
O001055,1,2026-01-21T17:56,C0274,P049,1,78000,0.0,completed,app
O001056,1,2026-01-21T10:31,C0140,P073,1,75000,0.0,completed,app
O001056,2,2026-01-21T10:31,C0140,P055,1,88000,0.0,completed,app
O001056,3,2026-01-21T10:31,C0140,P042,1,85000,0.0,completed,app
O001057,1,2026-01-21T22:31,C0017,P055,1,88000,0.0,completed,web
O001058,1,2026-01-21T16:01,C0214,P066,1,110000,0.0,completed,app
O001058,2,2026-01-21T16:01,C0214,P011,1,265000,0.0,completed,app
O001059,1,2026-01-21T15:49,C0545,P016,1,169000,0.0,completed,app
O001059,2,2026-01-21T15:49,C0545,P078,1,108000,0.0,completed,app
O001060,1,2026-01-21T10:47,C0181,P064,1,127000,0.0,completed,app
O001061,1,2026-01-21T16:09,C0458,P040,1,44000,0.0,completed,web
O001061,2,2026-01-21T16:09,C0458,P017,1,274000,0.0,completed,web
O001062,1,2026-01-21T10:27,C0432,P021,1,72000,0.0,completed,web
O001063,1,2026-01-21T12:41,C0430,P042,1,85000,0.0,completed,app
O001064,1,2026-01-21T14:48,C0579,P042,1,85000,0.0,completed,web
O001065,1,2026-01-21T12:00,C0281,P024,1,55000,0.0,completed,app
O001066,1,2026-01-21T06:02,C0113,P006,1,275000,0.0,returned,web
O001067,1,2026-01-21T11:07,C0089,P073,1,75000,0.0,completed,app
O001068,1,2026-01-21T13:38,C0513,P040,1,44000,0.0,completed,web
O001069,1,2026-01-21T12:47,C0077,P070,1,114000,0.0,completed,app
O001069,2,2026-01-21T12:47,C0077,P064,1,127000,0.0,completed,app
O001069,3,2026-01-21T12:47,C0077,P054,1,50000,0.0,completed,app
O001070,1,2026-01-21T13:49,C0283,P016,1,169000,0.0,completed,app
O001071,1,2026-01-21T16:19,C0200,P064,1,127000,0.0,completed,app
O001072,1,2026-01-22T10:00,C0221,P027,1,63000,0.0,completed,app
O001072,2,2026-01-22T10:00,C0221,P040,1,44000,0.0,completed,app
O001072,3,2026-01-22T10:00,C0221,P036,1,65000,0.0,completed,app
O001073,1,2026-01-22T16:44,C0479,P078,1,108000,0.0,completed,web
O001074,1,2026-01-22T13:32,C0249,P038,1,38000,0.0,completed,app
O001075,1,2026-01-22T11:37,C0353,P042,1,85000,0.0,completed,app
O001076,1,2026-01-22T14:40,C0492,P078,1,108000,0.0,completed,app
O001076,2,2026-01-22T14:40,C0492,P009,1,194000,0.0,completed,app
O001076,3,2026-01-22T14:40,C0492,P080,1,109000,0.0,completed,app
O001077,1,2026-01-22T16:38,C0564,P064,1,127000,0.0,completed,app
O001078,1,2026-01-22T16:13,C0283,P003,1,136000,0.0,returned,app
O001079,1,2026-01-22T23:24,C0103,P056,2,61000,0.0,completed,web
O001080,1,2026-01-22T17:17,C0587,P011,1,265000,0.0,completed,app
O001080,2,2026-01-22T17:17,C0587,P006,1,275000,0.0,completed,app
O001081,1,2026-01-22T06:20,C0018,P037,1,49000,0.0,returned,app
O001081,2,2026-01-22T06:20,C0018,P021,1,72000,0.0,returned,app
O001082,1,2026-01-22T14:41,C0443,P073,1,75000,0.0,completed,app
O001083,1,2026-01-22T19:10,C0196,P023,1,53000,0.0,completed,app
O001084,1,2026-01-22T17:03,C0143,P045,1,64000,0.0,completed,web
O001085,1,2026-01-22T12:27,C0136,P016,1,169000,0.0,completed,app
O001086,1,2026-01-22T19:12,C0277,P061,1,115000,0.0,completed,app
O001086,2,2026-01-22T19:12,C0277,P008,1,279000,0.0,completed,app
O001087,1,2026-01-22T18:44,C0469,P010,1,263000,0.0,cancelled,web
O001087,2,2026-01-22T18:44,C0469,P013,1,271000,0.0,cancelled,web
O001088,1,2026-01-22T14:53,C0063,P064,1,127000,0.0,completed,web
O001089,1,2026-01-22T09:59,C0058,P055,1,88000,0.0,completed,web
O001090,1,2026-01-22T22:56,C0206,P007,1,262000,0.0,completed,web
O001091,1,2026-01-22T07:46,C0594,P040,1,44000,0.0,completed,app
O001092,1,2026-01-22T17:03,C0069,P007,1,262000,0.0,completed,web
O001093,1,2026-01-22T12:05,C0477,P060,1,82000,0.0,completed,app
O001093,2,2026-01-22T12:05,C0477,P016,1,169000,0.0,completed,app
O001094,1,2026-01-22T11:10,C0190,P043,1,91000,0.0,completed,web
O001095,1,2026-01-22T12:25,C0452,P007,1,262000,0.0,completed,web
O001096,1,2026-01-22T19:34,C0249,P007,1,262000,0.0,completed,app
O001097,1,2026-01-22T12:49,C0186,P017,1,274000,0.0,completed,app
O001098,1,2026-01-22T16:22,C0510,P014,1,203000,0.0,completed,app
O001099,1,2026-01-22T15:51,C0249,P075,1,81000,0.0,returned,web
O001099,2,2026-01-22T15:51,C0249,P001,1,193000,0.0,returned,web
O001100,1,2026-01-22T19:58,C0353,P045,1,64000,0.0,completed,app
O001100,2,2026-01-22T19:58,C0353,P042,1,85000,0.0,completed,app
O001100,3,2026-01-22T19:58,C0353,P055,1,88000,0.0,completed,app
O001101,1,2026-01-22T12:06,C0245,P052,1,74000,0.0,cancelled,web
O001102,1,2026-01-22T17:14,C0279,P001,1,193000,0.0,cancelled,web
O001103,1,2026-01-22T17:49,C0544,P010,2,263000,0.0,returned,web
O001103,2,2026-01-22T17:49,C0544,P017,1,274000,0.0,returned,web
O001104,1,2026-01-22T13:20,C0136,P001,1,193000,0.0,completed,app
O001104,2,2026-01-22T13:20,C0136,P045,1,64000,0.0,completed,app
O001105,1,2026-01-22T19:08,C0096,P023,1,53000,0.0,returned,app
O001105,2,2026-01-22T19:08,C0096,P038,1,38000,0.0,returned,app
O001105,3,2026-01-22T19:08,C0096,P040,1,44000,0.0,returned,app
O001106,1,2026-01-22T07:43,C0570,P008,1,279000,0.0,completed,web
O001107,1,2026-01-22T11:07,C0220,P001,1,193000,0.0,completed,app
O001107,2,2026-01-22T11:07,C0220,P080,1,109000,0.0,completed,app
O001108,1,2026-01-22T14:40,C0325,P008,1,279000,0.0,completed,web
O001109,1,2026-01-22T05:51,C0489,P015,1,222000,0.0,completed,web
O001110,1,2026-01-22T12:11,C0556,P028,1,39000,0.0,completed,app
O001110,2,2026-01-22T12:11,C0556,P015,2,222000,0.0,completed,app
O001111,1,2026-01-22T13:33,C0587,P017,1,274000,0.0,completed,app
O001111,2,2026-01-22T13:33,C0587,P007,1,262000,0.0,completed,app
O001112,1,2026-01-22T20:03,C0325,P009,1,194000,0.0,completed,web
O001113,1,2026-01-22T22:46,C0522,P001,1,193000,0.0,returned,app
O001114,1,2026-01-23T15:47,C0032,P008,1,279000,0.0,completed,web
O001115,1,2026-01-23T18:25,C0041,P020,2,41000,0.0,completed,web
O001115,2,2026-01-23T18:25,C0041,P027,2,63000,0.0,completed,web
O001116,1,2026-01-23T11:34,C0220,P055,1,88000,0.0,completed,app
O001117,1,2026-01-23T12:56,C0570,P043,1,91000,0.0,completed,web
O001118,1,2026-01-23T14:39,C0469,P040,1,44000,0.0,completed,web
O001119,1,2026-01-23T13:15,C0229,P013,1,271000,0.0,completed,app
O001120,1,2026-01-23T14:14,C0368,P052,2,74000,0.0,completed,web
O001120,2,2026-01-23T14:14,C0368,P055,1,88000,0.0,completed,web
O001120,3,2026-01-23T14:14,C0368,P015,3,222000,0.0,completed,web
O001121,1,2026-01-23T18:22,C0361,P037,1,49000,0.0,completed,app
O001122,1,2026-01-23T23:07,C0302,P009,1,194000,0.0,returned,app
O001123,1,2026-01-23T12:19,C0257,P048,1,92000,0.0,completed,app
O001124,1,2026-01-23T06:21,C0299,P048,1,92000,0.0,completed,app
O001124,2,2026-01-23T06:21,C0299,P048,1,92000,0.0,completed,app
O001125,1,2026-01-23T14:43,C0244,P008,1,279000,0.0,completed,app
O001126,1,2026-01-23T19:48,C0496,P038,1,38000,0.0,completed,app
O001127,1,2026-01-23T18:38,C0235,P040,1,44000,0.0,completed,app
O001128,1,2026-01-23T16:08,C0111,P042,1,85000,0.0,completed,app
O001129,1,2026-01-23T11:46,C0579,P045,1,64000,0.0,returned,web
O001129,2,2026-01-23T11:46,C0579,P013,1,271000,0.0,returned,web
O001130,1,2026-01-23T17:53,C0188,P013,1,271000,0.0,completed,web
O001131,1,2026-01-23T17:39,C0478,P052,1,74000,0.0,completed,web
O001132,1,2026-01-23T16:15,C0089,P009,1,194000,0.0,completed,app
O001133,1,2026-01-23T12:39,C0209,P040,1,44000,0.0,returned,app
O001133,2,2026-01-23T12:39,C0209,P021,1,72000,0.0,returned,app
O001133,3,2026-01-23T12:39,C0209,P072,1,95000,0.0,returned,app
O001134,1,2026-01-23T14:32,C0113,P001,1,193000,0.0,returned,web
O001135,1,2026-01-23T21:25,C0353,P043,1,91000,0.0,completed,app
O001135,2,2026-01-23T21:25,C0353,P080,1,109000,0.0,completed,app
O001136,1,2026-01-23T15:37,C0388,P023,1,53000,0.0,completed,web
O001137,1,2026-01-23T15:54,C0190,P011,1,265000,0.0,completed,app
O001138,1,2026-01-23T10:04,C0333,P008,1,279000,0.0,completed,web
O001139,1,2026-01-23T13:20,C0416,P008,1,279000,0.0,completed,web
O001140,1,2026-01-23T19:33,C0570,P021,1,72000,0.0,completed,web
O001140,2,2026-01-23T19:33,C0570,P033,1,65000,0.0,completed,web
O001140,3,2026-01-23T19:33,C0570,P045,1,64000,0.0,completed,web
O001141,1,2026-01-23T14:35,C0393,P021,1,72000,0.0,completed,web
O001141,2,2026-01-23T14:35,C0393,P040,1,44000,0.0,completed,web
O001142,1,2026-01-23T15:41,C0096,P080,1,109000,0.0,completed,app
O001143,1,2026-01-23T23:37,C0353,P051,1,78000,0.0,completed,web
O001143,2,2026-01-23T23:37,C0353,P080,1,109000,0.0,completed,web
O001144,1,2026-01-23T10:32,C0467,P007,1,262000,0.0,completed,app
O001144,2,2026-01-23T10:32,C0467,P008,1,279000,0.0,completed,app
O001145,1,2026-01-23T12:27,C0153,P020,1,41000,0.0,completed,app
O001146,1,2026-01-23T20:27,C0223,P042,1,85000,0.0,completed,app
O001147,1,2026-01-23T14:02,C0099,P016,1,169000,0.0,completed,app
O001147,2,2026-01-23T14:02,C0099,P038,1,38000,0.0,completed,app
O001148,1,2026-01-23T17:20,C0283,P040,1,44000,0.0,completed,app
O001149,1,2026-01-23T19:57,C0495,P001,3,193000,0.0,completed,app
O001150,1,2026-01-23T11:16,C0469,P017,1,274000,0.0,completed,web
O001151,1,2026-01-23T13:51,C0074,P034,1,57000,0.0,completed,web
O001152,1,2026-01-23T14:11,C0051,P008,1,279000,0.0,completed,web
O001153,1,2026-01-23T18:29,C0230,P035,3,49000,0.0,completed,web
O001154,1,2026-01-23T12:55,C0218,P004,2,157000,0.0,completed,web
O001155,1,2026-01-23T12:09,C0214,P017,1,274000,0.0,completed,app
O001156,1,2026-01-23T16:43,C0596,P017,1,274000,0.0,completed,web
O001157,1,2026-01-23T23:46,C0579,P016,1,169000,0.0,completed,app
O001157,2,2026-01-23T23:46,C0579,P078,1,108000,0.0,completed,app
O001158,1,2026-01-23T13:37,C0057,P013,1,271000,0.0,completed,web
O001159,1,2026-01-23T19:15,C0459,P076,1,101000,0.0,completed,web
O001160,1,2026-01-23T12:57,C0181,P015,1,222000,0.0,completed,app
O001161,1,2026-01-23T10:37,C0001,P075,1,81000,0.0,completed,web
O001162,1,2026-01-23T20:46,C0582,P008,1,279000,0.0,completed,web
O001163,1,2026-01-24T13:33,C0090,P008,1,279000,0.0,completed,app
O001164,1,2026-01-24T10:41,C0259,P040,1,44000,0.0,completed,web
O001164,2,2026-01-24T10:41,C0259,P008,1,279000,0.0,completed,web
O001164,3,2026-01-24T10:41,C0259,P075,1,81000,0.0,completed,web
O001165,1,2026-01-24T18:38,C0249,P075,1,81000,0.0,returned,app
O001166,1,2026-01-24T17:29,C0279,P008,1,279000,0.0,completed,app
O001166,2,2026-01-24T17:29,C0279,P006,1,275000,0.0,completed,app
O001167,1,2026-01-24T18:13,C0061,P050,1,84000,0.0,completed,app
O001167,2,2026-01-24T18:13,C0061,P045,1,64000,0.0,completed,app
O001167,3,2026-01-24T18:13,C0061,P016,3,169000,0.0,completed,app
O001168,1,2026-01-24T19:50,C0035,P017,1,274000,0.0,completed,web
O001169,1,2026-01-24T11:56,C0491,P080,1,109000,0.0,completed,web
O001170,1,2026-01-24T12:09,C0066,P007,1,262000,0.0,completed,app
O001171,1,2026-01-24T10:36,C0110,P048,1,92000,0.0,completed,app
O001171,2,2026-01-24T10:36,C0110,P064,1,127000,0.0,completed,app
O001172,1,2026-01-24T16:45,C0479,P008,1,279000,0.0,completed,app
O001172,2,2026-01-24T16:45,C0479,P065,1,119000,0.0,completed,app
O001172,3,2026-01-24T16:45,C0479,P040,1,44000,0.0,completed,app
O001173,1,2026-01-24T05:29,C0564,P008,1,279000,0.0,completed,web
O001173,2,2026-01-24T05:29,C0564,P063,1,124000,0.0,completed,web
O001174,1,2026-01-24T18:04,C0274,P043,1,91000,0.0,returned,app
O001175,1,2026-01-24T18:16,C0520,P026,1,48000,0.0,completed,web
O001176,1,2026-01-24T09:59,C0190,P080,1,109000,0.0,completed,app
O001176,2,2026-01-24T09:59,C0190,P027,1,63000,0.0,completed,app
O001177,1,2026-01-24T11:11,C0022,P037,1,49000,0.0,completed,web
O001178,1,2026-01-24T08:35,C0375,P061,1,115000,0.0,completed,web
O001179,1,2026-01-24T13:26,C0583,P008,1,279000,0.0,completed,app
O001179,2,2026-01-24T13:26,C0583,P062,1,86000,0.0,completed,app
O001180,1,2026-01-24T08:25,C0058,P029,1,39000,0.0,completed,app
O001181,1,2026-01-24T13:17,C0383,P007,1,262000,0.0,completed,web
O001181,2,2026-01-24T13:17,C0383,P008,1,279000,0.0,completed,web
O001182,1,2026-01-24T13:34,C0248,P048,1,92000,0.0,completed,app
O001183,1,2026-01-24T10:18,C0333,P048,1,92000,0.0,completed,app
O001184,1,2026-01-24T17:45,C0109,P055,1,88000,0.0,completed,web
O001184,2,2026-01-24T17:45,C0109,P001,1,193000,0.0,completed,web
O001184,3,2026-01-24T17:45,C0109,P048,1,92000,0.0,completed,web
O001185,1,2026-01-24T12:34,C0450,P008,1,279000,0.0,completed,app
O001186,1,2026-01-24T10:47,C0250,P040,1,44000,0.0,completed,app
O001187,1,2026-01-24T10:31,C0333,P020,1,41000,0.0,completed,app
O001188,1,2026-01-24T12:58,C0022,P040,1,44000,0.0,completed,web
O001189,1,2026-01-24T14:50,C0335,P027,1,63000,0.0,completed,web
O001190,1,2026-01-24T19:20,C0469,P013,1,271000,0.0,completed,app
O001191,1,2026-01-24T16:32,C0505,P015,1,222000,0.0,completed,web
O001192,1,2026-01-24T17:48,C0153,P021,1,72000,0.0,completed,app
O001193,1,2026-01-24T11:07,C0109,P011,1,265000,0.0,completed,app
O001193,2,2026-01-24T11:07,C0109,P027,1,63000,0.0,completed,app
O001194,1,2026-01-24T13:54,C0209,P008,1,279000,0.0,completed,app
O001195,1,2026-01-24T10:00,C0186,P014,1,203000,0.0,completed,app
O001195,2,2026-01-24T10:00,C0186,P008,1,279000,0.0,completed,app
O001196,1,2026-01-24T20:12,C0515,P011,1,265000,0.0,completed,app
O001196,2,2026-01-24T20:12,C0515,P005,1,227000,0.0,completed,app
O001197,1,2026-01-24T19:54,C0068,P001,1,193000,0.0,completed,web
O001198,1,2026-01-24T19:40,C0294,P017,1,274000,0.0,returned,app
O001199,1,2026-01-24T13:26,C0333,P015,1,222000,0.0,completed,app
O001200,1,2026-01-24T15:52,C0587,P017,1,274000,0.0,completed,app
O001200,2,2026-01-24T15:52,C0587,P008,1,279000,0.0,completed,app
O001201,1,2026-01-24T18:35,C0302,P016,1,169000,0.0,completed,web
O001201,2,2026-01-24T18:35,C0302,P074,1,107000,0.0,completed,web
O001202,1,2026-01-24T14:48,C0294,P006,1,275000,0.0,returned,web
O001202,2,2026-01-24T14:48,C0294,P017,1,274000,0.0,returned,web
O001203,1,2026-01-24T13:34,C0566,P017,1,274000,0.0,completed,app
O001204,1,2026-01-24T13:08,C0600,P017,1,274000,0.0,completed,app
O001205,1,2026-01-24T13:12,C0455,P016,1,169000,0.0,completed,web
O001206,1,2026-01-24T14:09,C0572,P027,1,63000,0.0,completed,web
O001207,1,2026-01-24T12:26,C0357,P080,1,109000,0.0,completed,app
O001208,1,2026-01-24T15:45,C0114,P008,1,279000,0.0,completed,app
O001208,2,2026-01-24T15:45,C0114,P015,1,222000,0.0,completed,app
O001208,3,2026-01-24T15:45,C0114,P007,1,262000,0.0,completed,app
O001209,1,2026-01-24T15:26,C0580,P013,1,271000,0.0,completed,web
O001210,1,2026-01-24T16:13,C0469,P040,1,44000,0.0,completed,web
O001211,1,2026-01-24T12:45,C0275,P013,1,271000,0.0,completed,app
O001212,1,2026-01-24T14:06,C0018,P035,1,49000,0.0,completed,app
O001213,1,2026-01-24T16:50,C0011,P017,1,274000,0.0,cancelled,web
O001213,2,2026-01-24T16:50,C0011,P078,1,108000,0.0,cancelled,web
O001214,1,2026-01-24T09:09,C0010,P008,1,279000,0.0,completed,web
O001215,1,2026-01-25T10:30,C0033,P017,1,274000,0.0,completed,web
O001215,2,2026-01-25T10:30,C0033,P060,1,82000,0.0,completed,web
O001216,1,2026-01-25T17:33,C0467,P038,1,38000,0.0,completed,app
O001217,1,2026-01-25T05:09,C0477,P043,1,91000,0.0,completed,app
O001218,1,2026-01-25T18:56,C0099,P021,1,72000,0.0,completed,app
O001219,1,2026-01-25T11:31,C0213,P037,1,49000,0.0,completed,web
O001219,2,2026-01-25T11:31,C0213,P017,1,274000,0.0,completed,web
O001219,3,2026-01-25T11:31,C0213,P038,1,38000,0.0,completed,web
O001220,1,2026-01-25T10:04,C0164,P029,1,39000,0.0,completed,app
O001221,1,2026-01-25T17:23,C0582,P017,1,274000,0.0,returned,app
O001222,1,2026-01-25T16:15,C0438,P001,1,193000,0.0,completed,web
O001223,1,2026-01-25T14:02,C0053,P078,1,108000,0.0,completed,web
O001224,1,2026-01-25T07:43,C0515,P016,1,169000,0.0,completed,web
O001225,1,2026-01-25T20:44,C0077,P046,1,59000,0.0,completed,web
O001226,1,2026-01-25T23:59,C0429,P049,1,78000,0.0,completed,app
O001227,1,2026-01-25T08:25,C0477,P060,1,82000,0.0,cancelled,app
O001228,1,2026-01-25T13:00,C0595,P040,1,44000,0.0,completed,app
O001229,1,2026-01-25T15:15,C0018,P011,1,265000,0.0,completed,web
O001230,1,2026-01-25T14:47,C0490,P063,1,124000,0.0,completed,web
O001231,1,2026-01-25T14:37,C0545,P047,1,58000,0.0,completed,app
O001232,1,2026-01-25T14:52,C0275,P017,1,274000,0.0,completed,app
O001232,2,2026-01-25T14:52,C0275,P043,1,91000,0.0,completed,app
O001232,3,2026-01-25T14:52,C0275,P053,1,100000,0.0,completed,app
O001233,1,2026-01-25T19:19,C0447,P001,1,193000,0.0,completed,app
O001234,1,2026-01-25T14:41,C0411,P052,1,74000,0.0,completed,app
O001234,2,2026-01-25T14:41,C0411,P055,1,88000,0.0,completed,app
O001235,1,2026-01-25T14:23,C0011,P028,1,39000,0.0,completed,app
O001236,1,2026-01-25T18:53,C0489,P008,1,279000,0.0,completed,web
O001236,2,2026-01-25T18:53,C0489,P010,1,263000,0.0,completed,web
O001237,1,2026-01-25T14:27,C0265,P008,1,279000,0.0,completed,web
O001238,1,2026-01-25T15:15,C0558,P015,1,222000,0.0,completed,app
O001239,1,2026-01-25T13:07,C0248,P055,1,88000,0.0,completed,app
O001240,1,2026-01-25T16:37,C0327,P038,1,38000,0.0,completed,web
O001241,1,2026-01-25T16:42,C0005,P033,1,65000,0.0,completed,app
O001242,1,2026-01-25T17:52,C0493,P017,1,274000,0.0,completed,web
O001242,2,2026-01-25T17:52,C0493,P008,1,279000,0.0,completed,web
O001243,1,2026-01-25T11:07,C0275,P058,1,99000,0.0,returned,app
O001243,2,2026-01-25T11:07,C0275,P018,1,273000,0.0,returned,app
O001244,1,2026-01-25T15:47,C0526,P008,1,279000,0.0,completed,web
O001244,2,2026-01-25T15:47,C0526,P040,1,44000,0.0,completed,web
O001245,1,2026-01-25T11:32,C0215,P055,1,88000,0.0,completed,app
O001246,1,2026-01-25T13:00,C0066,P040,1,44000,0.0,completed,app
O001247,1,2026-01-25T20:34,C0090,P006,1,275000,0.0,completed,app
O001248,1,2026-01-25T09:30,C0250,P038,1,38000,0.0,completed,web
O001248,2,2026-01-25T09:30,C0250,P017,1,274000,0.0,completed,web
O001249,1,2026-01-25T12:52,C0109,P001,1,193000,0.0,returned,web
O001250,1,2026-01-25T18:45,C0382,P038,1,38000,0.0,completed,web
O001251,1,2026-01-25T16:56,C0508,P043,1,91000,0.0,completed,web
O001252,1,2026-01-25T15:19,C0113,P017,1,274000,0.0,completed,web
O001253,1,2026-01-25T15:50,C0025,P013,1,271000,0.0,completed,web
O001254,1,2026-01-25T15:48,C0357,P010,1,263000,0.0,completed,web
O001254,2,2026-01-25T15:48,C0357,P011,1,265000,0.0,completed,web
O001255,1,2026-01-25T16:43,C0361,P043,1,91000,0.0,completed,web
O001256,1,2026-01-25T12:08,C0393,P025,1,54000,0.0,completed,web
O001257,1,2026-01-25T14:17,C0551,P055,1,88000,0.0,completed,web
O001258,1,2026-01-25T16:06,C0275,P008,1,279000,0.0,completed,app
O001259,1,2026-01-25T10:26,C0186,P001,1,193000,0.0,completed,web
O001259,2,2026-01-25T10:26,C0186,P016,1,169000,0.0,completed,web
O001260,1,2026-01-25T15:38,C0579,P017,1,274000,0.0,completed,web
O001261,1,2026-01-25T10:33,C0460,P008,1,279000,0.0,completed,app
O001262,1,2026-01-25T13:40,C0380,P055,1,88000,0.0,completed,web
O001263,1,2026-01-25T10:40,C0403,P008,1,279000,0.0,completed,app
O001264,1,2026-01-25T13:41,C0089,P062,1,86000,0.0,completed,app
O001264,2,2026-01-25T13:41,C0089,P045,1,64000,0.0,completed,app
O001264,3,2026-01-25T13:41,C0089,P072,1,95000,0.0,completed,app
O001265,1,2026-01-25T08:36,C0111,P075,1,81000,0.0,completed,web
O001266,1,2026-01-25T23:57,C0600,P066,1,110000,0.0,completed,app
O001267,1,2026-01-25T14:51,C0397,P016,1,169000,0.0,completed,app
O001267,2,2026-01-25T14:51,C0397,P009,1,194000,0.0,completed,app
O001268,1,2026-01-25T11:55,C0096,P076,1,101000,0.0,completed,app
O001268,2,2026-01-25T11:55,C0096,P013,1,271000,0.0,completed,app
O001269,1,2026-01-26T13:55,C0469,P011,1,265000,0.0,completed,web
O001269,2,2026-01-26T13:55,C0469,P038,1,38000,0.0,completed,web
O001270,1,2026-01-26T17:30,C0541,P040,3,44000,0.0,completed,app
O001270,2,2026-01-26T17:30,C0541,P075,2,81000,0.0,completed,app
O001271,1,2026-01-26T17:44,C0246,P040,1,44000,0.0,completed,web
O001271,2,2026-01-26T17:44,C0246,P013,1,271000,0.0,completed,web
O001271,3,2026-01-26T17:44,C0246,P017,1,274000,0.0,completed,web
O001272,1,2026-01-26T15:43,C0181,P061,1,115000,0.0,completed,web
O001273,1,2026-01-26T15:34,C0572,P008,1,279000,0.0,completed,web
O001274,1,2026-01-26T23:33,C0028,P048,1,92000,0.0,completed,app
O001275,1,2026-01-26T17:29,C0206,P011,1,265000,0.0,completed,web
O001275,2,2026-01-26T17:29,C0206,P008,1,279000,0.0,completed,web
O001275,3,2026-01-26T17:29,C0206,P008,1,279000,0.0,completed,web
O001276,1,2026-01-26T18:35,C0016,P020,1,41000,0.0,completed,web
O001277,1,2026-01-26T07:26,C0068,P055,1,88000,0.0,completed,app
O001278,1,2026-01-26T12:20,C0018,P064,1,127000,0.0,completed,web
O001279,1,2026-01-26T14:15,C0302,P008,1,279000,0.0,completed,app
O001280,1,2026-01-26T16:53,C0477,P042,1,85000,0.0,completed,web
O001281,1,2026-01-26T16:43,C0492,P009,1,194000,0.0,completed,app
O001282,1,2026-01-26T14:11,C0346,P028,1,39000,0.0,completed,web
O001283,1,2026-01-26T15:09,C0046,P064,1,127000,0.0,completed,web
O001284,1,2026-01-26T16:22,C0110,P055,1,88000,0.0,completed,app
O001284,2,2026-01-26T16:22,C0110,P006,1,275000,0.0,completed,app
O001285,1,2026-01-26T15:38,C0005,P008,1,279000,0.0,completed,app
O001286,1,2026-01-26T15:56,C0275,P048,1,92000,0.0,completed,app
O001286,2,2026-01-26T15:56,C0275,P043,1,91000,0.0,completed,app
O001287,1,2026-01-26T15:47,C0283,P057,1,92000,0.0,completed,app
O001288,1,2026-01-26T16:30,C0435,P073,1,75000,0.0,completed,web
O001289,1,2026-01-26T10:33,C0526,P040,1,44000,0.0,completed,web
O001290,1,2026-01-26T10:08,C0249,P018,1,273000,0.0,completed,app
O001290,2,2026-01-26T10:08,C0249,P027,1,63000,0.0,completed,app
O001290,3,2026-01-26T10:08,C0249,P038,1,38000,0.0,completed,app
O001291,1,2026-01-26T17:34,C0573,P017,3,274000,0.0,completed,web
O001292,1,2026-01-26T14:19,C0499,P020,1,41000,0.0,completed,app
O001293,1,2026-01-26T19:05,C0213,P001,1,193000,0.0,completed,web
O001294,1,2026-01-26T18:17,C0467,P007,1,262000,0.0,completed,app
O001295,1,2026-01-26T11:12,C0555,P036,1,65000,0.0,cancelled,web
O001296,1,2026-01-26T06:06,C0031,P016,1,169000,0.0,completed,web
O001297,1,2026-01-26T08:27,C0595,P008,1,279000,0.0,completed,app
O001297,2,2026-01-26T08:27,C0595,P052,1,74000,0.0,completed,app
O001297,3,2026-01-26T08:27,C0595,P013,1,271000,0.0,completed,app
O001298,1,2026-01-26T06:16,C0167,P028,1,39000,0.0,completed,app
O001298,2,2026-01-26T06:16,C0167,P040,1,44000,0.0,completed,app
O001299,1,2026-01-26T06:24,C0594,P001,1,193000,0.0,completed,app
O001300,1,2026-01-26T13:24,C0192,P013,1,271000,0.0,completed,app
O001301,1,2026-01-26T17:17,C0220,P007,1,262000,0.0,returned,web
O001302,1,2026-01-26T14:16,C0190,P043,1,91000,0.0,completed,app
O001303,1,2026-01-26T19:57,C0158,P017,1,274000,0.0,completed,app
O001304,1,2026-01-26T07:44,C0281,P006,3,275000,0.0,completed,web
O001305,1,2026-01-26T08:28,C0052,P016,1,169000,0.0,completed,web
O001306,1,2026-01-26T18:18,C0274,P055,1,88000,0.0,completed,web
O001306,2,2026-01-26T18:18,C0274,P032,1,45000,0.0,completed,web
O001307,1,2026-01-26T20:09,C0123,P040,1,44000,0.0,completed,web
O001308,1,2026-01-26T14:36,C0079,P027,1,63000,0.0,completed,web
O001309,1,2026-01-26T14:58,C0451,P010,1,263000,0.0,completed,web
O001309,2,2026-01-26T14:58,C0451,P038,1,38000,0.0,completed,web
O001309,3,2026-01-26T14:58,C0451,P017,1,274000,0.0,completed,web
O001310,1,2026-01-26T11:26,C0406,P042,1,85000,0.0,completed,app
O001311,1,2026-01-26T11:02,C0155,P042,1,85000,0.0,completed,app
O001312,1,2026-01-26T14:11,C0480,P012,1,138000,0.0,completed,app
O001313,1,2026-01-26T11:02,C0377,P055,1,88000,0.0,completed,web
O001314,1,2026-01-26T15:10,C0385,P044,1,85000,0.0,completed,web
O001315,1,2026-01-26T15:10,C0486,P005,3,227000,0.0,completed,web
O001315,2,2026-01-26T15:10,C0486,P009,3,194000,0.0,completed,web
O001316,1,2026-01-26T12:29,C0018,P006,1,275000,0.0,completed,app
O001317,1,2026-01-26T18:11,C0477,P003,1,136000,0.0,completed,app
O001318,1,2026-01-27T20:35,C0453,P064,1,127000,0.0,completed,web
O001319,1,2026-01-27T20:43,C0515,P004,1,157000,0.0,completed,app
O001319,2,2026-01-27T20:43,C0515,P005,1,227000,0.0,completed,app
O001320,1,2026-01-27T14:27,C0182,P028,1,39000,0.0,completed,app
O001320,2,2026-01-27T14:27,C0182,P064,1,127000,0.0,completed,app
O001321,1,2026-01-27T15:06,C0077,P008,1,279000,0.0,completed,app
O001321,2,2026-01-27T15:06,C0077,P021,1,72000,0.0,completed,app
O001322,1,2026-01-27T17:30,C0424,P008,1,279000,0.0,completed,app
O001323,1,2026-01-27T13:19,C0254,P042,1,85000,0.0,completed,web
O001324,1,2026-01-27T13:28,C0264,P043,1,91000,0.0,completed,web
O001325,1,2026-01-27T13:24,C0185,P028,1,39000,0.0,completed,web
O001326,1,2026-01-27T12:12,C0271,P015,1,222000,0.0,cancelled,app
O001327,1,2026-01-27T14:15,C0168,P060,1,82000,0.0,returned,web
O001328,1,2026-01-27T18:49,C0522,P076,1,101000,0.0,completed,app
O001329,1,2026-01-27T14:26,C0320,P006,1,275000,0.0,completed,app
O001330,1,2026-01-27T20:24,C0478,P045,1,64000,0.0,completed,web
O001331,1,2026-01-27T17:10,C0130,P007,1,262000,0.0,completed,app
O001332,1,2026-01-27T19:17,C0193,P039,1,45000,0.0,completed,app
O001333,1,2026-01-27T12:42,C0512,P017,3,274000,0.0,completed,app
O001334,1,2026-01-27T21:55,C0249,P007,1,262000,0.0,completed,app
O001334,2,2026-01-27T21:55,C0249,P003,1,136000,0.0,completed,app
O001335,1,2026-01-27T19:40,C0190,P049,1,78000,0.0,returned,app
O001336,1,2026-01-27T17:09,C0190,P017,1,274000,0.0,completed,app
O001336,2,2026-01-27T17:09,C0190,P006,1,275000,0.0,completed,app
O001337,1,2026-01-27T14:40,C0231,P037,1,49000,0.0,completed,app
O001338,1,2026-01-27T17:36,C0103,P048,1,92000,0.0,completed,web
O001339,1,2026-01-27T14:42,C0346,P045,1,64000,0.0,completed,app
O001340,1,2026-01-27T15:57,C0196,P038,1,38000,0.0,completed,web
O001341,1,2026-01-27T17:14,C0597,P063,1,124000,0.0,completed,web
O001342,1,2026-01-27T15:32,C0188,P057,1,92000,0.0,completed,web
O001343,1,2026-01-27T19:31,C0578,P068,1,117000,0.0,completed,web
O001344,1,2026-01-27T16:12,C0052,P049,1,78000,0.0,completed,app
O001345,1,2026-01-27T15:46,C0400,P006,1,275000,0.0,completed,app
O001346,1,2026-01-27T06:02,C0385,P052,1,74000,0.0,completed,web
O001347,1,2026-01-27T16:52,C0357,P073,1,75000,0.0,completed,app
O001347,2,2026-01-27T16:52,C0357,P038,1,38000,0.0,completed,app
O001348,1,2026-01-27T15:50,C0509,P042,2,85000,0.0,completed,web
O001348,2,2026-01-27T15:50,C0509,P045,3,64000,0.0,completed,web
O001348,3,2026-01-27T15:50,C0509,P017,2,274000,0.0,completed,web
O001349,1,2026-01-27T12:30,C0164,P027,1,63000,0.0,completed,web
O001350,1,2026-01-27T13:03,C0505,P023,1,53000,0.0,completed,app
O001351,1,2026-01-27T20:28,C0577,P041,1,74000,0.0,completed,app
O001351,2,2026-01-27T20:28,C0577,P042,1,85000,0.0,completed,app
O001352,1,2026-01-27T17:32,C0496,P011,1,265000,0.0,completed,app
O001352,2,2026-01-27T17:32,C0496,P008,1,279000,0.0,completed,app
O001353,1,2026-01-27T17:20,C0353,P008,1,279000,0.0,completed,web
O001354,1,2026-01-27T15:04,C0393,P006,1,275000,0.0,completed,app
O001355,1,2026-01-27T12:49,C0146,P008,1,279000,0.0,completed,app
O001356,1,2026-01-27T12:22,C0077,P008,1,279000,0.0,completed,app
O001356,2,2026-01-27T12:22,C0077,P006,1,275000,0.0,completed,app
O001357,1,2026-01-27T11:57,C0077,P016,1,169000,0.0,completed,app
O001358,1,2026-01-27T15:32,C0321,P011,1,265000,0.0,completed,app
O001359,1,2026-01-27T17:01,C0148,P013,1,271000,0.0,completed,app
O001360,1,2026-01-27T13:38,C0010,P074,1,107000,0.0,completed,web
O001360,2,2026-01-27T13:38,C0010,P001,1,193000,0.0,completed,web
O001360,3,2026-01-27T13:38,C0010,P015,1,222000,0.0,completed,web
O001361,1,2026-01-27T07:23,C0415,P001,2,193000,0.0,completed,web
O001361,2,2026-01-27T07:23,C0415,P012,2,138000,0.0,completed,web
O001362,1,2026-01-27T10:04,C0011,P016,1,169000,0.0,completed,web
O001363,1,2026-01-27T22:20,C0567,P001,1,193000,0.0,completed,app
O001363,2,2026-01-27T22:20,C0567,P073,1,75000,0.0,completed,app
O001364,1,2026-01-27T09:59,C0259,P011,1,265000,0.0,completed,web
O001364,2,2026-01-27T09:59,C0259,P003,1,136000,0.0,completed,web
O001365,1,2026-01-27T13:10,C0284,P004,1,157000,0.0,completed,app
O001366,1,2026-01-27T09:40,C0410,P017,1,274000,0.0,completed,web
O001367,1,2026-01-28T15:42,C0520,P056,1,61000,0.0,completed,web
O001368,1,2026-01-28T17:58,C0272,P013,1,271000,0.0,completed,web
O001369,1,2026-01-28T20:34,C0109,P042,1,85000,0.0,completed,app
O001370,1,2026-01-28T18:33,C0541,P040,1,44000,0.0,completed,app
O001371,1,2026-01-28T10:38,C0451,P063,1,124000,0.0,completed,web
O001372,1,2026-01-28T13:57,C0265,P024,1,55000,0.0,completed,web
O001373,1,2026-01-28T11:51,C0504,P073,1,75000,0.0,completed,app
O001374,1,2026-01-28T18:54,C0167,P014,1,203000,0.0,completed,app
O001374,2,2026-01-28T18:54,C0167,P078,1,108000,0.0,completed,app
O001374,3,2026-01-28T18:54,C0167,P027,1,63000,0.0,completed,app
O001375,1,2026-01-28T15:19,C0504,P073,1,75000,0.0,completed,app
O001376,1,2026-01-28T18:13,C0434,P037,1,49000,0.0,completed,web
O001377,1,2026-01-28T07:47,C0570,P045,1,64000,0.0,cancelled,web
O001377,2,2026-01-28T07:47,C0570,P055,1,88000,0.0,cancelled,web
O001378,1,2026-01-28T17:27,C0096,P027,1,63000,0.0,completed,app
O001379,1,2026-01-28T18:01,C0570,P042,1,85000,0.0,completed,web
O001380,1,2026-01-28T23:48,C0447,P018,1,273000,0.0,completed,app
O001381,1,2026-01-28T17:34,C0071,P017,1,274000,0.0,returned,web
O001382,1,2026-01-28T18:41,C0579,P001,1,193000,0.0,returned,app
O001383,1,2026-01-28T12:31,C0001,P001,1,193000,0.0,completed,web
O001384,1,2026-01-28T16:00,C0070,P072,1,95000,0.0,completed,web
O001385,1,2026-01-28T15:46,C0308,P001,1,193000,0.0,completed,web
O001386,1,2026-01-28T13:10,C0010,P017,1,274000,0.0,completed,web
O001386,2,2026-01-28T13:10,C0010,P037,1,49000,0.0,completed,web
O001387,1,2026-01-28T11:27,C0302,P011,1,265000,0.0,completed,app
O001387,2,2026-01-28T11:27,C0302,P017,1,274000,0.0,completed,app
O001388,1,2026-01-28T17:20,C0486,P055,1,88000,0.0,completed,web
O001388,2,2026-01-28T17:20,C0486,P050,2,84000,0.0,completed,web
O001389,1,2026-01-28T20:22,C0333,P042,1,85000,0.0,completed,app
O001390,1,2026-01-28T15:26,C0126,P008,1,279000,0.0,returned,app
O001391,1,2026-01-28T18:16,C0011,P037,1,49000,0.0,returned,app
O001392,1,2026-01-28T16:45,C0052,P064,1,127000,0.0,completed,app
O001393,1,2026-01-28T13:07,C0515,P013,1,271000,0.0,completed,app
O001394,1,2026-01-28T16:13,C0333,P050,1,84000,0.0,returned,app
O001395,1,2026-01-28T20:19,C0534,P021,1,72000,0.0,completed,web
O001396,1,2026-01-28T14:39,C0229,P052,1,74000,0.0,completed,app
O001397,1,2026-01-28T19:58,C0188,P010,1,263000,0.0,completed,web
O001397,2,2026-01-28T19:58,C0188,P055,1,88000,0.0,completed,web
O001398,1,2026-01-28T11:45,C0136,P049,1,78000,0.0,completed,app
O001399,1,2026-01-28T11:45,C0593,P008,1,279000,0.0,completed,web
O001400,1,2026-01-28T14:27,C0587,P010,1,263000,0.0,completed,app
O001401,1,2026-01-28T18:12,C0346,P006,1,275000,0.0,completed,app
O001402,1,2026-01-28T23:43,C0469,P008,1,279000,0.0,completed,app
O001402,2,2026-01-28T23:43,C0469,P056,1,61000,0.0,completed,app
O001402,3,2026-01-28T23:43,C0469,P008,1,279000,0.0,completed,app
O001403,1,2026-01-28T13:00,C0033,P080,1,109000,0.0,completed,web
O001403,2,2026-01-28T13:00,C0033,P064,1,127000,0.0,completed,web
O001404,1,2026-01-28T15:34,C0383,P043,1,91000,0.0,completed,app
O001405,1,2026-01-28T20:21,C0589,P030,1,62000,0.0,completed,app
O001406,1,2026-01-28T16:06,C0579,P008,1,279000,0.0,completed,app
O001407,1,2026-01-28T12:58,C0005,P001,1,193000,0.0,completed,web
O001408,1,2026-01-28T17:17,C0213,P079,1,115000,0.0,completed,web
O001408,2,2026-01-28T17:17,C0213,P008,1,279000,0.0,completed,web
O001409,1,2026-01-28T08:33,C0388,P013,2,271000,0.0,completed,web
O001410,1,2026-01-28T11:43,C0429,P008,1,279000,0.0,completed,web
O001411,1,2026-01-28T17:38,C0271,P008,1,279000,0.0,completed,app
O001412,1,2026-01-29T09:14,C0587,P059,1,95000,0.0,completed,web
O001412,2,2026-01-29T09:14,C0587,P008,1,279000,0.0,completed,web
O001412,3,2026-01-29T09:14,C0587,P018,1,273000,0.0,completed,web
O001413,1,2026-01-29T17:49,C0199,P035,1,49000,0.0,returned,app
O001414,1,2026-01-29T09:05,C0010,P026,1,48000,0.0,completed,web
O001415,1,2026-01-29T15:32,C0182,P012,1,138000,0.0,completed,app
O001416,1,2026-01-29T11:25,C0283,P016,1,169000,0.0,completed,app
O001417,1,2026-01-29T19:12,C0001,P006,1,275000,0.0,completed,web
O001418,1,2026-01-29T17:33,C0583,P071,1,133000,0.0,completed,app
O001419,1,2026-01-29T14:08,C0068,P052,1,74000,0.0,completed,web
O001419,2,2026-01-29T14:08,C0068,P008,1,279000,0.0,completed,web
O001420,1,2026-01-29T11:37,C0350,P069,1,122000,0.0,completed,app
O001421,1,2026-01-29T08:00,C0378,P030,1,62000,0.0,completed,app
O001422,1,2026-01-29T09:15,C0393,P027,1,63000,0.0,completed,app
O001423,1,2026-01-29T19:09,C0186,P016,1,169000,0.0,completed,app
O001423,2,2026-01-29T19:09,C0186,P001,1,193000,0.0,completed,app
O001424,1,2026-01-29T15:11,C0459,P040,1,44000,0.0,returned,web
O001425,1,2026-01-29T14:23,C0567,P017,1,274000,0.0,completed,app
O001426,1,2026-01-29T18:09,C0570,P052,1,74000,0.0,completed,web
O001426,2,2026-01-29T18:09,C0570,P045,1,64000,0.0,completed,web
O001426,3,2026-01-29T18:09,C0570,P045,1,64000,0.0,completed,web
O001427,1,2026-01-29T14:11,C0283,P012,1,138000,0.0,completed,app
O001428,1,2026-01-29T14:05,C0361,P043,1,91000,0.0,completed,app
O001429,1,2026-01-29T17:03,C0320,P058,1,99000,0.0,completed,app
O001430,1,2026-01-29T10:47,C0220,P040,1,44000,0.0,completed,app
O001431,1,2026-01-29T19:46,C0206,P040,1,44000,0.0,completed,web
O001432,1,2026-01-29T10:40,C0283,P001,1,193000,0.0,completed,app
O001433,1,2026-01-29T18:43,C0349,P016,2,169000,0.0,completed,web
O001434,1,2026-01-29T09:14,C0589,P064,1,127000,0.0,completed,app
O001435,1,2026-01-29T13:34,C0589,P032,1,45000,0.0,completed,app
O001435,2,2026-01-29T13:34,C0589,P040,1,44000,0.0,completed,app
O001435,3,2026-01-29T13:34,C0589,P039,1,45000,0.0,completed,app
O001436,1,2026-01-29T09:00,C0274,P039,1,45000,0.0,completed,app
O001436,2,2026-01-29T09:00,C0274,P017,1,274000,0.0,completed,app
O001437,1,2026-01-29T20:29,C0481,P035,1,49000,0.0,completed,app
O001437,2,2026-01-29T20:29,C0481,P040,1,44000,0.0,completed,app
O001438,1,2026-01-29T12:02,C0249,P075,1,81000,0.0,completed,app
O001438,2,2026-01-29T12:02,C0249,P006,1,275000,0.0,completed,app
O001439,1,2026-01-29T14:56,C0386,P048,1,92000,0.0,completed,app
O001440,1,2026-01-29T12:23,C0321,P001,1,193000,0.0,completed,web
O001440,2,2026-01-29T12:23,C0321,P056,1,61000,0.0,completed,web
O001441,1,2026-01-29T10:26,C0055,P078,1,108000,0.0,completed,web
O001442,1,2026-01-29T17:18,C0265,P002,1,163000,0.0,completed,web
O001443,1,2026-01-29T17:20,C0181,P007,1,262000,0.0,completed,app
O001443,2,2026-01-29T17:20,C0181,P064,1,127000,0.0,completed,app
O001444,1,2026-01-29T18:03,C0167,P008,1,279000,0.0,completed,web
O001444,2,2026-01-29T18:03,C0167,P001,1,193000,0.0,completed,web
O001445,1,2026-01-29T21:40,C0262,P017,2,274000,0.0,completed,app
O001445,2,2026-01-29T21:40,C0262,P037,1,49000,0.0,completed,app
O001446,1,2026-01-29T11:59,C0453,P069,1,122000,0.0,completed,app
O001447,1,2026-01-29T13:13,C0156,P016,2,169000,0.0,completed,web
O001447,2,2026-01-29T13:13,C0156,P045,2,64000,0.0,completed,web
O001448,1,2026-01-29T13:53,C0221,P008,1,279000,0.0,completed,app
O001449,1,2026-01-29T19:48,C0447,P043,1,91000,0.0,cancelled,app
O001449,2,2026-01-29T19:48,C0447,P059,1,95000,0.0,cancelled,app
O001450,1,2026-01-29T19:50,C0350,P001,1,193000,0.0,completed,app
O001450,2,2026-01-29T19:50,C0350,P009,1,194000,0.0,completed,app
O001451,1,2026-01-29T10:56,C0481,P012,1,138000,0.0,completed,web
O001451,2,2026-01-29T10:56,C0481,P001,1,193000,0.0,completed,web
O001452,1,2026-01-29T14:54,C0196,P075,1,81000,0.0,returned,app
O001452,2,2026-01-29T14:54,C0196,P008,1,279000,0.0,returned,app
O001453,1,2026-01-30T14:13,C0146,P080,1,109000,0.0,completed,app
O001453,2,2026-01-30T14:13,C0146,P052,1,74000,0.0,completed,app
O001453,3,2026-01-30T14:13,C0146,P055,1,88000,0.0,completed,app
O001454,1,2026-01-30T10:52,C0113,P010,1,263000,0.0,completed,web
O001454,2,2026-01-30T10:52,C0113,P011,1,265000,0.0,completed,web
O001455,1,2026-01-30T12:35,C0458,P008,1,279000,0.0,completed,web
O001456,1,2026-01-30T19:22,C0492,P008,1,279000,0.0,completed,app
O001457,1,2026-01-30T14:23,C0321,P017,1,274000,0.0,completed,app
O001457,2,2026-01-30T14:23,C0321,P042,1,85000,0.0,completed,app
O001458,1,2026-01-30T17:30,C0502,P055,1,88000,0.0,completed,web
O001459,1,2026-01-30T14:53,C0519,P030,1,62000,0.0,completed,web
O001460,1,2026-01-30T14:46,C0335,P027,1,63000,0.0,completed,web
O001460,2,2026-01-30T14:46,C0335,P017,1,274000,0.0,completed,web
O001461,1,2026-01-30T12:19,C0521,P017,1,274000,0.0,completed,web
O001462,1,2026-01-30T14:04,C0455,P050,1,84000,0.0,completed,web
O001462,2,2026-01-30T14:04,C0455,P051,1,78000,0.0,completed,web
O001463,1,2026-01-30T21:01,C0294,P040,1,44000,0.0,completed,app
O001464,1,2026-01-30T15:19,C0346,P012,1,138000,0.0,completed,app
O001464,2,2026-01-30T15:19,C0346,P001,1,193000,0.0,completed,app
O001464,3,2026-01-30T15:19,C0346,P008,1,279000,0.0,completed,app
O001465,1,2026-01-30T08:36,C0017,P013,1,271000,0.0,completed,web
O001466,1,2026-01-30T17:46,C0146,P052,1,74000,0.0,completed,app
O001467,1,2026-01-30T17:33,C0100,P007,1,262000,0.0,completed,web
O001468,1,2026-01-30T11:01,C0596,P068,1,117000,0.0,completed,web
O001468,2,2026-01-30T11:01,C0596,P063,1,124000,0.0,completed,web
O001469,1,2026-01-30T12:17,C0190,P055,1,88000,0.0,returned,app
O001469,2,2026-01-30T12:17,C0190,P028,1,39000,0.0,returned,app
O001469,3,2026-01-30T12:17,C0190,P055,1,88000,0.0,returned,app
O001470,1,2026-01-30T15:02,C0025,P008,1,279000,0.0,completed,web
O001471,1,2026-01-30T18:56,C0033,P013,1,271000,0.0,cancelled,web
O001471,2,2026-01-30T18:56,C0033,P062,1,86000,0.0,cancelled,web
O001472,1,2026-01-30T15:47,C0493,P006,1,275000,0.0,completed,web
O001473,1,2026-01-30T12:59,C0580,P040,1,44000,0.0,completed,web
O001474,1,2026-01-30T16:37,C0220,P006,1,275000,0.0,completed,web
O001474,2,2026-01-30T16:37,C0220,P064,1,127000,0.0,completed,web
O001475,1,2026-01-30T14:22,C0357,P017,1,274000,0.0,completed,app
O001476,1,2026-01-30T13:17,C0150,P052,1,74000,0.0,completed,web
O001477,1,2026-01-30T19:47,C0127,P011,1,265000,0.0,completed,app
O001478,1,2026-01-30T09:59,C0057,P064,1,127000,0.0,completed,app
O001479,1,2026-01-30T16:28,C0156,P049,1,78000,0.0,completed,web
O001480,1,2026-01-30T10:40,C0595,P021,1,72000,0.0,completed,app
O001481,1,2026-01-30T13:33,C0569,P052,1,74000,0.0,completed,app
O001481,2,2026-01-30T13:33,C0569,P057,2,92000,0.0,completed,app
O001482,1,2026-01-30T19:18,C0033,P006,1,275000,0.0,completed,web
O001482,2,2026-01-30T19:18,C0033,P069,1,122000,0.0,completed,web
O001483,1,2026-01-30T13:40,C0039,P040,1,44000,0.0,cancelled,web
O001484,1,2026-01-30T10:52,C0068,P006,1,275000,0.0,completed,app
O001485,1,2026-01-30T14:19,C0272,P075,1,81000,0.0,completed,web
O001486,1,2026-01-30T11:15,C0001,P008,1,279000,0.0,completed,web
O001486,2,2026-01-30T11:15,C0001,P015,1,222000,0.0,completed,web
O001487,1,2026-01-30T08:09,C0011,P040,1,44000,0.0,cancelled,app
O001487,2,2026-01-30T08:09,C0011,P035,1,49000,0.0,cancelled,app
O001487,3,2026-01-30T08:09,C0011,P019,1,37000,0.0,cancelled,app
O001488,1,2026-01-30T15:27,C0113,P017,1,274000,0.0,completed,web
O001488,2,2026-01-30T15:27,C0113,P016,1,169000,0.0,completed,web
O001489,1,2026-01-30T14:03,C0164,P034,1,57000,0.0,completed,app
O001489,2,2026-01-30T14:03,C0164,P036,1,65000,0.0,completed,app
O001489,3,2026-01-30T14:03,C0164,P040,1,44000,0.0,completed,app
O001490,1,2026-01-30T10:12,C0318,P027,1,63000,0.0,completed,web
O001491,1,2026-01-30T13:54,C0429,P009,1,194000,0.0,completed,app
O001492,1,2026-01-30T11:52,C0283,P055,1,88000,0.0,returned,app
O001492,2,2026-01-30T11:52,C0283,P048,1,92000,0.0,returned,app
O001493,1,2026-01-30T19:47,C0001,P008,1,279000,0.0,completed,web
O001494,1,2026-01-30T12:10,C0583,P073,1,75000,0.0,completed,app
O001494,2,2026-01-30T12:10,C0583,P061,1,115000,0.0,completed,app
O001495,1,2026-01-30T13:12,C0274,P055,1,88000,0.0,completed,app
O001496,1,2026-01-30T14:31,C0196,P040,1,44000,0.0,completed,web
O001497,1,2026-01-30T13:58,C0564,P008,1,279000,0.0,completed,app
O001497,2,2026-01-30T13:58,C0564,P012,1,138000,0.0,completed,app
O001498,1,2026-01-30T19:56,C0070,P008,1,279000,0.0,cancelled,web
O001499,1,2026-01-30T15:06,C0357,P019,1,37000,0.0,completed,web
O001500,1,2026-01-30T12:14,C0469,P027,1,63000,0.0,completed,web
O001501,1,2026-01-30T14:17,C0325,P040,1,44000,0.0,completed,web
O001501,2,2026-01-30T14:17,C0325,P017,1,274000,0.0,completed,web
O001502,1,2026-01-30T21:53,C0350,P006,1,275000,0.0,completed,app
O001503,1,2026-01-30T07:46,C0274,P028,1,39000,0.0,completed,app
O001503,2,2026-01-30T07:46,C0274,P017,1,274000,0.0,completed,app
O001504,1,2026-01-30T22:11,C0377,P001,1,193000,0.0,returned,web
O001505,1,2026-01-30T13:52,C0382,P077,1,69000,0.0,completed,web
O001506,1,2026-01-31T13:39,C0589,P040,1,44000,0.0,completed,web
O001507,1,2026-01-31T07:52,C0018,P064,1,127000,0.0,completed,app
O001508,1,2026-01-31T11:52,C0570,P042,1,85000,0.0,completed,web
O001509,1,2026-01-31T08:20,C0587,P016,1,169000,0.0,returned,app
O001509,2,2026-01-31T08:20,C0587,P008,1,279000,0.0,returned,app
O001509,3,2026-01-31T08:20,C0587,P028,1,39000,0.0,returned,app
O001510,1,2026-01-31T12:37,C0414,P016,1,169000,0.0,completed,app
O001511,1,2026-01-31T04:24,C0061,P040,1,44000,0.0,completed,app
O001512,1,2026-01-31T12:41,C0335,P038,1,38000,0.0,completed,web
O001513,1,2026-01-31T19:48,C0250,P030,1,62000,0.0,cancelled,app
O001514,1,2026-01-31T14:11,C0540,P005,1,227000,0.0,completed,app
O001515,1,2026-01-31T10:57,C0329,P017,1,274000,0.0,completed,app
O001516,1,2026-01-31T19:26,C0220,P043,1,91000,0.0,completed,app
O001517,1,2026-01-31T23:57,C0120,P011,1,265000,0.0,completed,app
O001518,1,2026-01-31T13:07,C0567,P013,1,271000,0.0,completed,app
O001518,2,2026-01-31T13:07,C0567,P017,1,274000,0.0,completed,app
O001519,1,2026-01-31T13:16,C0570,P056,1,61000,0.0,completed,web
O001519,2,2026-01-31T13:16,C0570,P043,1,91000,0.0,completed,web
O001520,1,2026-01-31T11:54,C0181,P011,1,265000,0.0,completed,app
O001521,1,2026-01-31T11:20,C0109,P057,1,92000,0.0,cancelled,app
O001521,2,2026-01-31T11:20,C0109,P053,1,100000,0.0,cancelled,app
O001521,3,2026-01-31T11:20,C0109,P049,1,78000,0.0,cancelled,app
O001522,1,2026-01-31T10:52,C0504,P074,1,107000,0.0,completed,app
O001522,2,2026-01-31T10:52,C0504,P078,1,108000,0.0,completed,app
O001523,1,2026-01-31T13:21,C0417,P040,1,44000,0.0,completed,app
O001524,1,2026-01-31T15:21,C0114,P013,1,271000,0.0,completed,app
O001525,1,2026-01-31T23:26,C0066,P055,1,88000,0.0,returned,app
O001526,1,2026-01-31T14:56,C0595,P008,1,279000,0.0,completed,app
O001527,1,2026-01-31T14:58,C0279,P045,1,64000,0.0,completed,web
O001528,1,2026-01-31T16:08,C0209,P030,1,62000,0.0,completed,app
O001529,1,2026-01-31T19:22,C0400,P040,1,44000,0.0,completed,app
O001530,1,2026-01-31T19:48,C0587,P016,1,169000,0.0,completed,app
O001530,2,2026-01-31T19:48,C0587,P067,1,110000,0.0,completed,app
O001531,1,2026-01-31T09:58,C0033,P068,1,117000,0.0,completed,web
O001532,1,2026-01-31T16:24,C0438,P042,1,85000,0.0,completed,web
O001532,2,2026-01-31T16:24,C0438,P001,1,193000,0.0,completed,web
O001533,1,2026-01-31T13:06,C0071,P069,2,122000,0.0,cancelled,web
O001533,2,2026-01-31T13:06,C0071,P023,3,53000,0.0,cancelled,web
O001533,3,2026-01-31T13:06,C0071,P040,1,44000,0.0,cancelled,web
O001534,1,2026-01-31T13:32,C0399,P076,1,101000,0.0,completed,web
O001535,1,2026-01-31T17:48,C0416,P012,1,138000,0.0,cancelled,web
O001536,1,2026-01-31T20:46,C0515,P008,1,279000,0.0,completed,app
O001536,2,2026-01-31T20:46,C0515,P053,1,100000,0.0,completed,app
O001537,1,2026-01-31T09:46,C0524,P028,1,39000,0.0,completed,web
O001538,1,2026-01-31T16:59,C0247,P057,1,92000,0.0,cancelled,app
O001539,1,2026-01-31T16:00,C0126,P008,1,279000,0.0,completed,app
O001540,1,2026-01-31T08:27,C0282,P001,1,193000,0.0,completed,web
O001540,2,2026-01-31T08:27,C0282,P052,1,74000,0.0,completed,web
O001541,1,2026-01-31T15:54,C0411,P055,1,88000,0.0,completed,web
O001541,2,2026-01-31T15:54,C0411,P060,1,82000,0.0,completed,web
O001542,1,2026-01-31T13:46,C0418,P042,1,85000,0.0,completed,app
O001543,1,2026-01-31T15:08,C0164,P028,1,39000,0.0,returned,app
O001543,2,2026-01-31T15:08,C0164,P036,1,65000,0.0,returned,app
O001543,3,2026-01-31T15:08,C0164,P040,1,44000,0.0,returned,app
O001544,1,2026-01-31T16:39,C0114,P047,1,58000,0.0,completed,web
O001545,1,2026-01-31T12:23,C0452,P071,1,133000,0.0,completed,web
O001546,1,2026-01-31T20:01,C0502,P008,1,279000,0.0,returned,app
O001547,1,2026-01-31T16:57,C0275,P052,1,74000,0.0,completed,web
O001548,1,2026-01-31T14:13,C0430,P049,1,78000,0.0,completed,app
O001548,2,2026-01-31T14:13,C0430,P051,1,78000,0.0,completed,app
O001548,3,2026-01-31T14:13,C0430,P048,1,92000,0.0,completed,app
O001549,1,2026-01-31T15:33,C0167,P027,1,63000,0.0,returned,app
O001550,1,2026-01-31T06:27,C0001,P008,1,279000,0.0,completed,web
O001551,1,2026-01-31T14:25,C0186,P070,1,114000,0.0,completed,app
O001551,2,2026-01-31T14:25,C0186,P007,1,262000,0.0,completed,app
O001552,1,2026-01-31T17:42,C0190,P059,1,95000,0.0,completed,app
O001553,1,2026-01-31T08:34,C0346,P006,1,275000,0.0,completed,app
O001554,1,2026-01-31T17:08,C0114,P063,1,124000,0.0,returned,app
O001555,1,2026-01-31T09:53,C0250,P028,1,39000,0.0,completed,app
O001555,2,2026-01-31T09:53,C0250,P027,1,63000,0.0,completed,app
O001556,1,2026-01-31T21:17,C0567,P040,1,44000,0.0,completed,app
O001557,1,2026-01-31T10:03,C0400,P008,1,279000,0.0,completed,app
O001558,1,2026-01-31T15:38,C0526,P040,1,44000,0.0,completed,web
O001558,2,2026-01-31T15:38,C0526,P017,1,274000,0.0,completed,web
O001559,1,2026-01-31T20:22,C0181,P010,1,263000,0.0,completed,app
O001560,1,2026-01-31T21:03,C0215,P015,1,222000,0.0,completed,app
O001560,2,2026-01-31T21:03,C0215,P001,1,193000,0.0,completed,app
O001561,1,2026-01-31T16:09,C0368,P011,2,265000,0.0,completed,web
O001561,2,2026-01-31T16:09,C0368,P008,1,279000,0.0,completed,web
O001561,3,2026-01-31T16:09,C0368,P017,1,274000,0.0,completed,web
O001562,1,2026-01-31T15:57,C0190,P001,1,193000,0.0,returned,web
O001563,1,2026-01-31T14:32,C0515,P003,1,136000,0.0,completed,app
O001564,1,2026-01-31T15:05,C0499,P017,1,274000,0.0,returned,app
O001564,2,2026-01-31T15:05,C0499,P001,1,193000,0.0,returned,app
O001565,1,2026-01-31T16:22,C0429,P069,1,122000,0.0,completed,web
O001566,1,2026-01-31T14:55,C0136,P015,1,222000,0.0,completed,app
O001567,1,2026-01-31T15:16,C0069,P069,1,122000,0.0,completed,web
O001568,1,2026-01-31T15:52,C0283,P017,1,274000,0.0,completed,app
O001569,1,2026-01-31T21:39,C0541,P005,3,227000,0.0,completed,app
O001569,2,2026-01-31T21:39,C0541,P011,3,265000,0.0,completed,app
O001569,3,2026-01-31T21:39,C0541,P006,1,275000,0.0,completed,app
O001570,1,2026-01-31T13:59,C0190,P008,1,279000,0.0,completed,app
O001570,2,2026-01-31T13:59,C0190,P008,1,279000,0.0,completed,app
O001571,1,2026-01-31T11:01,C0538,P007,1,262000,0.0,completed,web
O001572,1,2026-01-31T18:44,C0539,P012,1,138000,0.0,completed,web
O001573,1,2026-01-31T16:07,C0155,P008,1,279000,0.0,completed,app
O001574,1,2026-02-01T14:36,C0047,P039,1,45000,0.0,returned,web
O001575,1,2026-02-01T15:34,C0321,P003,1,136000,0.0,completed,app
O001576,1,2026-02-01T13:11,C0499,P046,1,59000,0.0,cancelled,app
O001576,2,2026-02-01T13:11,C0499,P043,1,91000,0.0,cancelled,app
O001576,3,2026-02-01T13:11,C0499,P053,1,100000,0.0,cancelled,app
O001577,1,2026-02-01T11:07,C0325,P045,1,64000,0.0,completed,web
O001577,2,2026-02-01T11:07,C0325,P064,1,127000,0.0,completed,web
O001578,1,2026-02-01T19:43,C0596,P042,1,85000,0.0,completed,web
O001578,2,2026-02-01T19:43,C0596,P064,1,127000,0.0,completed,web
O001579,1,2026-02-01T18:10,C0335,P028,1,39000,0.0,completed,web
O001580,1,2026-02-01T15:14,C0058,P001,1,193000,0.0,completed,app
O001581,1,2026-02-01T16:19,C0333,P005,1,227000,0.0,completed,app
O001582,1,2026-02-01T19:47,C0146,P046,1,59000,0.0,completed,web
O001583,1,2026-02-01T16:40,C0217,P040,2,44000,0.0,completed,app
O001584,1,2026-02-01T23:38,C0127,P040,1,44000,0.0,completed,app
O001585,1,2026-02-01T09:04,C0165,P038,1,38000,0.0,completed,app
O001586,1,2026-02-01T19:10,C0058,P040,1,44000,0.0,completed,app
O001586,2,2026-02-01T19:10,C0058,P040,1,44000,0.0,completed,app
O001587,1,2026-02-01T16:03,C0057,P072,1,95000,0.0,completed,app
O001588,1,2026-02-01T11:34,C0469,P005,1,227000,0.0,completed,web
O001589,1,2026-02-01T09:28,C0124,P052,1,74000,0.0,completed,web
O001590,1,2026-02-01T22:19,C0057,P068,1,117000,0.0,completed,app
O001591,1,2026-02-01T14:04,C0577,P060,1,82000,0.0,completed,web
O001592,1,2026-02-01T21:13,C0496,P016,1,169000,0.0,completed,app
O001593,1,2026-02-01T11:12,C0057,P008,1,279000,0.0,cancelled,app
O001594,1,2026-02-01T16:27,C0049,P066,1,110000,0.0,completed,app
O001595,1,2026-02-01T20:08,C0592,P052,1,74000,0.0,completed,web
O001596,1,2026-02-01T13:11,C0545,P017,1,274000,0.0,completed,app
O001597,1,2026-02-01T07:00,C0319,P012,1,138000,0.0,completed,web
O001598,1,2026-02-01T07:27,C0361,P040,1,44000,0.0,completed,app
O001598,2,2026-02-01T07:27,C0361,P056,1,61000,0.0,completed,app
O001599,1,2026-02-01T17:34,C0140,P077,1,69000,0.0,completed,web
O001599,2,2026-02-01T17:34,C0140,P078,1,108000,0.0,completed,web
O001600,1,2026-02-01T15:17,C0206,P001,1,193000,0.0,completed,web
O001600,2,2026-02-01T15:17,C0206,P009,1,194000,0.0,completed,web
O001600,3,2026-02-01T15:17,C0206,P017,1,274000,0.0,completed,web
O001601,1,2026-02-01T20:18,C0294,P019,1,37000,0.0,completed,app
O001601,2,2026-02-01T20:18,C0294,P038,1,38000,0.0,completed,app
O001602,1,2026-02-01T09:39,C0429,P017,1,274000,0.0,completed,app
O001603,1,2026-02-01T22:23,C0335,P040,1,44000,0.0,completed,web
O001603,2,2026-02-01T22:23,C0335,P011,1,265000,0.0,completed,web
O001604,1,2026-02-01T13:49,C0305,P040,1,44000,0.0,completed,web
O001605,1,2026-02-01T12:00,C0522,P017,1,274000,0.0,completed,app
O001606,1,2026-02-01T16:26,C0564,P017,1,274000,0.0,completed,app
O001607,1,2026-02-01T19:51,C0147,P016,1,169000,0.0,completed,web
O001608,1,2026-02-01T16:52,C0044,P028,1,39000,0.0,completed,app
O001609,1,2026-02-01T14:40,C0215,P051,1,78000,0.0,completed,web
O001610,1,2026-02-01T14:03,C0481,P009,1,194000,0.0,cancelled,app
O001611,1,2026-02-01T13:10,C0114,P017,1,274000,0.0,completed,app
O001611,2,2026-02-01T13:10,C0114,P040,1,44000,0.0,completed,app
O001612,1,2026-02-01T11:43,C0504,P001,1,193000,0.0,completed,web
O001612,2,2026-02-01T11:43,C0504,P075,1,81000,0.0,completed,web
O001612,3,2026-02-01T11:43,C0504,P017,1,274000,0.0,completed,web
O001613,1,2026-02-01T10:02,C0215,P016,1,169000,0.0,completed,app
O001613,2,2026-02-01T10:02,C0215,P052,1,74000,0.0,completed,app
O001613,3,2026-02-01T10:02,C0215,P042,1,85000,0.0,completed,app
O001614,1,2026-02-01T16:31,C0246,P008,1,279000,0.0,completed,web
O001614,2,2026-02-01T16:31,C0246,P006,1,275000,0.0,completed,web
O001615,1,2026-02-01T07:20,C0296,P045,1,64000,0.0,completed,web
O001616,1,2026-02-01T12:52,C0560,P048,1,92000,0.0,completed,app
O001617,1,2026-02-01T08:32,C0058,P040,1,44000,0.0,completed,app
O001618,1,2026-02-01T14:36,C0052,P009,1,194000,0.0,completed,app
O001619,1,2026-02-01T15:25,C0066,P011,1,265000,0.0,completed,app
O001619,2,2026-02-01T15:25,C0066,P001,1,193000,0.0,completed,app
O001620,1,2026-02-01T15:24,C0129,P055,1,88000,0.0,completed,app
O001621,1,2026-02-01T08:34,C0115,P049,1,78000,0.0,completed,app
O001622,1,2026-02-01T22:28,C0579,P011,1,265000,0.0,completed,app
O001623,1,2026-02-01T20:43,C0564,P020,1,41000,0.0,completed,app
O001624,1,2026-02-01T15:00,C0138,P013,1,271000,0.0,completed,web
O001625,1,2026-02-01T16:54,C0515,P001,1,193000,0.0,completed,app
O001626,1,2026-02-01T08:18,C0512,P059,1,95000,0.0,completed,app
O001627,1,2026-02-01T18:28,C0242,P030,1,62000,0.0,completed,web
O001628,1,2026-02-01T05:25,C0131,P012,1,138000,0.0,completed,app
O001629,1,2026-02-01T11:11,C0400,P026,1,48000,0.0,completed,app
O001629,2,2026-02-01T11:11,C0400,P027,1,63000,0.0,completed,app
O001630,1,2026-02-01T20:48,C0265,P012,1,138000,0.0,completed,web
O001631,1,2026-02-01T15:14,C0271,P001,1,193000,0.0,completed,app
O001632,1,2026-02-01T13:14,C0100,P008,1,279000,0.0,completed,web
O001632,2,2026-02-01T13:14,C0100,P017,1,274000,0.0,completed,web
O001633,1,2026-02-01T08:27,C0418,P055,1,88000,0.0,cancelled,web
O001634,1,2026-02-01T16:45,C0250,P026,1,48000,0.0,completed,app
O001635,1,2026-02-01T10:34,C0487,P010,1,263000,0.0,completed,web
O001636,1,2026-02-01T16:10,C0567,P040,1,44000,0.0,completed,app
O001636,2,2026-02-01T16:10,C0567,P010,1,263000,0.0,completed,app
O001637,1,2026-02-01T20:11,C0186,P017,1,274000,0.0,returned,app
O001638,1,2026-02-01T11:25,C0531,P007,1,262000,0.0,completed,web
O001639,1,2026-02-01T11:58,C0167,P008,1,279000,0.0,completed,app
O001639,2,2026-02-01T11:58,C0167,P011,1,265000,0.0,completed,app
O001640,1,2026-02-01T21:18,C0072,P017,1,274000,0.0,completed,app
O001641,1,2026-02-01T11:45,C0025,P013,1,271000,0.0,completed,web
O001642,1,2026-02-02T08:08,C0258,P060,1,82000,0.0,completed,web
O001643,1,2026-02-02T11:52,C0221,P021,1,72000,0.0,completed,app
O001643,2,2026-02-02T11:52,C0221,P048,1,92000,0.0,completed,app
O001644,1,2026-02-02T05:09,C0277,P058,1,99000,0.0,completed,app
O001645,1,2026-02-02T17:11,C0451,P064,1,127000,0.0,completed,app
O001646,1,2026-02-02T15:11,C0424,P055,2,88000,0.0,completed,app
O001646,2,2026-02-02T15:11,C0424,P001,2,193000,0.0,completed,app
O001647,1,2026-02-02T09:23,C0333,P043,1,91000,0.0,completed,app
O001647,2,2026-02-02T09:23,C0333,P014,1,203000,0.0,completed,app
O001648,1,2026-02-02T17:11,C0477,P045,1,64000,0.0,completed,app
O001649,1,2026-02-02T11:39,C0051,P014,1,203000,0.0,completed,app
O001650,1,2026-02-02T19:03,C0436,P071,1,133000,0.0,completed,app
O001650,2,2026-02-02T19:03,C0436,P008,1,279000,0.0,completed,app
O001651,1,2026-02-02T15:50,C0430,P042,1,85000,0.0,completed,app
O001652,1,2026-02-02T17:15,C0008,P008,1,279000,0.0,completed,app
O001653,1,2026-02-02T12:32,C0595,P008,1,279000,0.0,completed,app
O001653,2,2026-02-02T12:32,C0595,P028,1,39000,0.0,completed,app
O001654,1,2026-02-02T20:08,C0493,P008,1,279000,0.0,completed,web
O001655,1,2026-02-02T12:48,C0146,P015,1,222000,0.0,completed,app
O001656,1,2026-02-02T16:29,C0429,P055,1,88000,0.0,cancelled,web
O001656,2,2026-02-02T16:29,C0429,P011,1,265000,0.0,cancelled,web
O001656,3,2026-02-02T16:29,C0429,P063,1,124000,0.0,cancelled,web
O001657,1,2026-02-02T16:17,C0188,P008,1,279000,0.0,completed,web
O001657,2,2026-02-02T16:17,C0188,P043,1,91000,0.0,completed,web
O001658,1,2026-02-02T13:01,C0455,P055,1,88000,0.0,completed,web
O001658,2,2026-02-02T13:01,C0455,P052,1,74000,0.0,completed,web
O001658,3,2026-02-02T13:01,C0455,P016,1,169000,0.0,completed,web
O001659,1,2026-02-02T16:18,C0209,P038,1,38000,0.0,completed,app
O001659,2,2026-02-02T16:18,C0209,P016,1,169000,0.0,completed,app
O001660,1,2026-02-02T14:51,C0438,P008,1,279000,0.0,completed,web
O001660,2,2026-02-02T14:51,C0438,P038,1,38000,0.0,completed,web
O001661,1,2026-02-02T17:21,C0097,P010,1,263000,0.0,completed,web
O001662,1,2026-02-02T15:16,C0033,P043,1,91000,0.0,completed,web
O001662,2,2026-02-02T15:16,C0033,P015,1,222000,0.0,completed,web
O001663,1,2026-02-02T17:07,C0537,P072,1,95000,0.0,completed,web
O001664,1,2026-02-02T16:03,C0216,P075,1,81000,0.0,completed,web
O001665,1,2026-02-02T09:58,C0153,P040,1,44000,0.0,completed,app
O001666,1,2026-02-02T09:22,C0333,P040,1,44000,0.0,completed,app
O001666,2,2026-02-02T09:22,C0333,P042,1,85000,0.0,completed,app
O001667,1,2026-02-02T13:47,C0274,P001,1,193000,0.0,completed,web
O001667,2,2026-02-02T13:47,C0274,P017,1,274000,0.0,completed,web
O001668,1,2026-02-02T17:47,C0089,P049,1,78000,0.0,completed,app
O001669,1,2026-02-02T19:02,C0330,P040,1,44000,0.0,cancelled,web
O001670,1,2026-02-02T08:11,C0131,P013,1,271000,0.0,completed,app
O001671,1,2026-02-02T12:54,C0118,P017,1,274000,0.0,completed,web
O001672,1,2026-02-02T14:32,C0051,P008,1,279000,0.0,completed,web
O001673,1,2026-02-02T20:01,C0325,P070,1,114000,0.0,completed,web
O001674,1,2026-02-02T13:09,C0453,P072,1,95000,0.0,completed,app
O001675,1,2026-02-02T12:14,C0099,P016,1,169000,0.0,completed,app
O001676,1,2026-02-02T18:38,C0325,P013,1,271000,0.0,completed,web
O001677,1,2026-02-02T11:02,C0400,P038,1,38000,0.0,completed,web
O001678,1,2026-02-02T07:36,C0333,P055,1,88000,0.0,completed,app
O001678,2,2026-02-02T07:36,C0333,P040,1,44000,0.0,completed,app
O001679,1,2026-02-02T11:57,C0237,P013,1,271000,0.0,completed,app
O001680,1,2026-02-02T19:06,C0353,P043,1,91000,0.0,completed,app
O001681,1,2026-02-02T15:20,C0295,P006,1,275000,0.0,completed,web
O001682,1,2026-02-02T13:03,C0124,P080,1,109000,0.0,completed,app
O001682,2,2026-02-02T13:03,C0124,P008,1,279000,0.0,completed,app
O001683,1,2026-02-02T11:10,C0368,P015,1,222000,0.0,completed,web
O001683,2,2026-02-02T11:10,C0368,P014,3,203000,0.0,completed,web
O001684,1,2026-02-02T13:38,C0482,P012,2,138000,0.0,completed,web
O001684,2,2026-02-02T13:38,C0482,P013,1,271000,0.0,completed,web
O001684,3,2026-02-02T13:38,C0482,P021,3,72000,0.0,completed,web
O001685,1,2026-02-02T15:52,C0430,P018,1,273000,0.0,completed,app
O001685,2,2026-02-02T15:52,C0430,P001,1,193000,0.0,completed,app
O001686,1,2026-02-02T07:58,C0231,P008,1,279000,0.0,cancelled,app
O001687,1,2026-02-02T08:44,C0186,P013,1,271000,0.0,completed,app
O001688,1,2026-02-02T17:03,C0436,P040,1,44000,0.0,returned,app
O001689,1,2026-02-02T16:26,C0388,P007,1,262000,0.0,returned,web
O001690,1,2026-02-02T13:59,C0569,P011,1,265000,0.0,completed,app
O001691,1,2026-02-03T14:46,C0430,P001,1,193000,0.0,completed,app
O001691,2,2026-02-03T14:46,C0430,P055,1,88000,0.0,completed,app
O001691,3,2026-02-03T14:46,C0430,P040,1,44000,0.0,completed,app
O001692,1,2026-02-03T12:02,C0383,P011,1,265000,0.0,completed,app
O001692,2,2026-02-03T12:02,C0383,P008,1,279000,0.0,completed,app
O001693,1,2026-02-03T19:28,C0429,P066,1,110000,0.0,completed,app
O001693,2,2026-02-03T19:28,C0429,P055,1,88000,0.0,completed,app
O001693,3,2026-02-03T19:28,C0429,P069,1,122000,0.0,completed,app
O001694,1,2026-02-03T16:46,C0171,P052,1,74000,0.0,completed,app
O001694,2,2026-02-03T16:46,C0171,P042,1,85000,0.0,completed,app
O001695,1,2026-02-03T19:52,C0265,P008,1,279000,0.0,completed,web
O001696,1,2026-02-03T23:12,C0259,P016,1,169000,0.0,completed,web
O001696,2,2026-02-03T23:12,C0259,P011,1,265000,0.0,completed,web
O001697,1,2026-02-03T12:38,C0249,P011,1,265000,0.0,completed,app
O001698,1,2026-02-03T09:10,C0544,P001,2,193000,0.0,completed,web
O001699,1,2026-02-03T18:01,C0259,P030,1,62000,0.0,returned,web
O001700,1,2026-02-03T15:49,C0595,P030,1,62000,0.0,completed,app
O001701,1,2026-02-03T16:52,C0543,P028,1,39000,0.0,completed,app
O001702,1,2026-02-03T10:14,C0206,P008,1,279000,0.0,completed,web
O001702,2,2026-02-03T10:14,C0206,P037,1,49000,0.0,completed,web
O001703,1,2026-02-03T11:58,C0353,P055,1,88000,0.0,completed,app
O001704,1,2026-02-03T15:57,C0321,P012,1,138000,0.0,completed,web
O001704,2,2026-02-03T15:57,C0321,P008,1,279000,0.0,completed,web
O001705,1,2026-02-03T12:48,C0053,P028,1,39000,0.0,completed,app
O001705,2,2026-02-03T12:48,C0053,P036,1,65000,0.0,completed,app
O001706,1,2026-02-03T15:06,C0371,P080,2,109000,0.0,completed,app
O001707,1,2026-02-03T09:20,C0325,P007,1,262000,0.0,completed,web
O001708,1,2026-02-03T11:09,C0595,P073,1,75000,0.0,completed,web
O001708,2,2026-02-03T11:09,C0595,P045,1,64000,0.0,completed,web
O001708,3,2026-02-03T11:09,C0595,P052,1,74000,0.0,completed,web
O001709,1,2026-02-03T12:27,C0096,P042,1,85000,0.0,completed,web
O001709,2,2026-02-03T12:27,C0096,P015,1,222000,0.0,completed,web
O001710,1,2026-02-03T12:41,C0153,P040,1,44000,0.0,completed,app
O001711,1,2026-02-03T13:39,C0051,P001,1,193000,0.0,completed,web
O001712,1,2026-02-03T10:37,C0213,P037,1,49000,0.0,completed,web
O001712,2,2026-02-03T10:37,C0213,P040,1,44000,0.0,completed,web
O001712,3,2026-02-03T10:37,C0213,P052,1,74000,0.0,completed,web
O001713,1,2026-02-03T16:09,C0346,P040,1,44000,0.0,completed,app
O001714,1,2026-02-03T06:18,C0430,P043,1,91000,0.0,completed,app
O001714,2,2026-02-03T06:18,C0430,P045,1,64000,0.0,completed,app
O001715,1,2026-02-03T16:58,C0283,P014,1,203000,0.0,completed,app
O001716,1,2026-02-03T11:37,C0001,P011,1,265000,0.0,completed,web
O001717,1,2026-02-03T23:30,C0467,P072,1,95000,0.0,completed,app
O001717,2,2026-02-03T23:30,C0467,P001,1,193000,0.0,completed,app
O001718,1,2026-02-03T14:21,C0123,P010,1,263000,0.0,completed,web
O001718,2,2026-02-03T14:21,C0123,P040,1,44000,0.0,completed,web
O001719,1,2026-02-03T11:12,C0429,P011,1,265000,0.0,completed,app
O001719,2,2026-02-03T11:12,C0429,P050,1,84000,0.0,completed,app
O001720,1,2026-02-03T17:52,C0325,P008,1,279000,0.0,returned,web
O001721,1,2026-02-03T21:26,C0136,P041,1,74000,0.0,completed,app
O001722,1,2026-02-03T14:14,C0577,P011,1,265000,0.0,completed,app
O001723,1,2026-02-03T16:24,C0265,P009,1,194000,0.0,completed,web
O001724,1,2026-02-03T20:45,C0529,P017,1,274000,0.0,completed,web
O001725,1,2026-02-03T15:57,C0123,P008,1,279000,0.0,completed,web
O001726,1,2026-02-03T06:28,C0066,P008,1,279000,0.0,completed,app
O001726,2,2026-02-03T06:28,C0066,P011,1,265000,0.0,completed,app
O001727,1,2026-02-03T14:11,C0502,P017,1,274000,0.0,completed,app
O001728,1,2026-02-03T20:17,C0114,P015,1,222000,0.0,completed,app
O001728,2,2026-02-03T20:17,C0114,P017,1,274000,0.0,completed,app
O001729,1,2026-02-03T12:18,C0403,P017,1,274000,0.0,completed,app
O001730,1,2026-02-03T08:57,C0595,P010,1,263000,0.0,completed,app
O001730,2,2026-02-03T08:57,C0595,P077,1,69000,0.0,completed,app
O001731,1,2026-02-04T10:50,C0279,P073,1,75000,0.0,returned,app
O001732,1,2026-02-04T12:45,C0206,P008,1,279000,0.0,completed,web
O001733,1,2026-02-04T18:00,C0566,P001,1,193000,0.0,completed,app
O001734,1,2026-02-04T07:40,C0455,P058,1,99000,0.0,completed,web
O001735,1,2026-02-04T17:01,C0312,P052,1,74000,0.0,completed,web
O001736,1,2026-02-04T12:47,C0451,P065,1,119000,0.0,completed,app
O001737,1,2026-02-04T14:26,C0005,P016,1,169000,0.0,completed,app
O001738,1,2026-02-04T16:28,C0295,P028,1,39000,0.0,cancelled,web
O001738,2,2026-02-04T16:28,C0295,P008,1,279000,0.0,cancelled,web
O001739,1,2026-02-04T16:05,C0312,P015,1,222000,0.0,completed,web
O001740,1,2026-02-04T19:42,C0515,P016,1,169000,0.0,completed,app
O001741,1,2026-02-04T19:14,C0289,P008,1,279000,0.0,completed,web
O001742,1,2026-02-04T16:03,C0249,P077,1,69000,0.0,completed,app
O001742,2,2026-02-04T16:03,C0249,P043,1,91000,0.0,completed,app
O001743,1,2026-02-04T18:54,C0592,P008,1,279000,0.0,completed,app
O001744,1,2026-02-04T18:18,C0052,P001,1,193000,0.0,completed,app
O001745,1,2026-02-04T17:26,C0477,P008,1,279000,0.0,completed,app
O001746,1,2026-02-04T17:11,C0566,P011,1,265000,0.0,returned,app
O001747,1,2026-02-04T07:38,C0565,P040,1,44000,0.0,completed,web
O001748,1,2026-02-04T15:35,C0121,P045,1,64000,0.0,returned,web
O001749,1,2026-02-04T19:45,C0089,P057,1,92000,0.0,completed,app
O001750,1,2026-02-04T12:39,C0596,P028,1,39000,0.0,completed,web
O001750,2,2026-02-04T12:39,C0596,P065,1,119000,0.0,completed,web
O001751,1,2026-02-04T19:39,C0450,P055,1,88000,0.0,completed,app
O001752,1,2026-02-04T14:58,C0558,P010,1,263000,0.0,completed,app
O001753,1,2026-02-04T10:24,C0595,P037,1,49000,0.0,completed,web
O001753,2,2026-02-04T10:24,C0595,P008,1,279000,0.0,completed,web
O001753,3,2026-02-04T10:24,C0595,P037,1,49000,0.0,completed,web
O001754,1,2026-02-04T11:52,C0383,P049,1,78000,0.0,completed,web
O001755,1,2026-02-04T11:56,C0386,P011,1,265000,0.0,completed,app
O001755,2,2026-02-04T11:56,C0386,P016,1,169000,0.0,completed,app
O001756,1,2026-02-04T12:53,C0057,P008,1,279000,0.0,completed,app
O001757,1,2026-02-04T15:19,C0058,P037,1,49000,0.0,completed,web
O001758,1,2026-02-04T17:10,C0380,P013,1,271000,0.0,completed,web
O001759,1,2026-02-04T17:08,C0010,P040,1,44000,0.0,completed,web
O001759,2,2026-02-04T17:08,C0010,P021,1,72000,0.0,completed,web
O001760,1,2026-02-04T12:41,C0147,P042,1,85000,0.0,returned,web
O001761,1,2026-02-04T10:57,C0334,P077,1,69000,0.0,completed,web
O001762,1,2026-02-04T16:36,C0265,P007,1,262000,0.0,completed,web
O001763,1,2026-02-04T15:30,C0386,P042,1,85000,0.0,completed,app
O001763,2,2026-02-04T15:30,C0386,P080,1,109000,0.0,completed,app
O001764,1,2026-02-04T21:23,C0479,P017,1,274000,0.0,completed,app
O001765,1,2026-02-04T11:16,C0052,P011,1,265000,0.0,completed,app
O001765,2,2026-02-04T11:16,C0052,P080,1,109000,0.0,completed,app
O001765,3,2026-02-04T11:16,C0052,P001,1,193000,0.0,completed,app
O001766,1,2026-02-04T13:26,C0358,P008,1,279000,0.0,completed,web
O001767,1,2026-02-04T18:52,C0446,P046,1,59000,0.0,completed,web
O001768,1,2026-02-04T20:21,C0051,P005,1,227000,0.0,completed,app
O001768,2,2026-02-04T20:21,C0051,P017,1,274000,0.0,completed,app
O001769,1,2026-02-04T13:12,C0190,P055,1,88000,0.0,completed,app
O001770,1,2026-02-04T15:40,C0384,P050,1,84000,0.0,completed,web
O001771,1,2026-02-04T10:45,C0100,P042,1,85000,0.0,completed,web
O001771,2,2026-02-04T10:45,C0100,P001,1,193000,0.0,completed,web
O001772,1,2026-02-04T13:25,C0406,P058,1,99000,0.0,returned,app
O001772,2,2026-02-04T13:25,C0406,P052,1,74000,0.0,returned,app
O001772,3,2026-02-04T13:25,C0406,P015,1,222000,0.0,returned,app
O001773,1,2026-02-04T12:39,C0040,P003,2,136000,0.0,completed,web
O001773,2,2026-02-04T12:39,C0040,P079,2,115000,0.0,completed,web
O001774,1,2026-02-04T09:15,C0583,P017,1,274000,0.0,completed,app
O001775,1,2026-02-05T06:46,C0371,P013,1,271000,0.0,completed,app
O001776,1,2026-02-05T16:44,C0153,P021,1,72000,0.0,completed,app
O001777,1,2026-02-05T08:52,C0352,P020,1,41000,0.0,completed,app
O001778,1,2026-02-05T15:50,C0277,P080,1,109000,0.0,completed,app
O001779,1,2026-02-05T16:47,C0110,P043,1,91000,0.0,completed,app
O001780,1,2026-02-05T10:31,C0153,P030,1,62000,0.0,completed,app
O001781,1,2026-02-05T16:42,C0182,P040,1,44000,0.0,completed,app
O001781,2,2026-02-05T16:42,C0182,P011,1,265000,0.0,completed,app
O001781,3,2026-02-05T16:42,C0182,P017,1,274000,0.0,completed,app
O001782,1,2026-02-05T11:22,C0099,P001,1,193000,0.0,completed,app
O001782,2,2026-02-05T11:22,C0099,P080,1,109000,0.0,completed,app
O001782,3,2026-02-05T11:22,C0099,P008,1,279000,0.0,completed,app
O001783,1,2026-02-05T09:44,C0057,P005,1,227000,0.0,completed,app
O001784,1,2026-02-05T15:53,C0150,P042,1,85000,0.0,completed,web
O001785,1,2026-02-05T18:56,C0504,P075,1,81000,0.0,completed,app
O001786,1,2026-02-05T11:25,C0335,P006,1,275000,0.0,completed,web
O001787,1,2026-02-05T09:50,C0456,P008,3,279000,0.0,completed,app
O001788,1,2026-02-05T14:23,C0033,P063,1,124000,0.0,completed,web
O001788,2,2026-02-05T14:23,C0033,P003,1,136000,0.0,completed,web
O001789,1,2026-02-05T14:50,C0434,P032,1,45000,0.0,completed,app
O001790,1,2026-02-05T14:53,C0005,P055,1,88000,0.0,completed,app
O001790,2,2026-02-05T14:53,C0005,P008,1,279000,0.0,completed,app
O001791,1,2026-02-05T08:37,C0544,P029,1,39000,0.0,completed,web
O001792,1,2026-02-05T21:58,C0361,P040,1,44000,0.0,completed,app
O001793,1,2026-02-05T10:11,C0214,P055,1,88000,0.0,completed,app
O001794,1,2026-02-05T11:01,C0197,P075,1,81000,0.0,completed,web
O001795,1,2026-02-05T16:22,C0250,P040,1,44000,0.0,returned,web
O001796,1,2026-02-05T19:41,C0066,P008,1,279000,0.0,completed,app
O001796,2,2026-02-05T19:41,C0066,P001,1,193000,0.0,completed,app
O001797,1,2026-02-05T12:13,C0453,P025,1,54000,0.0,returned,app
O001797,2,2026-02-05T12:13,C0453,P030,1,62000,0.0,returned,app
O001798,1,2026-02-05T04:48,C0554,P061,3,115000,0.0,completed,web
O001799,1,2026-02-05T11:10,C0114,P002,1,163000,0.0,completed,app
O001800,1,2026-02-05T17:17,C0481,P001,1,193000,0.0,completed,app
O001801,1,2026-02-05T11:50,C0432,P038,1,38000,0.0,completed,web
O001802,1,2026-02-05T08:20,C0096,P008,1,279000,0.0,completed,app
O001803,1,2026-02-05T15:53,C0335,P011,1,265000,0.0,completed,web
O001803,2,2026-02-05T15:53,C0335,P011,1,265000,0.0,completed,web
O001804,1,2026-02-05T21:14,C0068,P049,1,78000,0.0,completed,app
O001805,1,2026-02-05T13:17,C0368,P051,3,78000,0.0,completed,web
O001806,1,2026-02-05T06:06,C0114,P013,1,271000,0.0,returned,app
O001806,2,2026-02-05T06:06,C0114,P013,1,271000,0.0,returned,app
O001807,1,2026-02-05T15:45,C0271,P040,1,44000,0.0,completed,app
O001807,2,2026-02-05T15:45,C0271,P038,1,38000,0.0,completed,app
O001808,1,2026-02-05T14:33,C0429,P008,1,279000,0.0,completed,app
O001808,2,2026-02-05T14:33,C0429,P017,1,274000,0.0,completed,app
O001808,3,2026-02-05T14:33,C0429,P016,1,169000,0.0,completed,app
O001809,1,2026-02-05T17:44,C0262,P001,1,193000,0.0,completed,app
O001809,2,2026-02-05T17:44,C0262,P001,2,193000,0.0,completed,app
O001810,1,2026-02-05T04:53,C0364,P055,1,88000,0.0,completed,web
O001811,1,2026-02-05T11:12,C0583,P043,1,91000,0.0,completed,web
O001811,2,2026-02-05T11:12,C0583,P008,1,279000,0.0,completed,web
O001812,1,2026-02-05T16:28,C0397,P008,1,279000,0.0,completed,web
O001812,2,2026-02-05T16:28,C0397,P005,1,227000,0.0,completed,web
O001813,1,2026-02-05T13:19,C0010,P006,1,275000,0.0,cancelled,web
O001814,1,2026-02-05T12:53,C0346,P017,1,274000,0.0,returned,web
O001815,1,2026-02-05T12:48,C0113,P011,1,265000,0.0,completed,web
O001816,1,2026-02-06T14:56,C0051,P008,1,279000,0.0,completed,app
O001817,1,2026-02-06T21:42,C0209,P040,1,44000,0.0,completed,web
O001817,2,2026-02-06T21:42,C0209,P019,1,37000,0.0,completed,web
O001818,1,2026-02-06T07:43,C0068,P056,1,61000,0.0,completed,app
O001819,1,2026-02-06T12:00,C0417,P028,2,39000,0.0,completed,app
O001819,2,2026-02-06T12:00,C0417,P032,1,45000,0.0,completed,app
O001819,3,2026-02-06T12:00,C0417,P009,1,194000,0.0,completed,app
O001820,1,2026-02-06T17:46,C0246,P001,1,193000,0.0,completed,web
O001820,2,2026-02-06T17:46,C0246,P011,1,265000,0.0,completed,web
O001820,3,2026-02-06T17:46,C0246,P010,1,263000,0.0,completed,web
O001821,1,2026-02-06T14:09,C0321,P011,1,265000,0.0,completed,app
O001821,2,2026-02-06T14:09,C0321,P014,1,203000,0.0,completed,app
O001822,1,2026-02-06T21:35,C0589,P009,1,194000,0.0,completed,app
O001822,2,2026-02-06T21:35,C0589,P040,1,44000,0.0,completed,app
O001822,3,2026-02-06T21:35,C0589,P077,1,69000,0.0,completed,app
O001823,1,2026-02-06T13:57,C0033,P009,1,194000,0.0,completed,web
O001823,2,2026-02-06T13:57,C0033,P071,1,133000,0.0,completed,web
O001824,1,2026-02-06T09:15,C0277,P070,1,114000,0.0,completed,web
O001825,1,2026-02-06T16:53,C0150,P006,1,275000,0.0,returned,web
O001826,1,2026-02-06T09:21,C0564,P017,1,274000,0.0,returned,app
O001827,1,2026-02-06T15:39,C0595,P024,1,55000,0.0,cancelled,app
O001828,1,2026-02-06T11:07,C0100,P079,1,115000,0.0,completed,web
O001828,2,2026-02-06T11:07,C0100,P007,1,262000,0.0,completed,web
O001829,1,2026-02-06T20:50,C0275,P041,1,74000,0.0,completed,app
O001829,2,2026-02-06T20:50,C0275,P048,1,92000,0.0,completed,app
O001830,1,2026-02-06T16:04,C0502,P006,1,275000,0.0,completed,app
O001830,2,2026-02-06T16:04,C0502,P012,1,138000,0.0,completed,app
O001831,1,2026-02-06T13:15,C0079,P016,1,169000,0.0,completed,web
O001832,1,2026-02-06T09:06,C0302,P010,1,263000,0.0,completed,web
O001833,1,2026-02-06T12:40,C0504,P017,1,274000,0.0,completed,app
O001834,1,2026-02-06T17:28,C0545,P008,1,279000,0.0,completed,app
O001835,1,2026-02-06T17:01,C0240,P040,1,44000,0.0,completed,app
O001835,2,2026-02-06T17:01,C0240,P042,1,85000,0.0,completed,app
O001836,1,2026-02-06T17:45,C0594,P058,1,99000,0.0,completed,app
O001837,1,2026-02-06T11:13,C0467,P001,1,193000,0.0,completed,app
O001838,1,2026-02-06T13:14,C0321,P042,1,85000,0.0,completed,app
O001838,2,2026-02-06T13:14,C0321,P006,1,275000,0.0,completed,app
O001838,3,2026-02-06T13:14,C0321,P008,1,279000,0.0,completed,app
O001839,1,2026-02-06T12:45,C0519,P001,1,193000,0.0,completed,web
O001840,1,2026-02-06T18:07,C0482,P012,2,138000,0.0,completed,web
O001840,2,2026-02-06T18:07,C0482,P001,3,193000,0.0,completed,web
O001840,3,2026-02-06T18:07,C0482,P008,3,279000,0.0,completed,web
O001841,1,2026-02-06T16:36,C0044,P021,1,72000,0.0,completed,app
O001841,2,2026-02-06T16:36,C0044,P045,1,64000,0.0,completed,app
O001842,1,2026-02-06T16:43,C0450,P073,1,75000,0.0,completed,app
O001842,2,2026-02-06T16:43,C0450,P042,1,85000,0.0,completed,app
O001843,1,2026-02-06T21:07,C0283,P042,1,85000,0.0,completed,app
O001843,2,2026-02-06T21:07,C0283,P059,1,95000,0.0,completed,app
O001844,1,2026-02-06T17:32,C0011,P015,1,222000,0.0,completed,app
O001844,2,2026-02-06T17:32,C0011,P028,1,39000,0.0,completed,app
O001844,3,2026-02-06T17:32,C0011,P074,1,107000,0.0,completed,app
O001845,1,2026-02-06T16:11,C0068,P049,1,78000,0.0,completed,web
O001845,2,2026-02-06T16:11,C0068,P040,1,44000,0.0,completed,web
O001846,1,2026-02-06T12:26,C0566,P037,1,49000,0.0,completed,web
O001846,2,2026-02-06T12:26,C0566,P008,1,279000,0.0,completed,web
O001847,1,2026-02-06T15:04,C0265,P073,1,75000,0.0,completed,web
O001848,1,2026-02-06T15:15,C0477,P006,1,275000,0.0,completed,app
O001848,2,2026-02-06T15:15,C0477,P040,1,44000,0.0,completed,app
O001849,1,2026-02-06T11:43,C0335,P038,1,38000,0.0,completed,web
O001850,1,2026-02-06T19:29,C0441,P040,1,44000,0.0,completed,web
O001851,1,2026-02-06T19:21,C0232,P006,1,275000,0.0,completed,web
O001852,1,2026-02-06T11:09,C0589,P017,1,274000,0.0,completed,app
O001853,1,2026-02-06T16:22,C0335,P040,1,44000,0.0,completed,web
O001853,2,2026-02-06T16:22,C0335,P015,1,222000,0.0,completed,web
O001853,3,2026-02-06T16:22,C0335,P002,1,163000,0.0,completed,web
O001854,1,2026-02-06T20:25,C0123,P011,1,265000,0.0,completed,web
O001854,2,2026-02-06T20:25,C0123,P017,1,274000,0.0,completed,web
O001854,3,2026-02-06T20:25,C0123,P017,1,274000,0.0,completed,web
O001855,1,2026-02-06T09:13,C0240,P008,1,279000,0.0,completed,app
O001856,1,2026-02-06T15:51,C0196,P015,1,222000,0.0,returned,app
O001857,1,2026-02-06T03:57,C0530,P013,1,271000,0.0,returned,app
O001858,1,2026-02-07T16:17,C0583,P070,1,114000,0.0,completed,app
O001859,1,2026-02-07T16:25,C0564,P004,1,157000,0.0,completed,web
O001860,1,2026-02-07T12:32,C0281,P025,1,54000,0.0,completed,app
O001861,1,2026-02-07T12:14,C0435,P064,1,127000,0.0,completed,web
O001862,1,2026-02-07T18:00,C0114,P014,1,203000,0.0,completed,app
O001863,1,2026-02-07T10:40,C0393,P024,1,55000,0.0,completed,app
O001863,2,2026-02-07T10:40,C0393,P021,1,72000,0.0,completed,app
O001864,1,2026-02-07T10:08,C0295,P071,1,133000,0.0,completed,web
O001864,2,2026-02-07T10:08,C0295,P059,1,95000,0.0,completed,web
O001865,1,2026-02-07T14:53,C0186,P004,1,157000,0.0,returned,app
O001866,1,2026-02-07T19:59,C0589,P028,1,39000,0.0,completed,web
O001867,1,2026-02-07T16:51,C0479,P017,1,274000,0.0,completed,app
O001868,1,2026-02-07T07:24,C0438,P040,1,44000,0.0,completed,web
O001868,2,2026-02-07T07:24,C0438,P040,1,44000,0.0,completed,web
O001868,3,2026-02-07T07:24,C0438,P017,1,274000,0.0,completed,web
O001869,1,2026-02-07T10:09,C0239,P008,1,279000,0.0,completed,web
O001870,1,2026-02-07T11:22,C0560,P049,1,78000,0.0,cancelled,app
O001871,1,2026-02-07T11:19,C0277,P013,1,271000,0.0,completed,app
O001871,2,2026-02-07T11:19,C0277,P055,1,88000,0.0,completed,app
O001872,1,2026-02-07T14:01,C0333,P042,1,85000,0.0,completed,app
O001872,2,2026-02-07T14:01,C0333,P011,1,265000,0.0,completed,app
O001873,1,2026-02-07T21:14,C0438,P043,1,91000,0.0,completed,web
O001873,2,2026-02-07T21:14,C0438,P011,1,265000,0.0,completed,web
O001873,3,2026-02-07T21:14,C0438,P045,1,64000,0.0,completed,web
O001874,1,2026-02-07T23:26,C0383,P005,1,227000,0.0,completed,app
O001875,1,2026-02-07T07:20,C0451,P027,1,63000,0.0,completed,web
O001875,2,2026-02-07T07:20,C0451,P069,1,122000,0.0,completed,web
O001876,1,2026-02-07T12:17,C0435,P074,1,107000,0.0,completed,web
O001876,2,2026-02-07T12:17,C0435,P073,1,75000,0.0,completed,web
O001876,3,2026-02-07T12:17,C0435,P079,1,115000,0.0,completed,web
O001877,1,2026-02-07T09:16,C0554,P046,1,59000,0.0,returned,web
O001878,1,2026-02-07T17:27,C0545,P075,1,81000,0.0,returned,web
O001879,1,2026-02-07T21:01,C0346,P019,1,37000,0.0,completed,web
O001880,1,2026-02-07T20:30,C0259,P040,1,44000,0.0,completed,web
O001881,1,2026-02-07T11:19,C0304,P009,3,194000,0.0,completed,web
O001882,1,2026-02-07T10:14,C0271,P040,1,44000,0.0,completed,app
O001883,1,2026-02-07T19:51,C0594,P021,1,72000,0.0,completed,web
O001884,1,2026-02-07T16:29,C0250,P021,1,72000,0.0,cancelled,web
O001884,2,2026-02-07T16:29,C0250,P040,1,44000,0.0,cancelled,web
O001885,1,2026-02-07T09:06,C0160,P001,2,193000,0.0,completed,web
O001886,1,2026-02-07T22:15,C0271,P021,1,72000,0.0,completed,app
O001886,2,2026-02-07T22:15,C0271,P035,1,49000,0.0,completed,app
O001887,1,2026-02-07T13:38,C0546,P040,1,44000,0.0,completed,web
O001888,1,2026-02-07T19:48,C0357,P040,1,44000,0.0,completed,app
O001889,1,2026-02-07T17:01,C0375,P048,1,92000,0.0,completed,web
O001890,1,2026-02-07T22:21,C0600,P016,1,169000,0.0,completed,web
O001890,2,2026-02-07T22:21,C0600,P043,1,91000,0.0,completed,web
O001891,1,2026-02-07T15:12,C0577,P055,1,88000,0.0,cancelled,app
O001891,2,2026-02-07T15:12,C0577,P055,1,88000,0.0,cancelled,app
O001892,1,2026-02-07T17:45,C0155,P019,1,37000,0.0,completed,app
O001892,2,2026-02-07T17:45,C0155,P064,1,127000,0.0,completed,app
O001892,3,2026-02-07T17:45,C0155,P069,1,122000,0.0,completed,app
O001893,1,2026-02-07T18:22,C0164,P016,1,169000,0.0,completed,app
O001893,2,2026-02-07T18:22,C0164,P021,1,72000,0.0,completed,app
O001893,3,2026-02-07T18:22,C0164,P017,1,274000,0.0,completed,app
O001894,1,2026-02-07T10:11,C0366,P008,1,279000,0.0,completed,web
O001895,1,2026-02-07T11:44,C0357,P012,1,138000,0.0,completed,app
O001896,1,2026-02-07T17:54,C0008,P016,1,169000,0.0,completed,web
O001897,1,2026-02-07T14:30,C0126,P001,1,193000,0.0,completed,app
O001898,1,2026-02-07T21:57,C0123,P075,1,81000,0.0,completed,web
O001899,1,2026-02-07T15:58,C0156,P080,3,109000,0.0,completed,web
O001900,1,2026-02-07T14:44,C0493,P008,1,279000,0.0,completed,web
O001900,2,2026-02-07T14:44,C0493,P008,1,279000,0.0,completed,web
O001901,1,2026-02-07T16:05,C0068,P045,1,64000,0.0,completed,web
O001901,2,2026-02-07T16:05,C0068,P070,1,114000,0.0,completed,web
O001902,1,2026-02-07T17:02,C0031,P001,1,193000,0.0,completed,web
O001903,1,2026-02-07T11:50,C0012,P042,1,85000,0.0,completed,web
O001904,1,2026-02-07T13:38,C0299,P009,1,194000,0.0,completed,app
O001904,2,2026-02-07T13:38,C0299,P044,1,85000,0.0,completed,app
O001905,1,2026-02-07T09:33,C0068,P001,1,193000,0.0,cancelled,app
O001906,1,2026-02-07T12:43,C0386,P017,1,274000,0.0,completed,app
O001907,1,2026-02-07T18:53,C0435,P001,1,193000,0.0,completed,web
O001908,1,2026-02-07T16:36,C0146,P013,1,271000,0.0,completed,web
O001908,2,2026-02-07T16:36,C0146,P049,1,78000,0.0,completed,web
O001909,1,2026-02-07T18:12,C0443,P046,1,59000,0.0,returned,app
O001910,1,2026-02-07T09:06,C0057,P061,1,115000,0.0,completed,app
O001910,2,2026-02-07T09:06,C0057,P042,1,85000,0.0,completed,app
O001911,1,2026-02-07T17:41,C0277,P043,1,91000,0.0,completed,app
O001912,1,2026-02-07T16:04,C0545,P043,1,91000,0.0,completed,app
O001912,2,2026-02-07T16:04,C0545,P049,1,78000,0.0,completed,app
O001913,1,2026-02-07T13:37,C0294,P008,1,279000,0.0,completed,app
O001914,1,2026-02-07T13:01,C0240,P048,1,92000,0.0,completed,app
O001915,1,2026-02-07T11:02,C0390,P016,1,169000,0.0,completed,app
O001916,1,2026-02-07T13:33,C0265,P017,1,274000,0.0,completed,web
O001917,1,2026-02-07T16:03,C0215,P014,1,203000,0.0,completed,app
O001918,1,2026-02-07T12:38,C0567,P011,1,265000,0.0,completed,app
O001918,2,2026-02-07T12:38,C0567,P017,1,274000,0.0,completed,app
O001919,1,2026-02-07T03:16,C0595,P077,1,69000,0.0,completed,app
O001920,1,2026-02-07T16:12,C0346,P008,1,279000,0.0,completed,app
O001921,1,2026-02-07T15:38,C0418,P045,1,64000,0.0,completed,app
O001921,2,2026-02-07T15:38,C0418,P013,1,271000,0.0,completed,app
O001922,1,2026-02-07T21:13,C0033,P013,1,271000,0.0,completed,web
O001923,1,2026-02-07T18:58,C0018,P008,1,279000,0.0,completed,app
O001924,1,2026-02-07T12:58,C0406,P014,1,203000,0.0,completed,app
O001925,1,2026-02-08T18:18,C0130,P007,1,262000,0.0,completed,app
O001925,2,2026-02-08T18:18,C0130,P010,1,263000,0.0,completed,app
O001926,1,2026-02-08T22:31,C0246,P021,1,72000,0.0,completed,web
O001927,1,2026-02-08T08:33,C0277,P061,1,115000,0.0,completed,app
O001928,1,2026-02-08T21:22,C0240,P048,1,92000,0.0,cancelled,app
O001929,1,2026-02-08T17:06,C0103,P056,1,61000,0.0,completed,web
O001930,1,2026-02-08T11:10,C0435,P079,1,115000,0.0,completed,web
O001931,1,2026-02-08T18:45,C0018,P040,1,44000,0.0,completed,web
O001931,2,2026-02-08T18:45,C0018,P027,1,63000,0.0,completed,web
O001932,1,2026-02-08T09:13,C0320,P021,1,72000,0.0,completed,app
O001933,1,2026-02-08T22:55,C0271,P050,1,84000,0.0,completed,app
O001934,1,2026-02-08T15:00,C0567,P008,1,279000,0.0,completed,app
O001935,1,2026-02-08T13:03,C0408,P051,1,78000,0.0,completed,web
O001936,1,2026-02-08T10:40,C0333,P044,1,85000,0.0,completed,app
O001937,1,2026-02-08T12:21,C0418,P061,1,115000,0.0,completed,app
O001938,1,2026-02-08T20:53,C0496,P011,1,265000,0.0,completed,app
O001939,1,2026-02-08T10:44,C0386,P040,1,44000,0.0,completed,app
O001939,2,2026-02-08T10:44,C0386,P017,1,274000,0.0,completed,app
O001940,1,2026-02-08T06:41,C0206,P001,1,193000,0.0,completed,web
O001941,1,2026-02-08T18:26,C0250,P007,1,262000,0.0,returned,app
O001942,1,2026-02-08T12:42,C0335,P033,1,65000,0.0,completed,web
O001943,1,2026-02-08T12:07,C0061,P080,1,109000,0.0,completed,web
O001944,1,2026-02-08T14:47,C0058,P015,1,222000,0.0,returned,app
O001945,1,2026-02-08T21:12,C0181,P064,1,127000,0.0,completed,app
O001946,1,2026-02-08T13:10,C0294,P040,1,44000,0.0,completed,app
O001947,1,2026-02-08T11:39,C0451,P040,1,44000,0.0,completed,app
O001948,1,2026-02-08T17:00,C0044,P021,1,72000,0.0,completed,web
O001949,1,2026-02-08T11:55,C0382,P066,1,110000,0.0,completed,web
O001950,1,2026-02-08T13:19,C0099,P008,1,279000,0.0,completed,app
O001951,1,2026-02-08T15:08,C0477,P008,1,279000,0.0,completed,app
O001952,1,2026-02-08T13:29,C0540,P055,1,88000,0.0,completed,app
O001953,1,2026-02-08T13:40,C0113,P011,1,265000,0.0,completed,web
O001954,1,2026-02-08T19:01,C0086,P059,1,95000,0.0,completed,web
O001955,1,2026-02-08T13:36,C0451,P040,1,44000,0.0,completed,app
O001956,1,2026-02-08T15:31,C0155,P016,1,169000,0.0,completed,app
O001957,1,2026-02-08T11:38,C0283,P059,1,95000,0.0,completed,web
O001957,2,2026-02-08T11:38,C0283,P048,1,92000,0.0,completed,web
O001958,1,2026-02-08T21:19,C0131,P042,1,85000,0.0,cancelled,web
O001959,1,2026-02-08T15:58,C0515,P001,1,193000,0.0,completed,web
O001960,1,2026-02-08T15:53,C0443,P028,1,39000,0.0,completed,app
O001961,1,2026-02-08T15:43,C0131,P055,1,88000,0.0,completed,app
O001962,1,2026-02-08T18:28,C0216,P008,1,279000,0.0,completed,web
O001963,1,2026-02-08T10:48,C0206,P015,1,222000,0.0,completed,web
O001963,2,2026-02-08T10:48,C0206,P001,1,193000,0.0,completed,web
O001963,3,2026-02-08T10:48,C0206,P017,1,274000,0.0,completed,web
O001964,1,2026-02-08T12:15,C0461,P051,1,78000,0.0,completed,web
O001965,1,2026-02-08T13:38,C0200,P028,1,39000,0.0,completed,app
O001966,1,2026-02-08T21:58,C0123,P055,1,88000,0.0,completed,web
O001967,1,2026-02-08T18:52,C0417,P037,3,49000,0.0,completed,web
O001967,2,2026-02-08T18:52,C0417,P017,2,274000,0.0,completed,web
O001968,1,2026-02-08T13:22,C0294,P040,1,44000,0.0,completed,app
O001969,1,2026-02-08T16:50,C0274,P046,1,59000,0.0,completed,web
O001970,1,2026-02-08T14:30,C0189,P010,1,263000,0.0,returned,web
O001971,1,2026-02-08T10:15,C0298,P013,1,271000,0.0,completed,web
O001972,1,2026-02-08T14:15,C0265,P009,1,194000,0.0,completed,web
O001973,1,2026-02-08T10:38,C0515,P043,1,91000,0.0,cancelled,app
O001974,1,2026-02-08T17:28,C0182,P043,1,91000,0.0,completed,app
O001975,1,2026-02-08T06:17,C0502,P008,1,279000,0.0,completed,app
O001976,1,2026-02-08T10:14,C0464,P008,1,279000,0.0,completed,app
O001977,1,2026-02-08T14:01,C0502,P016,1,169000,0.0,completed,app
O001977,2,2026-02-08T14:01,C0502,P008,1,279000,0.0,completed,app
O001978,1,2026-02-08T10:00,C0221,P080,1,109000,0.0,completed,app
O001978,2,2026-02-08T10:00,C0221,P044,1,85000,0.0,completed,app
O001978,3,2026-02-08T10:00,C0221,P006,1,275000,0.0,completed,app
O001979,1,2026-02-08T18:52,C0583,P006,1,275000,0.0,completed,app
O001980,1,2026-02-08T15:17,C0350,P001,1,193000,0.0,cancelled,app
O001981,1,2026-02-08T11:50,C0400,P055,1,88000,0.0,completed,app
O001981,2,2026-02-08T11:50,C0400,P074,1,107000,0.0,completed,app
O001982,1,2026-02-08T21:42,C0249,P043,1,91000,0.0,returned,app
O001983,1,2026-02-08T13:12,C0572,P012,1,138000,0.0,completed,web
O001983,2,2026-02-08T13:12,C0572,P005,1,227000,0.0,completed,web
O001984,1,2026-02-08T19:36,C0499,P015,1,222000,0.0,completed,web
O001984,2,2026-02-08T19:36,C0499,P042,1,85000,0.0,completed,web
O001985,1,2026-02-08T17:31,C0561,P001,1,193000,0.0,completed,app
O001986,1,2026-02-08T12:38,C0087,P073,1,75000,0.0,completed,web
O001987,1,2026-02-08T13:35,C0058,P043,1,91000,0.0,completed,app
O001988,1,2026-02-08T10:21,C0110,P013,1,271000,0.0,completed,web
O001989,1,2026-02-08T22:56,C0113,P017,1,274000,0.0,completed,web
O001990,1,2026-02-09T07:15,C0450,P050,1,84000,0.0,completed,web
O001991,1,2026-02-09T18:28,C0004,P038,1,38000,0.0,completed,app
O001992,1,2026-02-09T14:19,C0262,P015,1,222000,0.0,completed,app
O001992,2,2026-02-09T14:19,C0262,P077,1,69000,0.0,completed,app
O001993,1,2026-02-09T15:30,C0443,P076,1,101000,0.0,completed,app
O001994,1,2026-02-09T19:37,C0436,P013,1,271000,0.0,completed,web
O001995,1,2026-02-09T21:03,C0430,P008,1,279000,0.0,completed,app
O001996,1,2026-02-09T16:36,C0455,P007,1,262000,0.0,completed,web
O001997,1,2026-02-09T15:16,C0477,P078,1,108000,0.0,returned,app
O001998,1,2026-02-09T11:45,C0526,P021,1,72000,0.0,completed,web
O001999,1,2026-02-09T14:39,C0326,P080,1,109000,0.0,completed,app
O002000,1,2026-02-09T16:06,C0361,P017,1,274000,0.0,completed,web
O002000,2,2026-02-09T16:06,C0361,P049,1,78000,0.0,completed,web
O002000,3,2026-02-09T16:06,C0361,P053,1,100000,0.0,completed,web
O002001,1,2026-02-09T14:31,C0335,P035,1,49000,0.0,completed,web
O002001,2,2026-02-09T14:31,C0335,P006,1,275000,0.0,completed,web
O002002,1,2026-02-09T15:00,C0495,P010,3,263000,0.0,completed,app
O002003,1,2026-02-09T15:05,C0358,P040,1,44000,0.0,completed,app
O002004,1,2026-02-09T10:00,C0212,P015,1,222000,0.0,completed,app
O002005,1,2026-02-09T12:24,C0164,P040,1,44000,0.0,completed,web
O002006,1,2026-02-09T15:23,C0196,P021,1,72000,0.0,completed,app
O002006,2,2026-02-09T15:23,C0196,P008,1,279000,0.0,completed,app
O002007,1,2026-02-09T17:00,C0564,P060,1,82000,0.0,completed,app
O002008,1,2026-02-09T10:44,C0595,P040,1,44000,0.0,cancelled,app
O002008,2,2026-02-09T10:44,C0595,P027,1,63000,0.0,cancelled,app
O002008,3,2026-02-09T10:44,C0595,P037,1,49000,0.0,cancelled,app
O002009,1,2026-02-09T19:26,C0068,P043,1,91000,0.0,completed,app
O002010,1,2026-02-09T19:36,C0377,P008,1,279000,0.0,completed,web
O002011,1,2026-02-09T14:35,C0587,P042,1,85000,0.0,completed,app
O002012,1,2026-02-09T19:20,C0258,P053,1,100000,0.0,returned,web
O002013,1,2026-02-09T10:37,C0494,P021,1,72000,0.0,completed,app
O002014,1,2026-02-09T16:27,C0091,P017,1,274000,0.0,completed,web
O002015,1,2026-02-09T16:07,C0469,P006,1,275000,0.0,completed,app
O002015,2,2026-02-09T16:07,C0469,P037,1,49000,0.0,completed,app
O002016,1,2026-02-09T11:35,C0157,P042,1,85000,0.0,completed,web
O002017,1,2026-02-09T18:30,C0467,P010,1,263000,0.0,returned,web
O002017,2,2026-02-09T18:30,C0467,P068,1,117000,0.0,returned,web
O002018,1,2026-02-09T11:27,C0132,P015,1,222000,0.0,completed,web
O002019,1,2026-02-09T19:16,C0215,P006,1,275000,0.0,returned,app
O002019,2,2026-02-09T19:16,C0215,P055,1,88000,0.0,returned,app
O002019,3,2026-02-09T19:16,C0215,P043,1,91000,0.0,returned,app
O002020,1,2026-02-09T18:49,C0188,P009,1,194000,0.0,completed,web
O002021,1,2026-02-09T06:43,C0171,P013,1,271000,0.0,completed,app
O002021,2,2026-02-09T06:43,C0171,P045,1,64000,0.0,completed,app
O002022,1,2026-02-09T11:36,C0124,P008,1,279000,0.0,completed,app
O002023,1,2026-02-09T12:10,C0033,P064,1,127000,0.0,completed,web
O002023,2,2026-02-09T12:10,C0033,P064,1,127000,0.0,completed,web
O002023,3,2026-02-09T12:10,C0033,P064,1,127000,0.0,completed,web
O002024,1,2026-02-09T18:44,C0397,P001,1,193000,0.0,completed,app
O002025,1,2026-02-09T17:13,C0495,P006,2,275000,0.0,completed,app
O002026,1,2026-02-09T15:17,C0279,P042,1,85000,0.0,completed,web
O002026,2,2026-02-09T15:17,C0279,P008,1,279000,0.0,completed,web
O002027,1,2026-02-09T21:37,C0164,P040,1,44000,0.0,completed,app
O002028,1,2026-02-09T14:46,C0481,P017,1,274000,0.0,completed,web
O002028,2,2026-02-09T14:46,C0481,P009,1,194000,0.0,completed,web
O002029,1,2026-02-09T20:45,C0279,P045,1,64000,0.0,cancelled,app
O002029,2,2026-02-09T20:45,C0279,P011,1,265000,0.0,cancelled,app
O002029,3,2026-02-09T20:45,C0279,P008,1,279000,0.0,cancelled,app
O002030,1,2026-02-09T03:07,C0496,P001,1,193000,0.0,completed,app
O002030,2,2026-02-09T03:07,C0496,P053,1,100000,0.0,completed,app
O002031,1,2026-02-09T12:49,C0333,P077,1,69000,0.0,completed,app
O002031,2,2026-02-09T12:49,C0333,P042,1,85000,0.0,completed,app
O002032,1,2026-02-09T03:29,C0587,P015,1,222000,0.0,completed,app
O002033,1,2026-02-09T17:07,C0535,P017,1,274000,0.0,completed,app
O002034,1,2026-02-09T15:14,C0240,P042,1,85000,0.0,completed,app
O002035,1,2026-02-09T15:29,C0335,P007,1,262000,0.0,completed,web
O002036,1,2026-02-09T19:59,C0192,P001,1,193000,0.0,completed,app
O002037,1,2026-02-10T19:34,C0058,P030,1,62000,0.0,completed,app
O002038,1,2026-02-10T10:47,C0398,P007,1,262000,0.0,completed,app
O002039,1,2026-02-10T13:29,C0577,P042,1,85000,0.0,completed,app
O002040,1,2026-02-10T10:21,C0302,P017,1,274000,0.0,completed,app
O002041,1,2026-02-10T14:38,C0295,P040,1,44000,0.0,cancelled,app
O002041,2,2026-02-10T14:38,C0295,P043,1,91000,0.0,cancelled,app
O002042,1,2026-02-10T18:54,C0224,P040,1,44000,0.0,completed,web
O002043,1,2026-02-10T11:49,C0307,P040,1,44000,0.0,completed,app
O002044,1,2026-02-10T17:29,C0044,P037,1,49000,0.0,completed,app
O002045,1,2026-02-10T13:42,C0564,P064,1,127000,0.0,completed,app
O002045,2,2026-02-10T13:42,C0564,P010,1,263000,0.0,completed,app
O002046,1,2026-02-10T22:19,C0271,P043,1,91000,0.0,completed,web
O002046,2,2026-02-10T22:19,C0271,P027,1,63000,0.0,completed,web
O002047,1,2026-02-10T11:42,C0206,P008,1,279000,0.0,completed,web
O002047,2,2026-02-10T11:42,C0206,P017,1,274000,0.0,completed,web
O002048,1,2026-02-10T14:53,C0577,P043,1,91000,0.0,cancelled,app
O002048,2,2026-02-10T14:53,C0577,P055,1,88000,0.0,cancelled,app
O002049,1,2026-02-10T08:04,C0129,P040,1,44000,0.0,completed,app
O002049,2,2026-02-10T08:04,C0129,P008,1,279000,0.0,completed,app
O002050,1,2026-02-10T17:02,C0265,P001,1,193000,0.0,completed,web
O002051,1,2026-02-10T14:51,C0401,P003,1,136000,0.0,completed,web
O002052,1,2026-02-10T12:24,C0504,P073,1,75000,0.0,returned,app
O002053,1,2026-02-10T14:01,C0172,P039,1,45000,0.0,completed,web
O002054,1,2026-02-10T03:18,C0190,P069,1,122000,0.0,completed,app
O002054,2,2026-02-10T03:18,C0190,P058,1,99000,0.0,completed,app
O002055,1,2026-02-10T16:23,C0380,P008,1,279000,0.0,completed,web
O002056,1,2026-02-10T16:45,C0188,P008,1,279000,0.0,completed,web
O002057,1,2026-02-10T15:52,C0397,P034,1,57000,0.0,completed,app
O002058,1,2026-02-10T14:00,C0214,P059,1,95000,0.0,completed,app
O002059,1,2026-02-10T15:37,C0089,P033,1,65000,0.0,returned,app
O002059,2,2026-02-10T15:37,C0089,P066,1,110000,0.0,returned,app
O002060,1,2026-02-10T21:37,C0196,P038,1,38000,0.0,completed,app
O002061,1,2026-02-10T07:30,C0272,P059,1,95000,0.0,completed,web
O002062,1,2026-02-10T13:09,C0275,P048,1,92000,0.0,completed,app
O002063,1,2026-02-10T06:55,C0009,P001,1,193000,0.0,completed,app
O002064,1,2026-02-10T14:21,C0052,P069,1,122000,0.0,completed,web
O002065,1,2026-02-10T17:31,C0017,P008,1,279000,0.0,completed,web
O002066,1,2026-02-10T14:05,C0465,P042,1,85000,0.0,completed,app
O002067,1,2026-02-10T16:38,C0353,P043,1,91000,0.0,completed,app
O002068,1,2026-02-10T12:33,C0226,P065,1,119000,0.0,completed,web
O002069,1,2026-02-10T13:57,C0469,P001,1,193000,0.0,completed,web
O002070,1,2026-02-10T09:08,C0545,P078,1,108000,0.0,completed,app
O002071,1,2026-02-10T19:05,C0077,P042,1,85000,0.0,returned,app
O002072,1,2026-02-10T17:06,C0129,P052,1,74000,0.0,completed,web
O002072,2,2026-02-10T17:06,C0129,P053,1,100000,0.0,completed,web
O002073,1,2026-02-10T20:41,C0598,P029,1,39000,0.0,completed,web
O002074,1,2026-02-10T13:11,C0279,P049,1,78000,0.0,cancelled,app
O002075,1,2026-02-10T14:03,C0057,P065,1,119000,0.0,completed,web
O002075,2,2026-02-10T14:03,C0057,P061,1,115000,0.0,completed,web
O002076,1,2026-02-10T15:51,C0444,P021,1,72000,0.0,completed,web
O002077,1,2026-02-10T09:17,C0005,P009,1,194000,0.0,completed,app
O002077,2,2026-02-10T09:17,C0005,P016,1,169000,0.0,completed,app
O002078,1,2026-02-10T19:25,C0299,P007,1,262000,0.0,completed,app
O002078,2,2026-02-10T19:25,C0299,P055,1,88000,0.0,completed,app
O002079,1,2026-02-10T19:46,C0330,P013,1,271000,0.0,completed,web
O002080,1,2026-02-10T09:54,C0206,P008,1,279000,0.0,completed,web
O002081,1,2026-02-10T11:28,C0341,P049,1,78000,0.0,completed,web
O002082,1,2026-02-10T21:20,C0114,P017,1,274000,0.0,completed,app
O002083,1,2026-02-10T16:15,C0596,P015,1,222000,0.0,completed,web
O002084,1,2026-02-10T17:42,C0308,P040,1,44000,0.0,completed,web
O002085,1,2026-02-10T10:22,C0320,P007,1,262000,0.0,completed,app
O002086,1,2026-02-10T13:30,C0011,P038,1,38000,0.0,completed,web
O002087,1,2026-02-10T11:51,C0279,P008,1,279000,0.0,completed,app
O002088,1,2026-02-10T16:27,C0368,P073,1,75000,0.0,completed,web
O002088,2,2026-02-10T16:27,C0368,P017,2,274000,0.0,completed,web
O002089,1,2026-02-10T18:08,C0383,P008,1,279000,0.0,completed,app
O002090,1,2026-02-10T11:30,C0451,P040,1,44000,0.0,cancelled,app
O002091,1,2026-02-10T18:50,C0312,P040,1,44000,0.0,completed,web
O002092,1,2026-02-10T14:47,C0541,P013,2,271000,0.0,completed,app
O002092,2,2026-02-10T14:47,C0541,P008,1,279000,0.0,completed,app
O002093,1,2026-02-10T16:28,C0265,P006,1,275000,0.0,completed,web
O002094,1,2026-02-10T09:08,C0409,P008,1,279000,0.0,completed,app
O002095,1,2026-02-10T14:39,C0077,P001,1,193000,0.0,completed,app
O002095,2,2026-02-10T14:39,C0077,P008,1,279000,0.0,completed,app
O002096,1,2026-02-10T14:49,C0127,P016,1,169000,0.0,completed,app
O002096,2,2026-02-10T14:49,C0127,P013,1,271000,0.0,completed,app
O002097,1,2026-02-10T17:39,C0274,P080,1,109000,0.0,completed,web
O002098,1,2026-02-10T23:02,C0034,P008,1,279000,0.0,completed,web
O002099,1,2026-02-10T12:01,C0214,P001,1,193000,0.0,completed,web
O002100,1,2026-02-10T20:42,C0450,P008,1,279000,0.0,completed,web
O002101,1,2026-02-11T20:27,C0368,P014,3,203000,0.0,completed,web
O002102,1,2026-02-11T13:40,C0564,P070,1,114000,0.0,completed,app
O002103,1,2026-02-11T12:34,C0160,P011,1,265000,0.0,returned,app
O002104,1,2026-02-11T09:56,C0459,P006,1,275000,0.0,completed,web
O002105,1,2026-02-11T13:55,C0325,P017,1,274000,0.0,returned,web
O002105,2,2026-02-11T13:55,C0325,P040,1,44000,0.0,returned,web
O002106,1,2026-02-11T16:17,C0213,P040,1,44000,0.0,completed,web
O002107,1,2026-02-11T18:31,C0047,P040,2,44000,0.0,completed,web
O002107,2,2026-02-11T18:31,C0047,P023,2,53000,0.0,completed,web
O002108,1,2026-02-11T17:58,C0313,P040,1,44000,0.0,completed,web
O002109,1,2026-02-11T12:14,C0451,P060,1,82000,0.0,completed,web
O002110,1,2026-02-11T23:43,C0579,P017,1,274000,0.0,completed,app
O002111,1,2026-02-11T11:29,C0250,P040,1,44000,0.0,completed,app
O002111,2,2026-02-11T11:29,C0250,P020,1,41000,0.0,completed,app
O002111,3,2026-02-11T11:29,C0250,P027,1,63000,0.0,completed,app
O002112,1,2026-02-11T16:42,C0164,P053,1,100000,0.0,completed,app
O002113,1,2026-02-11T11:10,C0572,P023,1,53000,0.0,completed,web
O002113,2,2026-02-11T11:10,C0572,P032,1,45000,0.0,completed,web
O002113,3,2026-02-11T11:10,C0572,P043,1,91000,0.0,completed,web
O002114,1,2026-02-11T11:06,C0240,P050,1,84000,0.0,completed,app
O002115,1,2026-02-11T18:42,C0303,P055,2,88000,0.0,completed,web
O002116,1,2026-02-11T14:41,C0214,P049,1,78000,0.0,completed,app
O002116,2,2026-02-11T14:41,C0214,P050,1,84000,0.0,completed,app
O002117,1,2026-02-11T14:00,C0214,P049,1,78000,0.0,completed,app
O002118,1,2026-02-11T03:59,C0335,P010,1,263000,0.0,completed,web
O002119,1,2026-02-11T18:40,C0357,P008,1,279000,0.0,completed,web
O002120,1,2026-02-11T22:23,C0496,P027,1,63000,0.0,completed,app
O002121,1,2026-02-11T10:16,C0566,P010,1,263000,0.0,completed,app
O002122,1,2026-02-11T11:33,C0005,P016,1,169000,0.0,completed,web
O002122,2,2026-02-11T11:33,C0005,P017,1,274000,0.0,completed,web
O002122,3,2026-02-11T11:33,C0005,P017,1,274000,0.0,completed,web
O002123,1,2026-02-11T06:09,C0038,P011,1,265000,0.0,completed,web
O002124,1,2026-02-11T20:13,C0213,P043,1,91000,0.0,returned,web
O002125,1,2026-02-11T15:25,C0272,P076,1,101000,0.0,completed,web
O002126,1,2026-02-11T06:41,C0130,P020,1,41000,0.0,completed,app
O002127,1,2026-02-11T13:00,C0313,P033,1,65000,0.0,returned,web
O002128,1,2026-02-11T20:17,C0519,P017,1,274000,0.0,returned,web
O002129,1,2026-02-11T10:54,C0123,P055,1,88000,0.0,completed,web
O002129,2,2026-02-11T10:54,C0123,P052,1,74000,0.0,completed,web
O002130,1,2026-02-11T23:15,C0271,P008,1,279000,0.0,completed,web
O002130,2,2026-02-11T23:15,C0271,P073,1,75000,0.0,completed,web
O002131,1,2026-02-11T20:32,C0325,P055,1,88000,0.0,completed,web
O002131,2,2026-02-11T20:32,C0325,P073,1,75000,0.0,completed,web
O002132,1,2026-02-11T15:08,C0240,P014,1,203000,0.0,cancelled,app
O002132,2,2026-02-11T15:08,C0240,P059,1,95000,0.0,cancelled,app
O002133,1,2026-02-11T13:39,C0308,P001,1,193000,0.0,completed,web
O002134,1,2026-02-11T11:21,C0418,P011,1,265000,0.0,completed,app
O002134,2,2026-02-11T11:21,C0418,P012,1,138000,0.0,completed,app
O002134,3,2026-02-11T11:21,C0418,P001,1,193000,0.0,completed,app
O002135,1,2026-02-11T17:54,C0564,P007,1,262000,0.0,completed,web
O002135,2,2026-02-11T17:54,C0564,P017,1,274000,0.0,completed,web
O002136,1,2026-02-11T19:15,C0279,P011,1,265000,0.0,completed,app
O002137,1,2026-02-11T22:45,C0167,P040,1,44000,0.0,completed,web
O002138,1,2026-02-11T18:34,C0411,P011,1,265000,0.0,completed,app
O002139,1,2026-02-11T22:11,C0097,P008,1,279000,0.0,completed,web
O002140,1,2026-02-11T12:14,C0110,P013,1,271000,0.0,completed,web
O002141,1,2026-02-11T11:28,C0107,P011,1,265000,0.0,completed,app
O002142,1,2026-02-11T14:22,C0123,P008,1,279000,0.0,completed,web
O002142,2,2026-02-11T14:22,C0123,P017,1,274000,0.0,completed,web
O002143,1,2026-02-11T17:07,C0184,P001,1,193000,0.0,completed,app
O002144,1,2026-02-11T12:40,C0275,P075,1,81000,0.0,completed,app
O002145,1,2026-02-12T11:53,C0192,P017,1,274000,0.0,completed,app
O002146,1,2026-02-12T16:23,C0596,P045,1,64000,0.0,cancelled,web
O002146,2,2026-02-12T16:23,C0596,P040,1,44000,0.0,cancelled,web
O002147,1,2026-02-12T07:53,C0504,P034,1,57000,0.0,completed,app
O002148,1,2026-02-12T23:45,C0033,P008,1,279000,0.0,returned,web
O002148,2,2026-02-12T23:45,C0033,P040,1,44000,0.0,returned,web
O002149,1,2026-02-12T14:30,C0600,P027,1,63000,0.0,completed,app
O002150,1,2026-02-12T11:07,C0451,P064,1,127000,0.0,completed,app
O002151,1,2026-02-12T13:28,C0430,P013,1,271000,0.0,completed,app
O002152,1,2026-02-12T16:13,C0303,P077,1,69000,0.0,completed,web
O002152,2,2026-02-12T16:13,C0303,P078,1,108000,0.0,completed,web
O002152,3,2026-02-12T16:13,C0303,P077,2,69000,0.0,completed,web
O002153,1,2026-02-12T11:37,C0526,P039,1,45000,0.0,completed,web
O002154,1,2026-02-12T11:00,C0477,P010,1,263000,0.0,completed,app
O002154,2,2026-02-12T11:00,C0477,P071,1,133000,0.0,completed,app
O002155,1,2026-02-12T19:05,C0190,P043,1,91000,0.0,completed,web
O002155,2,2026-02-12T19:05,C0190,P001,1,193000,0.0,completed,web
O002156,1,2026-02-12T08:10,C0083,P040,1,44000,0.0,completed,web
O002157,1,2026-02-12T13:03,C0068,P042,1,85000,0.0,completed,app
O002157,2,2026-02-12T13:03,C0068,P052,1,74000,0.0,completed,app
O002157,3,2026-02-12T13:03,C0068,P043,1,91000,0.0,completed,app
O002158,1,2026-02-12T21:01,C0186,P011,1,265000,0.0,completed,web
O002158,2,2026-02-12T21:01,C0186,P001,1,193000,0.0,completed,web
O002159,1,2026-02-12T13:12,C0481,P067,1,110000,0.0,completed,app
O002160,1,2026-02-12T11:19,C0066,P008,1,279000,0.0,cancelled,web
O002161,1,2026-02-12T10:52,C0366,P042,1,85000,0.0,returned,web
O002162,1,2026-02-12T14:52,C0335,P021,1,72000,0.0,completed,web
O002162,2,2026-02-12T14:52,C0335,P040,1,44000,0.0,completed,web
O002162,3,2026-02-12T14:52,C0335,P029,1,39000,0.0,completed,web
O002163,1,2026-02-12T09:31,C0469,P059,1,95000,0.0,completed,app
O002164,1,2026-02-12T18:56,C0326,P073,1,75000,0.0,completed,app
O002165,1,2026-02-12T16:39,C0579,P017,1,274000,0.0,completed,app
O002166,1,2026-02-12T15:46,C0479,P071,1,133000,0.0,completed,app
O002167,1,2026-02-12T20:18,C0155,P071,1,133000,0.0,completed,web
O002168,1,2026-02-12T15:16,C0051,P001,1,193000,0.0,completed,web
O002168,2,2026-02-12T15:16,C0051,P017,1,274000,0.0,completed,web
O002169,1,2026-02-12T14:55,C0240,P059,1,95000,0.0,returned,web
O002170,1,2026-02-12T17:22,C0136,P055,1,88000,0.0,completed,app
O002171,1,2026-02-12T16:47,C0102,P020,1,41000,0.0,completed,app
O002172,1,2026-02-12T18:07,C0274,P060,1,82000,0.0,completed,app
O002173,1,2026-02-12T12:24,C0467,P008,1,279000,0.0,completed,web
O002173,2,2026-02-12T12:24,C0467,P008,1,279000,0.0,completed,web
O002174,1,2026-02-12T16:35,C0153,P055,1,88000,0.0,completed,app
O002175,1,2026-02-12T12:44,C0325,P031,1,60000,0.0,completed,web
O002176,1,2026-02-12T18:33,C0001,P017,1,274000,0.0,completed,web
O002176,2,2026-02-12T18:33,C0001,P042,1,85000,0.0,completed,web
O002177,1,2026-02-12T19:16,C0155,P001,1,193000,0.0,completed,app
O002177,2,2026-02-12T19:16,C0155,P009,1,194000,0.0,completed,app
O002178,1,2026-02-12T09:51,C0302,P040,1,44000,0.0,returned,app
O002179,1,2026-02-12T11:33,C0209,P040,1,44000,0.0,completed,web
O002180,1,2026-02-12T13:22,C0275,P021,1,72000,0.0,returned,app
O002180,2,2026-02-12T13:22,C0275,P027,1,63000,0.0,returned,app
O002181,1,2026-02-12T14:36,C0005,P006,1,275000,0.0,completed,app
O002182,1,2026-02-12T17:00,C0068,P043,1,91000,0.0,completed,app
O002183,1,2026-02-12T10:40,C0129,P053,1,100000,0.0,completed,app
O002184,1,2026-02-12T11:04,C0346,P019,1,37000,0.0,completed,app
O002185,1,2026-02-12T16:40,C0451,P028,1,39000,0.0,completed,app
O002186,1,2026-02-12T13:20,C0418,P017,1,274000,0.0,completed,app
O002187,1,2026-02-12T20:29,C0089,P051,1,78000,0.0,completed,app
O002188,1,2026-02-12T20:02,C0066,P017,1,274000,0.0,completed,app
O002189,1,2026-02-12T14:40,C0265,P045,1,64000,0.0,completed,web
O002189,2,2026-02-12T14:40,C0265,P001,1,193000,0.0,completed,web
O002190,1,2026-02-12T14:21,C0482,P059,1,95000,0.0,completed,web
O002191,1,2026-02-12T07:12,C0571,P073,1,75000,0.0,completed,web
O002192,1,2026-02-12T08:20,C0383,P057,1,92000,0.0,completed,app
O002193,1,2026-02-12T10:06,C0001,P001,1,193000,0.0,completed,web
O002194,1,2026-02-12T20:56,C0247,P017,1,274000,0.0,completed,web
O002195,1,2026-02-12T12:18,C0124,P001,1,193000,0.0,completed,app
O002196,1,2026-02-12T16:36,C0357,P078,1,108000,0.0,completed,app
O002197,1,2026-02-13T08:39,C0140,P078,1,108000,0.0,completed,app
O002198,1,2026-02-13T15:17,C0361,P052,1,74000,0.0,completed,app
O002199,1,2026-02-13T15:54,C0481,P008,1,279000,0.0,completed,web
O002200,1,2026-02-13T11:42,C0063,P017,1,274000,0.0,completed,web
O002201,1,2026-02-13T11:52,C0403,P021,1,72000,0.0,cancelled,app
O002202,1,2026-02-13T16:35,C0057,P043,1,91000,0.0,completed,app
O002203,1,2026-02-13T18:38,C0249,P080,1,109000,0.0,returned,web
O002204,1,2026-02-13T14:08,C0453,P014,1,203000,0.0,completed,web
O002205,1,2026-02-13T16:33,C0206,P005,1,227000,0.0,completed,web
O002206,1,2026-02-13T18:42,C0325,P061,1,115000,0.0,completed,web
O002207,1,2026-02-13T11:05,C0566,P043,1,91000,0.0,completed,app
O002208,1,2026-02-13T18:30,C0274,P045,1,64000,0.0,completed,app
O002209,1,2026-02-13T16:40,C0038,P030,1,62000,0.0,completed,web
O002210,1,2026-02-13T15:34,C0240,P059,1,95000,0.0,completed,app
O002210,2,2026-02-13T15:34,C0240,P043,1,91000,0.0,completed,app
O002211,1,2026-02-13T06:06,C0572,P039,1,45000,0.0,completed,web
O002212,1,2026-02-13T12:41,C0377,P042,1,85000,0.0,completed,web
O002213,1,2026-02-13T19:03,C0430,P078,1,108000,0.0,cancelled,app
O002214,1,2026-02-13T16:15,C0131,P055,1,88000,0.0,completed,app
O002215,1,2026-02-13T14:21,C0051,P038,1,38000,0.0,completed,app
O002215,2,2026-02-13T14:21,C0051,P012,1,138000,0.0,completed,app
O002215,3,2026-02-13T14:21,C0051,P014,1,203000,0.0,completed,app
O002216,1,2026-02-13T09:28,C0335,P022,1,36000,0.0,completed,web
O002216,2,2026-02-13T09:28,C0335,P017,1,274000,0.0,completed,web
O002217,1,2026-02-13T14:57,C0579,P004,1,157000,0.0,completed,web
O002217,2,2026-02-13T14:57,C0579,P017,1,274000,0.0,completed,web
O002218,1,2026-02-13T05:18,C0275,P055,1,88000,0.0,completed,app
O002219,1,2026-02-13T18:06,C0526,P040,1,44000,0.0,completed,web
O002220,1,2026-02-13T10:47,C0167,P055,1,88000,0.0,completed,app
O002221,1,2026-02-13T11:47,C0596,P064,1,127000,0.0,completed,web
O002222,1,2026-02-13T11:33,C0146,P049,1,78000,0.0,completed,app
O002223,1,2026-02-13T19:51,C0295,P052,1,74000,0.0,completed,app
O002224,1,2026-02-13T16:07,C0005,P001,1,193000,0.0,completed,app
O002225,1,2026-02-13T13:30,C0325,P001,1,193000,0.0,completed,web
O002226,1,2026-02-13T17:56,C0171,P028,1,39000,0.0,completed,web
O002226,2,2026-02-13T17:56,C0171,P055,1,88000,0.0,completed,web
O002226,3,2026-02-13T17:56,C0171,P058,1,99000,0.0,completed,web
O002227,1,2026-02-13T07:19,C0100,P045,1,64000,0.0,completed,web
O002228,1,2026-02-13T03:22,C0123,P017,1,274000,0.0,completed,web
O002229,1,2026-02-13T08:27,C0127,P006,1,275000,0.0,completed,app
O002230,1,2026-02-13T16:05,C0087,P010,1,263000,0.0,completed,web
O002231,1,2026-02-13T13:07,C0076,P072,1,95000,0.0,completed,app
O002232,1,2026-02-13T13:43,C0214,P040,1,44000,0.0,completed,app
O002233,1,2026-02-13T19:43,C0413,P026,1,48000,0.0,returned,web
O002234,1,2026-02-13T18:48,C0066,P078,1,108000,0.0,completed,app
O002235,1,2026-02-13T08:22,C0499,P011,1,265000,0.0,completed,app
O002236,1,2026-02-13T11:43,C0399,P012,1,138000,0.0,completed,web
O002237,1,2026-02-13T11:24,C0206,P028,1,39000,0.0,completed,web
O002237,2,2026-02-13T11:24,C0206,P064,1,127000,0.0,completed,web
O002238,1,2026-02-13T15:58,C0018,P017,1,274000,0.0,cancelled,web
O002239,1,2026-02-13T10:34,C0574,P020,1,41000,0.0,completed,web
O002240,1,2026-02-13T15:21,C0430,P001,1,193000,0.0,completed,app
O002240,2,2026-02-13T15:21,C0430,P017,1,274000,0.0,completed,app
O002241,1,2026-02-13T11:49,C0124,P001,1,193000,0.0,completed,app
O002241,2,2026-02-13T11:49,C0124,P017,1,274000,0.0,completed,app
O002242,1,2026-02-13T09:00,C0430,P001,1,193000,0.0,completed,web
O002243,1,2026-02-13T16:06,C0411,P074,1,107000,0.0,completed,app
O002243,2,2026-02-13T16:06,C0411,P040,1,44000,0.0,completed,app
O002244,1,2026-02-13T17:53,C0583,P070,1,114000,0.0,completed,app
O002245,1,2026-02-13T13:11,C0209,P008,1,279000,0.0,completed,app
O002245,2,2026-02-13T13:11,C0209,P013,1,271000,0.0,completed,app
O002245,3,2026-02-13T13:11,C0209,P013,1,271000,0.0,completed,app
O002246,1,2026-02-13T13:51,C0216,P017,1,274000,0.0,completed,web
O002247,1,2026-02-13T18:11,C0044,P040,1,44000,0.0,completed,app
O002247,2,2026-02-13T18:11,C0044,P040,1,44000,0.0,completed,app
O002248,1,2026-02-13T17:00,C0573,P037,2,49000,0.0,completed,web
O002249,1,2026-02-13T18:54,C0403,P007,1,262000,0.0,completed,app
O002250,1,2026-02-13T17:10,C0595,P017,1,274000,0.0,cancelled,app
O002250,2,2026-02-13T17:10,C0595,P079,1,115000,0.0,cancelled,app
O002251,1,2026-02-14T15:51,C0184,P055,1,88000,0.0,completed,app
O002252,1,2026-02-14T21:50,C0041,P039,3,45000,0.0,completed,web
O002252,2,2026-02-14T21:50,C0041,P001,1,193000,0.0,completed,web
O002253,1,2026-02-14T16:34,C0172,P033,1,65000,0.0,completed,web
O002254,1,2026-02-14T16:02,C0153,P076,1,101000,0.0,completed,web
O002255,1,2026-02-14T10:55,C0192,P001,1,193000,0.0,completed,app
O002256,1,2026-02-14T08:17,C0229,P043,1,91000,0.0,completed,app
O002257,1,2026-02-14T13:55,C0523,P071,1,133000,0.0,completed,web
O002258,1,2026-02-14T17:18,C0335,P017,1,274000,0.0,returned,web
O002258,2,2026-02-14T17:18,C0335,P015,1,222000,0.0,returned,web
O002259,1,2026-02-14T18:47,C0153,P040,1,44000,0.0,completed,app
O002260,1,2026-02-14T13:59,C0579,P012,1,138000,0.0,completed,app
O002261,1,2026-02-14T09:45,C0460,P017,1,274000,0.0,completed,app
O002262,1,2026-02-14T14:32,C0359,P064,1,127000,0.0,completed,web
O002263,1,2026-02-14T16:25,C0436,P045,1,64000,0.0,completed,app
O002264,1,2026-02-14T15:00,C0282,P008,1,279000,0.0,completed,web
O002264,2,2026-02-14T15:00,C0282,P015,1,222000,0.0,completed,web
O002265,1,2026-02-14T14:58,C0587,P073,1,75000,0.0,completed,app
O002265,2,2026-02-14T14:58,C0587,P010,1,263000,0.0,completed,app
O002266,1,2026-02-14T20:16,C0028,P016,1,169000,0.0,completed,web
O002267,1,2026-02-14T14:06,C0333,P061,1,115000,0.0,completed,app
O002268,1,2026-02-14T18:42,C0209,P019,1,37000,0.0,completed,app
O002269,1,2026-02-14T09:54,C0148,P040,1,44000,0.0,returned,app
O002269,2,2026-02-14T09:54,C0148,P008,1,279000,0.0,returned,app
O002270,1,2026-02-14T15:43,C0283,P060,1,82000,0.0,completed,app
O002270,2,2026-02-14T15:43,C0283,P055,1,88000,0.0,completed,app
O002271,1,2026-02-14T13:58,C0357,P045,1,64000,0.0,completed,app
O002271,2,2026-02-14T13:58,C0357,P060,1,82000,0.0,completed,app
O002272,1,2026-02-14T07:53,C0438,P008,1,279000,0.0,completed,web
O002272,2,2026-02-14T07:53,C0438,P008,1,279000,0.0,completed,web
O002273,1,2026-02-14T05:43,C0383,P017,1,274000,0.0,completed,web
O002273,2,2026-02-14T05:43,C0383,P006,1,275000,0.0,completed,web
O002273,3,2026-02-14T05:43,C0383,P001,1,193000,0.0,completed,web
O002274,1,2026-02-14T18:39,C0181,P040,1,44000,0.0,completed,app
O002274,2,2026-02-14T18:39,C0181,P052,1,74000,0.0,completed,app
O002275,1,2026-02-14T20:53,C0171,P041,1,74000,0.0,completed,app
O002276,1,2026-02-14T16:22,C0410,P077,1,69000,0.0,returned,web
O002277,1,2026-02-14T18:29,C0589,P036,1,65000,0.0,completed,app
O002277,2,2026-02-14T18:29,C0589,P040,1,44000,0.0,completed,app
O002278,1,2026-02-14T20:00,C0357,P038,1,38000,0.0,completed,app
O002278,2,2026-02-14T20:00,C0357,P074,1,107000,0.0,completed,app
O002279,1,2026-02-14T08:15,C0368,P013,1,271000,0.0,returned,web
O002279,2,2026-02-14T08:15,C0368,P043,1,91000,0.0,returned,web
O002280,1,2026-02-14T15:40,C0554,P040,2,44000,0.0,completed,web
O002280,2,2026-02-14T15:40,C0554,P063,1,124000,0.0,completed,web
O002280,3,2026-02-14T15:40,C0554,P039,1,45000,0.0,completed,web
O002281,1,2026-02-14T16:24,C0492,P008,1,279000,0.0,completed,app
O002281,2,2026-02-14T16:24,C0492,P017,1,274000,0.0,completed,app
O002282,1,2026-02-14T15:19,C0545,P052,1,74000,0.0,completed,app
O002282,2,2026-02-14T15:19,C0545,P040,1,44000,0.0,completed,app
O002282,3,2026-02-14T15:19,C0545,P014,1,203000,0.0,completed,app
O002283,1,2026-02-14T11:29,C0190,P048,1,92000,0.0,completed,app
O002283,2,2026-02-14T11:29,C0190,P001,1,193000,0.0,completed,app
O002284,1,2026-02-14T12:49,C0351,P006,3,275000,0.0,completed,app
O002284,2,2026-02-14T12:49,C0351,P043,1,91000,0.0,completed,app
O002285,1,2026-02-14T18:27,C0509,P048,1,92000,0.0,cancelled,web
O002285,2,2026-02-14T18:27,C0509,P055,2,88000,0.0,cancelled,web
O002286,1,2026-02-14T15:41,C0005,P008,1,279000,0.0,completed,app
O002286,2,2026-02-14T15:41,C0005,P006,1,275000,0.0,completed,app
O002287,1,2026-02-14T09:20,C0516,P017,1,274000,0.0,completed,app
O002288,1,2026-02-14T21:45,C0057,P064,1,127000,0.0,completed,app
O002288,2,2026-02-14T21:45,C0057,P061,1,115000,0.0,completed,app
O002288,3,2026-02-14T21:45,C0057,P040,1,44000,0.0,completed,app
O002289,1,2026-02-14T13:09,C0299,P048,1,92000,0.0,completed,app
O002290,1,2026-02-14T12:07,C0435,P043,1,91000,0.0,completed,web
O002290,2,2026-02-14T12:07,C0435,P040,1,44000,0.0,completed,web
O002291,1,2026-02-14T16:29,C0430,P042,1,85000,0.0,completed,app
O002292,1,2026-02-14T20:28,C0113,P017,1,274000,0.0,completed,web
O002293,1,2026-02-14T15:37,C0265,P080,1,109000,0.0,completed,web
O002294,1,2026-02-14T12:37,C0220,P045,1,64000,0.0,completed,app
O002295,1,2026-02-14T17:05,C0479,P072,1,95000,0.0,completed,app
O002295,2,2026-02-14T17:05,C0479,P011,1,265000,0.0,completed,app
O002296,1,2026-02-14T23:16,C0221,P040,1,44000,0.0,completed,app
O002296,2,2026-02-14T23:16,C0221,P001,1,193000,0.0,completed,app
O002297,1,2026-02-14T12:14,C0262,P019,1,37000,0.0,completed,app
O002298,1,2026-02-14T11:20,C0248,P017,1,274000,0.0,completed,app
O002299,1,2026-02-14T19:20,C0515,P008,1,279000,0.0,completed,app
O002300,1,2026-02-14T12:49,C0540,P008,1,279000,0.0,completed,app
O002301,1,2026-02-14T10:41,C0502,P028,1,39000,0.0,completed,app
O002302,1,2026-02-14T10:25,C0463,P042,1,85000,0.0,completed,web
O002303,1,2026-02-14T10:51,C0277,P020,1,41000,0.0,completed,app
O002304,1,2026-02-14T11:53,C0092,P007,1,262000,0.0,completed,web
O002305,1,2026-02-14T16:13,C0443,P008,1,279000,0.0,returned,web
O002306,1,2026-02-14T13:44,C0111,P008,1,279000,0.0,completed,app
O002307,1,2026-02-14T11:24,C0124,P075,1,81000,0.0,completed,app
O002308,1,2026-02-14T16:58,C0383,P061,1,115000,0.0,completed,app
O002308,2,2026-02-14T16:58,C0383,P008,1,279000,0.0,completed,app
O002309,1,2026-02-14T17:11,C0333,P023,1,53000,0.0,completed,app
O002310,1,2026-02-15T10:19,C0110,P055,1,88000,0.0,completed,app
O002311,1,2026-02-15T23:50,C0146,P079,1,115000,0.0,completed,app
O002312,1,2026-02-15T17:44,C0335,P015,1,222000,0.0,completed,web
O002312,2,2026-02-15T17:44,C0335,P037,1,49000,0.0,completed,web
O002313,1,2026-02-15T13:58,C0450,P020,1,41000,0.0,completed,app
O002313,2,2026-02-15T13:58,C0450,P009,1,194000,0.0,completed,app
O002314,1,2026-02-15T14:03,C0218,P005,1,227000,0.0,completed,web
O002315,1,2026-02-15T13:07,C0515,P001,1,193000,0.0,completed,app
O002315,2,2026-02-15T13:07,C0515,P015,1,222000,0.0,completed,app
O002316,1,2026-02-15T11:06,C0279,P018,1,273000,0.0,completed,app
O002317,1,2026-02-15T15:06,C0492,P001,1,193000,0.0,completed,app
O002317,2,2026-02-15T15:06,C0492,P008,1,279000,0.0,completed,app
O002318,1,2026-02-15T15:00,C0190,P001,1,193000,0.0,returned,web
O002318,2,2026-02-15T15:00,C0190,P009,1,194000,0.0,returned,web
O002319,1,2026-02-15T14:15,C0492,P009,1,194000,0.0,completed,app
O002319,2,2026-02-15T14:15,C0492,P010,1,263000,0.0,completed,app
O002320,1,2026-02-15T09:10,C0146,P048,1,92000,0.0,completed,web
O002320,2,2026-02-15T09:10,C0146,P057,1,92000,0.0,completed,web
O002321,1,2026-02-15T22:57,C0062,P008,1,279000,0.0,completed,web
O002322,1,2026-02-15T18:00,C0566,P008,1,279000,0.0,cancelled,app
O002323,1,2026-02-15T22:57,C0051,P010,1,263000,0.0,completed,app
O002324,1,2026-02-15T13:59,C0353,P055,1,88000,0.0,completed,web
O002325,1,2026-02-15T11:34,C0419,P006,1,275000,0.0,completed,web
O002326,1,2026-02-15T16:29,C0383,P017,1,274000,0.0,completed,web
O002327,1,2026-02-15T17:49,C0213,P040,1,44000,0.0,completed,web
O002328,1,2026-02-15T17:26,C0246,P015,1,222000,0.0,cancelled,web
O002329,1,2026-02-15T10:50,C0469,P040,1,44000,0.0,completed,app
O002329,2,2026-02-15T10:50,C0469,P048,1,92000,0.0,completed,app
O002330,1,2026-02-15T19:20,C0451,P074,1,107000,0.0,cancelled,app
O002331,1,2026-02-15T11:48,C0502,P015,1,222000,0.0,cancelled,web
O002332,1,2026-02-15T12:46,C0001,P010,1,263000,0.0,returned,web
O002332,2,2026-02-15T12:46,C0001,P017,1,274000,0.0,returned,web
O002333,1,2026-02-15T16:16,C0275,P001,1,193000,0.0,returned,web
O002334,1,2026-02-15T14:37,C0496,P017,1,274000,0.0,completed,app
O002335,1,2026-02-15T11:05,C0583,P001,1,193000,0.0,completed,web
O002336,1,2026-02-15T18:07,C0262,P016,1,169000,0.0,completed,web
O002337,1,2026-02-15T21:17,C0100,P030,1,62000,0.0,completed,web
O002337,2,2026-02-15T21:17,C0100,P040,1,44000,0.0,completed,web
O002338,1,2026-02-15T23:07,C0541,P040,3,44000,0.0,completed,app
O002339,1,2026-02-15T15:56,C0579,P001,1,193000,0.0,completed,app
O002340,1,2026-02-15T16:58,C0493,P008,1,279000,0.0,completed,web
O002340,2,2026-02-15T16:58,C0493,P040,1,44000,0.0,completed,web
O002341,1,2026-02-15T17:55,C0583,P011,1,265000,0.0,completed,app
O002341,2,2026-02-15T17:55,C0583,P017,1,274000,0.0,completed,app
O002342,1,2026-02-15T15:41,C0271,P027,1,63000,0.0,completed,app
O002342,2,2026-02-15T15:41,C0271,P040,1,44000,0.0,completed,app
O002343,1,2026-02-15T15:02,C0135,P008,1,279000,0.0,completed,web
O002344,1,2026-02-15T21:34,C0570,P042,1,85000,0.0,completed,web
O002345,1,2026-02-15T23:42,C0137,P007,1,262000,0.0,completed,web
O002346,1,2026-02-15T14:32,C0353,P043,1,91000,0.0,completed,app
O002347,1,2026-02-15T20:09,C0469,P040,1,44000,0.0,completed,app
O002348,1,2026-02-15T22:18,C0524,P075,2,81000,0.0,completed,web
O002348,2,2026-02-15T22:18,C0524,P024,1,55000,0.0,completed,web
O002349,1,2026-02-15T20:30,C0186,P001,1,193000,0.0,completed,app
O002350,1,2026-02-15T12:52,C0383,P007,1,262000,0.0,completed,app
O002350,2,2026-02-15T12:52,C0383,P017,1,274000,0.0,completed,app
O002350,3,2026-02-15T12:52,C0383,P003,1,136000,0.0,completed,app
O002351,1,2026-02-15T09:24,C0058,P008,1,279000,0.0,returned,web
O002352,1,2026-02-15T20:41,C0595,P008,1,279000,0.0,completed,app
O002352,2,2026-02-15T20:41,C0595,P042,1,85000,0.0,completed,app
O002353,1,2026-02-15T11:59,C0463,P010,1,263000,0.0,completed,web
O002354,1,2026-02-15T15:43,C0068,P043,1,91000,0.0,completed,app
O002355,1,2026-02-15T13:58,C0004,P040,1,44000,0.0,completed,app
O002356,1,2026-02-15T17:23,C0110,P076,1,101000,0.0,completed,app
O002356,2,2026-02-15T17:23,C0110,P052,1,74000,0.0,completed,app
O002357,1,2026-02-15T11:38,C0496,P060,1,82000,0.0,completed,app
O002358,1,2026-02-15T14:32,C0113,P001,1,193000,0.0,completed,web
O002358,2,2026-02-15T14:32,C0113,P049,1,78000,0.0,completed,web
O002358,3,2026-02-15T14:32,C0113,P015,1,222000,0.0,completed,web
O002359,1,2026-02-15T19:47,C0221,P080,1,109000,0.0,completed,app
O002360,1,2026-02-15T17:59,C0089,P055,1,88000,0.0,completed,app
O002360,2,2026-02-15T17:59,C0089,P080,1,109000,0.0,completed,app
O002361,1,2026-02-15T18:32,C0447,P008,1,279000,0.0,completed,web
O002362,1,2026-02-15T17:24,C0058,P008,1,279000,0.0,cancelled,app
O002363,1,2026-02-15T12:04,C0252,P015,1,222000,0.0,completed,web
O002363,2,2026-02-15T12:04,C0252,P060,2,82000,0.0,completed,web
O002364,1,2026-02-15T19:50,C0595,P080,1,109000,0.0,completed,app
O002365,1,2026-02-15T13:23,C0317,P053,1,100000,0.0,completed,web
O002366,1,2026-02-15T15:55,C0214,P001,1,193000,0.0,completed,app
O002367,1,2026-02-15T04:23,C0587,P001,1,193000,0.0,completed,app
O002367,2,2026-02-15T04:23,C0587,P073,1,75000,0.0,completed,app
O002367,3,2026-02-15T04:23,C0587,P055,1,88000,0.0,completed,app
O002368,1,2026-02-15T16:46,C0156,P006,2,275000,0.0,completed,web
O002368,2,2026-02-15T16:46,C0156,P073,3,75000,0.0,completed,web
O002369,1,2026-02-15T19:47,C0259,P011,1,265000,0.0,completed,web
O002370,1,2026-02-15T14:41,C0450,P002,1,163000,0.0,completed,app
O002371,1,2026-02-16T11:37,C0479,P069,1,122000,0.0,completed,app
O002372,1,2026-02-16T18:06,C0572,P040,1,44000,0.0,completed,web
O002373,1,2026-02-16T22:38,C0299,P052,1,74000,0.0,completed,app
O002374,1,2026-02-16T18:25,C0274,P039,1,45000,0.0,completed,app
O002375,1,2026-02-16T20:07,C0307,P075,1,81000,0.0,completed,app
O002376,1,2026-02-16T09:13,C0295,P069,1,122000,0.0,completed,web
O002376,2,2026-02-16T09:13,C0295,P008,1,279000,0.0,completed,web
O002376,3,2026-02-16T09:13,C0295,P071,1,133000,0.0,completed,web
O002377,1,2026-02-16T11:34,C0140,P073,1,75000,0.0,completed,app
O002377,2,2026-02-16T11:34,C0140,P040,1,44000,0.0,completed,app
O002378,1,2026-02-16T14:44,C0214,P055,1,88000,0.0,completed,web
O002379,1,2026-02-16T13:40,C0070,P040,1,44000,0.0,completed,web
O002380,1,2026-02-16T11:34,C0053,P040,1,44000,0.0,completed,web
O002380,2,2026-02-16T11:34,C0053,P011,1,265000,0.0,completed,web
O002381,1,2026-02-16T12:50,C0502,P021,1,72000,0.0,completed,app
O002381,2,2026-02-16T12:50,C0502,P009,1,194000,0.0,completed,app
O002381,3,2026-02-16T12:50,C0502,P017,1,274000,0.0,completed,app
O002382,1,2026-02-16T17:13,C0271,P023,1,53000,0.0,completed,app
O002382,2,2026-02-16T17:13,C0271,P019,1,37000,0.0,completed,app
O002383,1,2026-02-16T11:17,C0018,P038,1,38000,0.0,completed,app
O002383,2,2026-02-16T11:17,C0018,P017,1,274000,0.0,completed,app
O002384,1,2026-02-16T18:33,C0282,P015,1,222000,0.0,cancelled,web
O002384,2,2026-02-16T18:33,C0282,P016,1,169000,0.0,cancelled,web
O002385,1,2026-02-16T15:16,C0357,P052,1,74000,0.0,returned,app
O002386,1,2026-02-16T11:11,C0383,P008,1,279000,0.0,completed,app
O002386,2,2026-02-16T11:11,C0383,P001,1,193000,0.0,completed,app
O002386,3,2026-02-16T11:11,C0383,P076,1,101000,0.0,completed,app
O002387,1,2026-02-16T14:43,C0068,P017,1,274000,0.0,completed,app
O002387,2,2026-02-16T14:43,C0068,P052,1,74000,0.0,completed,app
O002388,1,2026-02-16T12:43,C0153,P023,1,53000,0.0,completed,app
O002388,2,2026-02-16T12:43,C0153,P017,1,274000,0.0,completed,app
O002389,1,2026-02-16T22:45,C0164,P005,1,227000,0.0,returned,app
O002390,1,2026-02-16T11:45,C0252,P038,2,38000,0.0,completed,web
O002391,1,2026-02-16T18:48,C0123,P015,1,222000,0.0,completed,web
O002391,2,2026-02-16T18:48,C0123,P040,1,44000,0.0,completed,web
O002392,1,2026-02-16T14:29,C0153,P016,1,169000,0.0,completed,app
O002393,1,2026-02-16T12:06,C0538,P013,1,271000,0.0,completed,web
O002394,1,2026-02-16T11:06,C0523,P017,1,274000,0.0,returned,web
O002395,1,2026-02-16T23:46,C0236,P049,1,78000,0.0,completed,app
O002396,1,2026-02-16T14:22,C0230,P075,1,81000,0.0,completed,web
O002397,1,2026-02-16T16:42,C0594,P011,1,265000,0.0,returned,app
O002398,1,2026-02-16T11:22,C0477,P011,1,265000,0.0,completed,app
O002399,1,2026-02-16T16:26,C0564,P051,1,78000,0.0,returned,app
O002400,1,2026-02-16T16:11,C0196,P078,1,108000,0.0,completed,app
O002401,1,2026-02-16T10:54,C0246,P008,1,279000,0.0,completed,web
O002401,2,2026-02-16T10:54,C0246,P017,1,274000,0.0,completed,web
O002401,3,2026-02-16T10:54,C0246,P008,1,279000,0.0,completed,web
O002402,1,2026-02-16T14:20,C0130,P017,1,274000,0.0,completed,app
O002402,2,2026-02-16T14:20,C0130,P014,1,203000,0.0,completed,app
O002403,1,2026-02-16T15:44,C0012,P003,1,136000,0.0,completed,web
O002404,1,2026-02-16T11:19,C0188,P008,1,279000,0.0,completed,web
O002404,2,2026-02-16T11:19,C0188,P055,1,88000,0.0,completed,web
O002405,1,2026-02-16T15:20,C0508,P076,1,101000,0.0,completed,web
O002406,1,2026-02-16T14:21,C0281,P045,1,64000,0.0,completed,app
O002407,1,2026-02-16T05:22,C0361,P080,1,109000,0.0,completed,app
O002407,2,2026-02-16T05:22,C0361,P055,1,88000,0.0,completed,app
O002408,1,2026-02-16T15:19,C0520,P055,1,88000,0.0,completed,web
O002409,1,2026-02-16T09:58,C0126,P010,1,263000,0.0,completed,app
O002410,1,2026-02-16T11:32,C0438,P001,1,193000,0.0,cancelled,web
O002410,2,2026-02-16T11:32,C0438,P007,1,262000,0.0,cancelled,web
O002411,1,2026-02-16T18:33,C0099,P073,1,75000,0.0,completed,app
O002412,1,2026-02-16T11:07,C0321,P075,1,81000,0.0,completed,app
O002412,2,2026-02-16T11:07,C0321,P043,1,91000,0.0,completed,app
O002412,3,2026-02-16T11:07,C0321,P077,1,69000,0.0,completed,app
O002413,1,2026-02-16T11:57,C0299,P055,1,88000,0.0,returned,app
O002413,2,2026-02-16T11:57,C0299,P046,1,59000,0.0,returned,app
O002414,1,2026-02-16T17:22,C0506,P064,1,127000,0.0,completed,web
O002415,1,2026-02-16T12:49,C0053,P045,1,64000,0.0,completed,app
O002415,2,2026-02-16T12:49,C0053,P001,1,193000,0.0,completed,app
O002416,1,2026-02-16T19:10,C0335,P050,1,84000,0.0,completed,web
O002416,2,2026-02-16T19:10,C0335,P060,1,82000,0.0,completed,web
O002417,1,2026-02-17T09:11,C0066,P055,1,88000,0.0,completed,app
O002418,1,2026-02-17T11:47,C0265,P018,1,273000,0.0,completed,web
O002418,2,2026-02-17T11:47,C0265,P010,1,263000,0.0,completed,web
O002418,3,2026-02-17T11:47,C0265,P011,1,265000,0.0,completed,web
O002419,1,2026-02-17T11:54,C0240,P061,1,115000,0.0,completed,app
O002419,2,2026-02-17T11:54,C0240,P020,1,41000,0.0,completed,app
O002419,3,2026-02-17T11:54,C0240,P052,1,74000,0.0,completed,app
O002420,1,2026-02-17T14:08,C0361,P043,1,91000,0.0,completed,app
O002421,1,2026-02-17T10:00,C0098,P017,1,274000,0.0,completed,web
O002422,1,2026-02-17T23:07,C0479,P028,1,39000,0.0,completed,app
O002423,1,2026-02-17T21:47,C0249,P040,1,44000,0.0,completed,app
O002424,1,2026-02-17T15:39,C0587,P008,1,279000,0.0,completed,web
O002425,1,2026-02-17T10:47,C0181,P066,1,110000,0.0,completed,app
O002425,2,2026-02-17T10:47,C0181,P061,1,115000,0.0,completed,app
O002426,1,2026-02-17T18:30,C0451,P064,1,127000,0.0,completed,app
O002427,1,2026-02-17T20:44,C0110,P043,1,91000,0.0,completed,app
O002427,2,2026-02-17T20:44,C0110,P040,1,44000,0.0,completed,app
O002428,1,2026-02-17T07:47,C0299,P040,1,44000,0.0,returned,web
O002429,1,2026-02-17T14:01,C0582,P003,1,136000,0.0,completed,app
O002430,1,2026-02-17T23:40,C0400,P026,1,48000,0.0,completed,app
O002431,1,2026-02-17T16:31,C0479,P064,1,127000,0.0,completed,web
O002431,2,2026-02-17T16:31,C0479,P064,1,127000,0.0,completed,web
O002432,1,2026-02-17T23:25,C0182,P040,1,44000,0.0,completed,web
O002432,2,2026-02-17T23:25,C0182,P012,1,138000,0.0,completed,web
O002433,1,2026-02-17T09:59,C0479,P034,1,57000,0.0,completed,app
O002433,2,2026-02-17T09:59,C0479,P042,1,85000,0.0,completed,app
O002434,1,2026-02-17T14:12,C0184,P036,1,65000,0.0,completed,app
O002435,1,2026-02-17T12:22,C0450,P074,1,107000,0.0,completed,app
O002436,1,2026-02-17T16:58,C0186,P001,1,193000,0.0,completed,web
O002436,2,2026-02-17T16:58,C0186,P001,1,193000,0.0,completed,web
O002437,1,2026-02-17T08:18,C0113,P006,1,275000,0.0,completed,web
O002438,1,2026-02-17T11:42,C0110,P030,1,62000,0.0,completed,web
O002439,1,2026-02-17T18:58,C0188,P011,1,265000,0.0,completed,web
O002439,2,2026-02-17T18:58,C0188,P032,1,45000,0.0,completed,web
O002440,1,2026-02-17T13:11,C0595,P037,1,49000,0.0,completed,app
O002441,1,2026-02-17T19:28,C0190,P043,1,91000,0.0,completed,app
O002442,1,2026-02-17T19:43,C0058,P033,1,65000,0.0,completed,app
O002443,1,2026-02-17T08:03,C0240,P016,1,169000,0.0,returned,app
O002444,1,2026-02-17T16:49,C0430,P011,1,265000,0.0,completed,app
O002445,1,2026-02-17T12:12,C0489,P017,1,274000,0.0,completed,web
O002446,1,2026-02-17T17:02,C0424,P012,2,138000,0.0,completed,web
O002447,1,2026-02-17T16:19,C0283,P058,1,99000,0.0,completed,web
O002447,2,2026-02-17T16:19,C0283,P073,1,75000,0.0,completed,web
O002448,1,2026-02-17T18:11,C0001,P008,1,279000,0.0,completed,web
O002449,1,2026-02-17T15:15,C0099,P008,1,279000,0.0,completed,app
O002450,1,2026-02-17T10:29,C0279,P011,1,265000,0.0,cancelled,app
O002451,1,2026-02-17T10:10,C0582,P017,1,274000,0.0,completed,web
O002452,1,2026-02-17T22:56,C0430,P053,1,100000,0.0,cancelled,web
O002452,2,2026-02-17T22:56,C0430,P008,1,279000,0.0,cancelled,web
O002452,3,2026-02-17T22:56,C0430,P040,1,44000,0.0,cancelled,web
O002453,1,2026-02-17T09:20,C0127,P040,1,44000,0.0,completed,web
O002453,2,2026-02-17T09:20,C0127,P040,1,44000,0.0,completed,web
O002454,1,2026-02-17T09:09,C0052,P008,1,279000,0.0,completed,app
O002455,1,2026-02-17T19:50,C0006,P013,1,271000,0.0,returned,app
O002456,1,2026-02-17T17:17,C0206,P008,1,279000,0.0,completed,web
O002456,2,2026-02-17T17:17,C0206,P017,1,274000,0.0,completed,web
O002457,1,2026-02-17T10:30,C0579,P078,1,108000,0.0,returned,app
O002457,2,2026-02-17T10:30,C0579,P008,1,279000,0.0,returned,app
O002458,1,2026-02-17T15:07,C0234,P040,1,44000,0.0,completed,web
O002459,1,2026-02-17T14:11,C0283,P017,1,274000,0.0,completed,app
O002460,1,2026-02-17T15:38,C0469,P040,1,44000,0.0,completed,app
O002460,2,2026-02-17T15:38,C0469,P008,1,279000,0.0,completed,app
O002461,1,2026-02-17T12:31,C0190,P010,1,263000,0.0,completed,app
O002462,1,2026-02-17T19:15,C0058,P078,1,108000,0.0,cancelled,app
O002463,1,2026-02-17T17:31,C0479,P051,1,78000,0.0,completed,app
O002464,1,2026-02-18T15:59,C0564,P073,1,75000,0.0,completed,web
O002465,1,2026-02-18T20:13,C0153,P027,1,63000,0.0,completed,app
O002466,1,2026-02-18T14:17,C0066,P014,1,203000,0.0,completed,web
O002466,2,2026-02-18T14:17,C0066,P052,1,74000,0.0,completed,web
O002466,3,2026-02-18T14:17,C0066,P009,1,194000,0.0,completed,web
O002467,1,2026-02-18T17:50,C0572,P043,1,91000,0.0,completed,web
O002467,2,2026-02-18T17:50,C0572,P043,1,91000,0.0,completed,web
O002468,1,2026-02-18T05:02,C0274,P077,1,69000,0.0,completed,app
O002469,1,2026-02-18T15:09,C0205,P028,1,39000,0.0,completed,app
O002470,1,2026-02-18T17:35,C0346,P017,1,274000,0.0,completed,app
O002470,2,2026-02-18T17:35,C0346,P014,1,203000,0.0,completed,app
O002471,1,2026-02-18T14:31,C0335,P040,1,44000,0.0,completed,web
O002472,1,2026-02-18T19:22,C0182,P008,1,279000,0.0,completed,app
O002473,1,2026-02-18T18:40,C0222,P061,1,115000,0.0,completed,app
O002474,1,2026-02-18T15:25,C0457,P073,1,75000,0.0,completed,web
O002475,1,2026-02-18T12:21,C0246,P015,1,222000,0.0,completed,web
O002475,2,2026-02-18T12:21,C0246,P005,1,227000,0.0,completed,web
O002476,1,2026-02-18T13:09,C0595,P040,1,44000,0.0,completed,app
O002477,1,2026-02-18T22:51,C0259,P040,1,44000,0.0,completed,web
O002478,1,2026-02-18T07:58,C0283,P060,1,82000,0.0,completed,app
O002479,1,2026-02-18T09:21,C0053,P008,1,279000,0.0,completed,app
O002479,2,2026-02-18T09:21,C0053,P013,1,271000,0.0,completed,app
O002479,3,2026-02-18T09:21,C0053,P028,1,39000,0.0,completed,app
O002480,1,2026-02-18T15:06,C0190,P042,1,85000,0.0,completed,app
O002481,1,2026-02-18T16:43,C0130,P003,1,136000,0.0,cancelled,app
O002481,2,2026-02-18T16:43,C0130,P011,1,265000,0.0,cancelled,app
O002482,1,2026-02-18T13:16,C0496,P037,1,49000,0.0,completed,app
O002483,1,2026-02-18T13:39,C0272,P001,1,193000,0.0,completed,web
O002484,1,2026-02-18T15:08,C0411,P007,1,262000,0.0,completed,web
O002484,2,2026-02-18T15:08,C0411,P079,1,115000,0.0,completed,web
O002485,1,2026-02-18T17:08,C0214,P007,1,262000,0.0,completed,app
O002486,1,2026-02-18T06:26,C0249,P017,1,274000,0.0,completed,app
O002486,2,2026-02-18T06:26,C0249,P080,1,109000,0.0,completed,app
O002486,3,2026-02-18T06:26,C0249,P008,1,279000,0.0,completed,app
O002487,1,2026-02-18T15:04,C0297,P017,1,274000,0.0,completed,app
O002488,1,2026-02-18T15:46,C0368,P017,2,274000,0.0,completed,web
O002488,2,2026-02-18T15:46,C0368,P043,2,91000,0.0,completed,web
O002489,1,2026-02-18T15:42,C0411,P047,1,58000,0.0,completed,web
O002490,1,2026-02-18T09:30,C0282,P001,1,193000,0.0,completed,web
O002490,2,2026-02-18T09:30,C0282,P052,1,74000,0.0,completed,web
O002491,1,2026-02-18T13:43,C0453,P043,1,91000,0.0,completed,web
O002492,1,2026-02-18T08:48,C0341,P006,1,275000,0.0,completed,app
O002493,1,2026-02-18T08:56,C0153,P075,1,81000,0.0,completed,app
O002493,2,2026-02-18T08:56,C0153,P029,1,39000,0.0,completed,app
O002494,1,2026-02-18T21:41,C0554,P063,2,124000,0.0,completed,web
O002495,1,2026-02-18T10:27,C0397,P015,1,222000,0.0,completed,app
O002496,1,2026-02-18T21:05,C0087,P042,1,85000,0.0,completed,web
O002497,1,2026-02-18T20:19,C0146,P050,1,84000,0.0,returned,app
O002498,1,2026-02-18T18:12,C0190,P048,1,92000,0.0,completed,app
O002499,1,2026-02-18T16:02,C0595,P055,1,88000,0.0,completed,app
O002500,1,2026-02-18T08:50,C0279,P008,1,279000,0.0,completed,web
O002500,2,2026-02-18T08:50,C0279,P001,1,193000,0.0,completed,web
O002500,3,2026-02-18T08:50,C0279,P017,1,274000,0.0,completed,web
O002501,1,2026-02-18T15:05,C0214,P008,1,279000,0.0,completed,app
O002501,2,2026-02-18T15:05,C0214,P001,1,193000,0.0,completed,app
O002501,3,2026-02-18T15:05,C0214,P001,1,193000,0.0,completed,app
O002502,1,2026-02-18T15:53,C0492,P008,1,279000,0.0,completed,app
O002502,2,2026-02-18T15:53,C0492,P016,1,169000,0.0,completed,app
O002503,1,2026-02-18T15:46,C0385,P010,1,263000,0.0,completed,web
O002504,1,2026-02-18T18:51,C0325,P003,1,136000,0.0,completed,web
O002505,1,2026-02-18T14:32,C0532,P015,1,222000,0.0,completed,web
O002506,1,2026-02-18T16:54,C0579,P004,1,157000,0.0,completed,web
O002506,2,2026-02-18T16:54,C0579,P001,1,193000,0.0,completed,web
O002507,1,2026-02-18T13:13,C0430,P001,1,193000,0.0,returned,app
O002508,1,2026-02-18T09:43,C0135,P063,1,124000,0.0,completed,app
O002509,1,2026-02-18T14:39,C0582,P017,1,274000,0.0,completed,app
O002509,2,2026-02-18T14:39,C0582,P009,1,194000,0.0,completed,app
O002510,1,2026-02-19T11:36,C0335,P019,1,37000,0.0,completed,web
O002510,2,2026-02-19T11:36,C0335,P027,1,63000,0.0,completed,web
O002511,1,2026-02-19T21:12,C0463,P020,1,41000,0.0,completed,web
O002511,2,2026-02-19T21:12,C0463,P048,1,92000,0.0,completed,web
O002512,1,2026-02-19T17:34,C0482,P015,1,222000,0.0,completed,web
O002512,2,2026-02-19T17:34,C0482,P059,3,95000,0.0,completed,web
O002513,1,2026-02-19T12:08,C0489,P049,1,78000,0.0,returned,web
O002514,1,2026-02-19T11:50,C0311,P040,1,44000,0.0,completed,web
O002515,1,2026-02-19T11:53,C0492,P017,1,274000,0.0,returned,app
O002516,1,2026-02-19T16:03,C0383,P015,1,222000,0.0,completed,app
O002517,1,2026-02-19T18:51,C0033,P061,1,115000,0.0,completed,web
O002518,1,2026-02-19T13:24,C0096,P040,1,44000,0.0,completed,app
O002518,2,2026-02-19T13:24,C0096,P040,1,44000,0.0,completed,app
O002519,1,2026-02-19T09:30,C0335,P008,1,279000,0.0,completed,web
O002520,1,2026-02-19T18:40,C0526,P020,1,41000,0.0,returned,web
O002521,1,2026-02-19T16:59,C0001,P055,1,88000,0.0,cancelled,web
O002521,2,2026-02-19T16:59,C0001,P013,1,271000,0.0,cancelled,web
O002522,1,2026-02-19T10:49,C0504,P016,1,169000,0.0,completed,app
O002522,2,2026-02-19T10:49,C0504,P030,1,62000,0.0,completed,app
O002522,3,2026-02-19T10:49,C0504,P073,1,75000,0.0,completed,app
O002523,1,2026-02-19T13:36,C0261,P008,1,279000,0.0,completed,web
O002524,1,2026-02-19T09:04,C0113,P040,1,44000,0.0,completed,web
O002525,1,2026-02-19T22:15,C0469,P038,1,38000,0.0,completed,web
O002525,2,2026-02-19T22:15,C0469,P061,1,115000,0.0,completed,web
O002525,3,2026-02-19T22:15,C0469,P064,1,127000,0.0,completed,web
O002526,1,2026-02-19T13:38,C0443,P006,1,275000,0.0,cancelled,app
O002527,1,2026-02-19T13:27,C0206,P010,1,263000,0.0,completed,web
O002527,2,2026-02-19T13:27,C0206,P007,1,262000,0.0,completed,web
O002527,3,2026-02-19T13:27,C0206,P070,1,114000,0.0,completed,web
O002528,1,2026-02-19T15:46,C0279,P006,1,275000,0.0,completed,web
O002529,1,2026-02-19T15:22,C0436,P063,1,124000,0.0,completed,app
O002529,2,2026-02-19T15:22,C0436,P015,1,222000,0.0,completed,app
O002530,1,2026-02-19T11:25,C0389,P056,1,61000,0.0,cancelled,app
O002531,1,2026-02-19T15:49,C0167,P017,1,274000,0.0,completed,app
O002532,1,2026-02-19T22:59,C0548,P049,1,78000,0.0,completed,web
O002533,1,2026-02-19T10:00,C0136,P068,1,117000,0.0,completed,app
O002533,2,2026-02-19T10:00,C0136,P045,1,64000,0.0,completed,app
O002534,1,2026-02-19T10:29,C0554,P055,1,88000,0.0,returned,web
O002534,2,2026-02-19T10:29,C0554,P064,2,127000,0.0,returned,web
O002535,1,2026-02-19T09:32,C0299,P049,1,78000,0.0,completed,app
O002536,1,2026-02-19T13:49,C0272,P011,1,265000,0.0,completed,web
O002537,1,2026-02-19T11:25,C0600,P013,1,271000,0.0,completed,app
O002538,1,2026-02-19T11:08,C0186,P008,1,279000,0.0,completed,app
O002539,1,2026-02-19T18:33,C0190,P043,1,91000,0.0,completed,web
O002539,2,2026-02-19T18:33,C0190,P047,1,58000,0.0,completed,web
O002539,3,2026-02-19T18:33,C0190,P040,1,44000,0.0,completed,web
O002540,1,2026-02-19T14:57,C0589,P079,1,115000,0.0,completed,web
O002541,1,2026-02-19T16:43,C0435,P001,1,193000,0.0,completed,web
O002542,1,2026-02-19T12:28,C0403,P008,1,279000,0.0,completed,app
O002543,1,2026-02-19T16:50,C0399,P078,1,108000,0.0,completed,web
O002544,1,2026-02-19T10:36,C0467,P050,1,84000,0.0,completed,app
O002545,1,2026-02-19T14:13,C0186,P020,1,41000,0.0,completed,app
O002545,2,2026-02-19T14:13,C0186,P016,1,169000,0.0,completed,app
O002546,1,2026-02-19T10:03,C0438,P008,1,279000,0.0,completed,web
O002547,1,2026-02-19T04:05,C0146,P055,1,88000,0.0,completed,web
O002548,1,2026-02-19T17:08,C0001,P040,1,44000,0.0,completed,web
O002549,1,2026-02-19T14:48,C0250,P050,1,84000,0.0,completed,app
O002550,1,2026-02-19T13:20,C0478,P040,1,44000,0.0,completed,web
O002551,1,2026-02-19T14:24,C0294,P008,1,279000,0.0,completed,web
O002551,2,2026-02-19T14:24,C0294,P027,1,63000,0.0,completed,web
O002552,1,2026-02-19T15:06,C0124,P015,1,222000,0.0,completed,app
O002552,2,2026-02-19T15:06,C0124,P056,1,61000,0.0,completed,app
O002553,1,2026-02-19T19:22,C0151,P039,1,45000,0.0,cancelled,app
O002554,1,2026-02-19T16:35,C0190,P072,1,95000,0.0,completed,app
O002555,1,2026-02-19T12:51,C0572,P028,1,39000,0.0,completed,web
O002556,1,2026-02-19T02:12,C0418,P008,1,279000,0.0,completed,app
O002556,2,2026-02-19T02:12,C0418,P011,1,265000,0.0,completed,app
O002556,3,2026-02-19T02:12,C0418,P073,1,75000,0.0,completed,app
O002557,1,2026-02-19T16:44,C0325,P080,1,109000,0.0,completed,web
O002558,1,2026-02-19T17:34,C0200,P027,1,63000,0.0,completed,app
O002559,1,2026-02-20T10:23,C0215,P001,1,193000,0.0,completed,app
O002560,1,2026-02-20T16:45,C0215,P006,1,275000,0.0,completed,web
O002560,2,2026-02-20T16:45,C0215,P073,1,75000,0.0,completed,web
O002561,1,2026-02-20T18:16,C0077,P052,1,74000,0.0,completed,web
O002561,2,2026-02-20T18:16,C0077,P009,1,194000,0.0,completed,web
O002561,3,2026-02-20T18:16,C0077,P047,1,58000,0.0,completed,web
O002562,1,2026-02-20T17:51,C0245,P048,1,92000,0.0,completed,web
O002563,1,2026-02-20T17:49,C0174,P017,1,274000,0.0,completed,web
O002564,1,2026-02-20T12:09,C0153,P039,1,45000,0.0,returned,app
O002564,2,2026-02-20T12:09,C0153,P017,1,274000,0.0,returned,app
O002565,1,2026-02-20T09:40,C0110,P017,1,274000,0.0,completed,app
O002565,2,2026-02-20T09:40,C0110,P042,1,85000,0.0,completed,app
O002566,1,2026-02-20T15:04,C0114,P001,1,193000,0.0,completed,app
O002566,2,2026-02-20T15:04,C0114,P008,1,279000,0.0,completed,app
O002567,1,2026-02-20T14:47,C0595,P001,1,193000,0.0,completed,web
O002568,1,2026-02-20T18:25,C0058,P028,1,39000,0.0,completed,web
O002568,2,2026-02-20T18:25,C0058,P040,1,44000,0.0,completed,web
O002569,1,2026-02-20T08:41,C0246,P027,1,63000,0.0,completed,web
O002570,1,2026-02-20T18:30,C0154,P057,1,92000,0.0,completed,app
O002571,1,2026-02-20T15:52,C0515,P001,1,193000,0.0,completed,app
O002571,2,2026-02-20T15:52,C0515,P075,1,81000,0.0,completed,app
O002572,1,2026-02-20T15:31,C0582,P027,1,63000,0.0,completed,web
O002573,1,2026-02-20T13:46,C0220,P077,1,69000,0.0,completed,app
O002574,1,2026-02-20T16:27,C0297,P061,1,115000,0.0,cancelled,app
O002575,1,2026-02-20T19:13,C0302,P007,1,262000,0.0,completed,app
O002576,1,2026-02-20T17:49,C0249,P074,1,107000,0.0,completed,app
O002577,1,2026-02-20T10:09,C0188,P008,1,279000,0.0,completed,web
O002578,1,2026-02-20T08:03,C0579,P007,1,262000,0.0,completed,app
O002578,2,2026-02-20T08:03,C0579,P017,1,274000,0.0,completed,app
O002578,3,2026-02-20T08:03,C0579,P014,1,203000,0.0,completed,app
O002579,1,2026-02-20T09:34,C0099,P043,1,91000,0.0,completed,app
O002579,2,2026-02-20T09:34,C0099,P009,1,194000,0.0,completed,app
O002579,3,2026-02-20T09:34,C0099,P013,1,271000,0.0,completed,app
O002580,1,2026-02-20T18:39,C0350,P069,1,122000,0.0,completed,app
O002580,2,2026-02-20T18:39,C0350,P064,1,127000,0.0,completed,app
O002580,3,2026-02-20T18:39,C0350,P061,1,115000,0.0,completed,app
O002581,1,2026-02-20T15:09,C0499,P042,1,85000,0.0,completed,app
O002582,1,2026-02-20T13:28,C0430,P050,1,84000,0.0,completed,app
O002583,1,2026-02-20T09:08,C0051,P001,1,193000,0.0,completed,app
O002584,1,2026-02-20T16:16,C0015,P073,2,75000,0.0,completed,web
O002584,2,2026-02-20T16:16,C0015,P008,1,279000,0.0,completed,web
O002585,1,2026-02-20T12:39,C0206,P011,1,265000,0.0,completed,web
O002585,2,2026-02-20T12:39,C0206,P038,1,38000,0.0,completed,web
O002586,1,2026-02-20T10:44,C0057,P061,1,115000,0.0,completed,app
O002586,2,2026-02-20T10:44,C0057,P038,1,38000,0.0,completed,app
O002586,3,2026-02-20T10:44,C0057,P061,1,115000,0.0,completed,app
O002587,1,2026-02-20T14:56,C0167,P040,1,44000,0.0,completed,web
O002588,1,2026-02-20T17:40,C0061,P055,2,88000,0.0,completed,web
O002589,1,2026-02-20T11:05,C0164,P028,1,39000,0.0,completed,app
O002589,2,2026-02-20T11:05,C0164,P006,1,275000,0.0,completed,app
O002590,1,2026-02-20T17:39,C0481,P001,1,193000,0.0,completed,app
O002590,2,2026-02-20T17:39,C0481,P021,1,72000,0.0,completed,app
O002591,1,2026-02-20T19:07,C0077,P052,1,74000,0.0,completed,app
O002591,2,2026-02-20T19:07,C0077,P043,1,91000,0.0,completed,app
O002592,1,2026-02-20T10:13,C0005,P017,1,274000,0.0,completed,app
O002592,2,2026-02-20T10:13,C0005,P014,1,203000,0.0,completed,app
O002593,1,2026-02-20T17:06,C0284,P008,1,279000,0.0,cancelled,web
O002594,1,2026-02-20T18:10,C0400,P008,1,279000,0.0,returned,app
O002595,1,2026-02-20T20:23,C0259,P011,1,265000,0.0,returned,web
O002596,1,2026-02-20T17:51,C0250,P028,1,39000,0.0,completed,app
O002596,2,2026-02-20T17:51,C0250,P013,1,271000,0.0,completed,app
O002596,3,2026-02-20T17:51,C0250,P008,1,279000,0.0,completed,app
O002597,1,2026-02-20T15:48,C0545,P016,1,169000,0.0,completed,app
O002597,2,2026-02-20T15:48,C0545,P006,1,275000,0.0,completed,app
O002598,1,2026-02-20T17:45,C0294,P001,1,193000,0.0,completed,app
O002599,1,2026-02-21T19:31,C0188,P008,1,279000,0.0,completed,web
O002600,1,2026-02-21T19:53,C0277,P071,1,133000,0.0,completed,app
O002600,2,2026-02-21T19:53,C0277,P071,1,133000,0.0,completed,app
O002600,3,2026-02-21T19:53,C0277,P008,1,279000,0.0,completed,app
O002601,1,2026-02-21T13:34,C0570,P016,1,169000,0.0,completed,web
O002601,2,2026-02-21T13:34,C0570,P015,1,222000,0.0,completed,web
O002602,1,2026-02-21T15:50,C0281,P072,1,95000,0.0,returned,app
O002603,1,2026-02-21T17:19,C0171,P001,1,193000,0.0,completed,app
O002603,2,2026-02-21T17:19,C0171,P064,1,127000,0.0,completed,app
O002604,1,2026-02-21T13:27,C0583,P061,1,115000,0.0,completed,app
O002604,2,2026-02-21T13:27,C0583,P064,1,127000,0.0,completed,app
O002605,1,2026-02-21T15:23,C0538,P040,1,44000,0.0,completed,web
O002606,1,2026-02-21T11:57,C0579,P006,1,275000,0.0,returned,web
O002607,1,2026-02-21T10:42,C0110,P060,1,82000,0.0,completed,app
O002608,1,2026-02-21T16:58,C0215,P055,1,88000,0.0,completed,app
O002609,1,2026-02-21T12:49,C0275,P013,1,271000,0.0,returned,app
O002610,1,2026-02-21T18:45,C0349,P040,3,44000,0.0,completed,app
O002610,2,2026-02-21T18:45,C0349,P027,1,63000,0.0,completed,app
O002611,1,2026-02-21T14:13,C0033,P060,1,82000,0.0,completed,web
O002612,1,2026-02-21T15:22,C0068,P055,1,88000,0.0,completed,app
O002613,1,2026-02-21T11:09,C0213,P017,1,274000,0.0,completed,web
O002613,2,2026-02-21T11:09,C0213,P017,1,274000,0.0,completed,web
O002614,1,2026-02-21T16:46,C0109,P042,1,85000,0.0,returned,web
O002615,1,2026-02-21T17:38,C0545,P042,1,85000,0.0,completed,app
O002616,1,2026-02-21T15:36,C0567,P077,1,69000,0.0,completed,app
O002616,2,2026-02-21T15:36,C0567,P016,1,169000,0.0,completed,app
O002617,1,2026-02-21T15:21,C0545,P028,1,39000,0.0,completed,app
O002618,1,2026-02-21T19:26,C0279,P001,1,193000,0.0,completed,app
O002619,1,2026-02-21T09:50,C0192,P007,1,262000,0.0,completed,app
O002620,1,2026-02-21T09:58,C0469,P019,1,37000,0.0,completed,web
O002620,2,2026-02-21T09:58,C0469,P019,1,37000,0.0,completed,web
O002620,3,2026-02-21T09:58,C0469,P040,1,44000,0.0,completed,web
O002621,1,2026-02-21T18:22,C0072,P017,1,274000,0.0,completed,app
O002622,1,2026-02-21T11:19,C0018,P055,1,88000,0.0,completed,app
O002623,1,2026-02-21T17:55,C0435,P076,1,101000,0.0,completed,web
O002623,2,2026-02-21T17:55,C0435,P074,1,107000,0.0,completed,web
O002623,3,2026-02-21T17:55,C0435,P043,1,91000,0.0,completed,web
O002624,1,2026-02-21T12:14,C0545,P014,1,203000,0.0,completed,web
O002624,2,2026-02-21T12:14,C0545,P012,1,138000,0.0,completed,web
O002625,1,2026-02-21T14:17,C0220,P043,1,91000,0.0,completed,web
O002625,2,2026-02-21T14:17,C0220,P049,1,78000,0.0,completed,web
O002626,1,2026-02-21T09:29,C0299,P043,1,91000,0.0,completed,app
O002627,1,2026-02-21T10:17,C0566,P044,1,85000,0.0,completed,app
O002627,2,2026-02-21T10:17,C0566,P006,1,275000,0.0,completed,app
O002628,1,2026-02-21T11:51,C0382,P008,1,279000,0.0,completed,web
O002629,1,2026-02-21T17:54,C0089,P045,1,64000,0.0,completed,app
O002629,2,2026-02-21T17:54,C0089,P016,1,169000,0.0,completed,app
O002630,1,2026-02-21T17:15,C0523,P017,1,274000,0.0,completed,web
O002631,1,2026-02-21T15:39,C0592,P011,1,265000,0.0,completed,app
O002632,1,2026-02-21T19:03,C0215,P017,1,274000,0.0,completed,app
O002633,1,2026-02-21T14:01,C0265,P006,1,275000,0.0,completed,web
O002634,1,2026-02-21T17:17,C0350,P023,1,53000,0.0,completed,web
O002635,1,2026-02-21T08:25,C0110,P040,1,44000,0.0,completed,web
O002635,2,2026-02-21T08:25,C0110,P016,1,169000,0.0,completed,web
O002635,3,2026-02-21T08:25,C0110,P048,1,92000,0.0,completed,web
O002636,1,2026-02-21T12:59,C0450,P006,1,275000,0.0,completed,app
O002637,1,2026-02-21T12:34,C0284,P030,1,62000,0.0,completed,app
O002638,1,2026-02-21T06:52,C0186,P011,1,265000,0.0,completed,app
O002639,1,2026-02-21T05:55,C0299,P013,1,271000,0.0,cancelled,web
O002640,1,2026-02-21T07:49,C0227,P040,1,44000,0.0,completed,web
O002641,1,2026-02-21T19:39,C0397,P024,1,55000,0.0,completed,app
O002641,2,2026-02-21T19:39,C0397,P040,1,44000,0.0,completed,app
O002642,1,2026-02-21T10:39,C0429,P019,1,37000,0.0,completed,web
O002642,2,2026-02-21T10:39,C0429,P012,1,138000,0.0,completed,web
O002643,1,2026-02-21T12:20,C0579,P008,1,279000,0.0,completed,web
O002643,2,2026-02-21T12:20,C0579,P014,1,203000,0.0,completed,web
O002644,1,2026-02-21T11:00,C0215,P016,1,169000,0.0,completed,app
O002644,2,2026-02-21T11:00,C0215,P008,1,279000,0.0,completed,app
O002645,1,2026-02-21T10:18,C0589,P040,1,44000,0.0,completed,app
O002645,2,2026-02-21T10:18,C0589,P040,1,44000,0.0,completed,app
O002646,1,2026-02-21T10:05,C0249,P017,1,274000,0.0,completed,app
O002647,1,2026-02-21T16:45,C0588,P001,1,193000,0.0,completed,app
O002648,1,2026-02-21T14:19,C0283,P010,1,263000,0.0,completed,app
O002648,2,2026-02-21T14:19,C0283,P011,1,265000,0.0,completed,app
O002649,1,2026-02-21T17:03,C0068,P015,1,222000,0.0,completed,app
O002650,1,2026-02-21T10:42,C0564,P028,1,39000,0.0,cancelled,app
O002651,1,2026-02-21T12:28,C0443,P001,1,193000,0.0,completed,app
O002651,2,2026-02-21T12:28,C0443,P014,1,203000,0.0,completed,app
O002652,1,2026-02-21T19:33,C0572,P038,1,38000,0.0,completed,web
O002653,1,2026-02-21T11:46,C0492,P017,1,274000,0.0,completed,app
O002654,1,2026-02-21T09:06,C0153,P027,1,63000,0.0,completed,app
O002654,2,2026-02-21T09:06,C0153,P015,1,222000,0.0,completed,app
O002655,1,2026-02-21T17:41,C0282,P008,1,279000,0.0,completed,web
O002656,1,2026-02-21T19:41,C0333,P001,1,193000,0.0,completed,app
O002657,1,2026-02-21T06:33,C0499,P015,1,222000,0.0,completed,app
O002658,1,2026-02-21T15:32,C0196,P017,1,274000,0.0,completed,app
O002658,2,2026-02-21T15:32,C0196,P011,1,265000,0.0,completed,app
O002659,1,2026-02-22T17:50,C0357,P073,1,75000,0.0,completed,web
O002660,1,2026-02-22T11:32,C0196,P040,1,44000,0.0,completed,app
O002661,1,2026-02-22T21:30,C0100,P037,1,49000,0.0,completed,web
O002661,2,2026-02-22T21:30,C0100,P020,1,41000,0.0,completed,web
O002662,1,2026-02-22T23:56,C0592,P012,1,138000,0.0,completed,app
O002663,1,2026-02-22T12:10,C0153,P001,1,193000,0.0,cancelled,app
O002664,1,2026-02-22T23:22,C0545,P013,1,271000,0.0,completed,app
O002665,1,2026-02-22T17:34,C0250,P020,1,41000,0.0,completed,web
O002665,2,2026-02-22T17:34,C0250,P032,1,45000,0.0,completed,web
O002665,3,2026-02-22T17:34,C0250,P027,1,63000,0.0,completed,web
O002666,1,2026-02-22T12:15,C0146,P032,1,45000,0.0,completed,app
O002667,1,2026-02-22T19:56,C0182,P040,1,44000,0.0,completed,app
O002667,2,2026-02-22T19:56,C0182,P061,1,115000,0.0,completed,app
O002668,1,2026-02-22T07:36,C0113,P015,1,222000,0.0,completed,web
O002669,1,2026-02-22T16:15,C0496,P030,1,62000,0.0,completed,app
O002669,2,2026-02-22T16:15,C0496,P075,1,81000,0.0,completed,app
O002670,1,2026-02-22T08:39,C0496,P016,1,169000,0.0,completed,app
O002671,1,2026-02-22T13:15,C0126,P069,1,122000,0.0,cancelled,app
O002672,1,2026-02-22T13:10,C0222,P042,1,85000,0.0,completed,app
O002673,1,2026-02-22T07:14,C0252,P055,1,88000,0.0,completed,web
O002673,2,2026-02-22T07:14,C0252,P023,2,53000,0.0,completed,web
O002673,3,2026-02-22T07:14,C0252,P040,2,44000,0.0,completed,web
O002674,1,2026-02-22T23:37,C0463,P050,1,84000,0.0,completed,web
O002674,2,2026-02-22T23:37,C0463,P049,1,78000,0.0,completed,web
O002675,1,2026-02-22T11:22,C0481,P007,1,262000,0.0,completed,web
O002676,1,2026-02-22T17:17,C0599,P042,1,85000,0.0,completed,web
O002677,1,2026-02-22T16:09,C0123,P028,1,39000,0.0,completed,web
O002678,1,2026-02-22T16:45,C0451,P069,1,122000,0.0,completed,app
O002678,2,2026-02-22T16:45,C0451,P007,1,262000,0.0,completed,app
O002679,1,2026-02-22T08:11,C0583,P071,1,133000,0.0,completed,app
O002680,1,2026-02-22T10:14,C0052,P072,1,95000,0.0,completed,app
O002680,2,2026-02-22T10:14,C0052,P064,1,127000,0.0,completed,app
O002681,1,2026-02-22T17:28,C0406,P051,1,78000,0.0,completed,app
O002681,2,2026-02-22T17:28,C0406,P053,1,100000,0.0,completed,app
O002681,3,2026-02-22T17:28,C0406,P073,1,75000,0.0,completed,app
O002682,1,2026-02-22T14:10,C0206,P001,1,193000,0.0,cancelled,web
O002683,1,2026-02-22T20:40,C0579,P010,1,263000,0.0,completed,app
O002683,2,2026-02-22T20:40,C0579,P015,1,222000,0.0,completed,app
O002683,3,2026-02-22T20:40,C0579,P017,1,274000,0.0,completed,app
O002684,1,2026-02-22T11:39,C0077,P049,1,78000,0.0,completed,app
O002684,2,2026-02-22T11:39,C0077,P004,1,157000,0.0,completed,app
O002685,1,2026-02-22T21:22,C0463,P053,1,100000,0.0,completed,web
O002685,2,2026-02-22T21:22,C0463,P043,1,91000,0.0,completed,web
O002686,1,2026-02-22T13:10,C0072,P008,1,279000,0.0,completed,web
O002687,1,2026-02-22T07:48,C0371,P077,2,69000,0.0,completed,app
O002688,1,2026-02-22T11:55,C0287,P055,1,88000,0.0,completed,web
O002689,1,2026-02-22T15:51,C0589,P020,1,41000,0.0,completed,app
O002689,2,2026-02-22T15:51,C0589,P021,1,72000,0.0,completed,app
O002689,3,2026-02-22T15:51,C0589,P028,1,39000,0.0,completed,app
O002690,1,2026-02-22T15:40,C0187,P005,1,227000,0.0,completed,web
O002691,1,2026-02-22T17:53,C0061,P008,2,279000,0.0,completed,app
O002692,1,2026-02-22T13:00,C0587,P011,1,265000,0.0,completed,app
O002693,1,2026-02-22T16:55,C0227,P027,1,63000,0.0,completed,app
O002694,1,2026-02-22T07:40,C0171,P011,1,265000,0.0,completed,app
O002694,2,2026-02-22T07:40,C0171,P055,1,88000,0.0,completed,app
O002695,1,2026-02-22T10:10,C0240,P010,1,263000,0.0,completed,app
O002696,1,2026-02-22T19:29,C0126,P010,1,263000,0.0,completed,app
O002697,1,2026-02-22T14:10,C0140,P068,1,117000,0.0,completed,app
O002698,1,2026-02-22T18:43,C0214,P076,1,101000,0.0,completed,app
O002699,1,2026-02-22T07:26,C0175,P064,1,127000,0.0,completed,web
O002700,1,2026-02-22T07:03,C0477,P014,1,203000,0.0,completed,web
O002700,2,2026-02-22T07:03,C0477,P055,1,88000,0.0,completed,web
O002700,3,2026-02-22T07:03,C0477,P043,1,91000,0.0,completed,web
O002701,1,2026-02-22T19:37,C0053,P003,1,136000,0.0,completed,app
O002702,1,2026-02-22T22:58,C0383,P017,1,274000,0.0,cancelled,web
O002703,1,2026-02-22T15:11,C0469,P078,1,108000,0.0,completed,app
O002704,1,2026-02-22T16:58,C0515,P017,1,274000,0.0,completed,app
O002704,2,2026-02-22T16:58,C0515,P017,1,274000,0.0,completed,app
O002704,3,2026-02-22T16:58,C0515,P016,1,169000,0.0,completed,app
O002705,1,2026-02-22T11:27,C0130,P001,1,193000,0.0,completed,app
O002705,2,2026-02-22T11:27,C0130,P004,1,157000,0.0,completed,app
O002706,1,2026-02-22T13:31,C0463,P042,1,85000,0.0,completed,web
O002707,1,2026-02-22T11:17,C0131,P028,1,39000,0.0,completed,app
O002708,1,2026-02-22T13:00,C0450,P008,1,279000,0.0,completed,app
O002708,2,2026-02-22T13:00,C0450,P008,1,279000,0.0,completed,app
O002708,3,2026-02-22T13:00,C0450,P036,1,65000,0.0,completed,app
O002709,1,2026-02-22T13:49,C0231,P015,1,222000,0.0,completed,app
O002710,1,2026-02-22T14:44,C0129,P021,1,72000,0.0,completed,app
O002711,1,2026-02-22T11:29,C0110,P006,1,275000,0.0,completed,app
O002711,2,2026-02-22T11:29,C0110,P007,1,262000,0.0,completed,app
O002712,1,2026-02-22T12:19,C0196,P063,1,124000,0.0,completed,app
O002712,2,2026-02-22T12:19,C0196,P075,1,81000,0.0,completed,app
O002713,1,2026-02-22T18:37,C0325,P040,1,44000,0.0,completed,web
O002714,1,2026-02-22T12:52,C0589,P016,1,169000,0.0,completed,app
O002715,1,2026-02-22T13:04,C0585,P015,1,222000,0.0,completed,web
O002716,1,2026-02-22T19:43,C0221,P017,1,274000,0.0,completed,app
O002717,1,2026-02-22T09:36,C0481,P008,1,279000,0.0,completed,app
O002717,2,2026-02-22T09:36,C0481,P017,1,274000,0.0,completed,app
O002718,1,2026-02-22T13:52,C0403,P008,1,279000,0.0,completed,web
O002718,2,2026-02-22T13:52,C0403,P001,1,193000,0.0,completed,web
O002718,3,2026-02-22T13:52,C0403,P013,1,271000,0.0,completed,web
O002719,1,2026-02-22T13:18,C0068,P013,1,271000,0.0,completed,app
O002720,1,2026-02-23T22:21,C0496,P013,1,271000,0.0,returned,app
O002721,1,2026-02-23T12:56,C0335,P038,1,38000,0.0,completed,web
O002722,1,2026-02-23T19:05,C0365,P040,1,44000,0.0,completed,web
O002723,1,2026-02-23T11:35,C0566,P055,1,88000,0.0,completed,app
O002723,2,2026-02-23T11:35,C0566,P055,1,88000,0.0,completed,app
O002724,1,2026-02-23T10:34,C0279,P012,1,138000,0.0,completed,web
O002725,1,2026-02-23T15:53,C0582,P029,1,39000,0.0,completed,app
O002725,2,2026-02-23T15:53,C0582,P017,1,274000,0.0,completed,app
O002725,3,2026-02-23T15:53,C0582,P002,1,163000,0.0,completed,app
O002726,1,2026-02-23T17:55,C0515,P008,1,279000,0.0,completed,app
O002727,1,2026-02-23T05:46,C0133,P046,1,59000,0.0,completed,web
O002728,1,2026-02-23T16:42,C0089,P057,1,92000,0.0,completed,app
O002728,2,2026-02-23T16:42,C0089,P051,1,78000,0.0,completed,app
O002729,1,2026-02-23T13:17,C0264,P025,1,54000,0.0,completed,web
O002730,1,2026-02-23T17:42,C0055,P075,1,81000,0.0,completed,web
O002731,1,2026-02-23T13:09,C0346,P001,1,193000,0.0,completed,web
O002731,2,2026-02-23T13:09,C0346,P015,1,222000,0.0,completed,web
O002732,1,2026-02-23T15:57,C0100,P071,1,133000,0.0,completed,web
O002733,1,2026-02-23T13:13,C0146,P043,1,91000,0.0,completed,web
O002734,1,2026-02-23T18:35,C0190,P049,1,78000,0.0,completed,app
O002734,2,2026-02-23T18:35,C0190,P044,1,85000,0.0,completed,app
O002735,1,2026-02-23T13:06,C0418,P043,1,91000,0.0,completed,app
O002736,1,2026-02-23T12:46,C0451,P057,1,92000,0.0,completed,app
O002736,2,2026-02-23T12:46,C0451,P066,1,110000,0.0,completed,app
O002737,1,2026-02-23T16:38,C0184,P064,1,127000,0.0,completed,app
O002738,1,2026-02-23T15:47,C0001,P015,1,222000,0.0,completed,web
O002738,2,2026-02-23T15:47,C0001,P008,1,279000,0.0,completed,web
O002738,3,2026-02-23T15:47,C0001,P015,1,222000,0.0,completed,web
O002739,1,2026-02-23T11:25,C0188,P008,1,279000,0.0,completed,web
O002739,2,2026-02-23T11:25,C0188,P055,1,88000,0.0,completed,web
O002740,1,2026-02-23T16:31,C0092,P061,1,115000,0.0,completed,web
O002741,1,2026-02-23T10:49,C0515,P045,1,64000,0.0,completed,app
O002741,2,2026-02-23T10:49,C0515,P040,1,44000,0.0,completed,app
O002741,3,2026-02-23T10:49,C0515,P010,1,263000,0.0,completed,app
O002742,1,2026-02-23T05:53,C0192,P073,1,75000,0.0,completed,web
O002743,1,2026-02-23T12:25,C0583,P009,1,194000,0.0,completed,app
O002743,2,2026-02-23T12:25,C0583,P061,1,115000,0.0,completed,app
O002744,1,2026-02-23T11:15,C0492,P008,1,279000,0.0,returned,app
O002744,2,2026-02-23T11:15,C0492,P008,1,279000,0.0,returned,app
O002744,3,2026-02-23T11:15,C0492,P073,1,75000,0.0,returned,app
O002745,1,2026-02-23T17:02,C0117,P008,1,279000,0.0,completed,app
O002746,1,2026-02-23T06:31,C0131,P009,1,194000,0.0,completed,app
O002746,2,2026-02-23T06:31,C0131,P059,1,95000,0.0,completed,app
O002747,1,2026-02-23T18:10,C0377,P076,1,101000,0.0,returned,web
O002748,1,2026-02-23T17:57,C0171,P074,1,107000,0.0,completed,app
O002748,2,2026-02-23T17:57,C0171,P001,1,193000,0.0,completed,app
O002749,1,2026-02-23T19:23,C0265,P011,1,265000,0.0,completed,web
O002750,1,2026-02-23T13:32,C0550,P074,1,107000,0.0,completed,web
O002750,2,2026-02-23T13:32,C0550,P080,1,109000,0.0,completed,web
O002751,1,2026-02-23T10:45,C0481,P028,1,39000,0.0,completed,app
O002752,1,2026-02-23T22:57,C0346,P080,1,109000,0.0,completed,web
O002753,1,2026-02-23T15:10,C0400,P040,1,44000,0.0,completed,app
O002753,2,2026-02-23T15:10,C0400,P001,1,193000,0.0,completed,app
O002754,1,2026-02-23T15:30,C0383,P008,1,279000,0.0,completed,app
O002755,1,2026-02-23T20:26,C0109,P001,1,193000,0.0,completed,app
O002755,2,2026-02-23T20:26,C0109,P040,1,44000,0.0,completed,app
O002755,3,2026-02-23T20:26,C0109,P073,1,75000,0.0,completed,app
O002756,1,2026-02-23T15:37,C0435,P002,1,163000,0.0,completed,web
O002757,1,2026-02-23T11:33,C0209,P064,1,127000,0.0,completed,app
O002758,1,2026-02-24T07:07,C0436,P062,1,86000,0.0,returned,app
O002759,1,2026-02-24T15:05,C0192,P008,1,279000,0.0,completed,app
O002760,1,2026-02-24T11:04,C0130,P008,1,279000,0.0,completed,app
O002760,2,2026-02-24T11:04,C0130,P017,1,274000,0.0,completed,app
O002760,3,2026-02-24T11:04,C0130,P017,1,274000,0.0,completed,app
O002761,1,2026-02-24T23:20,C0033,P064,1,127000,0.0,completed,web
O002762,1,2026-02-24T20:08,C0259,P039,1,45000,0.0,completed,web
O002762,2,2026-02-24T20:08,C0259,P076,1,101000,0.0,completed,web
O002762,3,2026-02-24T20:08,C0259,P021,1,72000,0.0,completed,web
O002763,1,2026-02-24T09:12,C0582,P008,1,279000,0.0,cancelled,app
O002764,1,2026-02-24T07:51,C0206,P045,1,64000,0.0,completed,web
O002765,1,2026-02-24T09:42,C0184,P027,1,63000,0.0,completed,app
O002766,1,2026-02-24T07:07,C0446,P008,1,279000,0.0,completed,app
O002767,1,2026-02-24T16:39,C0436,P008,1,279000,0.0,completed,web
O002767,2,2026-02-24T16:39,C0436,P028,1,39000,0.0,completed,web
O002767,3,2026-02-24T16:39,C0436,P012,1,138000,0.0,completed,web
O002768,1,2026-02-24T18:04,C0266,P017,1,274000,0.0,completed,web
O002769,1,2026-02-24T16:44,C0582,P045,1,64000,0.0,completed,app
O002769,2,2026-02-24T16:44,C0582,P008,1,279000,0.0,completed,app
O002769,3,2026-02-24T16:44,C0582,P011,1,265000,0.0,completed,app
O002770,1,2026-02-24T09:38,C0346,P017,1,274000,0.0,completed,app
O002771,1,2026-02-24T17:24,C0357,P008,1,279000,0.0,cancelled,app
O002772,1,2026-02-24T10:26,C0124,P028,1,39000,0.0,completed,app
O002773,1,2026-02-24T15:43,C0001,P017,1,274000,0.0,completed,web
O002773,2,2026-02-24T15:43,C0001,P078,1,108000,0.0,completed,web
O002774,1,2026-02-24T12:32,C0512,P049,1,78000,0.0,completed,app
O002775,1,2026-02-24T12:47,C0418,P053,1,100000,0.0,completed,web
O002776,1,2026-02-24T13:22,C0472,P031,1,60000,0.0,completed,app
O002777,1,2026-02-24T07:36,C0153,P043,1,91000,0.0,completed,app
O002777,2,2026-02-24T07:36,C0153,P034,1,57000,0.0,completed,app
O002778,1,2026-02-24T15:21,C0265,P010,1,263000,0.0,completed,web
O002778,2,2026-02-24T15:21,C0265,P018,1,273000,0.0,completed,web
O002779,1,2026-02-24T19:01,C0183,P080,1,109000,0.0,completed,web
O002780,1,2026-02-24T22:22,C0146,P046,1,59000,0.0,completed,app
O002780,2,2026-02-24T22:22,C0146,P059,1,95000,0.0,completed,app
O002781,1,2026-02-24T18:47,C0283,P043,1,91000,0.0,completed,app
O002782,1,2026-02-24T14:28,C0544,P001,2,193000,0.0,completed,web
O002783,1,2026-02-24T21:37,C0097,P010,1,263000,0.0,completed,web
O002784,1,2026-02-24T15:14,C0033,P031,1,60000,0.0,completed,web
O002785,1,2026-02-24T07:46,C0600,P043,1,91000,0.0,completed,web
O002786,1,2026-02-24T18:56,C0190,P055,1,88000,0.0,completed,web
O002787,1,2026-02-24T19:15,C0468,P013,1,271000,0.0,completed,web
O002788,1,2026-02-24T15:43,C0182,P036,1,65000,0.0,completed,web
O002788,2,2026-02-24T15:43,C0182,P027,1,63000,0.0,completed,web
O002789,1,2026-02-24T14:23,C0259,P040,1,44000,0.0,completed,web
O002790,1,2026-02-24T12:27,C0277,P016,1,169000,0.0,completed,web
O002790,2,2026-02-24T12:27,C0277,P076,1,101000,0.0,completed,web
O002791,1,2026-02-24T12:32,C0312,P078,1,108000,0.0,completed,web
O002792,1,2026-02-24T12:07,C0572,P040,1,44000,0.0,completed,web
O002792,2,2026-02-24T12:07,C0572,P016,1,169000,0.0,completed,web
O002793,1,2026-02-24T11:58,C0548,P013,1,271000,0.0,completed,web
O002794,1,2026-02-24T14:11,C0435,P073,1,75000,0.0,completed,web
O002795,1,2026-02-24T14:40,C0146,P013,1,271000,0.0,completed,app
O002795,2,2026-02-24T14:40,C0146,P008,1,279000,0.0,completed,app
O002796,1,2026-02-24T17:19,C0206,P015,1,222000,0.0,completed,web
O002797,1,2026-02-25T15:49,C0206,P013,1,271000,0.0,completed,web
O002798,1,2026-02-25T08:03,C0567,P001,1,193000,0.0,completed,web
O002799,1,2026-02-25T14:28,C0277,P055,1,88000,0.0,cancelled,app
O002799,2,2026-02-25T14:28,C0277,P001,1,193000,0.0,cancelled,app
O002799,3,2026-02-25T14:28,C0277,P012,1,138000,0.0,cancelled,app
O002800,1,2026-02-25T12:08,C0335,P033,1,65000,0.0,completed,web
O002801,1,2026-02-25T06:48,C0078,P040,1,44000,0.0,completed,app
O002802,1,2026-02-25T17:27,C0240,P012,1,138000,0.0,completed,web
O002802,2,2026-02-25T17:27,C0240,P029,1,39000,0.0,completed,web
O002803,1,2026-02-25T21:31,C0211,P013,1,271000,0.0,completed,web
O002804,1,2026-02-25T13:34,C0355,P042,3,85000,0.0,cancelled,web
O002805,1,2026-02-25T08:03,C0589,P028,1,39000,0.0,completed,web
O002805,2,2026-02-25T08:03,C0589,P029,1,39000,0.0,completed,web
O002806,1,2026-02-25T10:47,C0435,P076,1,101000,0.0,completed,web
O002807,1,2026-02-25T16:20,C0214,P028,1,39000,0.0,completed,app
O002807,2,2026-02-25T16:20,C0214,P048,1,92000,0.0,completed,app
O002808,1,2026-02-25T14:16,C0443,P076,1,101000,0.0,completed,app
O002809,1,2026-02-25T14:18,C0429,P068,1,117000,0.0,completed,web
O002810,1,2026-02-25T19:24,C0171,P071,1,133000,0.0,completed,app
O002811,1,2026-02-25T16:18,C0192,P057,1,92000,0.0,completed,web
O002811,2,2026-02-25T16:18,C0192,P011,1,265000,0.0,completed,web
O002811,3,2026-02-25T16:18,C0192,P008,1,279000,0.0,completed,web
O002812,1,2026-02-25T13:00,C0183,P017,1,274000,0.0,completed,web
O002813,1,2026-02-25T13:26,C0438,P011,1,265000,0.0,completed,web
O002813,2,2026-02-25T13:26,C0438,P008,1,279000,0.0,completed,web
O002814,1,2026-02-25T14:05,C0113,P001,1,193000,0.0,completed,web
O002815,1,2026-02-25T14:33,C0215,P055,1,88000,0.0,completed,app
O002815,2,2026-02-25T14:33,C0215,P028,1,39000,0.0,completed,app
O002815,3,2026-02-25T14:33,C0215,P047,1,58000,0.0,completed,app
O002816,1,2026-02-25T13:34,C0159,P032,1,45000,0.0,completed,web
O002817,1,2026-02-25T08:00,C0301,P008,1,279000,0.0,completed,app
O002818,1,2026-02-25T20:16,C0515,P008,1,279000,0.0,completed,app
O002819,1,2026-02-25T17:00,C0190,P049,1,78000,0.0,completed,app
O002820,1,2026-02-25T20:52,C0494,P040,3,44000,0.0,completed,app
O002821,1,2026-02-25T13:09,C0493,P020,1,41000,0.0,completed,web
O002822,1,2026-02-25T13:42,C0265,P073,1,75000,0.0,returned,web
O002823,1,2026-02-25T20:42,C0492,P008,1,279000,0.0,completed,app
O002823,2,2026-02-25T20:42,C0492,P008,1,279000,0.0,completed,app
O002824,1,2026-02-25T18:15,C0482,P008,2,279000,0.0,completed,web
O002825,1,2026-02-25T12:10,C0230,P021,1,72000,0.0,completed,web
O002826,1,2026-02-25T17:40,C0005,P038,1,38000,0.0,completed,app
O002827,1,2026-02-25T14:13,C0490,P059,1,95000,0.0,completed,web
O002828,1,2026-02-25T14:57,C0215,P017,1,274000,0.0,completed,app
O002829,1,2026-02-25T10:16,C0119,P056,1,61000,0.0,completed,app
O002830,1,2026-02-25T14:54,C0325,P061,1,115000,0.0,completed,web
O002831,1,2026-02-25T13:15,C0582,P008,1,279000,0.0,completed,app
O002832,1,2026-02-25T17:58,C0055,P040,1,44000,0.0,completed,web
O002833,1,2026-02-25T05:29,C0583,P071,1,133000,0.0,returned,web
O002834,1,2026-02-25T14:26,C0279,P001,1,193000,0.0,cancelled,app
O002835,1,2026-02-25T17:43,C0335,P017,1,274000,0.0,completed,web
O002835,2,2026-02-25T17:43,C0335,P006,1,275000,0.0,completed,web
O002835,3,2026-02-25T17:43,C0335,P021,1,72000,0.0,completed,web
O002836,1,2026-02-25T13:02,C0001,P001,1,193000,0.0,completed,web
O002837,1,2026-02-25T08:31,C0346,P021,1,72000,0.0,completed,app
O002837,2,2026-02-25T08:31,C0346,P080,1,109000,0.0,completed,app
O002838,1,2026-02-25T15:27,C0079,P042,1,85000,0.0,completed,web
O002839,1,2026-02-25T15:25,C0438,P008,1,279000,0.0,completed,web
O002840,1,2026-02-25T17:18,C0453,P040,1,44000,0.0,completed,web
O002840,2,2026-02-25T17:18,C0453,P038,1,38000,0.0,completed,web
O002840,3,2026-02-25T17:18,C0453,P012,1,138000,0.0,completed,web
O002841,1,2026-02-25T20:47,C0077,P039,1,45000,0.0,completed,app
O002842,1,2026-02-25T10:39,C0213,P038,1,38000,0.0,completed,web
O002842,2,2026-02-25T10:39,C0213,P028,1,39000,0.0,completed,web
O002843,1,2026-02-25T06:46,C0333,P078,1,108000,0.0,completed,web
O002844,1,2026-02-25T19:38,C0515,P040,1,44000,0.0,completed,web
O002844,2,2026-02-25T19:38,C0515,P076,1,101000,0.0,completed,web
O002844,3,2026-02-25T19:38,C0515,P027,1,63000,0.0,completed,web
O002845,1,2026-02-26T16:14,C0057,P063,1,124000,0.0,completed,web
O002845,2,2026-02-26T16:14,C0057,P008,1,279000,0.0,completed,web
O002846,1,2026-02-26T14:07,C0300,P006,1,275000,0.0,returned,web
O002847,1,2026-02-26T12:03,C0350,P072,1,95000,0.0,completed,app
O002848,1,2026-02-26T10:15,C0453,P064,1,127000,0.0,completed,app
O002849,1,2026-02-26T10:46,C0435,P076,1,101000,0.0,completed,web
O002850,1,2026-02-26T14:02,C0321,P008,1,279000,0.0,completed,web
O002850,2,2026-02-26T14:02,C0321,P008,1,279000,0.0,completed,web
O002851,1,2026-02-26T11:55,C0567,P034,1,57000,0.0,completed,app
O002851,2,2026-02-26T11:55,C0567,P044,1,85000,0.0,completed,app
O002852,1,2026-02-26T15:31,C0167,P040,1,44000,0.0,completed,app
O002853,1,2026-02-26T12:07,C0571,P008,1,279000,0.0,completed,web
O002854,1,2026-02-26T13:36,C0479,P028,1,39000,0.0,completed,app
O002854,2,2026-02-26T13:36,C0479,P001,1,193000,0.0,completed,app
O002855,1,2026-02-26T12:23,C0131,P042,1,85000,0.0,completed,app
O002856,1,2026-02-26T07:53,C0579,P008,1,279000,0.0,completed,app
O002857,1,2026-02-26T13:55,C0221,P040,1,44000,0.0,completed,web
O002858,1,2026-02-26T21:12,C0026,P017,1,274000,0.0,completed,app
O002859,1,2026-02-26T12:29,C0179,P009,3,194000,0.0,completed,app
O002859,2,2026-02-26T12:29,C0179,P059,2,95000,0.0,completed,app
O002860,1,2026-02-26T06:03,C0246,P015,1,222000,0.0,completed,web
O002861,1,2026-02-26T08:43,C0280,P042,1,85000,0.0,completed,web
O002862,1,2026-02-26T14:25,C0192,P003,1,136000,0.0,completed,app
O002863,1,2026-02-26T23:45,C0058,P040,1,44000,0.0,completed,app
O002864,1,2026-02-26T15:50,C0157,P080,1,109000,0.0,completed,web
O002865,1,2026-02-26T15:26,C0435,P040,1,44000,0.0,completed,web
O002866,1,2026-02-26T18:48,C0568,P040,3,44000,0.0,completed,web
O002867,1,2026-02-26T19:35,C0479,P005,1,227000,0.0,returned,app
O002868,1,2026-02-26T09:29,C0202,P020,1,41000,0.0,completed,web
O002869,1,2026-02-26T07:27,C0005,P016,1,169000,0.0,completed,web
O002870,1,2026-02-26T18:15,C0052,P040,1,44000,0.0,cancelled,app
O002871,1,2026-02-26T17:28,C0171,P048,1,92000,0.0,completed,app
O002871,2,2026-02-26T17:28,C0171,P056,1,61000,0.0,completed,app
O002872,1,2026-02-26T16:26,C0032,P040,1,44000,0.0,completed,web
O002873,1,2026-02-26T12:12,C0221,P020,1,41000,0.0,completed,app
O002874,1,2026-02-26T12:42,C0435,P080,1,109000,0.0,completed,web
O002875,1,2026-02-26T20:39,C0570,P080,1,109000,0.0,completed,web
O002876,1,2026-02-26T18:42,C0423,P027,1,63000,0.0,completed,web
O002877,1,2026-02-26T14:53,C0515,P001,1,193000,0.0,cancelled,app
O002878,1,2026-02-26T11:34,C0001,P001,1,193000,0.0,completed,web
O002878,2,2026-02-26T11:34,C0001,P008,1,279000,0.0,completed,web
O002879,1,2026-02-26T13:35,C0469,P012,1,138000,0.0,completed,app
O002879,2,2026-02-26T13:35,C0469,P080,1,109000,0.0,completed,app
O002880,1,2026-02-26T11:04,C0294,P040,1,44000,0.0,completed,web
O002880,2,2026-02-26T11:04,C0294,P014,1,203000,0.0,completed,web
O002881,1,2026-02-26T11:44,C0001,P073,1,75000,0.0,completed,web
O002882,1,2026-02-26T15:27,C0220,P043,1,91000,0.0,completed,app
O002882,2,2026-02-26T15:27,C0220,P040,1,44000,0.0,completed,app
O002883,1,2026-02-26T18:43,C0570,P059,1,95000,0.0,completed,web
O002883,2,2026-02-26T18:43,C0570,P040,1,44000,0.0,completed,web
O002884,1,2026-02-26T08:16,C0077,P008,1,279000,0.0,completed,app
O002885,1,2026-02-26T20:41,C0110,P045,1,64000,0.0,completed,app
O002885,2,2026-02-26T20:41,C0110,P059,1,95000,0.0,completed,app
O002885,3,2026-02-26T20:41,C0110,P017,1,274000,0.0,completed,app
O002886,1,2026-02-26T10:25,C0076,P040,1,44000,0.0,completed,web
O002887,1,2026-02-26T17:44,C0109,P051,1,78000,0.0,completed,app
O002887,2,2026-02-26T17:44,C0109,P007,1,262000,0.0,completed,app
O002888,1,2026-02-26T17:29,C0311,P052,1,74000,0.0,completed,web
O002889,1,2026-02-26T17:12,C0445,P043,1,91000,0.0,completed,web
O002890,1,2026-02-26T09:42,C0123,P040,1,44000,0.0,completed,web
O002891,1,2026-02-26T16:01,C0442,P010,1,263000,0.0,completed,web
O002892,1,2026-02-26T23:08,C0093,P001,2,193000,0.0,completed,web
O002892,2,2026-02-26T23:08,C0093,P076,3,101000,0.0,completed,web
O002893,1,2026-02-26T18:09,C0567,P016,1,169000,0.0,completed,web
O002894,1,2026-02-26T20:40,C0040,P030,2,62000,0.0,completed,web
O002894,2,2026-02-26T20:40,C0040,P013,3,271000,0.0,completed,web
O002895,1,2026-02-26T16:17,C0383,P007,1,262000,0.0,completed,app
O002895,2,2026-02-26T16:17,C0383,P073,1,75000,0.0,completed,app
O002895,3,2026-02-26T16:17,C0383,P011,1,265000,0.0,completed,app
O002896,1,2026-02-26T14:08,C0192,P012,1,138000,0.0,completed,web
O002897,1,2026-02-27T14:24,C0129,P048,1,92000,0.0,completed,app
O002898,1,2026-02-27T07:08,C0206,P050,1,84000,0.0,completed,web
O002899,1,2026-02-27T12:10,C0435,P077,1,69000,0.0,completed,web
O002900,1,2026-02-27T19:10,C0325,P030,1,62000,0.0,completed,web
O002900,2,2026-02-27T19:10,C0325,P064,1,127000,0.0,completed,web
O002901,1,2026-02-27T15:21,C0453,P001,1,193000,0.0,completed,app
O002902,1,2026-02-27T17:48,C0357,P040,1,44000,0.0,completed,app
O002903,1,2026-02-27T18:13,C0451,P069,1,122000,0.0,returned,app
O002904,1,2026-02-27T20:54,C0083,P040,1,44000,0.0,completed,web
O002905,1,2026-02-27T23:12,C0358,P008,1,279000,0.0,completed,app
O002906,1,2026-02-27T21:32,C0068,P028,1,39000,0.0,completed,app
O002906,2,2026-02-27T21:32,C0068,P015,1,222000,0.0,completed,app
O002907,1,2026-02-27T11:48,C0579,P015,1,222000,0.0,completed,web
O002908,1,2026-02-27T07:47,C0196,P049,1,78000,0.0,returned,app
O002909,1,2026-02-27T16:02,C0018,P032,1,45000,0.0,returned,app
O002910,1,2026-02-27T15:39,C0282,P040,1,44000,0.0,completed,web
O002911,1,2026-02-27T17:55,C0335,P021,1,72000,0.0,completed,web
O002912,1,2026-02-27T13:14,C0346,P001,1,193000,0.0,completed,app
O002912,2,2026-02-27T13:14,C0346,P005,1,227000,0.0,completed,app
O002913,1,2026-02-27T20:09,C0429,P063,1,124000,0.0,cancelled,app
O002914,1,2026-02-27T12:19,C0127,P023,1,53000,0.0,completed,app
O002914,2,2026-02-27T12:19,C0127,P027,1,63000,0.0,completed,app
O002915,1,2026-02-27T10:41,C0512,P040,2,44000,0.0,completed,app
O002916,1,2026-02-27T09:36,C0123,P011,1,265000,0.0,completed,web
O002916,2,2026-02-27T09:36,C0123,P037,1,49000,0.0,completed,web
O002917,1,2026-02-27T10:25,C0495,P016,1,169000,0.0,completed,app
O002918,1,2026-02-27T14:03,C0570,P001,1,193000,0.0,completed,web
O002919,1,2026-02-27T13:47,C0221,P020,1,41000,0.0,completed,app
O002920,1,2026-02-27T11:36,C0302,P009,1,194000,0.0,completed,app
O002921,1,2026-02-27T17:00,C0109,P056,1,61000,0.0,completed,app
O002922,1,2026-02-27T13:30,C0209,P059,1,95000,0.0,completed,app
O002923,1,2026-02-27T13:59,C0333,P028,1,39000,0.0,completed,web
O002924,1,2026-02-27T18:55,C0432,P015,1,222000,0.0,completed,web
O002925,1,2026-02-27T12:21,C0195,P017,1,274000,0.0,completed,web
O002926,1,2026-02-27T12:49,C0058,P021,1,72000,0.0,completed,app
O002927,1,2026-02-27T12:45,C0123,P074,1,107000,0.0,completed,web
O002928,1,2026-02-27T16:37,C0386,P014,1,203000,0.0,completed,web
O002929,1,2026-02-27T14:48,C0271,P043,1,91000,0.0,completed,app
O002929,2,2026-02-27T14:48,C0271,P040,1,44000,0.0,completed,app
O002930,1,2026-02-27T20:27,C0057,P064,1,127000,0.0,completed,app
O002930,2,2026-02-27T20:27,C0057,P011,1,265000,0.0,completed,app
O002931,1,2026-02-27T08:51,C0077,P059,1,95000,0.0,completed,web
O002931,2,2026-02-27T08:51,C0077,P048,1,92000,0.0,completed,web
O002932,1,2026-02-27T16:44,C0271,P027,1,63000,0.0,completed,app
O002933,1,2026-02-27T15:15,C0035,P002,1,163000,0.0,completed,web
O002934,1,2026-02-27T19:49,C0265,P008,1,279000,0.0,completed,web
O002934,2,2026-02-27T19:49,C0265,P016,1,169000,0.0,completed,web
O002935,1,2026-02-27T23:19,C0049,P055,1,88000,0.0,returned,web
O002936,1,2026-02-27T11:29,C0158,P073,1,75000,0.0,completed,web
O002937,1,2026-02-27T14:43,C0005,P045,1,64000,0.0,completed,app
O002937,2,2026-02-27T14:43,C0005,P073,1,75000,0.0,completed,app
O002937,3,2026-02-27T14:43,C0005,P001,1,193000,0.0,completed,app
O002938,1,2026-02-27T17:22,C0148,P011,1,265000,0.0,completed,app
O002938,2,2026-02-27T17:22,C0148,P064,1,127000,0.0,completed,app
O002939,1,2026-02-27T11:39,C0477,P011,1,265000,0.0,returned,web
O002940,1,2026-02-27T15:14,C0477,P045,1,64000,0.0,cancelled,app
O002941,1,2026-02-27T08:57,C0403,P064,1,127000,0.0,completed,app
O002942,1,2026-02-27T11:30,C0131,P059,1,95000,0.0,returned,app
O002942,2,2026-02-27T11:30,C0131,P042,1,85000,0.0,returned,app
O002943,1,2026-02-27T16:26,C0246,P008,1,279000,0.0,completed,web
O002944,1,2026-02-27T18:48,C0282,P006,1,275000,0.0,returned,web
O002944,2,2026-02-27T18:48,C0282,P043,1,91000,0.0,returned,web
O002945,1,2026-02-27T12:49,C0167,P078,1,108000,0.0,completed,app
O002946,1,2026-02-27T19:00,C0123,P011,1,265000,0.0,completed,web
O002947,1,2026-02-27T15:04,C0110,P056,1,61000,0.0,completed,app
O002947,2,2026-02-27T15:04,C0110,P008,1,279000,0.0,completed,app
O002948,1,2026-02-27T11:15,C0066,P006,1,275000,0.0,completed,app
O002949,1,2026-02-27T10:01,C0325,P007,1,262000,0.0,completed,web
O002950,1,2026-02-27T08:25,C0188,P048,1,92000,0.0,completed,web
O002951,1,2026-02-27T13:01,C0365,P067,1,110000,0.0,returned,web
O002952,1,2026-02-27T18:55,C0501,P002,1,163000,0.0,completed,web
O002953,1,2026-02-27T12:28,C0033,P045,1,64000,0.0,completed,web
O002954,1,2026-02-27T13:32,C0385,P044,1,85000,0.0,completed,web
O002955,1,2026-02-27T19:56,C0018,P009,1,194000,0.0,completed,web
O002955,2,2026-02-27T19:56,C0018,P059,1,95000,0.0,completed,web
O002956,1,2026-02-27T12:01,C0433,P049,1,78000,0.0,completed,web
O002957,1,2026-02-27T18:34,C0265,P012,1,138000,0.0,completed,web
O002957,2,2026-02-27T18:34,C0265,P013,1,271000,0.0,completed,web
O002958,1,2026-02-27T13:46,C0161,P049,1,78000,0.0,completed,app
O002959,1,2026-02-27T14:39,C0438,P006,1,275000,0.0,completed,web
O002959,2,2026-02-27T14:39,C0438,P011,1,265000,0.0,completed,web
O002960,1,2026-02-27T08:21,C0221,P079,1,115000,0.0,completed,app
O002961,1,2026-02-27T14:09,C0577,P004,1,157000,0.0,completed,web
O002961,2,2026-02-27T14:09,C0577,P001,1,193000,0.0,completed,web
O002962,1,2026-02-27T18:20,C0479,P008,1,279000,0.0,completed,app
O002963,1,2026-02-28T16:12,C0416,P072,1,95000,0.0,completed,web
O002964,1,2026-02-28T16:55,C0436,P064,1,127000,0.0,completed,app
O002965,1,2026-02-28T20:40,C0192,P008,1,279000,0.0,completed,web
O002966,1,2026-02-28T11:53,C0282,P032,1,45000,0.0,completed,web
O002967,1,2026-02-28T07:23,C0334,P056,1,61000,0.0,completed,web
O002968,1,2026-02-28T16:36,C0279,P055,1,88000,0.0,completed,app
O002969,1,2026-02-28T23:57,C0451,P021,1,72000,0.0,completed,app
O002969,2,2026-02-28T23:57,C0451,P005,1,227000,0.0,completed,app
O002970,1,2026-02-28T11:19,C0068,P050,1,84000,0.0,completed,app
O002971,1,2026-02-28T11:49,C0335,P029,1,39000,0.0,completed,web
O002972,1,2026-02-28T15:05,C0186,P073,1,75000,0.0,completed,web
O002973,1,2026-02-28T12:35,C0022,P034,1,57000,0.0,completed,web
O002974,1,2026-02-28T16:37,C0232,P017,1,274000,0.0,completed,app
O002975,1,2026-02-28T10:05,C0186,P006,1,275000,0.0,completed,app
O002976,1,2026-02-28T19:07,C0071,P055,3,88000,0.0,completed,web
O002976,2,2026-02-28T19:07,C0071,P038,2,38000,0.0,completed,web
O002977,1,2026-02-28T13:35,C0499,P048,1,92000,0.0,completed,app
O002978,1,2026-02-28T16:52,C0196,P008,1,279000,0.0,completed,app
O002978,2,2026-02-28T16:52,C0196,P040,1,44000,0.0,completed,app
O002978,3,2026-02-28T16:52,C0196,P039,1,45000,0.0,completed,app
O002979,1,2026-02-28T12:36,C0526,P040,1,44000,0.0,completed,web
O002980,1,2026-02-28T15:17,C0283,P061,1,115000,0.0,completed,app
O002980,2,2026-02-28T15:17,C0283,P017,1,274000,0.0,completed,app
O002981,1,2026-02-28T13:31,C0265,P008,1,279000,0.0,completed,web
O002982,1,2026-02-28T16:12,C0001,P016,1,169000,0.0,completed,web
O002982,2,2026-02-28T16:12,C0001,P010,1,263000,0.0,completed,web
O002983,1,2026-02-28T16:48,C0307,P007,1,262000,0.0,completed,app
O002984,1,2026-02-28T15:01,C0163,P028,1,39000,0.0,completed,web
O002985,1,2026-02-28T11:14,C0325,P069,1,122000,0.0,completed,web
O002986,1,2026-02-28T15:22,C0018,P001,1,193000,0.0,completed,app
O002986,2,2026-02-28T15:22,C0018,P073,1,75000,0.0,completed,app
O002987,1,2026-02-28T12:36,C0418,P060,1,82000,0.0,completed,app
O002988,1,2026-02-28T10:57,C0351,P076,2,101000,0.0,completed,app
O002989,1,2026-02-28T09:36,C0094,P042,1,85000,0.0,completed,web
O002990,1,2026-02-28T15:50,C0053,P020,1,41000,0.0,cancelled,web
O002990,2,2026-02-28T15:50,C0053,P017,1,274000,0.0,cancelled,web
O002991,1,2026-02-28T07:33,C0153,P023,1,53000,0.0,completed,app
O002992,1,2026-02-28T04:18,C0545,P042,1,85000,0.0,completed,app
O002992,2,2026-02-28T04:18,C0545,P052,1,74000,0.0,completed,app
O002992,3,2026-02-28T04:18,C0545,P015,1,222000,0.0,completed,app
O002993,1,2026-02-28T12:08,C0490,P006,2,275000,0.0,completed,app
O002993,2,2026-02-28T12:08,C0490,P008,1,279000,0.0,completed,app
O002994,1,2026-02-28T15:03,C0357,P042,1,85000,0.0,completed,app
O002995,1,2026-02-28T12:57,C0295,P006,1,275000,0.0,completed,app
O002995,2,2026-02-28T12:57,C0295,P069,1,122000,0.0,completed,app
O002996,1,2026-02-28T19:03,C0325,P042,1,85000,0.0,completed,web
O002996,2,2026-02-28T19:03,C0325,P069,1,122000,0.0,completed,web
O002997,1,2026-02-28T13:01,C0155,P001,1,193000,0.0,completed,app
O002998,1,2026-02-28T19:38,C0438,P016,1,169000,0.0,completed,web
O002998,2,2026-02-28T19:38,C0438,P009,1,194000,0.0,completed,web
O002999,1,2026-02-28T19:31,C0033,P017,1,274000,0.0,completed,web
O002999,2,2026-02-28T19:31,C0033,P013,1,271000,0.0,completed,web
O002999,3,2026-02-28T19:31,C0033,P038,1,38000,0.0,completed,web
O003000,1,2026-02-28T15:26,C0551,P055,1,88000,0.0,completed,web
O003001,1,2026-02-28T23:08,C0502,P053,1,100000,0.0,completed,app
O003002,1,2026-02-28T07:11,C0502,P011,1,265000,0.0,completed,app
O003003,1,2026-02-28T10:14,C0596,P017,1,274000,0.0,completed,web
O003003,2,2026-02-28T10:14,C0596,P040,1,44000,0.0,completed,web
O003004,1,2026-02-28T12:13,C0283,P040,1,44000,0.0,completed,app
O003005,1,2026-02-28T14:36,C0493,P001,1,193000,0.0,completed,web
O003005,2,2026-02-28T14:36,C0493,P040,1,44000,0.0,completed,web
O003005,3,2026-02-28T14:36,C0493,P017,1,274000,0.0,completed,web
O003006,1,2026-02-28T23:00,C0541,P011,3,265000,0.0,completed,app
O003006,2,2026-02-28T23:00,C0541,P017,3,274000,0.0,completed,app
O003006,3,2026-02-28T23:00,C0541,P026,1,48000,0.0,completed,app
O003007,1,2026-02-28T13:00,C0589,P015,1,222000,0.0,returned,web
O003008,1,2026-02-28T18:54,C0179,P043,1,91000,0.0,completed,app
O003008,2,2026-02-28T18:54,C0179,P043,1,91000,0.0,completed,app
O003009,1,2026-02-28T12:35,C0081,P012,1,138000,0.0,completed,web
O003010,1,2026-02-28T17:05,C0214,P052,1,74000,0.0,completed,app
O003010,2,2026-02-28T17:05,C0214,P007,1,262000,0.0,completed,app
O003011,1,2026-02-28T11:40,C0216,P011,1,265000,0.0,completed,web
O003012,1,2026-02-28T07:17,C0091,P038,1,38000,0.0,completed,web
O003013,1,2026-02-28T15:03,C0055,P017,1,274000,0.0,completed,web
O003014,1,2026-02-28T10:18,C0049,P019,1,37000,0.0,completed,app
O003015,1,2026-02-28T17:18,C0570,P011,1,265000,0.0,completed,web
O003016,1,2026-02-28T11:34,C0242,P021,1,72000,0.0,completed,web
O003017,1,2026-02-28T10:49,C0296,P012,1,138000,0.0,completed,app
O003018,1,2026-02-28T09:49,C0077,P040,1,44000,0.0,completed,app
O003019,1,2026-02-28T14:11,C0155,P001,1,193000,0.0,completed,web
O003019,2,2026-02-28T14:11,C0155,P001,1,193000,0.0,completed,web
O003020,1,2026-02-28T13:01,C0265,P008,1,279000,0.0,completed,web
O003020,2,2026-02-28T13:01,C0265,P015,1,222000,0.0,completed,web
O003021,1,2026-02-28T17:29,C0255,P040,1,44000,0.0,completed,web
O003022,1,2026-02-28T19:17,C0469,P016,1,169000,0.0,completed,app
O003023,1,2026-02-28T09:38,C0217,P078,1,108000,0.0,cancelled,app
O003024,1,2026-02-28T12:31,C0257,P073,1,75000,0.0,completed,web
O003025,1,2026-02-28T09:27,C0205,P028,1,39000,0.0,completed,web
O003025,2,2026-02-28T09:27,C0205,P028,1,39000,0.0,completed,web
O003026,1,2026-02-28T14:39,C0249,P006,1,275000,0.0,completed,app
O003027,1,2026-02-28T14:51,C0001,P001,1,193000,0.0,completed,web
O003027,2,2026-02-28T14:51,C0001,P008,1,279000,0.0,completed,web
O003028,1,2026-03-01T11:19,C0146,P043,1,91000,0.0,completed,app
O003029,1,2026-03-01T11:26,C0453,P066,1,110000,0.0,cancelled,app
O003030,1,2026-03-01T15:52,C0337,P058,1,99000,0.0,completed,app
O003031,1,2026-03-01T11:00,C0377,P042,1,85000,0.0,returned,web
O003032,1,2026-03-01T11:15,C0304,P064,2,127000,0.0,completed,web
O003032,2,2026-03-01T11:15,C0304,P064,2,127000,0.0,completed,web
O003033,1,2026-03-01T19:36,C0246,P011,1,265000,0.0,completed,web
O003034,1,2026-03-01T10:40,C0181,P064,1,127000,0.0,completed,app
O003034,2,2026-03-01T10:40,C0181,P064,1,127000,0.0,completed,app
O003035,1,2026-03-01T20:50,C0010,P043,1,91000,0.0,completed,web
O003035,2,2026-03-01T20:50,C0010,P064,1,127000,0.0,completed,web
O003036,1,2026-03-01T19:03,C0089,P055,1,88000,0.0,completed,app
O003037,1,2026-03-01T15:46,C0208,P017,1,274000,0.0,completed,web
O003038,1,2026-03-01T08:59,C0487,P017,1,274000,0.0,completed,web
O003039,1,2026-03-01T19:41,C0526,P019,1,37000,0.0,completed,web
O003039,2,2026-03-01T19:41,C0526,P040,1,44000,0.0,completed,web
O003040,1,2026-03-01T12:03,C0112,P042,1,85000,0.0,completed,web
O003041,1,2026-03-01T09:07,C0467,P064,1,127000,0.0,completed,app
O003042,1,2026-03-01T13:11,C0001,P032,1,45000,0.0,completed,web
O003042,2,2026-03-01T13:11,C0001,P013,1,271000,0.0,completed,web
O003043,1,2026-03-01T19:51,C0411,P043,1,91000,0.0,completed,app
O003044,1,2026-03-01T22:48,C0094,P008,1,279000,0.0,cancelled,web
O003045,1,2026-03-01T11:30,C0479,P001,1,193000,0.0,completed,web
O003046,1,2026-03-01T10:36,C0077,P040,1,44000,0.0,completed,app
O003047,1,2026-03-01T11:42,C0164,P039,1,45000,0.0,completed,app
O003048,1,2026-03-01T14:01,C0321,P017,1,274000,0.0,completed,app
O003049,1,2026-03-01T20:21,C0515,P008,1,279000,0.0,completed,app
O003049,2,2026-03-01T20:21,C0515,P055,1,88000,0.0,completed,app
O003050,1,2026-03-01T15:32,C0077,P048,1,92000,0.0,completed,app
O003050,2,2026-03-01T15:32,C0077,P043,1,91000,0.0,completed,app
O003050,3,2026-03-01T15:32,C0077,P008,1,279000,0.0,completed,app
O003051,1,2026-03-01T15:17,C0302,P078,1,108000,0.0,returned,app
O003052,1,2026-03-01T15:58,C0123,P075,1,81000,0.0,completed,web
O003053,1,2026-03-01T15:50,C0515,P008,1,279000,0.0,completed,app
O003054,1,2026-03-01T02:44,C0548,P075,1,81000,0.0,completed,web
O003055,1,2026-03-01T16:28,C0289,P038,1,38000,0.0,completed,web
O003056,1,2026-03-01T22:45,C0265,P042,1,85000,0.0,completed,web
O003056,2,2026-03-01T22:45,C0265,P037,1,49000,0.0,completed,web
O003057,1,2026-03-01T15:04,C0447,P055,1,88000,0.0,completed,app
O003058,1,2026-03-01T20:16,C0083,P033,1,65000,0.0,completed,web
O003059,1,2026-03-01T11:18,C0492,P073,1,75000,0.0,completed,app
O003059,2,2026-03-01T11:18,C0492,P040,1,44000,0.0,completed,app
O003060,1,2026-03-01T10:31,C0265,P040,1,44000,0.0,completed,web
O003060,2,2026-03-01T10:31,C0265,P073,1,75000,0.0,completed,web
O003061,1,2026-03-01T10:31,C0383,P064,1,127000,0.0,cancelled,app
O003062,1,2026-03-01T09:11,C0283,P023,1,53000,0.0,completed,web
O003063,1,2026-03-01T18:17,C0565,P040,1,44000,0.0,completed,web
O003064,1,2026-03-01T13:38,C0430,P040,1,44000,0.0,completed,app
O003064,2,2026-03-01T13:38,C0430,P001,1,193000,0.0,completed,app
O003065,1,2026-03-01T13:27,C0146,P045,1,64000,0.0,completed,app
O003066,1,2026-03-01T19:05,C0221,P036,1,65000,0.0,completed,app
O003066,2,2026-03-01T19:05,C0221,P017,1,274000,0.0,completed,app
O003067,1,2026-03-01T18:16,C0268,P040,1,44000,0.0,completed,app
O003068,1,2026-03-01T16:17,C0018,P040,1,44000,0.0,completed,web
O003068,2,2026-03-01T16:17,C0018,P027,1,63000,0.0,completed,web
O003069,1,2026-03-01T12:02,C0171,P024,1,55000,0.0,completed,app
O003069,2,2026-03-01T12:02,C0171,P035,1,49000,0.0,completed,app
O003070,1,2026-03-01T13:53,C0099,P012,1,138000,0.0,completed,app
O003071,1,2026-03-01T20:16,C0499,P013,1,271000,0.0,completed,app
O003072,1,2026-03-01T20:38,C0406,P008,1,279000,0.0,completed,app
O003073,1,2026-03-01T22:44,C0159,P040,1,44000,0.0,completed,web
O003074,1,2026-03-01T08:35,C0545,P043,1,91000,0.0,completed,app
O003074,2,2026-03-01T08:35,C0545,P027,1,63000,0.0,completed,app
O003074,3,2026-03-01T08:35,C0545,P011,1,265000,0.0,completed,app
O003075,1,2026-03-01T13:03,C0321,P005,1,227000,0.0,completed,app
O003075,2,2026-03-01T13:03,C0321,P001,1,193000,0.0,completed,app
O003076,1,2026-03-01T15:57,C0293,P008,1,279000,0.0,completed,web
O003077,1,2026-03-01T10:40,C0430,P008,1,279000,0.0,completed,app
O003077,2,2026-03-01T10:40,C0430,P028,1,39000,0.0,completed,app
O003078,1,2026-03-01T11:50,C0249,P077,1,69000,0.0,completed,app
O003079,1,2026-03-01T18:05,C0334,P040,1,44000,0.0,completed,web
O003080,1,2026-03-01T19:40,C0103,P021,1,72000,0.0,completed,web
O003081,1,2026-03-01T15:41,C0438,P001,1,193000,0.0,completed,web
O003082,1,2026-03-01T18:38,C0181,P039,1,45000,0.0,cancelled,app
O003083,1,2026-03-02T12:12,C0167,P027,1,63000,0.0,completed,web
O003083,2,2026-03-02T12:12,C0167,P040,1,44000,0.0,completed,web
O003084,1,2026-03-02T12:10,C0353,P043,1,91000,0.0,completed,app
O003085,1,2026-03-02T14:48,C0123,P040,1,44000,0.0,completed,web
O003086,1,2026-03-02T15:49,C0213,P026,1,48000,0.0,completed,web
O003086,2,2026-03-02T15:49,C0213,P052,1,74000,0.0,completed,web
O003087,1,2026-03-02T19:55,C0404,P061,1,115000,0.0,returned,web
O003087,2,2026-03-02T19:55,C0404,P080,1,109000,0.0,returned,web
O003088,1,2026-03-02T20:46,C0066,P016,1,169000,0.0,completed,web
O003088,2,2026-03-02T20:46,C0066,P008,1,279000,0.0,completed,web
O003089,1,2026-03-02T14:54,C0077,P064,1,127000,0.0,completed,app
O003089,2,2026-03-02T14:54,C0077,P055,1,88000,0.0,completed,app
O003090,1,2026-03-02T13:43,C0350,P064,1,127000,0.0,returned,app
O003090,2,2026-03-02T13:43,C0350,P071,1,133000,0.0,returned,app
O003091,1,2026-03-02T09:39,C0214,P010,1,263000,0.0,completed,web
O003092,1,2026-03-02T16:20,C0239,P010,1,263000,0.0,completed,web
O003093,1,2026-03-02T13:58,C0218,P011,1,265000,0.0,completed,web
O003094,1,2026-03-02T13:19,C0469,P037,1,49000,0.0,completed,app
O003095,1,2026-03-02T22:33,C0085,P002,1,163000,0.0,completed,web
O003095,2,2026-03-02T22:33,C0085,P014,2,203000,0.0,completed,web
O003096,1,2026-03-02T16:44,C0403,P040,1,44000,0.0,completed,web
O003097,1,2026-03-02T16:05,C0068,P055,1,88000,0.0,completed,web
O003098,1,2026-03-02T14:44,C0447,P013,1,271000,0.0,completed,app
O003099,1,2026-03-02T16:30,C0599,P059,1,95000,0.0,completed,web
O003100,1,2026-03-02T14:03,C0192,P001,1,193000,0.0,completed,app
O003101,1,2026-03-02T09:31,C0274,P042,1,85000,0.0,completed,app
O003102,1,2026-03-02T15:30,C0012,P040,1,44000,0.0,completed,web
O003103,1,2026-03-02T23:08,C0215,P008,1,279000,0.0,completed,app
O003104,1,2026-03-02T11:53,C0300,P009,1,194000,0.0,completed,web
O003105,1,2026-03-02T19:29,C0418,P043,1,91000,0.0,completed,app
O003106,1,2026-03-02T05:30,C0589,P040,1,44000,0.0,completed,app
O003107,1,2026-03-02T18:11,C0451,P017,1,274000,0.0,completed,web
O003108,1,2026-03-02T14:02,C0057,P008,1,279000,0.0,completed,web
O003108,2,2026-03-02T14:02,C0057,P020,1,41000,0.0,completed,web
O003109,1,2026-03-02T17:35,C0033,P040,1,44000,0.0,completed,web
O003109,2,2026-03-02T17:35,C0033,P040,1,44000,0.0,completed,web
O003110,1,2026-03-02T09:58,C0273,P017,1,274000,0.0,completed,app
O003111,1,2026-03-02T11:28,C0028,P043,1,91000,0.0,completed,app
O003112,1,2026-03-02T08:27,C0467,P040,1,44000,0.0,completed,app
O003113,1,2026-03-02T18:33,C0451,P001,1,193000,0.0,completed,app
O003113,2,2026-03-02T18:33,C0451,P077,1,69000,0.0,completed,app
O003114,1,2026-03-02T16:40,C0206,P017,1,274000,0.0,completed,web
O003115,1,2026-03-02T08:12,C0493,P020,1,41000,0.0,completed,web
O003115,2,2026-03-02T08:12,C0493,P016,1,169000,0.0,completed,web
O003116,1,2026-03-02T10:08,C0110,P029,1,39000,0.0,completed,app
O003117,1,2026-03-02T05:51,C0052,P076,1,101000,0.0,completed,app
O003118,1,2026-03-02T15:35,C0523,P017,1,274000,0.0,completed,web
O003119,1,2026-03-02T11:13,C0302,P006,1,275000,0.0,completed,app
O003120,1,2026-03-02T21:37,C0048,P027,1,63000,0.0,returned,web
O003121,1,2026-03-02T17:31,C0383,P011,1,265000,0.0,completed,app
O003121,2,2026-03-02T17:31,C0383,P010,1,263000,0.0,completed,app
O003121,3,2026-03-02T17:31,C0383,P060,1,82000,0.0,completed,app
O003122,1,2026-03-02T12:06,C0146,P028,1,39000,0.0,completed,app
O003123,1,2026-03-02T10:09,C0154,P042,1,85000,0.0,completed,web
O003124,1,2026-03-02T14:51,C0208,P059,1,95000,0.0,completed,web
O003125,1,2026-03-02T17:28,C0579,P040,1,44000,0.0,completed,web
O003125,2,2026-03-02T17:28,C0579,P032,1,45000,0.0,completed,web
O003126,1,2026-03-02T12:21,C0282,P073,1,75000,0.0,returned,web
O003126,2,2026-03-02T12:21,C0282,P021,1,72000,0.0,returned,web
O003127,1,2026-03-02T07:13,C0174,P040,1,44000,0.0,completed,app
O003128,1,2026-03-02T16:26,C0572,P027,1,63000,0.0,completed,web
O003128,2,2026-03-02T16:26,C0572,P028,1,39000,0.0,completed,web
O003129,1,2026-03-02T21:32,C0190,P040,1,44000,0.0,completed,app
O003130,1,2026-03-03T09:28,C0350,P072,1,95000,0.0,completed,app
O003130,2,2026-03-03T09:28,C0350,P061,1,115000,0.0,completed,app
O003131,1,2026-03-03T04:23,C0429,P015,1,222000,0.0,completed,app
O003132,1,2026-03-03T19:15,C0383,P013,1,271000,0.0,completed,app
O003133,1,2026-03-03T10:56,C0295,P037,1,49000,0.0,completed,web
O003134,1,2026-03-03T12:15,C0499,P045,1,64000,0.0,completed,web
O003135,1,2026-03-03T16:18,C0480,P021,1,72000,0.0,completed,app
O003136,1,2026-03-03T12:58,C0397,P064,1,127000,0.0,completed,app
O003137,1,2026-03-03T14:02,C0074,P008,1,279000,0.0,completed,web
O003138,1,2026-03-03T11:15,C0018,P008,1,279000,0.0,completed,app
O003139,1,2026-03-03T15:51,C0552,P011,1,265000,0.0,completed,web
O003140,1,2026-03-03T19:13,C0227,P020,1,41000,0.0,completed,app
O003141,1,2026-03-03T14:04,C0185,P052,1,74000,0.0,completed,web
O003142,1,2026-03-03T12:47,C0150,P042,1,85000,0.0,completed,web
O003143,1,2026-03-03T17:01,C0275,P045,1,64000,0.0,returned,app
O003143,2,2026-03-03T17:01,C0275,P056,1,61000,0.0,returned,app
O003144,1,2026-03-03T12:30,C0544,P042,3,85000,0.0,completed,web
O003144,2,2026-03-03T12:30,C0544,P061,1,115000,0.0,completed,web
O003145,1,2026-03-03T05:53,C0066,P011,1,265000,0.0,completed,app
O003145,2,2026-03-03T05:53,C0066,P008,1,279000,0.0,completed,app
O003145,3,2026-03-03T05:53,C0066,P059,1,95000,0.0,completed,app
O003146,1,2026-03-03T19:47,C0564,P017,1,274000,0.0,returned,app
O003147,1,2026-03-03T16:05,C0435,P021,1,72000,0.0,completed,web
O003148,1,2026-03-03T16:17,C0153,P080,1,109000,0.0,completed,app
O003149,1,2026-03-03T08:16,C0008,P008,1,279000,0.0,completed,app
O003150,1,2026-03-03T15:21,C0335,P016,1,169000,0.0,completed,web
O003151,1,2026-03-03T17:02,C0044,P038,1,38000,0.0,completed,app
O003152,1,2026-03-03T12:48,C0271,P040,1,44000,0.0,completed,app
O003152,2,2026-03-03T12:48,C0271,P052,1,74000,0.0,completed,app
O003153,1,2026-03-03T19:28,C0299,P006,1,275000,0.0,completed,app
O003153,2,2026-03-03T19:28,C0299,P052,1,74000,0.0,completed,app
O003154,1,2026-03-03T20:28,C0186,P055,1,88000,0.0,cancelled,app
O003155,1,2026-03-03T15:21,C0567,P017,1,274000,0.0,completed,app
O003155,2,2026-03-03T15:21,C0567,P040,1,44000,0.0,completed,app
O003156,1,2026-03-03T10:36,C0403,P036,1,65000,0.0,completed,app
O003157,1,2026-03-03T18:25,C0477,P040,1,44000,0.0,completed,app
O003158,1,2026-03-03T13:48,C0577,P017,1,274000,0.0,completed,app
O003159,1,2026-03-03T18:39,C0600,P055,1,88000,0.0,returned,app
O003160,1,2026-03-03T12:35,C0071,P028,2,39000,0.0,completed,web
O003161,1,2026-03-03T11:21,C0061,P060,1,82000,0.0,completed,app
O003162,1,2026-03-03T22:25,C0357,P040,1,44000,0.0,completed,app
O003163,1,2026-03-03T15:58,C0297,P001,1,193000,0.0,completed,app
O003164,1,2026-03-03T22:32,C0206,P017,1,274000,0.0,completed,web
O003165,1,2026-03-03T14:24,C0570,P042,1,85000,0.0,completed,web
O003166,1,2026-03-03T18:04,C0493,P013,1,271000,0.0,completed,web
O003167,1,2026-03-03T12:33,C0570,P058,1,99000,0.0,completed,web
O003168,1,2026-03-03T16:04,C0213,P001,1,193000,0.0,completed,web
O003169,1,2026-03-03T15:21,C0127,P037,1,49000,0.0,completed,app
O003169,2,2026-03-03T15:21,C0127,P040,1,44000,0.0,completed,app
O003169,3,2026-03-03T15:21,C0127,P043,1,91000,0.0,completed,app
O003170,1,2026-03-03T22:30,C0274,P078,1,108000,0.0,cancelled,app
O003170,2,2026-03-03T22:30,C0274,P079,1,115000,0.0,cancelled,app
O003171,1,2026-03-03T11:02,C0167,P080,1,109000,0.0,completed,app
O003172,1,2026-03-04T16:42,C0188,P055,1,88000,0.0,completed,web
O003172,2,2026-03-04T16:42,C0188,P048,1,92000,0.0,completed,web
O003173,1,2026-03-04T14:24,C0383,P013,1,271000,0.0,completed,app
O003173,2,2026-03-04T14:24,C0383,P008,1,279000,0.0,completed,app
O003174,1,2026-03-04T18:55,C0182,P016,1,169000,0.0,completed,app
O003175,1,2026-03-04T10:21,C0559,P060,1,82000,0.0,completed,web
O003176,1,2026-03-04T14:43,C0283,P008,1,279000,0.0,completed,app
O003177,1,2026-03-04T16:45,C0146,P052,1,74000,0.0,completed,app
O003177,2,2026-03-04T16:45,C0146,P017,1,274000,0.0,completed,app
O003178,1,2026-03-04T21:47,C0213,P034,1,57000,0.0,returned,web
O003179,1,2026-03-04T14:45,C0479,P069,1,122000,0.0,returned,web
O003179,2,2026-03-04T14:45,C0479,P063,1,124000,0.0,returned,web
O003180,1,2026-03-04T14:30,C0271,P045,1,64000,0.0,completed,app
O003181,1,2026-03-04T19:53,C0430,P045,1,64000,0.0,completed,app
O003182,1,2026-03-04T19:14,C0196,P055,1,88000,0.0,completed,app
O003182,2,2026-03-04T19:14,C0196,P040,1,44000,0.0,completed,app
O003183,1,2026-03-04T12:19,C0567,P040,1,44000,0.0,completed,app
O003183,2,2026-03-04T12:19,C0567,P021,1,72000,0.0,completed,app
O003184,1,2026-03-04T16:59,C0303,P078,1,108000,0.0,completed,web
O003184,2,2026-03-04T16:59,C0303,P045,3,64000,0.0,completed,web
O003185,1,2026-03-04T13:30,C0349,P040,1,44000,0.0,completed,app
O003186,1,2026-03-04T20:02,C0045,P019,1,37000,0.0,cancelled,web
O003187,1,2026-03-04T14:29,C0005,P069,1,122000,0.0,completed,app
O003188,1,2026-03-04T14:04,C0596,P080,1,109000,0.0,completed,web
O003189,1,2026-03-04T07:37,C0377,P052,1,74000,0.0,completed,web
O003190,1,2026-03-04T14:18,C0467,P066,1,110000,0.0,completed,app
O003190,2,2026-03-04T14:18,C0467,P067,1,110000,0.0,completed,app
O003190,3,2026-03-04T14:18,C0467,P052,1,74000,0.0,completed,app
O003191,1,2026-03-04T17:10,C0453,P008,1,279000,0.0,completed,app
O003192,1,2026-03-04T23:38,C0113,P008,1,279000,0.0,completed,web
O003192,2,2026-03-04T23:38,C0113,P008,1,279000,0.0,completed,web
O003193,1,2026-03-04T20:04,C0453,P078,1,108000,0.0,completed,web
O003193,2,2026-03-04T20:04,C0453,P017,1,274000,0.0,completed,web
O003194,1,2026-03-04T10:13,C0383,P008,1,279000,0.0,completed,app
O003195,1,2026-03-04T12:54,C0303,P076,1,80800,0.2,completed,web
O003196,1,2026-03-04T09:04,C0294,P064,1,127000,0.0,completed,app
O003197,1,2026-03-04T09:55,C0515,P017,1,274000,0.0,completed,app
O003198,1,2026-03-04T12:30,C0543,P055,1,88000,0.0,completed,app
O003199,1,2026-03-04T12:53,C0221,P017,1,274000,0.0,completed,app
O003200,1,2026-03-04T19:01,C0240,P055,1,88000,0.0,completed,app
O003201,1,2026-03-04T13:17,C0225,P017,1,274000,0.0,cancelled,web
O003202,1,2026-03-04T15:39,C0056,P062,1,86000,0.0,completed,web
O003203,1,2026-03-04T15:23,C0369,P008,1,279000,0.0,completed,web
O003204,1,2026-03-04T12:07,C0124,P055,1,88000,0.0,cancelled,app
O003204,2,2026-03-04T12:07,C0124,P042,1,85000,0.0,cancelled,app
O003204,3,2026-03-04T12:07,C0124,P043,1,91000,0.0,cancelled,app
O003205,1,2026-03-04T14:31,C0598,P013,1,271000,0.0,completed,web
O003206,1,2026-03-04T11:08,C0582,P048,1,92000,0.0,completed,web
O003207,1,2026-03-04T16:38,C0250,P011,1,265000,0.0,completed,app
O003207,2,2026-03-04T16:38,C0250,P011,1,265000,0.0,completed,app
O003207,3,2026-03-04T16:38,C0250,P017,1,274000,0.0,completed,app
O003208,1,2026-03-04T15:30,C0441,P053,1,100000,0.0,completed,web
O003209,1,2026-03-04T16:50,C0240,P044,1,85000,0.0,completed,web
O003210,1,2026-03-04T15:33,C0595,P008,1,279000,0.0,completed,web
O003211,1,2026-03-04T17:15,C0312,P011,1,265000,0.0,completed,web
O003212,1,2026-03-04T12:59,C0186,P008,1,279000,0.0,completed,app
O003212,2,2026-03-04T12:59,C0186,P013,1,271000,0.0,completed,app
O003213,1,2026-03-04T13:47,C0406,P060,1,82000,0.0,completed,app
O003213,2,2026-03-04T13:47,C0406,P008,1,279000,0.0,completed,app
O003214,1,2026-03-04T05:19,C0296,P064,1,127000,0.0,completed,app
O003215,1,2026-03-04T13:01,C0186,P064,1,127000,0.0,returned,app
O003216,1,2026-03-04T18:39,C0274,P016,1,169000,0.0,completed,app
O003217,1,2026-03-05T09:56,C0409,P064,1,127000,0.0,completed,app
O003218,1,2026-03-05T13:47,C0240,P056,1,61000,0.0,completed,app
O003219,1,2026-03-05T15:20,C0595,P069,1,122000,0.0,completed,web
O003220,1,2026-03-05T09:35,C0282,P011,1,265000,0.0,completed,web
O003220,2,2026-03-05T09:35,C0282,P027,1,63000,0.0,completed,web
O003221,1,2026-03-05T19:53,C0167,P035,1,49000,0.0,cancelled,app
O003222,1,2026-03-05T16:26,C0567,P076,1,80800,0.2,completed,app
O003222,2,2026-03-05T16:26,C0567,P021,1,72000,0.0,completed,app
O003222,3,2026-03-05T16:26,C0567,P021,1,72000,0.0,completed,app
O003223,1,2026-03-05T19:31,C0311,P048,1,92000,0.0,completed,web
O003224,1,2026-03-05T13:49,C0430,P007,1,262000,0.0,cancelled,app
O003225,1,2026-03-05T13:00,C0341,P011,1,265000,0.0,completed,web
O003226,1,2026-03-05T16:50,C0224,P061,1,115000,0.0,completed,web
O003227,1,2026-03-05T16:46,C0432,P020,1,41000,0.0,completed,web
O003228,1,2026-03-05T17:10,C0597,P071,1,133000,0.0,completed,web
O003229,1,2026-03-05T17:22,C0033,P038,1,38000,0.0,completed,web
O003230,1,2026-03-05T16:57,C0146,P030,1,62000,0.0,completed,app
O003231,1,2026-03-05T16:55,C0351,P048,3,92000,0.0,completed,app
O003231,2,2026-03-05T16:55,C0351,P073,2,75000,0.0,completed,app
O003231,3,2026-03-05T16:55,C0351,P049,1,78000,0.0,completed,app
O003232,1,2026-03-05T12:19,C0333,P073,1,75000,0.0,completed,web
O003232,2,2026-03-05T12:19,C0333,P045,1,64000,0.0,completed,web
O003233,1,2026-03-05T12:15,C0110,P050,1,84000,0.0,completed,web
O003234,1,2026-03-05T11:32,C0209,P017,1,274000,0.0,completed,app
O003235,1,2026-03-05T19:13,C0153,P028,1,39000,0.0,completed,app
O003235,2,2026-03-05T19:13,C0153,P026,1,48000,0.0,completed,app
O003236,1,2026-03-05T10:10,C0393,P019,1,37000,0.0,completed,app
O003236,2,2026-03-05T10:10,C0393,P040,1,44000,0.0,completed,app
O003237,1,2026-03-05T17:11,C0360,P055,3,88000,0.0,completed,web
O003238,1,2026-03-05T12:10,C0068,P043,1,91000,0.0,completed,app
O003239,1,2026-03-05T07:43,C0096,P030,1,62000,0.0,completed,app
O003239,2,2026-03-05T07:43,C0096,P075,1,81000,0.0,completed,app
O003239,3,2026-03-05T07:43,C0096,P061,1,115000,0.0,completed,app
O003240,1,2026-03-05T07:41,C0349,P061,3,115000,0.0,completed,app
O003241,1,2026-03-05T19:23,C0595,P006,1,275000,0.0,completed,app
O003242,1,2026-03-05T18:38,C0451,P014,1,203000,0.0,completed,app
O003242,2,2026-03-05T18:38,C0451,P014,1,203000,0.0,completed,app
O003242,3,2026-03-05T18:38,C0451,P007,1,262000,0.0,completed,app
O003243,1,2026-03-05T16:04,C0346,P014,1,203000,0.0,completed,app
O003244,1,2026-03-05T15:06,C0438,P053,1,100000,0.0,completed,web
O003244,2,2026-03-05T15:06,C0438,P059,1,76000,0.2,completed,web
O003244,3,2026-03-05T15:06,C0438,P008,1,279000,0.0,completed,web
O003245,1,2026-03-05T11:35,C0274,P021,1,72000,0.0,completed,app
O003246,1,2026-03-05T18:50,C0110,P056,1,61000,0.0,completed,app
O003247,1,2026-03-05T19:53,C0005,P027,1,63000,0.0,completed,app
O003247,2,2026-03-05T19:53,C0005,P008,1,279000,0.0,completed,app
O003248,1,2026-03-05T16:07,C0206,P010,1,263000,0.0,completed,web
O003248,2,2026-03-05T16:07,C0206,P010,1,263000,0.0,completed,web
O003249,1,2026-03-05T17:37,C0275,P055,1,88000,0.0,completed,app
O003249,2,2026-03-05T17:37,C0275,P059,1,76000,0.2,completed,app
O003250,1,2026-03-05T18:47,C0372,P037,1,49000,0.0,completed,web
O003251,1,2026-03-05T19:36,C0057,P026,1,48000,0.0,completed,app
O003252,1,2026-03-05T11:41,C0173,P028,1,39000,0.0,completed,web
O003253,1,2026-03-05T10:13,C0407,P019,1,37000,0.0,completed,web
O003254,1,2026-03-05T12:45,C0335,P017,1,274000,0.0,completed,web
O003255,1,2026-03-05T09:54,C0566,P040,1,44000,0.0,completed,web
O003256,1,2026-03-05T11:47,C0057,P040,1,44000,0.0,cancelled,app
O003257,1,2026-03-05T11:40,C0350,P075,1,81000,0.0,completed,app
O003258,1,2026-03-05T15:09,C0366,P073,1,75000,0.0,completed,web
O003259,1,2026-03-05T09:33,C0099,P037,1,49000,0.0,completed,web
O003259,2,2026-03-05T09:33,C0099,P020,1,41000,0.0,completed,web
O003260,1,2026-03-06T10:00,C0333,P058,1,99000,0.0,completed,app
O003261,1,2026-03-06T16:04,C0482,P017,1,274000,0.0,completed,web
O003262,1,2026-03-06T19:13,C0403,P007,1,262000,0.0,completed,app
O003263,1,2026-03-06T12:24,C0171,P020,1,41000,0.0,completed,app
O003264,1,2026-03-06T13:15,C0283,P056,1,61000,0.0,completed,app
O003264,2,2026-03-06T13:15,C0283,P008,1,279000,0.0,completed,app
O003265,1,2026-03-06T12:36,C0164,P043,1,91000,0.0,completed,web
O003266,1,2026-03-06T09:49,C0509,P061,2,115000,0.0,returned,web
O003267,1,2026-03-06T09:32,C0325,P040,1,44000,0.0,completed,web
O003267,2,2026-03-06T09:32,C0325,P062,1,86000,0.0,completed,web
O003268,1,2026-03-06T14:11,C0124,P021,1,72000,0.0,completed,app
O003269,1,2026-03-06T15:00,C0123,P030,1,62000,0.0,completed,web
O003269,2,2026-03-06T15:00,C0123,P039,1,45000,0.0,completed,web
O003269,3,2026-03-06T15:00,C0123,P028,1,39000,0.0,completed,web
O003270,1,2026-03-06T09:46,C0321,P021,1,72000,0.0,completed,web
O003271,1,2026-03-06T15:01,C0130,P015,1,222000,0.0,completed,app
O003272,1,2026-03-06T12:05,C0583,P001,1,193000,0.0,completed,web
O003273,1,2026-03-06T18:52,C0418,P042,1,85000,0.0,completed,app
O003274,1,2026-03-06T11:03,C0153,P066,1,110000,0.0,returned,app
O003275,1,2026-03-06T13:19,C0430,P040,1,44000,0.0,completed,app
O003276,1,2026-03-06T18:16,C0325,P043,1,91000,0.0,completed,web
O003276,2,2026-03-06T18:16,C0325,P064,1,127000,0.0,completed,web
O003277,1,2026-03-06T12:24,C0438,P010,1,263000,0.0,completed,web
O003278,1,2026-03-06T12:59,C0192,P017,1,274000,0.0,completed,app
O003278,2,2026-03-06T12:59,C0192,P064,1,127000,0.0,completed,app
O003278,3,2026-03-06T12:59,C0192,P031,1,60000,0.0,completed,app
O003279,1,2026-03-06T12:08,C0470,P008,1,279000,0.0,returned,web
O003280,1,2026-03-06T14:17,C0595,P030,1,62000,0.0,completed,app
O003281,1,2026-03-06T21:51,C0596,P043,1,91000,0.0,completed,web
O003281,2,2026-03-06T21:51,C0596,P069,1,122000,0.0,completed,web
O003282,1,2026-03-06T17:57,C0302,P002,1,163000,0.0,completed,app
O003283,1,2026-03-06T14:05,C0383,P048,1,92000,0.0,returned,app
O003283,2,2026-03-06T14:05,C0383,P072,1,95000,0.0,returned,app
O003284,1,2026-03-06T12:08,C0080,P030,1,62000,0.0,completed,app
O003285,1,2026-03-06T11:17,C0271,P038,1,38000,0.0,completed,app
O003286,1,2026-03-06T12:39,C0353,P048,1,92000,0.0,completed,app
O003287,1,2026-03-06T17:00,C0010,P040,1,44000,0.0,completed,web
O003288,1,2026-03-06T06:55,C0436,P001,1,193000,0.0,completed,app
O003288,2,2026-03-06T06:55,C0436,P064,1,127000,0.0,completed,app
O003288,3,2026-03-06T06:55,C0436,P066,1,110000,0.0,completed,app
O003289,1,2026-03-06T18:22,C0093,P055,2,70400,0.2,completed,web
O003290,1,2026-03-06T13:58,C0483,P067,1,110000,0.0,completed,web
O003291,1,2026-03-06T14:22,C0250,P055,1,70400,0.2,cancelled,web
O003292,1,2026-03-06T10:31,C0129,P049,1,78000,0.0,completed,app
O003292,2,2026-03-06T10:31,C0129,P042,1,85000,0.0,completed,app
O003293,1,2026-03-06T17:02,C0108,P028,1,39000,0.0,completed,app
O003293,2,2026-03-06T17:02,C0108,P017,1,274000,0.0,completed,app
O003294,1,2026-03-06T11:27,C0350,P052,1,74000,0.0,completed,web
O003295,1,2026-03-06T09:43,C0515,P040,1,44000,0.0,completed,app
O003296,1,2026-03-06T13:08,C0153,P001,1,193000,0.0,completed,app
O003297,1,2026-03-06T17:04,C0572,P038,1,38000,0.0,completed,web
O003298,1,2026-03-06T14:00,C0188,P042,1,85000,0.0,completed,web
O003298,2,2026-03-06T14:00,C0188,P060,1,82000,0.0,completed,web
O003299,1,2026-03-06T12:30,C0146,P052,1,74000,0.0,completed,app
O003300,1,2026-03-06T10:06,C0471,P032,1,45000,0.0,completed,web
O003301,1,2026-03-06T14:44,C0519,P013,1,271000,0.0,completed,web
O003302,1,2026-03-06T18:57,C0294,P030,1,62000,0.0,returned,app
O003303,1,2026-03-06T15:48,C0220,P043,1,91000,0.0,completed,app
O003304,1,2026-03-06T13:32,C0477,P017,1,274000,0.0,completed,app
O003305,1,2026-03-06T14:56,C0130,P010,1,263000,0.0,cancelled,app
O003305,2,2026-03-06T14:56,C0130,P016,1,169000,0.0,cancelled,app
O003306,1,2026-03-06T11:45,C0174,P008,1,279000,0.0,completed,app
O003307,1,2026-03-06T18:11,C0110,P011,1,265000,0.0,completed,app
O003307,2,2026-03-06T18:11,C0110,P079,1,115000,0.0,completed,app
O003308,1,2026-03-06T07:22,C0206,P017,1,274000,0.0,completed,web
O003308,2,2026-03-06T07:22,C0206,P016,1,169000,0.0,completed,web
O003308,3,2026-03-06T07:22,C0206,P080,1,109000,0.0,completed,web
O003309,1,2026-03-06T18:55,C0451,P075,1,81000,0.0,completed,app
O003310,1,2026-03-07T10:40,C0587,P071,1,133000,0.0,completed,app
O003311,1,2026-03-07T20:10,C0502,P006,1,275000,0.0,completed,app
O003311,2,2026-03-07T20:10,C0502,P003,1,136000,0.0,completed,app
O003312,1,2026-03-07T14:17,C0550,P001,1,193000,0.0,completed,web
O003313,1,2026-03-07T16:23,C0443,P055,1,70400,0.2,returned,app
O003313,2,2026-03-07T16:23,C0443,P076,1,80800,0.2,returned,app
O003313,3,2026-03-07T16:23,C0443,P003,1,136000,0.0,returned,app
O003314,1,2026-03-07T12:54,C0336,P077,1,69000,0.0,completed,web
O003315,1,2026-03-07T08:08,C0188,P043,1,91000,0.0,completed,web
O003315,2,2026-03-07T08:08,C0188,P073,1,75000,0.0,completed,web
O003315,3,2026-03-07T08:08,C0188,P011,1,265000,0.0,completed,web
O003316,1,2026-03-07T15:24,C0110,P026,1,48000,0.0,completed,app
O003316,2,2026-03-07T15:24,C0110,P045,1,64000,0.0,completed,app
O003317,1,2026-03-07T11:51,C0111,P055,1,70400,0.2,completed,app
O003318,1,2026-03-07T13:13,C0186,P006,1,275000,0.0,completed,app
O003319,1,2026-03-07T14:24,C0393,P040,1,44000,0.0,completed,web
O003319,2,2026-03-07T14:24,C0393,P040,1,44000,0.0,completed,web
O003319,3,2026-03-07T14:24,C0393,P021,1,72000,0.0,completed,web
O003320,1,2026-03-07T06:52,C0215,P048,1,92000,0.0,returned,app
O003320,2,2026-03-07T06:52,C0215,P059,1,76000,0.2,returned,app
O003321,1,2026-03-07T16:05,C0271,P022,1,36000,0.0,completed,web
O003322,1,2026-03-07T18:59,C0123,P040,1,44000,0.0,completed,web
O003322,2,2026-03-07T18:59,C0123,P040,1,44000,0.0,completed,web
O003323,1,2026-03-07T17:26,C0216,P033,1,65000,0.0,completed,web
O003324,1,2026-03-07T11:07,C0215,P045,1,64000,0.0,completed,app
O003324,2,2026-03-07T11:07,C0215,P055,1,70400,0.2,completed,app
O003325,1,2026-03-07T08:32,C0274,P001,1,193000,0.0,completed,app
O003325,2,2026-03-07T08:32,C0274,P051,1,78000,0.0,completed,app
O003326,1,2026-03-07T19:40,C0150,P050,1,84000,0.0,completed,web
O003327,1,2026-03-07T16:45,C0541,P040,2,44000,0.0,completed,app
O003327,2,2026-03-07T16:45,C0541,P019,1,37000,0.0,completed,app
O003328,1,2026-03-07T15:10,C0572,P006,1,275000,0.0,completed,web
O003329,1,2026-03-07T21:02,C0418,P009,1,194000,0.0,cancelled,app
O003330,1,2026-03-07T17:58,C0283,P038,1,38000,0.0,completed,app
O003330,2,2026-03-07T17:58,C0283,P059,1,76000,0.2,completed,app
O003331,1,2026-03-07T13:35,C0131,P056,1,61000,0.0,completed,app
O003332,1,2026-03-07T08:35,C0304,P042,1,85000,0.0,completed,web
O003333,1,2026-03-07T11:17,C0192,P013,1,271000,0.0,completed,app
O003334,1,2026-03-07T19:55,C0186,P027,1,63000,0.0,completed,web
O003335,1,2026-03-07T18:17,C0597,P008,1,279000,0.0,completed,web
O003336,1,2026-03-07T16:11,C0302,P016,1,169000,0.0,completed,app
O003337,1,2026-03-07T16:28,C0053,P062,1,86000,0.0,completed,app
O003337,2,2026-03-07T16:28,C0053,P021,1,72000,0.0,completed,app
O003338,1,2026-03-07T14:42,C0595,P001,1,193000,0.0,completed,app
O003338,2,2026-03-07T14:42,C0595,P019,1,37000,0.0,completed,app
O003339,1,2026-03-07T20:22,C0436,P063,1,124000,0.0,completed,web
O003339,2,2026-03-07T20:22,C0436,P070,1,114000,0.0,completed,web
O003340,1,2026-03-07T07:02,C0477,P034,1,57000,0.0,completed,app
O003341,1,2026-03-07T11:10,C0265,P055,1,70400,0.2,completed,web
O003341,2,2026-03-07T11:10,C0265,P008,1,279000,0.0,completed,web
O003341,3,2026-03-07T11:10,C0265,P007,1,262000,0.0,completed,web
O003342,1,2026-03-07T19:23,C0259,P050,1,84000,0.0,completed,web
O003343,1,2026-03-07T10:14,C0163,P040,1,44000,0.0,completed,app
O003343,2,2026-03-07T10:14,C0163,P001,2,193000,0.0,completed,app
O003344,1,2026-03-07T14:49,C0570,P042,1,85000,0.0,completed,web
O003344,2,2026-03-07T14:49,C0570,P042,1,85000,0.0,completed,web
O003344,3,2026-03-07T14:49,C0570,P056,1,61000,0.0,completed,web
O003345,1,2026-03-07T17:23,C0436,P071,1,133000,0.0,completed,app
O003345,2,2026-03-07T17:23,C0436,P064,1,127000,0.0,completed,app
O003346,1,2026-03-07T13:57,C0283,P043,1,91000,0.0,completed,app
O003347,1,2026-03-07T04:12,C0314,P055,1,70400,0.2,completed,app
O003348,1,2026-03-07T02:45,C0572,P028,1,39000,0.0,returned,web
O003348,2,2026-03-07T02:45,C0572,P008,1,279000,0.0,returned,web
O003349,1,2026-03-07T18:35,C0206,P008,1,279000,0.0,completed,web
O003350,1,2026-03-07T12:39,C0190,P043,1,91000,0.0,completed,app
O003351,1,2026-03-07T14:15,C0366,P055,1,70400,0.2,completed,web
O003352,1,2026-03-07T17:38,C0044,P019,1,37000,0.0,completed,app
O003353,1,2026-03-07T17:46,C0057,P021,1,72000,0.0,completed,app
O003353,2,2026-03-07T17:46,C0057,P008,1,279000,0.0,completed,app
O003354,1,2026-03-07T15:07,C0001,P008,1,279000,0.0,completed,web
O003354,2,2026-03-07T15:07,C0001,P015,1,222000,0.0,completed,web
O003354,3,2026-03-07T15:07,C0001,P059,1,76000,0.2,completed,web
O003355,1,2026-03-07T23:52,C0438,P008,1,279000,0.0,completed,web
O003355,2,2026-03-07T23:52,C0438,P042,1,85000,0.0,completed,web
O003356,1,2026-03-08T15:22,C0420,P044,1,85000,0.0,completed,web
O003357,1,2026-03-08T20:54,C0394,P017,1,274000,0.0,returned,web
O003358,1,2026-03-08T11:52,C0058,P078,1,108000,0.0,completed,app
O003359,1,2026-03-08T23:32,C0524,P036,2,65000,0.0,returned,web
O003360,1,2026-03-08T18:20,C0131,P051,1,78000,0.0,completed,web
O003361,1,2026-03-08T15:18,C0094,P003,1,136000,0.0,completed,web
O003362,1,2026-03-08T14:18,C0192,P001,1,193000,0.0,completed,app
O003363,1,2026-03-08T12:55,C0418,P051,1,78000,0.0,completed,app
O003363,2,2026-03-08T12:55,C0418,P013,1,271000,0.0,completed,app
O003363,3,2026-03-08T12:55,C0418,P060,1,82000,0.0,completed,app
O003364,1,2026-03-08T13:51,C0380,P006,1,275000,0.0,completed,web
O003365,1,2026-03-08T21:50,C0271,P020,1,41000,0.0,returned,web
O003366,1,2026-03-08T15:42,C0221,P030,1,62000,0.0,returned,app
O003367,1,2026-03-08T21:02,C0499,P055,1,70400,0.2,returned,app
O003368,1,2026-03-08T11:45,C0089,P042,1,85000,0.0,completed,app
O003369,1,2026-03-08T13:57,C0353,P060,1,82000,0.0,completed,app
O003370,1,2026-03-08T09:55,C0209,P040,1,44000,0.0,completed,app
O003370,2,2026-03-08T09:55,C0209,P019,1,37000,0.0,completed,app
O003371,1,2026-03-08T13:44,C0335,P055,1,70400,0.2,returned,web
O003371,2,2026-03-08T13:44,C0335,P008,1,279000,0.0,returned,web
O003372,1,2026-03-08T17:41,C0018,P020,1,41000,0.0,completed,web
O003373,1,2026-03-08T11:58,C0216,P059,1,76000,0.2,completed,web
O003374,1,2026-03-08T15:31,C0136,P052,1,74000,0.0,cancelled,app
O003374,2,2026-03-08T15:31,C0136,P039,1,45000,0.0,cancelled,app
O003375,1,2026-03-08T17:32,C0354,P054,1,50000,0.0,completed,web
O003376,1,2026-03-08T09:26,C0489,P015,1,222000,0.0,completed,web
O003377,1,2026-03-08T17:18,C0283,P040,1,44000,0.0,completed,app
O003378,1,2026-03-08T09:58,C0496,P033,1,65000,0.0,completed,app
O003379,1,2026-03-08T11:43,C0583,P063,1,124000,0.0,completed,app
O003380,1,2026-03-08T15:41,C0215,P045,1,64000,0.0,completed,app
O003381,1,2026-03-08T17:23,C0268,P063,1,124000,0.0,completed,web
O003382,1,2026-03-08T20:33,C0283,P041,1,74000,0.0,completed,app
O003383,1,2026-03-08T12:29,C0001,P052,1,74000,0.0,completed,web
O003383,2,2026-03-08T12:29,C0001,P001,1,193000,0.0,completed,web
O003384,1,2026-03-08T13:39,C0192,P016,1,169000,0.0,completed,app
O003384,2,2026-03-08T13:39,C0192,P015,1,222000,0.0,completed,app
O003385,1,2026-03-08T06:43,C0148,P020,1,41000,0.0,completed,app
O003385,2,2026-03-08T06:43,C0148,P024,1,55000,0.0,completed,app
O003385,3,2026-03-08T06:43,C0148,P042,1,85000,0.0,completed,app
O003386,1,2026-03-08T14:11,C0096,P040,1,44000,0.0,completed,app
O003386,2,2026-03-08T14:11,C0096,P036,1,65000,0.0,completed,app
O003387,1,2026-03-08T16:45,C0411,P021,1,72000,0.0,completed,web
O003388,1,2026-03-08T07:37,C0383,P055,1,70400,0.2,completed,app
O003388,2,2026-03-08T07:37,C0383,P006,1,275000,0.0,completed,app
O003389,1,2026-03-08T11:26,C0346,P021,1,72000,0.0,completed,app
O003389,2,2026-03-08T11:26,C0346,P013,1,271000,0.0,completed,app
O003390,1,2026-03-08T13:12,C0040,P020,1,41000,0.0,completed,web
O003391,1,2026-03-08T13:59,C0179,P042,2,85000,0.0,completed,app
O003391,2,2026-03-08T13:59,C0179,P055,1,70400,0.2,completed,app
O003392,1,2026-03-08T14:56,C0295,P027,1,63000,0.0,completed,app
O003393,1,2026-03-08T07:34,C0077,P052,1,74000,0.0,completed,app
O003394,1,2026-03-08T17:38,C0430,P036,1,65000,0.0,completed,app
O003394,2,2026-03-08T17:38,C0430,P042,1,85000,0.0,completed,app
O003395,1,2026-03-08T08:20,C0595,P040,1,44000,0.0,completed,app
O003396,1,2026-03-08T12:27,C0284,P078,1,108000,0.0,completed,web
O003397,1,2026-03-08T14:36,C0109,P048,1,92000,0.0,completed,app
O003397,2,2026-03-08T14:36,C0109,P043,1,91000,0.0,completed,app
O003397,3,2026-03-08T14:36,C0109,P030,1,62000,0.0,completed,app
O003398,1,2026-03-08T14:45,C0537,P056,1,61000,0.0,completed,web
O003399,1,2026-03-08T14:34,C0013,P012,1,138000,0.0,completed,app
O003400,1,2026-03-08T12:33,C0114,P017,1,274000,0.0,completed,app
O003401,1,2026-03-08T15:53,C0406,P042,1,85000,0.0,completed,web
O003401,2,2026-03-08T15:53,C0406,P059,1,76000,0.2,completed,web
O003401,3,2026-03-08T15:53,C0406,P060,1,82000,0.0,completed,web
O003402,1,2026-03-08T15:13,C0214,P055,1,70400,0.2,returned,web
O003402,2,2026-03-08T15:13,C0214,P008,1,279000,0.0,returned,web
O003403,1,2026-03-08T18:18,C0148,P080,1,109000,0.0,completed,web
O003404,1,2026-03-08T16:57,C0250,P073,1,75000,0.0,completed,app
O003405,1,2026-03-08T12:05,C0196,P038,1,38000,0.0,cancelled,app
O003405,2,2026-03-08T12:05,C0196,P040,1,44000,0.0,cancelled,app
O003406,1,2026-03-08T11:41,C0386,P008,1,279000,0.0,completed,app
O003407,1,2026-03-08T16:01,C0353,P044,1,85000,0.0,completed,web
O003408,1,2026-03-08T11:57,C0361,P045,1,64000,0.0,completed,app
O003408,2,2026-03-08T11:57,C0361,P017,1,274000,0.0,completed,app
O003409,1,2026-03-08T12:56,C0479,P028,1,39000,0.0,completed,app
O003410,1,2026-03-08T15:53,C0146,P015,1,222000,0.0,completed,app
O003410,2,2026-03-08T15:53,C0146,P029,1,39000,0.0,completed,app
O003410,3,2026-03-08T15:53,C0146,P022,1,36000,0.0,completed,app
O003411,1,2026-03-08T21:33,C0489,P017,1,274000,0.0,completed,web
O003412,1,2026-03-08T11:31,C0190,P013,1,271000,0.0,completed,app
O003413,1,2026-03-09T19:07,C0109,P008,1,279000,0.0,completed,web
O003414,1,2026-03-09T09:36,C0477,P055,1,70400,0.2,completed,app
O003414,2,2026-03-09T09:36,C0477,P055,1,70400,0.2,completed,app
O003415,1,2026-03-09T19:08,C0418,P051,1,78000,0.0,completed,app
O003415,2,2026-03-09T19:08,C0418,P055,1,70400,0.2,completed,app
O003416,1,2026-03-09T15:09,C0113,P013,1,271000,0.0,completed,web
O003417,1,2026-03-09T12:19,C0395,P045,1,64000,0.0,completed,web
O003418,1,2026-03-09T16:20,C0397,P073,1,75000,0.0,completed,app
O003418,2,2026-03-09T16:20,C0397,P001,1,193000,0.0,completed,app
O003419,1,2026-03-09T09:18,C0335,P021,1,72000,0.0,completed,web
O003419,2,2026-03-09T09:18,C0335,P042,1,85000,0.0,completed,web
O003420,1,2026-03-09T18:12,C0275,P066,1,110000,0.0,completed,app
O003421,1,2026-03-09T14:22,C0335,P027,1,63000,0.0,returned,web
O003422,1,2026-03-09T21:36,C0438,P008,1,279000,0.0,completed,web
O003423,1,2026-03-09T17:27,C0504,P043,1,91000,0.0,completed,web
O003424,1,2026-03-09T07:42,C0133,P016,1,169000,0.0,completed,web
O003425,1,2026-03-09T20:39,C0335,P038,1,38000,0.0,completed,web
O003425,2,2026-03-09T20:39,C0335,P060,1,82000,0.0,completed,web
O003426,1,2026-03-09T23:35,C0283,P052,1,74000,0.0,completed,app
O003427,1,2026-03-09T18:47,C0429,P071,1,133000,0.0,completed,app
O003428,1,2026-03-09T12:54,C0214,P054,1,50000,0.0,completed,app
O003429,1,2026-03-09T10:29,C0252,P029,1,39000,0.0,completed,web
O003429,2,2026-03-09T10:29,C0252,P057,1,92000,0.0,completed,web
O003430,1,2026-03-09T18:55,C0411,P017,1,274000,0.0,completed,app
O003431,1,2026-03-09T15:56,C0294,P037,1,49000,0.0,completed,app
O003432,1,2026-03-09T15:19,C0196,P078,1,108000,0.0,completed,app
O003432,2,2026-03-09T15:19,C0196,P038,1,38000,0.0,completed,app
O003433,1,2026-03-09T13:49,C0052,P072,1,95000,0.0,completed,web
O003434,1,2026-03-09T15:15,C0455,P045,1,64000,0.0,completed,web
O003435,1,2026-03-09T15:43,C0465,P016,1,169000,0.0,returned,web
O003436,1,2026-03-09T15:01,C0130,P077,1,69000,0.0,completed,app
O003437,1,2026-03-09T21:20,C0153,P031,1,60000,0.0,completed,app
O003437,2,2026-03-09T21:20,C0153,P024,1,55000,0.0,completed,app
O003438,1,2026-03-09T09:26,C0346,P001,1,193000,0.0,completed,app
O003439,1,2026-03-09T09:47,C0140,P079,1,115000,0.0,completed,app
O003439,2,2026-03-09T09:47,C0140,P073,1,75000,0.0,completed,app
O003440,1,2026-03-09T12:00,C0148,P008,1,279000,0.0,cancelled,app
O003441,1,2026-03-09T09:15,C0229,P043,1,91000,0.0,completed,web
O003442,1,2026-03-09T07:13,C0057,P067,1,110000,0.0,completed,app
O003442,2,2026-03-09T07:13,C0057,P043,1,91000,0.0,completed,app
O003442,3,2026-03-09T07:13,C0057,P015,1,222000,0.0,completed,app
O003443,1,2026-03-09T20:48,C0196,P040,1,44000,0.0,completed,app
O003444,1,2026-03-09T13:55,C0294,P030,1,62000,0.0,completed,app
O003445,1,2026-03-09T13:06,C0089,P059,1,76000,0.2,completed,app
O003446,1,2026-03-09T08:30,C0274,P017,1,274000,0.0,completed,app
O003446,2,2026-03-09T08:30,C0274,P055,1,70400,0.2,completed,app
O003447,1,2026-03-09T23:10,C0346,P008,1,279000,0.0,completed,web
O003447,2,2026-03-09T23:10,C0346,P011,1,265000,0.0,completed,web
O003447,3,2026-03-09T23:10,C0346,P006,1,275000,0.0,completed,web
O003448,1,2026-03-09T07:53,C0129,P043,1,91000,0.0,completed,app
O003448,2,2026-03-09T07:53,C0129,P015,1,222000,0.0,completed,app
O003449,1,2026-03-09T03:46,C0209,P040,1,44000,0.0,completed,app
O003449,2,2026-03-09T03:46,C0209,P030,1,62000,0.0,completed,app
O003449,3,2026-03-09T03:46,C0209,P002,1,163000,0.0,completed,app
O003450,1,2026-03-09T08:45,C0220,P045,1,64000,0.0,returned,web
O003451,1,2026-03-09T18:38,C0566,P001,1,193000,0.0,completed,app
O003452,1,2026-03-09T17:42,C0521,P069,1,122000,0.0,completed,web
O003453,1,2026-03-09T18:39,C0564,P061,1,115000,0.0,completed,app
O003453,2,2026-03-09T18:39,C0564,P002,1,163000,0.0,completed,app
O003453,3,2026-03-09T18:39,C0564,P011,1,265000,0.0,completed,app
O003454,1,2026-03-09T14:43,C0057,P040,1,44000,0.0,cancelled,app
O003455,1,2026-03-09T16:57,C0400,P037,1,49000,0.0,completed,app
O003455,2,2026-03-09T16:57,C0400,P027,1,63000,0.0,completed,app
O003456,1,2026-03-09T11:57,C0579,P008,1,279000,0.0,returned,app
O003456,2,2026-03-09T11:57,C0579,P028,1,39000,0.0,returned,app
O003456,3,2026-03-09T11:57,C0579,P006,1,275000,0.0,returned,app
O003457,1,2026-03-09T19:14,C0001,P072,1,95000,0.0,completed,web
O003458,1,2026-03-09T20:31,C0357,P038,1,38000,0.0,completed,app
O003459,1,2026-03-10T10:33,C0250,P029,1,39000,0.0,returned,web
O003459,2,2026-03-10T10:33,C0250,P040,1,44000,0.0,returned,web
O003460,1,2026-03-10T13:37,C0240,P048,1,92000,0.0,completed,app
O003461,1,2026-03-10T17:15,C0072,P013,1,271000,0.0,completed,app
O003462,1,2026-03-10T20:35,C0397,P009,1,194000,0.0,returned,app
O003463,1,2026-03-10T14:21,C0406,P050,1,84000,0.0,completed,app
O003464,1,2026-03-10T17:38,C0011,P031,1,60000,0.0,cancelled,app
O003465,1,2026-03-10T17:50,C0502,P028,1,39000,0.0,completed,app
O003466,1,2026-03-10T23:29,C0579,P055,1,70400,0.2,completed,app
O003466,2,2026-03-10T23:29,C0579,P017,1,274000,0.0,completed,app
O003467,1,2026-03-10T12:42,C0571,P006,1,275000,0.0,completed,web
O003468,1,2026-03-10T17:51,C0244,P008,1,279000,0.0,completed,app
O003469,1,2026-03-10T19:53,C0283,P061,1,115000,0.0,completed,app
O003470,1,2026-03-10T23:22,C0188,P008,1,279000,0.0,completed,web
O003471,1,2026-03-10T15:12,C0049,P071,1,133000,0.0,completed,app
O003472,1,2026-03-10T12:00,C0274,P042,1,85000,0.0,returned,app
O003473,1,2026-03-10T14:54,C0186,P011,1,265000,0.0,completed,app
O003474,1,2026-03-10T20:43,C0435,P080,1,109000,0.0,cancelled,web
O003475,1,2026-03-10T19:59,C0582,P001,1,193000,0.0,returned,app
O003476,1,2026-03-10T07:54,C0526,P026,1,48000,0.0,completed,web
O003476,2,2026-03-10T07:54,C0526,P008,1,279000,0.0,completed,web
O003477,1,2026-03-10T16:39,C0240,P055,1,70400,0.2,cancelled,app
O003477,2,2026-03-10T16:39,C0240,P048,1,92000,0.0,cancelled,app
O003478,1,2026-03-10T13:34,C0001,P008,1,279000,0.0,completed,web
O003479,1,2026-03-10T07:44,C0438,P017,1,274000,0.0,completed,web
O003480,1,2026-03-10T21:04,C0171,P007,1,262000,0.0,cancelled,web
O003481,1,2026-03-10T14:11,C0589,P049,1,78000,0.0,completed,app
O003482,1,2026-03-10T13:28,C0455,P045,1,64000,0.0,completed,web
O003483,1,2026-03-10T18:07,C0492,P059,1,76000,0.2,completed,app
O003484,1,2026-03-10T23:59,C0553,P001,1,193000,0.0,completed,app
O003485,1,2026-03-10T13:27,C0155,P036,1,65000,0.0,completed,app
O003485,2,2026-03-10T13:27,C0155,P064,1,127000,0.0,completed,app
O003486,1,2026-03-10T14:04,C0213,P049,1,78000,0.0,completed,web
O003487,1,2026-03-10T12:25,C0154,P048,1,92000,0.0,cancelled,app
O003488,1,2026-03-10T14:32,C0012,P038,1,38000,0.0,returned,web
O003489,1,2026-03-10T17:33,C0333,P059,1,76000,0.2,completed,web
O003490,1,2026-03-10T12:15,C0249,P015,1,222000,0.0,completed,web
O003491,1,2026-03-10T13:53,C0488,P035,1,49000,0.0,completed,app
O003492,1,2026-03-10T11:13,C0204,P051,1,78000,0.0,completed,web
O003493,1,2026-03-10T15:20,C0114,P077,1,69000,0.0,completed,web
O003493,2,2026-03-10T15:20,C0114,P008,1,279000,0.0,completed,web
O003494,1,2026-03-10T13:59,C0303,P079,2,115000,0.0,completed,web
O003494,2,2026-03-10T13:59,C0303,P073,1,75000,0.0,completed,web
O003495,1,2026-03-10T11:28,C0451,P008,1,279000,0.0,completed,app
O003495,2,2026-03-10T11:28,C0451,P048,1,92000,0.0,completed,app
O003496,1,2026-03-10T09:33,C0372,P037,1,49000,0.0,completed,web
O003497,1,2026-03-10T18:49,C0248,P043,1,91000,0.0,completed,web
O003498,1,2026-03-10T11:04,C0190,P008,1,279000,0.0,completed,app
O003499,1,2026-03-10T12:52,C0199,P073,1,75000,0.0,completed,app
O003500,1,2026-03-10T12:37,C0472,P011,1,265000,0.0,completed,app
O003501,1,2026-03-10T16:29,C0057,P001,1,193000,0.0,completed,web
O003502,1,2026-03-10T10:06,C0589,P007,1,262000,0.0,completed,app
O003502,2,2026-03-10T10:06,C0589,P040,1,44000,0.0,completed,app
O003503,1,2026-03-10T15:08,C0151,P036,1,65000,0.0,completed,app
O003504,1,2026-03-10T12:05,C0512,P080,3,109000,0.0,completed,app
O003505,1,2026-03-10T10:49,C0181,P055,1,70400,0.2,completed,app
O003506,1,2026-03-11T22:57,C0438,P008,1,279000,0.0,completed,web
O003506,2,2026-03-11T22:57,C0438,P012,1,138000,0.0,completed,web
O003506,3,2026-03-11T22:57,C0438,P043,1,91000,0.0,completed,web
O003507,1,2026-03-11T11:20,C0130,P045,1,64000,0.0,completed,app
O003508,1,2026-03-11T08:01,C0171,P044,1,85000,0.0,completed,app
O003509,1,2026-03-11T18:36,C0515,P032,1,45000,0.0,completed,app
O003510,1,2026-03-11T11:05,C0006,P080,1,109000,0.0,completed,app
O003511,1,2026-03-11T17:43,C0400,P048,1,92000,0.0,completed,app
O003512,1,2026-03-11T06:39,C0205,P063,2,124000,0.0,completed,app
O003512,2,2026-03-11T06:39,C0205,P019,1,37000,0.0,completed,app
O003512,3,2026-03-11T06:39,C0205,P011,1,265000,0.0,completed,app
O003513,1,2026-03-11T14:20,C0538,P037,1,49000,0.0,completed,web
O003514,1,2026-03-11T14:17,C0161,P032,1,45000,0.0,cancelled,app
O003515,1,2026-03-11T11:43,C0013,P028,1,39000,0.0,completed,app
O003516,1,2026-03-11T16:23,C0350,P061,1,115000,0.0,returned,app
O003516,2,2026-03-11T16:23,C0350,P069,1,122000,0.0,returned,app
O003516,3,2026-03-11T16:23,C0350,P030,1,62000,0.0,returned,app
O003517,1,2026-03-11T15:17,C0596,P078,1,108000,0.0,cancelled,web
O003517,2,2026-03-11T15:17,C0596,P032,1,45000,0.0,cancelled,web
O003518,1,2026-03-11T16:51,C0383,P010,1,263000,0.0,returned,app
O003519,1,2026-03-11T03:37,C0131,P015,1,222000,0.0,completed,app
O003519,2,2026-03-11T03:37,C0131,P040,1,44000,0.0,completed,app
O003519,3,2026-03-11T03:37,C0131,P052,1,74000,0.0,completed,app
O003520,1,2026-03-11T11:47,C0568,P040,1,44000,0.0,completed,app
O003521,1,2026-03-11T23:49,C0467,P059,1,76000,0.2,completed,app
O003522,1,2026-03-11T17:20,C0330,P039,1,45000,0.0,completed,web
O003523,1,2026-03-11T15:47,C0599,P040,1,44000,0.0,completed,web
O003524,1,2026-03-11T11:31,C0499,P001,1,193000,0.0,completed,app
O003525,1,2026-03-11T19:08,C0477,P055,1,70400,0.2,completed,app
O003525,2,2026-03-11T19:08,C0477,P048,1,92000,0.0,completed,app
O003526,1,2026-03-11T12:42,C0033,P055,1,70400,0.2,completed,web
O003527,1,2026-03-11T14:32,C0155,P007,1,262000,0.0,completed,app
O003528,1,2026-03-11T12:24,C0600,P050,1,84000,0.0,completed,app
O003528,2,2026-03-11T12:24,C0600,P055,1,70400,0.2,completed,app
O003529,1,2026-03-11T10:03,C0400,P006,1,275000,0.0,completed,web
O003530,1,2026-03-11T17:02,C0436,P055,1,70400,0.2,cancelled,app
O003531,1,2026-03-11T17:40,C0164,P040,1,44000,0.0,completed,app
O003532,1,2026-03-11T14:33,C0515,P011,1,265000,0.0,completed,app
O003532,2,2026-03-11T14:33,C0515,P008,1,279000,0.0,completed,app
O003533,1,2026-03-11T11:52,C0595,P017,1,274000,0.0,completed,app
O003533,2,2026-03-11T11:52,C0595,P043,1,91000,0.0,completed,app
O003534,1,2026-03-11T13:09,C0064,P030,1,62000,0.0,completed,app
O003535,1,2026-03-11T16:24,C0214,P043,1,91000,0.0,completed,web
O003536,1,2026-03-11T20:43,C0061,P043,1,91000,0.0,completed,web
O003536,2,2026-03-11T20:43,C0061,P037,2,49000,0.0,completed,web
O003536,3,2026-03-11T20:43,C0061,P055,1,70400,0.2,completed,web
O003537,1,2026-03-11T16:04,C0221,P028,1,39000,0.0,returned,app
O003537,2,2026-03-11T16:04,C0221,P028,1,39000,0.0,returned,app
O003538,1,2026-03-11T15:28,C0294,P037,1,49000,0.0,completed,app
O003539,1,2026-03-11T05:11,C0146,P052,1,74000,0.0,completed,app
O003540,1,2026-03-11T16:18,C0434,P040,1,44000,0.0,completed,web
O003541,1,2026-03-11T13:36,C0218,P011,1,265000,0.0,returned,web
O003541,2,2026-03-11T13:36,C0218,P002,1,163000,0.0,returned,web
O003542,1,2026-03-11T13:39,C0077,P055,1,70400,0.2,completed,web
O003542,2,2026-03-11T13:39,C0077,P001,1,193000,0.0,completed,web
O003543,1,2026-03-11T10:43,C0073,P055,1,70400,0.2,completed,app
O003544,1,2026-03-11T12:46,C0450,P006,1,275000,0.0,completed,app
O003545,1,2026-03-11T11:12,C0213,P008,1,279000,0.0,completed,web
O003545,2,2026-03-11T11:12,C0213,P036,1,65000,0.0,completed,web
O003545,3,2026-03-11T11:12,C0213,P001,1,193000,0.0,completed,web
O003546,1,2026-03-12T10:08,C0545,P052,1,74000,0.0,completed,web
O003546,2,2026-03-12T10:08,C0545,P055,1,70400,0.2,completed,web
O003547,1,2026-03-12T19:09,C0418,P056,1,61000,0.0,completed,app
O003547,2,2026-03-12T19:09,C0418,P043,1,91000,0.0,completed,app
O003548,1,2026-03-12T09:59,C0589,P032,1,45000,0.0,completed,app
O003549,1,2026-03-12T15:18,C0249,P078,1,108000,0.0,cancelled,app
O003550,1,2026-03-12T12:02,C0011,P071,1,133000,0.0,completed,app
O003551,1,2026-03-12T11:40,C0230,P040,1,44000,0.0,completed,web
O003551,2,2026-03-12T11:40,C0230,P040,2,44000,0.0,completed,web
O003551,3,2026-03-12T11:40,C0230,P028,1,39000,0.0,completed,web
O003552,1,2026-03-12T12:16,C0066,P007,1,262000,0.0,completed,app
O003553,1,2026-03-12T13:40,C0190,P043,1,91000,0.0,returned,app
O003553,2,2026-03-12T13:40,C0190,P008,1,279000,0.0,returned,app
O003553,3,2026-03-12T13:40,C0190,P027,1,63000,0.0,returned,app
O003554,1,2026-03-12T18:37,C0595,P008,1,279000,0.0,completed,app
O003554,2,2026-03-12T18:37,C0595,P006,1,275000,0.0,completed,app
O003555,1,2026-03-12T11:34,C0050,P008,1,279000,0.0,completed,app
O003556,1,2026-03-12T17:13,C0186,P078,1,108000,0.0,completed,app
O003557,1,2026-03-12T14:24,C0503,P062,1,86000,0.0,completed,app
O003558,1,2026-03-12T09:25,C0240,P006,1,275000,0.0,completed,app
O003559,1,2026-03-12T13:45,C0058,P037,1,49000,0.0,completed,web
O003560,1,2026-03-12T15:05,C0515,P019,1,37000,0.0,completed,app
O003561,1,2026-03-12T19:22,C0489,P038,1,38000,0.0,completed,web
O003562,1,2026-03-12T18:06,C0158,P076,1,80800,0.2,completed,app
O003563,1,2026-03-12T10:10,C0335,P043,1,91000,0.0,completed,web
O003564,1,2026-03-12T11:27,C0504,P013,1,271000,0.0,completed,app
O003564,2,2026-03-12T11:27,C0504,P058,1,99000,0.0,completed,app
O003564,3,2026-03-12T11:27,C0504,P073,1,75000,0.0,completed,app
O003565,1,2026-03-12T06:36,C0430,P056,1,61000,0.0,completed,web
O003566,1,2026-03-12T18:35,C0483,P053,1,100000,0.0,completed,web
O003567,1,2026-03-12T06:32,C0123,P055,1,70400,0.2,completed,web
O003567,2,2026-03-12T06:32,C0123,P030,1,62000,0.0,completed,web
O003568,1,2026-03-12T15:54,C0140,P055,1,70400,0.2,completed,app
O003568,2,2026-03-12T15:54,C0140,P043,1,91000,0.0,completed,app
O003569,1,2026-03-12T15:01,C0438,P048,1,92000,0.0,completed,web
O003570,1,2026-03-12T15:57,C0577,P055,1,70400,0.2,completed,app
O003570,2,2026-03-12T15:57,C0577,P056,1,61000,0.0,completed,app
O003571,1,2026-03-12T16:08,C0333,P045,1,64000,0.0,completed,app
O003571,2,2026-03-12T16:08,C0333,P050,1,84000,0.0,completed,app
O003572,1,2026-03-12T10:02,C0271,P017,1,274000,0.0,completed,app
O003572,2,2026-03-12T10:02,C0271,P064,1,127000,0.0,completed,app
O003573,1,2026-03-12T17:11,C0522,P055,1,70400,0.2,completed,app
O003574,1,2026-03-12T18:52,C0493,P015,1,222000,0.0,completed,web
O003575,1,2026-03-12T13:10,C0140,P064,1,127000,0.0,completed,app
O003575,2,2026-03-12T13:10,C0140,P070,1,114000,0.0,completed,app
O003576,1,2026-03-12T13:31,C0383,P008,1,279000,0.0,completed,web
O003577,1,2026-03-12T07:15,C0213,P015,1,222000,0.0,returned,web
O003578,1,2026-03-12T09:00,C0246,P006,1,275000,0.0,completed,web
O003579,1,2026-03-12T12:40,C0450,P071,1,133000,0.0,completed,app
O003579,2,2026-03-12T12:40,C0450,P040,1,44000,0.0,completed,app
O003579,3,2026-03-12T12:40,C0450,P012,1,138000,0.0,completed,app
O003580,1,2026-03-12T09:14,C0350,P011,1,265000,0.0,completed,app
O003580,2,2026-03-12T09:14,C0350,P038,1,38000,0.0,completed,app
O003581,1,2026-03-12T12:09,C0333,P069,1,122000,0.0,completed,web
O003581,2,2026-03-12T12:09,C0333,P040,1,44000,0.0,completed,web
O003582,1,2026-03-12T21:33,C0127,P002,1,163000,0.0,completed,app
O003583,1,2026-03-12T22:37,C0069,P008,1,279000,0.0,completed,web
O003584,1,2026-03-13T07:51,C0478,P049,1,78000,0.0,completed,web
O003585,1,2026-03-13T15:11,C0046,P069,1,122000,0.0,returned,web
O003586,1,2026-03-13T13:20,C0087,P048,1,92000,0.0,completed,web
O003587,1,2026-03-13T13:24,C0465,P064,1,127000,0.0,completed,app
O003588,1,2026-03-13T09:21,C0001,P008,1,279000,0.0,completed,web
O003589,1,2026-03-13T18:40,C0400,P045,1,64000,0.0,completed,app
O003590,1,2026-03-13T12:30,C0492,P049,1,78000,0.0,completed,app
O003591,1,2026-03-13T16:43,C0294,P055,1,70400,0.2,completed,app
O003592,1,2026-03-13T14:40,C0467,P064,1,127000,0.0,completed,web
O003593,1,2026-03-13T16:05,C0438,P012,1,138000,0.0,completed,web
O003594,1,2026-03-13T13:48,C0099,P008,1,279000,0.0,completed,app
O003594,2,2026-03-13T13:48,C0099,P059,1,76000,0.2,completed,app
O003595,1,2026-03-13T18:07,C0186,P008,1,279000,0.0,completed,app
O003596,1,2026-03-13T18:18,C0418,P060,1,82000,0.0,completed,app
O003596,2,2026-03-13T18:18,C0418,P073,1,75000,0.0,completed,app
O003596,3,2026-03-13T18:18,C0418,P043,1,91000,0.0,completed,app
O003597,1,2026-03-13T16:50,C0463,P015,1,222000,0.0,completed,web
O003598,1,2026-03-13T13:29,C0571,P062,1,86000,0.0,completed,web
O003599,1,2026-03-13T11:46,C0096,P066,1,110000,0.0,completed,app
O003600,1,2026-03-13T15:47,C0477,P032,1,45000,0.0,completed,app
O003601,1,2026-03-13T10:05,C0300,P043,1,91000,0.0,completed,web
O003602,1,2026-03-13T09:25,C0582,P008,1,279000,0.0,completed,app
O003603,1,2026-03-13T16:35,C0393,P052,1,74000,0.0,completed,app
O003604,1,2026-03-13T15:50,C0582,P016,1,169000,0.0,returned,web
O003605,1,2026-03-13T23:28,C0492,P001,1,193000,0.0,completed,app
O003605,2,2026-03-13T23:28,C0492,P013,1,271000,0.0,completed,app
O003606,1,2026-03-13T12:59,C0583,P073,1,75000,0.0,completed,app
O003606,2,2026-03-13T12:59,C0583,P072,1,95000,0.0,completed,app
O003606,3,2026-03-13T12:59,C0583,P062,1,86000,0.0,completed,app
O003607,1,2026-03-13T13:47,C0188,P052,1,74000,0.0,completed,web
O003607,2,2026-03-13T13:47,C0188,P051,1,78000,0.0,completed,web
O003608,1,2026-03-13T11:56,C0114,P008,1,279000,0.0,completed,app
O003609,1,2026-03-13T22:08,C0403,P051,1,78000,0.0,completed,app
O003609,2,2026-03-13T22:08,C0403,P011,1,265000,0.0,completed,app
O003610,1,2026-03-13T20:03,C0346,P037,1,49000,0.0,completed,app
O003611,1,2026-03-13T11:41,C0010,P040,1,44000,0.0,completed,web
O003612,1,2026-03-13T15:24,C0438,P017,1,274000,0.0,completed,web
O003613,1,2026-03-13T13:30,C0163,P030,3,62000,0.0,completed,app
O003614,1,2026-03-13T14:09,C0188,P055,1,70400,0.2,completed,web
O003615,1,2026-03-13T17:51,C0499,P042,1,85000,0.0,returned,app
O003616,1,2026-03-13T19:07,C0479,P055,1,70400,0.2,completed,app
O003616,2,2026-03-13T19:07,C0479,P052,1,74000,0.0,completed,app
O003617,1,2026-03-13T15:48,C0335,P048,1,92000,0.0,completed,web
O003617,2,2026-03-13T15:48,C0335,P048,1,92000,0.0,completed,web
O003618,1,2026-03-13T12:40,C0258,P078,1,108000,0.0,completed,web
O003619,1,2026-03-13T17:55,C0333,P043,1,91000,0.0,completed,app
O003619,2,2026-03-13T17:55,C0333,P035,1,49000,0.0,completed,app
O003620,1,2026-03-13T06:33,C0011,P030,1,62000,0.0,completed,app
O003620,2,2026-03-13T06:33,C0011,P028,1,39000,0.0,completed,app
O003621,1,2026-03-13T14:02,C0335,P021,1,72000,0.0,completed,web
O003622,1,2026-03-13T12:39,C0492,P002,1,163000,0.0,completed,app
O003623,1,2026-03-13T18:59,C0453,P037,1,49000,0.0,completed,app
O003623,2,2026-03-13T18:59,C0453,P043,1,91000,0.0,completed,app
O003623,3,2026-03-13T18:59,C0453,P045,1,64000,0.0,completed,app
O003624,1,2026-03-13T21:45,C0011,P040,1,44000,0.0,completed,app
O003625,1,2026-03-13T06:30,C0600,P020,1,41000,0.0,returned,app
O003625,2,2026-03-13T06:30,C0600,P039,1,45000,0.0,returned,app
O003626,1,2026-03-13T14:35,C0148,P001,1,193000,0.0,completed,app
O003627,1,2026-03-13T18:23,C0571,P050,1,84000,0.0,completed,web
O003628,1,2026-03-13T17:17,C0040,P055,1,70400,0.2,completed,web
O003628,2,2026-03-13T17:17,C0040,P055,1,70400,0.2,completed,web
O003628,3,2026-03-13T17:17,C0040,P079,1,115000,0.0,completed,web
O003629,1,2026-03-13T15:51,C0271,P049,1,78000,0.0,completed,app
O003629,2,2026-03-13T15:51,C0271,P055,1,70400,0.2,completed,app
O003630,1,2026-03-14T04:01,C0140,P063,1,124000,0.0,completed,web
O003631,1,2026-03-14T15:09,C0535,P050,1,84000,0.0,completed,web
O003632,1,2026-03-14T21:52,C0252,P017,1,274000,0.0,completed,web
O003632,2,2026-03-14T21:52,C0252,P038,1,38000,0.0,completed,web
O003632,3,2026-03-14T21:52,C0252,P026,3,48000,0.0,completed,web
O003633,1,2026-03-14T20:26,C0339,P040,1,44000,0.0,completed,app
O003634,1,2026-03-14T15:36,C0080,P056,1,48800,0.2,completed,app
O003635,1,2026-03-14T14:52,C0357,P055,1,70400,0.2,completed,app
O003636,1,2026-03-14T11:45,C0077,P015,1,222000,0.0,completed,app
O003637,1,2026-03-14T18:26,C0570,P020,1,41000,0.0,completed,web
O003638,1,2026-03-14T16:13,C0481,P040,1,44000,0.0,completed,app
O003638,2,2026-03-14T16:13,C0481,P040,1,44000,0.0,completed,app
O003639,1,2026-03-14T08:40,C0259,P021,1,72000,0.0,completed,web
O003640,1,2026-03-14T13:07,C0355,P053,2,100000,0.0,completed,web
O003641,1,2026-03-14T17:54,C0136,P045,1,64000,0.0,completed,app
O003641,2,2026-03-14T17:54,C0136,P053,1,100000,0.0,completed,app
O003641,3,2026-03-14T17:54,C0136,P050,1,84000,0.0,completed,app
O003642,1,2026-03-14T19:12,C0011,P045,1,64000,0.0,completed,app
O003642,2,2026-03-14T19:12,C0011,P079,1,115000,0.0,completed,app
O003643,1,2026-03-14T12:49,C0274,P001,1,193000,0.0,returned,app
O003643,2,2026-03-14T12:49,C0274,P055,1,70400,0.2,returned,app
O003643,3,2026-03-14T12:49,C0274,P050,1,84000,0.0,returned,app
O003644,1,2026-03-14T13:20,C0001,P043,1,91000,0.0,returned,web
O003644,2,2026-03-14T13:20,C0001,P008,1,279000,0.0,returned,web
O003645,1,2026-03-14T21:15,C0569,P053,2,100000,0.0,completed,app
O003646,1,2026-03-14T18:04,C0025,P017,1,274000,0.0,completed,web
O003647,1,2026-03-14T16:45,C0214,P053,1,100000,0.0,completed,app
O003648,1,2026-03-14T12:07,C0397,P038,1,38000,0.0,completed,app
O003648,2,2026-03-14T12:07,C0397,P030,1,62000,0.0,completed,app
O003649,1,2026-03-14T14:02,C0274,P075,1,81000,0.0,completed,app
O003649,2,2026-03-14T14:02,C0274,P017,1,274000,0.0,completed,app
O003650,1,2026-03-14T16:18,C0115,P040,1,44000,0.0,completed,app
O003651,1,2026-03-14T19:19,C0130,P040,1,44000,0.0,completed,app
O003651,2,2026-03-14T19:19,C0130,P006,1,275000,0.0,completed,app
O003652,1,2026-03-14T14:34,C0451,P069,1,122000,0.0,completed,web
O003653,1,2026-03-14T16:35,C0489,P015,1,222000,0.0,completed,web
O003654,1,2026-03-14T13:14,C0346,P013,1,271000,0.0,completed,app
O003655,1,2026-03-14T18:01,C0372,P021,1,72000,0.0,completed,web
O003656,1,2026-03-14T14:08,C0335,P043,1,91000,0.0,completed,web
O003657,1,2026-03-14T06:05,C0600,P059,1,76000,0.2,completed,app
O003658,1,2026-03-14T19:33,C0259,P019,1,37000,0.0,completed,web
O003659,1,2026-03-14T15:00,C0010,P042,1,85000,0.0,completed,web
O003660,1,2026-03-14T19:02,C0265,P061,1,115000,0.0,completed,web
O003660,2,2026-03-14T19:02,C0265,P004,1,157000,0.0,completed,web
O003661,1,2026-03-14T16:17,C0596,P053,1,100000,0.0,completed,web
O003661,2,2026-03-14T16:17,C0596,P065,1,95200,0.2,completed,web
O003662,1,2026-03-14T14:12,C0249,P074,1,107000,0.0,completed,app
O003663,1,2026-03-14T06:04,C0469,P029,1,39000,0.0,completed,app
O003664,1,2026-03-14T12:14,C0033,P070,1,114000,0.0,completed,web
O003664,2,2026-03-14T12:14,C0033,P043,1,91000,0.0,completed,web
O003665,1,2026-03-14T12:01,C0033,P071,1,133000,0.0,completed,web
O003665,2,2026-03-14T12:01,C0033,P061,1,115000,0.0,completed,web
O003666,1,2026-03-14T13:31,C0443,P075,1,81000,0.0,returned,app
O003667,1,2026-03-14T18:08,C0335,P040,1,44000,0.0,completed,web
O003667,2,2026-03-14T18:08,C0335,P001,1,193000,0.0,completed,web
O003667,3,2026-03-14T18:08,C0335,P051,1,78000,0.0,completed,web
O003668,1,2026-03-14T14:01,C0274,P056,1,48800,0.2,completed,app
O003669,1,2026-03-14T12:20,C0015,P026,1,48000,0.0,completed,web
O003670,1,2026-03-14T18:15,C0140,P052,1,74000,0.0,returned,web
O003670,2,2026-03-14T18:15,C0140,P040,1,44000,0.0,returned,web
O003671,1,2026-03-14T17:57,C0294,P016,1,169000,0.0,completed,app
O003671,2,2026-03-14T17:57,C0294,P059,1,76000,0.2,completed,app
O003672,1,2026-03-14T14:04,C0577,P016,1,169000,0.0,completed,web
O003672,2,2026-03-14T14:04,C0577,P042,1,85000,0.0,completed,web
O003673,1,2026-03-14T18:17,C0188,P017,1,274000,0.0,completed,web
O003673,2,2026-03-14T18:17,C0188,P050,1,84000,0.0,completed,web
O003674,1,2026-03-14T23:03,C0467,P068,1,117000,0.0,completed,app
O003675,1,2026-03-14T10:40,C0068,P042,1,85000,0.0,returned,app
O003676,1,2026-03-14T13:00,C0435,P017,1,274000,0.0,completed,web
O003677,1,2026-03-14T10:47,C0156,P042,2,85000,0.0,completed,web
O003677,2,2026-03-14T10:47,C0156,P016,1,169000,0.0,completed,web
O003678,1,2026-03-15T14:40,C0080,P055,1,70400,0.2,completed,app
O003679,1,2026-03-15T19:53,C0164,P028,1,39000,0.0,completed,app
O003680,1,2026-03-15T18:21,C0515,P016,1,169000,0.0,returned,app
O003680,2,2026-03-15T18:21,C0515,P017,1,274000,0.0,returned,app
O003680,3,2026-03-15T18:21,C0515,P069,1,122000,0.0,returned,app
O003681,1,2026-03-15T19:36,C0212,P055,1,70400,0.2,completed,app
O003682,1,2026-03-15T08:49,C0450,P055,1,70400,0.2,completed,app
O003683,1,2026-03-15T19:03,C0567,P058,1,99000,0.0,completed,app
O003684,1,2026-03-15T12:02,C0195,P048,1,92000,0.0,completed,web
O003685,1,2026-03-15T16:12,C0097,P008,1,279000,0.0,completed,web
O003686,1,2026-03-15T16:03,C0350,P055,1,70400,0.2,completed,web
O003687,1,2026-03-15T15:13,C0405,P071,1,133000,0.0,cancelled,web
O003688,1,2026-03-15T20:37,C0280,P051,1,78000,0.0,completed,web
O003689,1,2026-03-15T12:21,C0570,P045,1,64000,0.0,cancelled,web
O003690,1,2026-03-15T14:09,C0261,P001,1,193000,0.0,completed,web
O003691,1,2026-03-15T15:03,C0583,P038,1,38000,0.0,completed,web
O003692,1,2026-03-15T13:11,C0127,P015,1,222000,0.0,completed,app
O003692,2,2026-03-15T13:11,C0127,P040,1,44000,0.0,completed,app
O003693,1,2026-03-15T17:03,C0021,P034,1,57000,0.0,returned,web
O003694,1,2026-03-15T14:35,C0582,P008,1,279000,0.0,completed,app
O003694,2,2026-03-15T14:35,C0582,P059,1,76000,0.2,completed,app
O003695,1,2026-03-15T14:04,C0092,P063,1,124000,0.0,completed,web
O003696,1,2026-03-15T06:43,C0265,P001,1,193000,0.0,completed,web
O003697,1,2026-03-15T12:58,C0068,P046,1,59000,0.0,completed,app
O003697,2,2026-03-15T12:58,C0068,P042,1,85000,0.0,completed,app
O003698,1,2026-03-15T10:12,C0467,P066,1,110000,0.0,completed,app
O003698,2,2026-03-15T10:12,C0467,P073,1,75000,0.0,completed,app
O003698,3,2026-03-15T10:12,C0467,P069,1,122000,0.0,completed,app
O003699,1,2026-03-15T13:10,C0473,P049,1,78000,0.0,completed,web
O003700,1,2026-03-15T14:04,C0567,P008,1,279000,0.0,completed,web
O003701,1,2026-03-15T15:40,C0515,P019,1,37000,0.0,completed,app
O003702,1,2026-03-15T14:54,C0294,P040,1,44000,0.0,returned,app
O003703,1,2026-03-15T16:14,C0600,P043,1,91000,0.0,returned,app
O003703,2,2026-03-15T16:14,C0600,P049,1,78000,0.0,returned,app
O003704,1,2026-03-15T15:22,C0085,P017,3,274000,0.0,completed,web
O003704,2,2026-03-15T15:22,C0085,P017,2,274000,0.0,completed,web
O003705,1,2026-03-15T15:52,C0123,P040,1,44000,0.0,completed,web
O003706,1,2026-03-15T17:26,C0057,P038,1,38000,0.0,completed,app
O003707,1,2026-03-15T08:05,C0579,P014,1,203000,0.0,completed,app
O003708,1,2026-03-15T14:23,C0146,P045,1,64000,0.0,completed,app
O003709,1,2026-03-15T16:04,C0511,P008,1,279000,0.0,completed,app
O003710,1,2026-03-15T08:39,C0552,P059,1,76000,0.2,completed,web
O003711,1,2026-03-15T13:28,C0406,P055,1,70400,0.2,completed,app
O003712,1,2026-03-15T15:17,C0519,P075,1,81000,0.0,completed,web
O003713,1,2026-03-15T10:59,C0595,P074,1,107000,0.0,completed,app
O003714,1,2026-03-15T17:45,C0397,P027,1,63000,0.0,returned,app
O003715,1,2026-03-15T21:40,C0204,P028,1,39000,0.0,completed,web
O003716,1,2026-03-15T07:36,C0068,P039,1,45000,0.0,completed,app
O003717,1,2026-03-15T11:20,C0053,P011,1,265000,0.0,completed,app
O003717,2,2026-03-15T11:20,C0053,P050,1,84000,0.0,completed,app
O003718,1,2026-03-15T12:30,C0108,P008,2,279000,0.0,completed,app
O003719,1,2026-03-15T08:48,C0438,P045,1,64000,0.0,completed,web
O003719,2,2026-03-15T08:48,C0438,P016,1,169000,0.0,completed,web
O003720,1,2026-03-15T10:40,C0188,P046,1,59000,0.0,cancelled,web
O003721,1,2026-03-15T15:39,C0217,P055,2,70400,0.2,returned,app
O003722,1,2026-03-15T19:50,C0036,P064,1,127000,0.0,completed,web
O003723,1,2026-03-15T14:42,C0333,P043,1,91000,0.0,completed,web
O003723,2,2026-03-15T14:42,C0333,P075,1,81000,0.0,completed,web
O003724,1,2026-03-15T19:55,C0283,P056,1,48800,0.2,completed,app
O003725,1,2026-03-15T22:37,C0515,P011,1,265000,0.0,completed,app
O003726,1,2026-03-15T11:29,C0477,P028,1,39000,0.0,completed,web
O003727,1,2026-03-15T21:48,C0350,P071,1,133000,0.0,completed,app
O003727,2,2026-03-15T21:48,C0350,P061,1,115000,0.0,completed,app
O003728,1,2026-03-15T11:01,C0153,P012,1,138000,0.0,completed,app
O003729,1,2026-03-15T17:23,C0453,P080,1,109000,0.0,completed,app
O003730,1,2026-03-15T14:14,C0567,P010,1,263000,0.0,completed,app
O003730,2,2026-03-15T14:14,C0567,P066,1,110000,0.0,completed,app
O003731,1,2026-03-15T14:58,C0497,P030,1,62000,0.0,completed,web
O003732,1,2026-03-15T15:31,C0469,P006,1,275000,0.0,completed,app
O003732,2,2026-03-15T15:31,C0469,P021,1,72000,0.0,completed,app
O003732,3,2026-03-15T15:31,C0469,P011,1,265000,0.0,completed,app
O003733,1,2026-03-15T10:50,C0089,P008,1,279000,0.0,returned,app
O003734,1,2026-03-15T10:07,C0204,P037,1,49000,0.0,completed,web
O003735,1,2026-03-15T13:01,C0121,P021,1,72000,0.0,returned,web
O003736,1,2026-03-15T12:33,C0155,P040,1,44000,0.0,completed,web
O003737,1,2026-03-15T12:42,C0164,P019,1,37000,0.0,completed,app
O003738,1,2026-03-15T12:26,C0246,P077,1,69000,0.0,completed,web
O003739,1,2026-03-16T12:49,C0570,P052,1,74000,0.0,completed,web
O003740,1,2026-03-16T14:13,C0493,P042,1,85000,0.0,completed,web
O003740,2,2026-03-16T14:13,C0493,P014,1,203000,0.0,completed,web
O003741,1,2026-03-16T14:15,C0250,P006,1,275000,0.0,completed,app
O003741,2,2026-03-16T14:15,C0250,P001,1,193000,0.0,completed,app
O003741,3,2026-03-16T14:15,C0250,P026,1,48000,0.0,completed,app
O003742,1,2026-03-16T15:15,C0540,P011,1,265000,0.0,completed,web
O003743,1,2026-03-16T15:03,C0214,P055,1,70400,0.2,returned,app
O003743,2,2026-03-16T15:03,C0214,P055,1,70400,0.2,returned,app
O003744,1,2026-03-16T11:49,C0455,P041,1,74000,0.0,completed,web
O003745,1,2026-03-16T19:06,C0240,P042,1,85000,0.0,completed,app
O003745,2,2026-03-16T19:06,C0240,P042,1,85000,0.0,completed,app
O003746,1,2026-03-16T18:35,C0213,P040,1,44000,0.0,completed,web
O003747,1,2026-03-16T08:04,C0212,P040,1,44000,0.0,returned,app
O003748,1,2026-03-16T14:25,C0392,P043,1,91000,0.0,completed,app
O003749,1,2026-03-16T17:38,C0130,P073,1,75000,0.0,completed,app
O003750,1,2026-03-16T22:47,C0451,P017,1,274000,0.0,completed,web
O003751,1,2026-03-16T21:38,C0321,P001,1,193000,0.0,cancelled,app
O003751,2,2026-03-16T21:38,C0321,P017,1,274000,0.0,cancelled,app
O003752,1,2026-03-16T15:08,C0320,P055,1,70400,0.2,completed,app
O003753,1,2026-03-16T13:27,C0148,P055,1,70400,0.2,completed,app
O003754,1,2026-03-16T17:04,C0479,P061,1,115000,0.0,completed,app
O003755,1,2026-03-16T14:16,C0357,P021,1,72000,0.0,completed,web
O003756,1,2026-03-16T09:46,C0545,P059,1,76000,0.2,completed,app
O003756,2,2026-03-16T09:46,C0545,P051,1,78000,0.0,completed,app
O003757,1,2026-03-16T14:14,C0451,P015,1,222000,0.0,returned,app
O003758,1,2026-03-16T22:35,C0057,P008,1,279000,0.0,completed,app
O003759,1,2026-03-16T15:15,C0473,P042,2,85000,0.0,completed,web
O003760,1,2026-03-16T16:52,C0190,P006,1,275000,0.0,completed,app
O003760,2,2026-03-16T16:52,C0190,P073,1,75000,0.0,completed,app
O003761,1,2026-03-16T11:25,C0124,P055,1,70400,0.2,completed,app
O003762,1,2026-03-16T15:56,C0023,P047,1,58000,0.0,returned,web
O003763,1,2026-03-16T15:25,C0515,P010,1,263000,0.0,completed,app
O003764,1,2026-03-16T15:43,C0361,P067,1,110000,0.0,completed,web
O003764,2,2026-03-16T15:43,C0361,P042,1,85000,0.0,completed,web
O003765,1,2026-03-16T11:27,C0171,P011,1,265000,0.0,completed,app
O003765,2,2026-03-16T11:27,C0171,P008,1,279000,0.0,completed,app
O003766,1,2026-03-16T13:32,C0579,P078,1,108000,0.0,completed,app
O003767,1,2026-03-16T11:25,C0333,P064,1,127000,0.0,completed,app
O003768,1,2026-03-16T09:04,C0400,P039,1,45000,0.0,completed,app
O003769,1,2026-03-16T15:39,C0214,P032,1,45000,0.0,completed,web
O003770,1,2026-03-16T20:39,C0221,P040,1,44000,0.0,returned,web
O003770,2,2026-03-16T20:39,C0221,P040,1,44000,0.0,returned,web
O003771,1,2026-03-16T16:14,C0283,P030,1,62000,0.0,completed,app
O003772,1,2026-03-16T16:07,C0005,P037,1,49000,0.0,completed,web
O003772,2,2026-03-16T16:07,C0005,P013,1,271000,0.0,completed,web
O003773,1,2026-03-16T17:36,C0577,P011,1,265000,0.0,completed,app
O003773,2,2026-03-16T17:36,C0577,P040,1,44000,0.0,completed,app
O003774,1,2026-03-16T10:51,C0428,P040,1,44000,0.0,completed,app
O003775,1,2026-03-16T11:27,C0217,P021,3,72000,0.0,completed,app
O003776,1,2026-03-16T14:05,C0291,P028,1,39000,0.0,completed,web
O003777,1,2026-03-16T07:58,C0123,P010,1,263000,0.0,completed,web
O003778,1,2026-03-16T09:51,C0282,P001,1,193000,0.0,completed,web
O003779,1,2026-03-16T20:13,C0148,P017,1,274000,0.0,completed,app
O003779,2,2026-03-16T20:13,C0148,P002,1,163000,0.0,completed,app
O003780,1,2026-03-16T16:26,C0171,P025,1,54000,0.0,completed,app
O003781,1,2026-03-16T19:14,C0333,P065,1,95200,0.2,completed,app
O003782,1,2026-03-16T18:18,C0249,P076,1,80800,0.2,completed,web
O003783,1,2026-03-16T19:58,C0479,P001,1,193000,0.0,completed,app
O003784,1,2026-03-16T12:47,C0429,P071,1,133000,0.0,completed,app
O003785,1,2026-03-16T20:41,C0496,P001,1,193000,0.0,completed,web
O003785,2,2026-03-16T20:41,C0496,P030,1,62000,0.0,completed,web
O003785,3,2026-03-16T20:41,C0496,P020,1,41000,0.0,completed,web
O003786,1,2026-03-16T19:04,C0411,P064,1,127000,0.0,completed,app
O003786,2,2026-03-16T19:04,C0411,P068,1,117000,0.0,completed,app
O003787,1,2026-03-16T14:23,C0272,P008,1,279000,0.0,completed,web
O003788,1,2026-03-16T19:29,C0385,P011,1,265000,0.0,completed,web
O003789,1,2026-03-16T23:27,C0153,P073,1,75000,0.0,completed,app
O003790,1,2026-03-16T10:14,C0504,P006,1,275000,0.0,completed,web
O003791,1,2026-03-17T11:25,C0453,P072,1,95000,0.0,completed,app
O003792,1,2026-03-17T16:48,C0545,P048,1,92000,0.0,returned,app
O003792,2,2026-03-17T16:48,C0545,P059,1,76000,0.2,returned,app
O003792,3,2026-03-17T16:48,C0545,P006,1,275000,0.0,returned,app
O003793,1,2026-03-17T21:27,C0072,P055,1,70400,0.2,returned,app
O003794,1,2026-03-17T13:03,C0250,P040,1,44000,0.0,completed,app
O003794,2,2026-03-17T13:03,C0250,P004,1,157000,0.0,completed,app
O003794,3,2026-03-17T13:03,C0250,P040,1,44000,0.0,completed,app
O003795,1,2026-03-17T15:24,C0317,P044,1,85000,0.0,completed,web
O003795,2,2026-03-17T15:24,C0317,P059,3,76000,0.2,completed,web
O003796,1,2026-03-17T15:16,C0119,P076,1,80800,0.2,completed,app
O003797,1,2026-03-17T10:22,C0135,P008,1,279000,0.0,completed,app
O003798,1,2026-03-17T15:07,C0451,P061,1,115000,0.0,completed,app
O003799,1,2026-03-17T18:08,C0545,P043,1,91000,0.0,completed,app
O003799,2,2026-03-17T18:08,C0545,P042,1,85000,0.0,completed,app
O003799,3,2026-03-17T18:08,C0545,P041,1,74000,0.0,completed,app
O003800,1,2026-03-17T11:48,C0201,P061,1,115000,0.0,completed,web
O003801,1,2026-03-17T09:31,C0188,P076,1,80800,0.2,completed,web
O003802,1,2026-03-17T09:08,C0129,P010,1,263000,0.0,returned,app
O003802,2,2026-03-17T09:08,C0129,P041,1,74000,0.0,returned,app
O003803,1,2026-03-17T18:52,C0515,P040,1,44000,0.0,completed,app
O003804,1,2026-03-17T11:54,C0396,P040,1,44000,0.0,completed,app
O003805,1,2026-03-17T17:08,C0265,P012,1,138000,0.0,completed,web
O003806,1,2026-03-17T17:07,C0386,P048,1,92000,0.0,completed,app
O003806,2,2026-03-17T17:07,C0386,P001,1,193000,0.0,completed,app
O003807,1,2026-03-17T13:50,C0271,P037,1,49000,0.0,completed,app
O003808,1,2026-03-17T07:17,C0220,P055,1,70400,0.2,completed,app
O003809,1,2026-03-17T23:29,C0215,P055,1,70400,0.2,completed,web
O003810,1,2026-03-17T19:40,C0001,P011,1,265000,0.0,returned,web
O003811,1,2026-03-17T13:42,C0061,P040,3,44000,0.0,completed,web
O003812,1,2026-03-17T17:57,C0110,P045,1,64000,0.0,completed,web
O003813,1,2026-03-17T09:45,C0283,P001,1,193000,0.0,completed,app
O003814,1,2026-03-17T17:00,C0186,P002,1,163000,0.0,completed,web
O003814,2,2026-03-17T17:00,C0186,P068,1,117000,0.0,completed,web
O003815,1,2026-03-17T19:17,C0489,P001,1,193000,0.0,completed,web
O003815,2,2026-03-17T19:17,C0489,P011,1,265000,0.0,completed,web
O003816,1,2026-03-17T21:06,C0570,P046,1,59000,0.0,completed,web
O003817,1,2026-03-17T07:39,C0146,P052,1,74000,0.0,completed,web
O003818,1,2026-03-17T08:30,C0124,P051,1,78000,0.0,completed,web
O003819,1,2026-03-17T16:53,C0302,P013,1,271000,0.0,completed,app
O003819,2,2026-03-17T16:53,C0302,P008,1,279000,0.0,completed,app
O003820,1,2026-03-17T17:32,C0265,P003,1,136000,0.0,cancelled,web
O003821,1,2026-03-17T19:43,C0294,P009,1,194000,0.0,completed,app
O003822,1,2026-03-17T07:27,C0010,P066,1,110000,0.0,completed,web
O003822,2,2026-03-17T07:27,C0010,P040,1,44000,0.0,completed,web
O003822,3,2026-03-17T07:27,C0010,P073,1,75000,0.0,completed,web
O003823,1,2026-03-17T16:38,C0385,P017,1,274000,0.0,completed,web
O003824,1,2026-03-17T13:14,C0333,P008,1,279000,0.0,completed,app
O003825,1,2026-03-17T23:19,C0435,P080,1,109000,0.0,completed,web
O003825,2,2026-03-17T23:19,C0435,P037,1,49000,0.0,completed,web
O003825,3,2026-03-17T23:19,C0435,P020,1,41000,0.0,completed,web
O003826,1,2026-03-17T10:53,C0371,P001,1,193000,0.0,completed,app
O003826,2,2026-03-17T10:53,C0371,P008,2,279000,0.0,completed,app
O003827,1,2026-03-17T13:45,C0110,P012,1,138000,0.0,completed,app
O003827,2,2026-03-17T13:45,C0110,P062,1,86000,0.0,completed,app
O003828,1,2026-03-17T18:55,C0083,P011,1,265000,0.0,completed,web
O003829,1,2026-03-17T11:09,C0418,P008,1,279000,0.0,completed,app
O003830,1,2026-03-17T23:52,C0564,P026,1,48000,0.0,completed,web
O003831,1,2026-03-17T15:09,C0477,P016,1,169000,0.0,completed,app
O003832,1,2026-03-17T14:23,C0145,P040,1,44000,0.0,completed,web
O003833,1,2026-03-17T12:12,C0213,P016,1,169000,0.0,completed,web
O003834,1,2026-03-17T13:20,C0296,P017,1,274000,0.0,completed,app
O003835,1,2026-03-18T09:22,C0188,P052,1,74000,0.0,completed,web
O003835,2,2026-03-18T09:22,C0188,P043,1,91000,0.0,completed,web
O003836,1,2026-03-18T13:35,C0110,P077,1,69000,0.0,completed,web
O003837,1,2026-03-18T08:49,C0057,P001,1,193000,0.0,cancelled,web
O003838,1,2026-03-18T12:08,C0455,P049,1,78000,0.0,completed,web
O003838,2,2026-03-18T12:08,C0455,P073,1,75000,0.0,completed,web
O003838,3,2026-03-18T12:08,C0455,P076,1,80800,0.2,completed,web
O003839,1,2026-03-18T13:36,C0302,P063,1,124000,0.0,completed,app
O003839,2,2026-03-18T13:36,C0302,P017,1,274000,0.0,completed,app
O003840,1,2026-03-18T08:04,C0068,P049,1,78000,0.0,completed,app
O003840,2,2026-03-18T08:04,C0068,P053,1,100000,0.0,completed,app
O003841,1,2026-03-18T12:04,C0186,P001,1,193000,0.0,completed,app
O003842,1,2026-03-18T06:08,C0493,P063,1,124000,0.0,completed,web
O003843,1,2026-03-18T20:27,C0293,P011,1,265000,0.0,completed,web
O003844,1,2026-03-18T12:54,C0221,P038,1,38000,0.0,completed,app
O003845,1,2026-03-18T17:29,C0123,P040,1,44000,0.0,completed,web
O003846,1,2026-03-18T09:41,C0568,P078,1,108000,0.0,completed,app
O003847,1,2026-03-18T17:54,C0181,P034,1,57000,0.0,completed,app
O003848,1,2026-03-18T12:52,C0011,P023,1,53000,0.0,returned,web
O003849,1,2026-03-18T06:21,C0577,P048,1,92000,0.0,completed,app
O003850,1,2026-03-18T14:15,C0479,P064,1,127000,0.0,completed,web
O003851,1,2026-03-18T16:13,C0182,P048,1,92000,0.0,completed,web
O003852,1,2026-03-18T17:47,C0388,P037,1,49000,0.0,completed,web
O003853,1,2026-03-18T20:22,C0153,P075,1,81000,0.0,completed,app
O003853,2,2026-03-18T20:22,C0153,P060,1,65600,0.2,completed,app
O003853,3,2026-03-18T20:22,C0153,P040,1,44000,0.0,completed,app
O003854,1,2026-03-18T17:07,C0357,P008,1,279000,0.0,completed,app
O003854,2,2026-03-18T17:07,C0357,P048,1,92000,0.0,completed,app
O003854,3,2026-03-18T17:07,C0357,P053,1,100000,0.0,completed,app
O003855,1,2026-03-18T09:26,C0350,P059,1,76000,0.2,returned,app
O003856,1,2026-03-18T14:51,C0545,P077,1,69000,0.0,completed,app
O003856,2,2026-03-18T14:51,C0545,P078,1,108000,0.0,completed,app
O003857,1,2026-03-18T18:46,C0077,P047,1,58000,0.0,returned,app
O003857,2,2026-03-18T18:46,C0077,P010,1,263000,0.0,returned,app
O003857,3,2026-03-18T18:46,C0077,P075,1,81000,0.0,returned,app
O003858,1,2026-03-18T13:29,C0186,P001,1,193000,0.0,completed,web
O003859,1,2026-03-18T13:17,C0041,P039,3,45000,0.0,completed,web
O003860,1,2026-03-18T15:08,C0411,P010,1,263000,0.0,completed,web
O003860,2,2026-03-18T15:08,C0411,P056,1,48800,0.2,completed,web
O003861,1,2026-03-18T12:56,C0240,P015,1,222000,0.0,completed,web
O003862,1,2026-03-18T16:07,C0418,P017,1,274000,0.0,completed,app
O003863,1,2026-03-18T22:36,C0182,P017,1,274000,0.0,completed,app
O003864,1,2026-03-18T18:32,C0596,P011,1,265000,0.0,completed,web
O003864,2,2026-03-18T18:32,C0596,P017,1,274000,0.0,completed,web
O003865,1,2026-03-19T19:55,C0430,P013,1,271000,0.0,cancelled,app
O003866,1,2026-03-19T11:35,C0566,P035,1,49000,0.0,completed,app
O003866,2,2026-03-19T11:35,C0566,P004,1,157000,0.0,completed,app
O003867,1,2026-03-19T15:20,C0393,P020,1,41000,0.0,completed,app
O003868,1,2026-03-19T17:37,C0424,P001,1,193000,0.0,completed,app
O003869,1,2026-03-19T11:06,C0544,P008,2,279000,0.0,completed,web
O003870,1,2026-03-19T18:45,C0515,P062,1,86000,0.0,completed,app
O003871,1,2026-03-19T16:49,C0010,P027,1,63000,0.0,completed,web
O003872,1,2026-03-19T14:17,C0310,P011,1,265000,0.0,completed,app
O003873,1,2026-03-19T10:56,C0418,P071,1,133000,0.0,completed,app
O003874,1,2026-03-19T10:18,C0478,P055,1,70400,0.2,completed,web
O003875,1,2026-03-19T21:45,C0325,P040,1,44000,0.0,completed,web
O003876,1,2026-03-19T15:52,C0335,P014,1,203000,0.0,completed,web
O003877,1,2026-03-19T18:16,C0057,P070,1,114000,0.0,cancelled,app
O003877,2,2026-03-19T18:16,C0057,P064,1,127000,0.0,cancelled,app
O003878,1,2026-03-19T11:53,C0346,P006,1,275000,0.0,completed,app
O003878,2,2026-03-19T11:53,C0346,P006,1,275000,0.0,completed,app
O003879,1,2026-03-19T11:46,C0430,P027,1,63000,0.0,completed,app
O003879,2,2026-03-19T11:46,C0430,P055,1,70400,0.2,completed,app
O003879,3,2026-03-19T11:46,C0430,P033,1,65000,0.0,completed,app
O003880,1,2026-03-19T15:08,C0077,P001,1,193000,0.0,completed,app
O003881,1,2026-03-19T14:53,C0123,P036,1,65000,0.0,completed,web
O003882,1,2026-03-19T13:54,C0554,P048,1,92000,0.0,completed,web
O003882,2,2026-03-19T13:54,C0554,P021,3,72000,0.0,completed,web
O003883,1,2026-03-19T19:35,C0155,P064,1,127000,0.0,cancelled,app
O003883,2,2026-03-19T19:35,C0155,P048,1,92000,0.0,cancelled,app
O003884,1,2026-03-19T20:39,C0113,P040,1,44000,0.0,completed,web
O003885,1,2026-03-19T14:12,C0502,P052,1,74000,0.0,completed,app
O003885,2,2026-03-19T14:12,C0502,P011,1,265000,0.0,completed,app
O003886,1,2026-03-19T18:06,C0092,P064,1,127000,0.0,completed,web
O003887,1,2026-03-19T19:09,C0587,P008,1,279000,0.0,completed,app
O003888,1,2026-03-19T20:25,C0564,P078,1,108000,0.0,completed,app
O003888,2,2026-03-19T20:25,C0564,P072,1,95000,0.0,completed,app
O003889,1,2026-03-19T15:17,C0129,P037,1,49000,0.0,completed,app
O003890,1,2026-03-19T21:18,C0051,P077,1,69000,0.0,completed,app
O003890,2,2026-03-19T21:18,C0051,P008,1,279000,0.0,completed,app
O003891,1,2026-03-19T20:11,C0227,P055,1,70400,0.2,completed,web
O003892,1,2026-03-19T15:40,C0113,P013,1,271000,0.0,completed,web
O003893,1,2026-03-19T10:14,C0265,P041,1,74000,0.0,completed,web
O003894,1,2026-03-19T11:33,C0353,P043,1,91000,0.0,completed,web
O003894,2,2026-03-19T11:33,C0353,P054,1,50000,0.0,completed,web
O003894,3,2026-03-19T11:33,C0353,P008,1,279000,0.0,completed,web
O003895,1,2026-03-19T10:55,C0447,P001,1,193000,0.0,completed,app
O003895,2,2026-03-19T10:55,C0447,P003,1,136000,0.0,completed,app
O003896,1,2026-03-19T16:00,C0346,P016,1,169000,0.0,completed,app
O003897,1,2026-03-19T09:43,C0092,P020,1,41000,0.0,completed,web
O003898,1,2026-03-19T13:55,C0383,P075,1,81000,0.0,completed,app
O003898,2,2026-03-19T13:55,C0383,P043,1,91000,0.0,completed,app
O003899,1,2026-03-19T03:30,C0577,P055,1,70400,0.2,completed,app
O003900,1,2026-03-19T12:48,C0262,P028,2,39000,0.0,completed,app
O003901,1,2026-03-19T15:23,C0005,P038,1,38000,0.0,completed,app
O003902,1,2026-03-19T14:24,C0001,P040,1,44000,0.0,returned,web
O003902,2,2026-03-19T14:24,C0001,P078,1,108000,0.0,returned,web
O003903,1,2026-03-19T19:50,C0192,P038,1,38000,0.0,completed,app
O003904,1,2026-03-20T14:07,C0277,P045,1,64000,0.0,completed,app
O003904,2,2026-03-20T14:07,C0277,P061,1,115000,0.0,completed,app
O003905,1,2026-03-20T12:28,C0022,P057,1,73600,0.2,completed,web
O003906,1,2026-03-20T18:28,C0220,P001,1,193000,0.0,completed,web
O003906,2,2026-03-20T18:28,C0220,P080,1,109000,0.0,completed,web
O003906,3,2026-03-20T18:28,C0220,P055,1,70400,0.2,completed,web
O003907,1,2026-03-20T09:22,C0109,P053,1,100000,0.0,completed,web
O003907,2,2026-03-20T09:22,C0109,P019,1,37000,0.0,completed,web
O003907,3,2026-03-20T09:22,C0109,P059,1,76000,0.2,completed,web
O003908,1,2026-03-20T13:43,C0302,P017,1,274000,0.0,completed,app
O003908,2,2026-03-20T13:43,C0302,P040,1,44000,0.0,completed,app
O003909,1,2026-03-20T06:34,C0596,P017,1,274000,0.0,completed,web
O003909,2,2026-03-20T06:34,C0596,P073,1,75000,0.0,completed,web
O003909,3,2026-03-20T06:34,C0596,P064,1,127000,0.0,completed,web
O003910,1,2026-03-20T16:38,C0221,P040,1,44000,0.0,completed,app
O003911,1,2026-03-20T16:29,C0247,P037,1,49000,0.0,completed,app
O003912,1,2026-03-20T09:17,C0515,P017,1,274000,0.0,completed,app
O003913,1,2026-03-20T10:48,C0469,P056,1,48800,0.2,completed,app
O003914,1,2026-03-20T18:13,C0220,P060,1,65600,0.2,completed,app
O003914,2,2026-03-20T18:13,C0220,P040,1,44000,0.0,completed,app
O003915,1,2026-03-20T18:32,C0361,P045,1,64000,0.0,cancelled,app
O003916,1,2026-03-20T20:25,C0312,P077,1,69000,0.0,completed,web
O003917,1,2026-03-20T13:00,C0335,P069,1,122000,0.0,completed,web
O003917,2,2026-03-20T13:00,C0335,P008,1,279000,0.0,completed,web
O003918,1,2026-03-20T12:45,C0325,P063,1,124000,0.0,completed,web
O003919,1,2026-03-20T15:36,C0215,P008,1,279000,0.0,completed,web
O003920,1,2026-03-20T14:38,C0351,P013,3,271000,0.0,completed,app
O003921,1,2026-03-20T18:44,C0283,P043,1,91000,0.0,returned,app
O003922,1,2026-03-20T17:09,C0018,P019,1,37000,0.0,completed,app
O003923,1,2026-03-20T19:10,C0171,P047,1,58000,0.0,completed,app
O003924,1,2026-03-20T16:49,C0033,P071,1,133000,0.0,completed,web
O003925,1,2026-03-20T18:11,C0600,P059,1,76000,0.2,completed,app
O003926,1,2026-03-20T16:55,C0392,P029,1,39000,0.0,completed,app
O003927,1,2026-03-20T08:46,C0568,P015,2,222000,0.0,completed,app
O003927,2,2026-03-20T08:46,C0568,P013,3,271000,0.0,completed,app
O003928,1,2026-03-20T12:57,C0061,P055,1,70400,0.2,completed,app
O003929,1,2026-03-20T10:07,C0249,P040,1,44000,0.0,completed,app
O003930,1,2026-03-20T18:40,C0499,P040,1,44000,0.0,cancelled,web
O003931,1,2026-03-20T13:18,C0118,P010,1,263000,0.0,returned,web
O003932,1,2026-03-20T10:27,C0494,P021,3,72000,0.0,completed,app
O003933,1,2026-03-20T10:46,C0455,P040,1,44000,0.0,completed,web
O003934,1,2026-03-20T11:34,C0582,P012,1,138000,0.0,completed,web
O003934,2,2026-03-20T11:34,C0582,P006,1,275000,0.0,completed,web
O003934,3,2026-03-20T11:34,C0582,P015,1,222000,0.0,completed,web
O003935,1,2026-03-20T19:41,C0481,P035,1,49000,0.0,completed,app
O003936,1,2026-03-20T10:17,C0094,P052,1,74000,0.0,completed,web
O003937,1,2026-03-20T20:38,C0341,P043,1,91000,0.0,completed,app
O003938,1,2026-03-20T12:07,C0471,P078,1,108000,0.0,completed,web
O003939,1,2026-03-20T15:20,C0353,P042,1,85000,0.0,completed,app
O003940,1,2026-03-20T09:12,C0283,P006,1,275000,0.0,completed,web
O003940,2,2026-03-20T09:12,C0283,P043,1,91000,0.0,completed,web
O003940,3,2026-03-20T09:12,C0283,P027,1,63000,0.0,completed,web
O003941,1,2026-03-20T16:08,C0470,P078,1,108000,0.0,completed,web
O003942,1,2026-03-20T17:38,C0467,P040,1,44000,0.0,completed,app
O003942,2,2026-03-20T17:38,C0467,P013,1,271000,0.0,completed,app
O003942,3,2026-03-20T17:38,C0467,P020,1,41000,0.0,completed,app
O003943,1,2026-03-20T20:39,C0110,P043,1,91000,0.0,completed,web
O003944,1,2026-03-20T17:26,C0167,P052,1,74000,0.0,completed,app
O003944,2,2026-03-20T17:26,C0167,P030,1,62000,0.0,completed,app
O003944,3,2026-03-20T17:26,C0167,P075,1,81000,0.0,completed,app
O003945,1,2026-03-20T16:16,C0196,P037,1,49000,0.0,completed,web
O003946,1,2026-03-20T17:03,C0205,P006,2,275000,0.0,completed,app
O003947,1,2026-03-20T07:47,C0545,P077,1,69000,0.0,completed,app
O003947,2,2026-03-20T07:47,C0545,P013,1,271000,0.0,completed,app
O003948,1,2026-03-20T20:18,C0271,P027,1,63000,0.0,completed,app
O003949,1,2026-03-20T20:39,C0570,P028,1,39000,0.0,completed,web
O003949,2,2026-03-20T20:39,C0570,P027,1,63000,0.0,completed,web
O003949,3,2026-03-20T20:39,C0570,P075,1,81000,0.0,completed,web
O003950,1,2026-03-20T15:30,C0499,P038,1,38000,0.0,completed,app
O003951,1,2026-03-20T14:57,C0469,P038,1,38000,0.0,completed,app
O003951,2,2026-03-20T14:57,C0469,P011,1,265000,0.0,completed,app
O003952,1,2026-03-20T12:52,C0302,P017,1,274000,0.0,completed,app
O003953,1,2026-03-20T14:09,C0188,P008,1,279000,0.0,cancelled,web
O003954,1,2026-03-21T13:13,C0250,P079,1,115000,0.0,completed,app
O003954,2,2026-03-21T13:13,C0250,P012,1,138000,0.0,completed,app
O003955,1,2026-03-21T09:27,C0481,P031,1,60000,0.0,completed,app
O003955,2,2026-03-21T09:27,C0481,P044,1,68000,0.2,completed,app
O003956,1,2026-03-21T14:11,C0469,P040,1,44000,0.0,completed,app
O003956,2,2026-03-21T14:11,C0469,P013,1,271000,0.0,completed,app
O003957,1,2026-03-21T19:26,C0400,P021,1,72000,0.0,completed,app
O003957,2,2026-03-21T19:26,C0400,P020,1,41000,0.0,completed,app
O003958,1,2026-03-21T17:00,C0018,P057,1,73600,0.2,completed,web
O003959,1,2026-03-21T13:46,C0587,P002,1,163000,0.0,completed,app
O003960,1,2026-03-21T20:08,C0279,P017,1,274000,0.0,completed,app
O003961,1,2026-03-21T15:37,C0093,P036,1,65000,0.0,completed,web
O003962,1,2026-03-21T10:09,C0397,P038,1,38000,0.0,completed,app
O003963,1,2026-03-21T17:31,C0214,P059,1,76000,0.2,completed,app
O003963,2,2026-03-21T17:31,C0214,P041,1,74000,0.0,completed,app
O003964,1,2026-03-21T19:18,C0447,P007,1,262000,0.0,completed,app
O003965,1,2026-03-21T13:28,C0209,P008,1,279000,0.0,completed,app
O003966,1,2026-03-21T12:14,C0077,P059,1,76000,0.2,completed,app
O003966,2,2026-03-21T12:14,C0077,P045,1,64000,0.0,completed,app
O003967,1,2026-03-21T16:12,C0562,P040,1,44000,0.0,completed,app
O003968,1,2026-03-21T19:13,C0383,P053,1,100000,0.0,completed,app
O003968,2,2026-03-21T19:13,C0383,P017,1,274000,0.0,completed,app
O003969,1,2026-03-21T11:06,C0205,P041,1,74000,0.0,completed,web
O003970,1,2026-03-21T12:42,C0566,P078,1,108000,0.0,completed,app
O003970,2,2026-03-21T12:42,C0566,P040,1,44000,0.0,completed,app
O003971,1,2026-03-21T18:28,C0148,P068,1,117000,0.0,completed,app
O003972,1,2026-03-21T18:29,C0477,P041,1,74000,0.0,completed,app
O003972,2,2026-03-21T18:29,C0477,P042,1,85000,0.0,completed,app
O003973,1,2026-03-21T16:35,C0136,P049,1,78000,0.0,completed,web
O003974,1,2026-03-21T14:02,C0566,P006,1,275000,0.0,completed,app
O003975,1,2026-03-21T19:13,C0454,P017,1,274000,0.0,completed,web
O003976,1,2026-03-21T13:42,C0435,P066,1,110000,0.0,completed,web
O003977,1,2026-03-21T17:43,C0333,P048,1,92000,0.0,completed,app
O003978,1,2026-03-21T16:49,C0361,P059,1,76000,0.2,completed,web
O003979,1,2026-03-21T20:40,C0566,P045,1,64000,0.0,returned,web
O003979,2,2026-03-21T20:40,C0566,P042,1,85000,0.0,returned,web
O003979,3,2026-03-21T20:40,C0566,P006,1,275000,0.0,returned,web
O003980,1,2026-03-21T21:54,C0221,P019,1,37000,0.0,completed,app
O003980,2,2026-03-21T21:54,C0221,P078,1,108000,0.0,completed,app
O003981,1,2026-03-21T23:35,C0196,P008,1,279000,0.0,completed,app
O003982,1,2026-03-21T17:10,C0451,P021,1,72000,0.0,completed,app
O003983,1,2026-03-21T14:05,C0490,P008,1,279000,0.0,completed,app
O003984,1,2026-03-21T16:49,C0182,P045,1,64000,0.0,completed,web
O003985,1,2026-03-21T20:40,C0418,P040,1,44000,0.0,completed,app
O003986,1,2026-03-21T12:32,C0057,P063,1,124000,0.0,completed,app
O003986,2,2026-03-21T12:32,C0057,P064,1,127000,0.0,completed,app
O003986,3,2026-03-21T12:32,C0057,P010,1,263000,0.0,completed,app
O003987,1,2026-03-21T11:13,C0403,P017,1,274000,0.0,completed,web
O003988,1,2026-03-21T19:43,C0600,P040,1,44000,0.0,returned,web
O003989,1,2026-03-21T21:06,C0001,P026,1,48000,0.0,completed,web
O003989,2,2026-03-21T21:06,C0001,P011,1,265000,0.0,completed,web
O003990,1,2026-03-21T15:51,C0305,P017,1,274000,0.0,completed,web
O003991,1,2026-03-21T18:56,C0335,P021,1,72000,0.0,completed,web
O003992,1,2026-03-21T13:53,C0077,P045,1,64000,0.0,completed,app
O003993,1,2026-03-21T13:59,C0335,P020,1,41000,0.0,completed,web
O003994,1,2026-03-21T06:19,C0411,P057,1,73600,0.2,completed,app
O003995,1,2026-03-21T19:22,C0227,P043,1,91000,0.0,completed,app
O003996,1,2026-03-21T11:48,C0443,P073,1,75000,0.0,completed,app
O003996,2,2026-03-21T11:48,C0443,P021,1,72000,0.0,completed,app
O003997,1,2026-03-21T10:57,C0164,P055,1,70400,0.2,completed,app
O003997,2,2026-03-21T10:57,C0164,P015,1,222000,0.0,completed,app
O003998,1,2026-03-21T18:25,C0594,P012,1,138000,0.0,completed,app
O003999,1,2026-03-21T10:04,C0167,P027,1,63000,0.0,completed,app
O003999,2,2026-03-21T10:04,C0167,P027,1,63000,0.0,completed,app
O004000,1,2026-03-21T16:46,C0596,P019,1,37000,0.0,completed,web
O004000,2,2026-03-21T16:46,C0596,P006,1,275000,0.0,completed,web
O004000,3,2026-03-21T16:46,C0596,P072,1,95000,0.0,completed,web
O004001,1,2026-03-21T12:36,C0033,P072,1,95000,0.0,completed,web
O004001,2,2026-03-21T12:36,C0033,P021,1,72000,0.0,completed,web
O004002,1,2026-03-21T22:21,C0077,P042,1,85000,0.0,completed,app
O004002,2,2026-03-21T22:21,C0077,P008,1,279000,0.0,completed,app
O004003,1,2026-03-21T17:28,C0110,P040,1,44000,0.0,completed,web
O004004,1,2026-03-21T11:20,C0564,P001,1,193000,0.0,completed,app
O004004,2,2026-03-21T11:20,C0564,P074,1,107000,0.0,completed,app
O004005,1,2026-03-21T10:12,C0006,P008,1,279000,0.0,completed,app
O004006,1,2026-03-21T16:30,C0301,P037,1,49000,0.0,returned,app
O004007,1,2026-03-21T19:36,C0561,P008,1,279000,0.0,completed,app
O004008,1,2026-03-21T12:09,C0429,P013,1,271000,0.0,returned,app
O004008,2,2026-03-21T12:09,C0429,P019,1,37000,0.0,returned,app
O004008,3,2026-03-21T12:09,C0429,P016,1,169000,0.0,returned,app
O004009,1,2026-03-21T15:27,C0171,P040,1,44000,0.0,completed,app
O004010,1,2026-03-21T11:24,C0112,P015,1,222000,0.0,completed,web
O004011,1,2026-03-21T19:05,C0083,P040,1,44000,0.0,completed,web
O004012,1,2026-03-21T12:36,C0386,P016,1,169000,0.0,completed,app
O004012,2,2026-03-21T12:36,C0386,P040,1,44000,0.0,completed,app
O004013,1,2026-03-21T14:52,C0140,P029,1,39000,0.0,completed,app
O004014,1,2026-03-21T12:21,C0277,P030,1,62000,0.0,completed,app
O004015,1,2026-03-21T13:16,C0127,P028,1,39000,0.0,completed,app
O004016,1,2026-03-21T16:29,C0577,P040,1,44000,0.0,completed,app
O004017,1,2026-03-21T09:09,C0333,P040,1,44000,0.0,completed,web
O004018,1,2026-03-21T15:57,C0109,P017,1,274000,0.0,completed,app
O004019,1,2026-03-22T11:11,C0124,P043,1,91000,0.0,completed,web
O004020,1,2026-03-22T15:57,C0124,P008,1,279000,0.0,completed,web
O004020,2,2026-03-22T15:57,C0124,P042,1,85000,0.0,completed,web
O004020,3,2026-03-22T15:57,C0124,P027,1,63000,0.0,completed,web
O004021,1,2026-03-22T21:43,C0010,P040,1,44000,0.0,completed,web
O004022,1,2026-03-22T12:43,C0110,P049,1,78000,0.0,completed,app
O004022,2,2026-03-22T12:43,C0110,P055,1,70400,0.2,completed,app
O004023,1,2026-03-22T19:20,C0136,P067,1,110000,0.0,completed,app
O004023,2,2026-03-22T19:20,C0136,P055,1,70400,0.2,completed,app
O004023,3,2026-03-22T19:20,C0136,P064,1,127000,0.0,completed,app
O004024,1,2026-03-22T15:34,C0001,P017,1,274000,0.0,returned,web
O004025,1,2026-03-22T16:53,C0271,P023,1,53000,0.0,returned,web
O004026,1,2026-03-22T13:41,C0545,P040,1,44000,0.0,completed,app
O004027,1,2026-03-22T15:13,C0325,P064,1,127000,0.0,completed,web
O004027,2,2026-03-22T15:13,C0325,P072,1,95000,0.0,completed,web
O004028,1,2026-03-22T22:58,C0190,P045,1,64000,0.0,cancelled,app
O004029,1,2026-03-22T14:19,C0489,P001,1,193000,0.0,completed,web
O004030,1,2026-03-22T07:32,C0249,P074,1,107000,0.0,completed,app
O004030,2,2026-03-22T07:32,C0249,P077,1,69000,0.0,completed,app
O004031,1,2026-03-22T20:51,C0203,P069,1,122000,0.0,completed,web
O004032,1,2026-03-22T18:16,C0220,P047,1,58000,0.0,completed,web
O004033,1,2026-03-22T12:11,C0129,P055,1,70400,0.2,completed,app
O004034,1,2026-03-22T14:10,C0234,P059,1,76000,0.2,completed,web
O004035,1,2026-03-22T03:09,C0265,P043,1,91000,0.0,cancelled,web
O004036,1,2026-03-22T17:28,C0279,P007,1,262000,0.0,completed,web
O004036,2,2026-03-22T17:28,C0279,P001,1,193000,0.0,completed,web
O004037,1,2026-03-22T19:48,C0397,P055,1,70400,0.2,completed,web
O004038,1,2026-03-22T14:56,C0103,P020,1,41000,0.0,completed,web
O004038,2,2026-03-22T14:56,C0103,P036,2,65000,0.0,completed,web
O004038,3,2026-03-22T14:56,C0103,P043,1,91000,0.0,completed,web
O004039,1,2026-03-22T12:25,C0473,P008,1,279000,0.0,completed,web
O004039,2,2026-03-22T12:25,C0473,P021,1,72000,0.0,completed,web
O004040,1,2026-03-22T14:02,C0274,P056,1,48800,0.2,completed,app
O004040,2,2026-03-22T14:02,C0274,P046,1,59000,0.0,completed,app
O004041,1,2026-03-22T17:30,C0131,P055,1,70400,0.2,completed,app
O004041,2,2026-03-22T17:30,C0131,P033,1,65000,0.0,completed,app
O004042,1,2026-03-22T12:52,C0478,P008,1,279000,0.0,cancelled,web
O004043,1,2026-03-22T06:15,C0068,P076,1,80800,0.2,completed,web
O004043,2,2026-03-22T06:15,C0068,P073,1,75000,0.0,completed,web
O004044,1,2026-03-22T12:03,C0570,P017,1,274000,0.0,completed,web
O004045,1,2026-03-22T04:08,C0397,P016,1,169000,0.0,completed,app
O004045,2,2026-03-22T04:08,C0397,P030,1,62000,0.0,completed,app
O004046,1,2026-03-22T07:43,C0440,P011,1,265000,0.0,cancelled,web
O004047,1,2026-03-22T12:35,C0467,P001,1,193000,0.0,completed,app
O004048,1,2026-03-22T11:26,C0432,P074,1,107000,0.0,completed,web
O004049,1,2026-03-22T11:23,C0595,P037,1,49000,0.0,completed,app
O004050,1,2026-03-22T09:31,C0582,P010,1,263000,0.0,completed,web
O004050,2,2026-03-22T09:31,C0582,P011,1,265000,0.0,completed,web
O004051,1,2026-03-22T10:01,C0294,P040,1,44000,0.0,completed,app
O004052,1,2026-03-22T09:59,C0186,P006,1,275000,0.0,completed,app
O004052,2,2026-03-22T09:59,C0186,P008,1,279000,0.0,completed,app
O004053,1,2026-03-22T19:23,C0545,P073,1,75000,0.0,cancelled,web
O004053,2,2026-03-22T19:23,C0545,P040,1,44000,0.0,cancelled,web
O004054,1,2026-03-22T13:17,C0496,P040,1,44000,0.0,completed,app
O004054,2,2026-03-22T13:17,C0496,P076,1,80800,0.2,completed,app
O004055,1,2026-03-22T16:53,C0248,P040,1,44000,0.0,completed,app
O004056,1,2026-03-22T12:57,C0358,P040,1,44000,0.0,completed,web
O004057,1,2026-03-22T14:47,C0279,P001,1,193000,0.0,completed,web
O004058,1,2026-03-22T16:16,C0429,P040,1,44000,0.0,completed,web
O004058,2,2026-03-22T16:16,C0429,P017,1,274000,0.0,completed,web
O004059,1,2026-03-22T19:08,C0053,P076,1,80800,0.2,completed,app
O004060,1,2026-03-22T16:34,C0052,P008,1,279000,0.0,completed,app
O004061,1,2026-03-23T12:35,C0350,P072,1,95000,0.0,completed,app
O004062,1,2026-03-23T16:54,C0181,P017,1,274000,0.0,completed,web
O004063,1,2026-03-23T12:50,C0411,P056,1,48800,0.2,completed,app
O004064,1,2026-03-23T15:01,C0515,P017,1,274000,0.0,completed,app
O004064,2,2026-03-23T15:01,C0515,P007,1,262000,0.0,completed,app
O004064,3,2026-03-23T15:01,C0515,P008,1,279000,0.0,completed,app
O004065,1,2026-03-23T18:06,C0249,P075,1,81000,0.0,returned,app
O004066,1,2026-03-23T23:44,C0186,P013,1,271000,0.0,completed,app
O004067,1,2026-03-23T14:55,C0110,P042,1,85000,0.0,completed,app
O004067,2,2026-03-23T14:55,C0110,P039,1,45000,0.0,completed,app
O004068,1,2026-03-23T10:07,C0068,P043,1,91000,0.0,returned,app
O004068,2,2026-03-23T10:07,C0068,P060,1,65600,0.2,returned,app
O004069,1,2026-03-23T13:31,C0066,P015,1,222000,0.0,completed,app
O004070,1,2026-03-23T10:24,C0515,P070,1,114000,0.0,completed,app
O004071,1,2026-03-23T19:51,C0588,P040,1,44000,0.0,completed,app
O004072,1,2026-03-23T17:26,C0481,P040,1,44000,0.0,returned,app
O004072,2,2026-03-23T17:26,C0481,P040,1,44000,0.0,returned,app
O004073,1,2026-03-23T14:34,C0282,P007,1,262000,0.0,completed,web
O004073,2,2026-03-23T14:34,C0282,P007,1,262000,0.0,completed,web
O004074,1,2026-03-23T13:59,C0271,P019,1,37000,0.0,completed,app
O004074,2,2026-03-23T13:59,C0271,P023,1,53000,0.0,completed,app
O004075,1,2026-03-23T22:38,C0277,P062,1,86000,0.0,completed,app
O004076,1,2026-03-23T09:37,C0279,P078,1,108000,0.0,completed,web
O004076,2,2026-03-23T09:37,C0279,P008,1,279000,0.0,completed,web
O004077,1,2026-03-23T18:03,C0435,P079,1,115000,0.0,completed,web
O004078,1,2026-03-23T20:49,C0389,P006,1,275000,0.0,cancelled,app
O004079,1,2026-03-23T10:21,C0567,P037,1,49000,0.0,completed,app
O004080,1,2026-03-23T19:03,C0252,P029,2,39000,0.0,completed,web
O004081,1,2026-03-23T18:46,C0213,P040,1,44000,0.0,completed,web
O004081,2,2026-03-23T18:46,C0213,P038,1,38000,0.0,completed,web
O004082,1,2026-03-23T11:34,C0357,P008,1,279000,0.0,completed,app
O004082,2,2026-03-23T11:34,C0357,P052,1,74000,0.0,completed,app
O004082,3,2026-03-23T11:34,C0357,P040,1,44000,0.0,completed,app
O004083,1,2026-03-23T18:07,C0333,P057,1,73600,0.2,completed,web
O004083,2,2026-03-23T18:07,C0333,P064,1,127000,0.0,completed,web
O004083,3,2026-03-23T18:07,C0333,P055,1,70400,0.2,completed,web
O004084,1,2026-03-23T17:46,C0018,P045,1,64000,0.0,completed,app
O004084,2,2026-03-23T17:46,C0018,P055,1,70400,0.2,completed,app
O004085,1,2026-03-23T16:37,C0089,P064,1,127000,0.0,completed,app
O004086,1,2026-03-23T14:38,C0456,P027,1,63000,0.0,completed,app
O004086,2,2026-03-23T14:38,C0456,P075,2,81000,0.0,completed,app
O004087,1,2026-03-23T12:43,C0151,P040,1,44000,0.0,completed,app
O004088,1,2026-03-23T14:32,C0058,P021,1,72000,0.0,completed,app
O004089,1,2026-03-23T16:08,C0299,P017,1,274000,0.0,completed,app
O004090,1,2026-03-23T10:33,C0504,P080,1,109000,0.0,completed,web
O004091,1,2026-03-23T12:02,C0353,P067,1,110000,0.0,completed,app
O004091,2,2026-03-23T12:02,C0353,P066,1,110000,0.0,completed,app
O004092,1,2026-03-23T15:29,C0397,P021,1,72000,0.0,completed,app
O004093,1,2026-03-23T15:34,C0270,P006,1,275000,0.0,completed,web
O004094,1,2026-03-23T06:18,C0333,P052,1,74000,0.0,completed,web
O004094,2,2026-03-23T06:18,C0333,P043,1,91000,0.0,completed,web
O004094,3,2026-03-23T06:18,C0333,P027,1,63000,0.0,completed,web
O004095,1,2026-03-23T21:53,C0583,P043,1,91000,0.0,returned,app
O004095,2,2026-03-23T21:53,C0583,P064,1,127000,0.0,returned,app
O004096,1,2026-03-23T17:19,C0566,P061,1,115000,0.0,completed,app
O004096,2,2026-03-23T17:19,C0566,P017,1,274000,0.0,completed,app
O004096,3,2026-03-23T17:19,C0566,P006,1,275000,0.0,completed,app
O004097,1,2026-03-23T10:11,C0077,P017,1,274000,0.0,completed,app
O004098,1,2026-03-23T15:43,C0545,P001,1,193000,0.0,completed,app
O004099,1,2026-03-23T22:05,C0274,P070,1,114000,0.0,cancelled,app
O004099,2,2026-03-23T22:05,C0274,P029,1,39000,0.0,cancelled,app
O004099,3,2026-03-23T22:05,C0274,P073,1,75000,0.0,cancelled,app
O004100,1,2026-03-23T10:32,C0130,P012,1,138000,0.0,completed,app
O004101,1,2026-03-23T15:54,C0365,P076,1,80800,0.2,completed,web
O004102,1,2026-03-24T13:40,C0114,P004,1,157000,0.0,completed,web
O004103,1,2026-03-24T11:44,C0408,P002,1,163000,0.0,completed,web
O004104,1,2026-03-24T15:03,C0564,P071,1,133000,0.0,completed,web
O004105,1,2026-03-24T16:56,C0482,P040,1,44000,0.0,completed,web
O004106,1,2026-03-24T15:15,C0193,P020,1,41000,0.0,completed,app
O004107,1,2026-03-24T16:19,C0265,P014,1,203000,0.0,completed,web
O004107,2,2026-03-24T16:19,C0265,P002,1,163000,0.0,completed,web
O004108,1,2026-03-24T19:21,C0123,P026,1,48000,0.0,completed,web
O004109,1,2026-03-24T12:56,C0052,P017,1,274000,0.0,completed,app
O004110,1,2026-03-24T08:15,C0136,P043,1,91000,0.0,completed,app
O004110,2,2026-03-24T08:15,C0136,P056,1,48800,0.2,completed,app
O004111,1,2026-03-24T22:23,C0447,P014,1,203000,0.0,completed,app
O004112,1,2026-03-24T13:45,C0265,P001,1,193000,0.0,completed,web
O004112,2,2026-03-24T13:45,C0265,P007,1,262000,0.0,completed,web
O004112,3,2026-03-24T13:45,C0265,P004,1,157000,0.0,completed,web
O004113,1,2026-03-24T14:54,C0206,P017,1,274000,0.0,completed,web
O004113,2,2026-03-24T14:54,C0206,P026,1,48000,0.0,completed,web
O004114,1,2026-03-24T14:28,C0109,P033,1,65000,0.0,cancelled,app
O004115,1,2026-03-24T12:05,C0349,P040,1,44000,0.0,completed,app
O004116,1,2026-03-24T16:34,C0357,P040,1,44000,0.0,completed,app
O004116,2,2026-03-24T16:34,C0357,P026,1,48000,0.0,completed,app
O004117,1,2026-03-24T13:32,C0430,P055,1,70400,0.2,completed,app
O004117,2,2026-03-24T13:32,C0430,P046,1,59000,0.0,completed,app
O004118,1,2026-03-24T18:07,C0265,P008,1,279000,0.0,completed,web
O004119,1,2026-03-24T14:30,C0493,P014,1,203000,0.0,completed,web
O004120,1,2026-03-24T11:57,C0148,P011,1,265000,0.0,completed,app
O004121,1,2026-03-24T15:05,C0303,P080,2,109000,0.0,completed,web
O004121,2,2026-03-24T15:05,C0303,P080,3,109000,0.0,completed,web
O004121,3,2026-03-24T15:05,C0303,P074,3,107000,0.0,completed,web
O004122,1,2026-03-24T10:05,C0504,P020,1,41000,0.0,completed,app
O004122,2,2026-03-24T10:05,C0504,P056,1,48800,0.2,completed,app
O004123,1,2026-03-24T12:45,C0406,P034,1,57000,0.0,completed,app
O004124,1,2026-03-24T18:14,C0186,P055,1,70400,0.2,completed,app
O004124,2,2026-03-24T18:14,C0186,P045,1,64000,0.0,completed,app
O004125,1,2026-03-24T20:35,C0429,P028,1,39000,0.0,completed,app
O004126,1,2026-03-24T17:41,C0469,P061,1,115000,0.0,completed,app
O004126,2,2026-03-24T17:41,C0469,P039,1,45000,0.0,completed,app
O004127,1,2026-03-24T13:50,C0595,P034,1,57000,0.0,completed,app
O004127,2,2026-03-24T13:50,C0595,P038,1,38000,0.0,completed,app
O004127,3,2026-03-24T13:50,C0595,P075,1,81000,0.0,completed,app
O004128,1,2026-03-24T12:17,C0283,P055,1,70400,0.2,completed,app
O004128,2,2026-03-24T12:17,C0283,P030,1,62000,0.0,completed,app
O004128,3,2026-03-24T12:17,C0283,P051,1,62400,0.2,completed,app
O004129,1,2026-03-24T15:45,C0295,P064,1,127000,0.0,completed,app
O004129,2,2026-03-24T15:45,C0295,P040,1,44000,0.0,completed,app
O004129,3,2026-03-24T15:45,C0295,P062,1,86000,0.0,completed,app
O004130,1,2026-03-24T14:49,C0418,P052,1,74000,0.0,completed,app
O004131,1,2026-03-24T23:47,C0350,P064,1,127000,0.0,completed,web
O004131,2,2026-03-24T23:47,C0350,P037,1,49000,0.0,completed,web
O004131,3,2026-03-24T23:47,C0350,P056,1,48800,0.2,completed,web
O004132,1,2026-03-24T17:33,C0495,P075,2,81000,0.0,completed,web
O004133,1,2026-03-24T14:46,C0447,P033,1,65000,0.0,completed,app
O004133,2,2026-03-24T14:46,C0447,P045,1,64000,0.0,completed,app
O004134,1,2026-03-24T13:16,C0052,P055,1,70400,0.2,completed,app
O004134,2,2026-03-24T13:16,C0052,P029,1,39000,0.0,completed,app
O004135,1,2026-03-24T13:49,C0429,P076,1,80800,0.2,completed,web
O004136,1,2026-03-24T18:41,C0127,P078,1,108000,0.0,completed,app
O004137,1,2026-03-24T05:21,C0502,P058,1,99000,0.0,completed,app
O004138,1,2026-03-25T21:06,C0033,P061,1,115000,0.0,completed,web
O004139,1,2026-03-25T22:28,C0206,P028,1,39000,0.0,completed,web
O004139,2,2026-03-25T22:28,C0206,P013,1,271000,0.0,completed,web
O004140,1,2026-03-25T13:43,C0477,P057,1,73600,0.2,completed,app
O004140,2,2026-03-25T13:43,C0477,P010,1,263000,0.0,completed,app
O004140,3,2026-03-25T13:43,C0477,P042,1,85000,0.0,completed,app
O004141,1,2026-03-25T14:32,C0454,P010,1,263000,0.0,completed,web
O004142,1,2026-03-25T14:00,C0430,P055,1,70400,0.2,completed,app
O004143,1,2026-03-25T07:49,C0477,P043,1,91000,0.0,completed,web
O004143,2,2026-03-25T07:49,C0477,P038,1,38000,0.0,completed,web
O004144,1,2026-03-25T12:05,C0001,P008,1,279000,0.0,completed,web
O004144,2,2026-03-25T12:05,C0001,P056,1,48800,0.2,completed,web
O004145,1,2026-03-25T10:01,C0077,P045,1,64000,0.0,completed,app
O004146,1,2026-03-25T17:49,C0496,P040,1,44000,0.0,completed,app
O004147,1,2026-03-25T13:29,C0129,P055,1,70400,0.2,completed,web
O004148,1,2026-03-25T10:11,C0451,P064,1,127000,0.0,completed,app
O004148,2,2026-03-25T10:11,C0451,P064,1,127000,0.0,completed,app
O004149,1,2026-03-25T12:08,C0434,P019,1,37000,0.0,completed,app
O004150,1,2026-03-25T11:03,C0541,P040,1,44000,0.0,completed,app
O004151,1,2026-03-25T12:39,C0479,P063,1,124000,0.0,completed,app
O004152,1,2026-03-25T14:12,C0575,P037,1,49000,0.0,completed,app
O004153,1,2026-03-25T15:57,C0353,P043,1,91000,0.0,completed,app
O004153,2,2026-03-25T15:57,C0353,P016,1,169000,0.0,completed,app
O004154,1,2026-03-25T12:07,C0417,P040,1,44000,0.0,completed,app
O004155,1,2026-03-25T03:56,C0477,P040,1,44000,0.0,completed,app
O004156,1,2026-03-25T13:09,C0052,P064,1,127000,0.0,completed,app
O004156,2,2026-03-25T13:09,C0052,P040,1,44000,0.0,completed,app
O004157,1,2026-03-25T11:57,C0164,P059,1,76000,0.2,completed,app
O004157,2,2026-03-25T11:57,C0164,P076,1,80800,0.2,completed,app
O004158,1,2026-03-25T06:48,C0146,P009,1,194000,0.0,completed,web
O004158,2,2026-03-25T06:48,C0146,P042,1,85000,0.0,completed,web
O004159,1,2026-03-25T18:25,C0294,P021,1,72000,0.0,completed,app
O004160,1,2026-03-25T22:34,C0274,P055,1,70400,0.2,completed,app
O004160,2,2026-03-25T22:34,C0274,P046,1,59000,0.0,completed,app
O004160,3,2026-03-25T22:34,C0274,P038,1,38000,0.0,completed,app
O004161,1,2026-03-25T14:12,C0310,P017,1,274000,0.0,completed,app
O004162,1,2026-03-25T09:03,C0044,P001,1,193000,0.0,completed,app
O004163,1,2026-03-25T16:57,C0167,P076,1,80800,0.2,completed,app
O004164,1,2026-03-25T12:21,C0515,P078,1,108000,0.0,completed,web
O004164,2,2026-03-25T12:21,C0515,P005,1,227000,0.0,completed,web
O004165,1,2026-03-25T07:05,C0153,P016,1,169000,0.0,completed,app
O004165,2,2026-03-25T07:05,C0153,P040,1,44000,0.0,completed,app
O004166,1,2026-03-25T14:42,C0123,P073,1,75000,0.0,completed,web
O004166,2,2026-03-25T14:42,C0123,P001,1,193000,0.0,completed,web
O004167,1,2026-03-25T16:27,C0240,P053,1,100000,0.0,completed,app
O004168,1,2026-03-25T15:43,C0299,P078,1,108000,0.0,completed,web
O004169,1,2026-03-25T15:57,C0057,P007,1,262000,0.0,returned,web
O004169,2,2026-03-25T15:57,C0057,P055,1,70400,0.2,returned,web
O004169,3,2026-03-25T15:57,C0057,P001,1,193000,0.0,returned,web
O004170,1,2026-03-25T17:21,C0438,P001,1,193000,0.0,completed,web
O004171,1,2026-03-25T13:26,C0077,P055,1,70400,0.2,completed,app
O004172,1,2026-03-26T18:24,C0155,P070,1,114000,0.0,completed,web
O004173,1,2026-03-26T14:40,C0443,P001,1,193000,0.0,completed,app
O004173,2,2026-03-26T14:40,C0443,P064,1,127000,0.0,completed,app
O004174,1,2026-03-26T11:06,C0453,P065,1,95200,0.2,completed,app
O004175,1,2026-03-26T11:49,C0155,P064,1,127000,0.0,completed,app
O004175,2,2026-03-26T11:49,C0155,P061,1,115000,0.0,completed,app
O004176,1,2026-03-26T13:41,C0583,P028,1,39000,0.0,completed,app
O004177,1,2026-03-26T10:11,C0080,P040,1,44000,0.0,completed,web
O004178,1,2026-03-26T10:05,C0171,P055,1,70400,0.2,completed,app
O004179,1,2026-03-26T21:59,C0114,P022,1,36000,0.0,returned,app
O004179,2,2026-03-26T21:59,C0114,P017,1,274000,0.0,returned,app
O004180,1,2026-03-26T11:41,C0123,P040,1,44000,0.0,completed,web
O004180,2,2026-03-26T11:41,C0123,P027,1,63000,0.0,completed,web
O004181,1,2026-03-26T23:06,C0572,P020,1,41000,0.0,cancelled,web
O004181,2,2026-03-26T23:06,C0572,P038,1,38000,0.0,cancelled,web
O004181,3,2026-03-26T23:06,C0572,P040,1,44000,0.0,cancelled,web
O004182,1,2026-03-26T10:45,C0127,P020,1,41000,0.0,completed,app
O004183,1,2026-03-26T12:30,C0294,P040,1,44000,0.0,completed,app
O004183,2,2026-03-26T12:30,C0294,P019,1,37000,0.0,completed,app
O004183,3,2026-03-26T12:30,C0294,P021,1,72000,0.0,completed,app
O004184,1,2026-03-26T18:29,C0281,P048,1,92000,0.0,completed,app
O004185,1,2026-03-26T14:16,C0555,P043,1,91000,0.0,completed,web
O004186,1,2026-03-26T17:49,C0564,P001,1,193000,0.0,completed,app
O004187,1,2026-03-26T14:31,C0583,P011,1,265000,0.0,completed,app
O004188,1,2026-03-26T14:13,C0140,P078,1,108000,0.0,completed,web
O004188,2,2026-03-26T14:13,C0140,P059,1,76000,0.2,completed,web
O004189,1,2026-03-26T12:14,C0479,P057,1,73600,0.2,completed,app
O004189,2,2026-03-26T12:14,C0479,P005,1,227000,0.0,completed,app
O004190,1,2026-03-26T09:08,C0123,P037,1,49000,0.0,completed,web
O004191,1,2026-03-26T14:29,C0481,P055,1,70400,0.2,cancelled,app
O004192,1,2026-03-26T11:45,C0182,P055,1,70400,0.2,completed,app
O004193,1,2026-03-26T13:20,C0155,P040,1,44000,0.0,completed,app
O004193,2,2026-03-26T13:20,C0155,P039,1,45000,0.0,completed,app
O004193,3,2026-03-26T13:20,C0155,P043,1,91000,0.0,completed,app
O004194,1,2026-03-26T23:10,C0600,P073,1,75000,0.0,completed,web
O004194,2,2026-03-26T23:10,C0600,P052,1,74000,0.0,completed,web
O004194,3,2026-03-26T23:10,C0600,P045,1,64000,0.0,completed,web
O004195,1,2026-03-26T16:59,C0036,P007,1,262000,0.0,completed,app
O004196,1,2026-03-26T16:02,C0353,P030,1,62000,0.0,completed,app
O004196,2,2026-03-26T16:02,C0353,P042,1,85000,0.0,completed,app
O004197,1,2026-03-26T16:24,C0249,P075,1,81000,0.0,completed,app
O004198,1,2026-03-26T11:04,C0417,P059,3,76000,0.2,completed,app
O004198,2,2026-03-26T11:04,C0417,P028,2,39000,0.0,completed,app
O004199,1,2026-03-26T17:25,C0148,P017,1,274000,0.0,completed,app
O004200,1,2026-03-26T18:06,C0018,P049,1,78000,0.0,completed,app
O004201,1,2026-03-26T17:23,C0057,P045,1,64000,0.0,completed,app
O004201,2,2026-03-26T17:23,C0057,P048,1,92000,0.0,completed,app
O004202,1,2026-03-26T18:59,C0127,P042,1,85000,0.0,completed,web
O004203,1,2026-03-26T10:57,C0351,P017,2,274000,0.0,completed,app
O004204,1,2026-03-26T12:10,C0570,P028,1,39000,0.0,completed,web
O004205,1,2026-03-26T23:03,C0164,P020,1,41000,0.0,completed,app
O004206,1,2026-03-26T11:55,C0335,P040,1,44000,0.0,completed,web
O004206,2,2026-03-26T11:55,C0335,P008,1,279000,0.0,completed,web
O004207,1,2026-03-26T09:21,C0044,P008,1,279000,0.0,completed,app
O004208,1,2026-03-26T14:02,C0218,P008,1,279000,0.0,completed,web
O004209,1,2026-03-26T06:25,C0360,P055,1,70400,0.2,completed,web
O004210,1,2026-03-26T11:12,C0271,P045,1,64000,0.0,completed,app
O004211,1,2026-03-26T13:40,C0550,P008,3,279000,0.0,completed,web
O004212,1,2026-03-26T11:44,C0453,P037,1,49000,0.0,completed,app
O004212,2,2026-03-26T11:44,C0453,P027,1,63000,0.0,completed,app
O004213,1,2026-03-26T13:41,C0504,P054,1,50000,0.0,completed,app
O004214,1,2026-03-26T13:45,C0335,P059,1,76000,0.2,completed,web
O004215,1,2026-03-26T10:54,C0418,P056,1,48800,0.2,completed,web
O004216,1,2026-03-26T18:04,C0566,P016,1,169000,0.0,returned,app
O004216,2,2026-03-26T18:04,C0566,P008,1,279000,0.0,returned,app
O004217,1,2026-03-27T15:04,C0240,P048,1,92000,0.0,returned,web
O004218,1,2026-03-27T11:33,C0038,P070,1,114000,0.0,completed,web
O004219,1,2026-03-27T13:44,C0068,P044,1,68000,0.2,completed,app
O004220,1,2026-03-27T16:00,C0057,P001,1,193000,0.0,completed,app
O004220,2,2026-03-27T16:00,C0057,P044,1,68000,0.2,completed,app
O004220,3,2026-03-27T16:00,C0057,P072,1,95000,0.0,completed,app
O004221,1,2026-03-27T10:24,C0051,P017,1,274000,0.0,completed,app
O004221,2,2026-03-27T10:24,C0051,P015,1,222000,0.0,completed,app
O004222,1,2026-03-27T15:03,C0570,P036,1,65000,0.0,completed,web
O004223,1,2026-03-27T15:27,C0393,P021,1,72000,0.0,completed,app
O004224,1,2026-03-27T10:07,C0582,P040,1,44000,0.0,completed,web
O004225,1,2026-03-27T09:35,C0302,P016,1,169000,0.0,completed,app
O004226,1,2026-03-27T15:44,C0418,P043,1,91000,0.0,completed,app
O004227,1,2026-03-27T18:57,C0587,P050,1,84000,0.0,completed,app
O004227,2,2026-03-27T18:57,C0587,P051,1,62400,0.2,completed,app
O004228,1,2026-03-27T08:43,C0579,P008,1,279000,0.0,completed,app
O004228,2,2026-03-27T08:43,C0579,P001,1,193000,0.0,completed,app
O004229,1,2026-03-27T17:31,C0320,P042,1,85000,0.0,completed,app
O004230,1,2026-03-27T14:51,C0418,P021,1,72000,0.0,completed,app
O004230,2,2026-03-27T14:51,C0418,P055,1,70400,0.2,completed,app
O004230,3,2026-03-27T14:51,C0418,P037,1,49000,0.0,completed,app
O004231,1,2026-03-27T09:13,C0321,P003,1,136000,0.0,completed,app
O004232,1,2026-03-27T16:47,C0463,P055,1,70400,0.2,returned,web
O004233,1,2026-03-27T18:11,C0600,P042,1,85000,0.0,completed,web
O004233,2,2026-03-27T18:11,C0600,P042,1,85000,0.0,completed,web
O004234,1,2026-03-27T17:59,C0220,P055,1,70400,0.2,completed,web
O004235,1,2026-03-27T11:42,C0317,P040,1,44000,0.0,completed,web
O004236,1,2026-03-27T11:25,C0515,P080,1,109000,0.0,cancelled,app
O004236,2,2026-03-27T11:25,C0515,P017,1,274000,0.0,cancelled,app
O004237,1,2026-03-27T20:57,C0277,P070,1,114000,0.0,returned,app
O004238,1,2026-03-27T20:25,C0040,P028,3,39000,0.0,completed,web
O004239,1,2026-03-27T12:02,C0109,P071,1,133000,0.0,completed,app
O004240,1,2026-03-27T12:50,C0213,P040,1,44000,0.0,completed,web
O004241,1,2026-03-27T12:12,C0508,P026,1,48000,0.0,completed,web
O004242,1,2026-03-27T12:16,C0077,P001,1,193000,0.0,completed,web
O004242,2,2026-03-27T12:16,C0077,P048,1,92000,0.0,completed,web
O004243,1,2026-03-27T11:02,C0583,P064,1,127000,0.0,returned,web
O004244,1,2026-03-27T15:25,C0408,P030,1,62000,0.0,completed,web
O004245,1,2026-03-27T16:53,C0206,P040,1,44000,0.0,completed,web
O004246,1,2026-03-27T14:45,C0259,P040,1,44000,0.0,completed,web
O004247,1,2026-03-27T19:40,C0274,P043,1,91000,0.0,completed,web
O004248,1,2026-03-27T13:50,C0577,P056,1,48800,0.2,completed,web
O004248,2,2026-03-27T13:50,C0577,P045,1,64000,0.0,completed,web
O004248,3,2026-03-27T13:50,C0577,P036,1,65000,0.0,completed,web
O004249,1,2026-03-27T11:21,C0190,P044,1,68000,0.2,returned,app
O004250,1,2026-03-27T18:01,C0455,P060,1,65600,0.2,completed,web
O004251,1,2026-03-27T19:37,C0563,P075,1,81000,0.0,cancelled,web
O004252,1,2026-03-27T09:14,C0018,P009,1,194000,0.0,completed,web
O004253,1,2026-03-27T13:53,C0192,P001,1,193000,0.0,completed,web
O004253,2,2026-03-27T13:53,C0192,P006,1,275000,0.0,completed,web
O004254,1,2026-03-27T15:25,C0122,P011,1,265000,0.0,completed,web
O004255,1,2026-03-27T12:49,C0110,P017,1,274000,0.0,completed,web
O004256,1,2026-03-27T18:07,C0294,P026,1,48000,0.0,completed,app
O004257,1,2026-03-27T20:20,C0469,P040,1,44000,0.0,completed,web
O004257,2,2026-03-27T20:20,C0469,P040,1,44000,0.0,completed,web
O004258,1,2026-03-27T16:10,C0393,P023,1,53000,0.0,completed,app
O004258,2,2026-03-27T16:10,C0393,P074,1,107000,0.0,completed,app
O004259,1,2026-03-27T15:41,C0564,P075,1,81000,0.0,completed,app
O004260,1,2026-03-27T14:05,C0453,P073,1,75000,0.0,completed,app
O004260,2,2026-03-27T14:05,C0453,P013,1,271000,0.0,completed,app
O004261,1,2026-03-27T12:55,C0589,P075,1,81000,0.0,completed,app
O004261,2,2026-03-27T12:55,C0589,P021,1,72000,0.0,completed,app
O004261,3,2026-03-27T12:55,C0589,P045,1,64000,0.0,completed,app
O004262,1,2026-03-27T15:50,C0349,P055,1,70400,0.2,completed,web
O004263,1,2026-03-28T16:00,C0436,P077,1,69000,0.0,completed,app
O004263,2,2026-03-28T16:00,C0436,P038,1,38000,0.0,completed,app
O004263,3,2026-03-28T16:00,C0436,P061,1,115000,0.0,completed,app
O004264,1,2026-03-28T11:46,C0435,P076,1,80800,0.2,completed,web
O004264,2,2026-03-28T11:46,C0435,P016,1,169000,0.0,completed,web
O004265,1,2026-03-28T14:39,C0136,P042,1,85000,0.0,completed,app
O004266,1,2026-03-28T12:00,C0109,P055,1,70400,0.2,completed,app
O004267,1,2026-03-28T14:37,C0487,P037,1,49000,0.0,completed,web
O004268,1,2026-03-28T11:15,C0115,P038,1,38000,0.0,completed,web
O004269,1,2026-03-28T18:48,C0595,P020,1,41000,0.0,completed,app
O004269,2,2026-03-28T18:48,C0595,P040,1,44000,0.0,completed,app
O004270,1,2026-03-28T16:54,C0033,P063,1,124000,0.0,completed,web
O004271,1,2026-03-28T15:26,C0153,P064,1,127000,0.0,completed,app
O004271,2,2026-03-28T15:26,C0153,P021,1,72000,0.0,completed,app
O004271,3,2026-03-28T15:26,C0153,P017,1,274000,0.0,completed,app
O004272,1,2026-03-28T09:01,C0018,P001,1,193000,0.0,returned,web
O004273,1,2026-03-28T23:53,C0265,P002,1,163000,0.0,completed,web
O004274,1,2026-03-28T08:46,C0110,P021,1,72000,0.0,completed,app
O004275,1,2026-03-28T14:53,C0325,P061,1,115000,0.0,completed,web
O004275,2,2026-03-28T14:53,C0325,P030,1,62000,0.0,completed,web
O004275,3,2026-03-28T14:53,C0325,P064,1,127000,0.0,completed,web
O004276,1,2026-03-28T15:47,C0383,P055,1,70400,0.2,completed,app
O004277,1,2026-03-28T13:43,C0451,P064,1,127000,0.0,completed,app
O004278,1,2026-03-28T04:06,C0140,P055,1,70400,0.2,completed,app
O004279,1,2026-03-28T17:45,C0146,P051,1,62400,0.2,completed,app
O004279,2,2026-03-28T17:45,C0146,P055,1,70400,0.2,completed,app
O004280,1,2026-03-28T11:33,C0196,P029,1,39000,0.0,completed,app
O004280,2,2026-03-28T11:33,C0196,P040,1,44000,0.0,completed,app
O004281,1,2026-03-28T19:27,C0281,P062,3,86000,0.0,completed,web
O004281,2,2026-03-28T19:27,C0281,P064,1,127000,0.0,completed,web
O004282,1,2026-03-28T14:47,C0275,P048,1,92000,0.0,completed,app
O004282,2,2026-03-28T14:47,C0275,P043,1,91000,0.0,completed,app
O004283,1,2026-03-28T11:57,C0265,P008,1,279000,0.0,completed,web
O004283,2,2026-03-28T11:57,C0265,P011,1,265000,0.0,completed,web
O004284,1,2026-03-28T12:11,C0455,P058,1,99000,0.0,completed,web
O004284,2,2026-03-28T12:11,C0455,P008,1,279000,0.0,completed,web
O004284,3,2026-03-28T12:11,C0455,P043,1,91000,0.0,completed,web
O004285,1,2026-03-28T14:09,C0353,P045,1,64000,0.0,completed,app
O004285,2,2026-03-28T14:09,C0353,P055,1,70400,0.2,completed,app
O004286,1,2026-03-28T13:14,C0361,P047,1,58000,0.0,completed,web
O004287,1,2026-03-28T13:28,C0271,P013,1,271000,0.0,completed,app
O004288,1,2026-03-28T21:51,C0526,P035,1,49000,0.0,completed,web
O004289,1,2026-03-28T12:58,C0252,P016,2,169000,0.0,completed,web
O004289,2,2026-03-28T12:58,C0252,P040,1,44000,0.0,completed,web
O004290,1,2026-03-28T20:49,C0495,P057,3,73600,0.2,completed,app
O004291,1,2026-03-28T08:52,C0346,P010,1,263000,0.0,completed,app
O004291,2,2026-03-28T08:52,C0346,P016,1,169000,0.0,completed,app
O004291,3,2026-03-28T08:52,C0346,P021,1,72000,0.0,completed,app
O004292,1,2026-03-28T12:55,C0096,P037,1,49000,0.0,completed,app
O004293,1,2026-03-28T18:51,C0516,P012,1,138000,0.0,completed,app
O004294,1,2026-03-28T20:10,C0113,P001,1,193000,0.0,completed,web
O004294,2,2026-03-28T20:10,C0113,P016,1,169000,0.0,completed,web
O004295,1,2026-03-28T09:08,C0277,P035,1,49000,0.0,completed,web
O004295,2,2026-03-28T09:08,C0277,P023,1,53000,0.0,completed,web
O004296,1,2026-03-28T12:17,C0033,P061,1,115000,0.0,completed,web
O004297,1,2026-03-28T16:27,C0424,P017,1,274000,0.0,completed,app
O004297,2,2026-03-28T16:27,C0424,P016,1,169000,0.0,completed,app
O004298,1,2026-03-28T16:46,C0526,P040,1,44000,0.0,completed,web
O004298,2,2026-03-28T16:46,C0526,P024,1,55000,0.0,completed,web
O004299,1,2026-03-28T18:54,C0596,P043,1,91000,0.0,completed,web
O004300,1,2026-03-28T16:50,C0430,P023,1,53000,0.0,completed,app
O004301,1,2026-03-28T17:30,C0582,P021,1,72000,0.0,completed,app
O004302,1,2026-03-28T15:30,C0572,P031,1,60000,0.0,returned,web
O004302,2,2026-03-28T15:30,C0572,P040,1,44000,0.0,returned,web
O004302,3,2026-03-28T15:30,C0572,P008,1,279000,0.0,returned,web
O004303,1,2026-03-28T12:33,C0204,P040,1,44000,0.0,completed,web
O004304,1,2026-03-28T20:40,C0393,P008,1,279000,0.0,completed,app
O004305,1,2026-03-28T06:15,C0110,P042,1,85000,0.0,completed,app
O004306,1,2026-03-28T20:47,C0164,P006,1,275000,0.0,completed,app
O004306,2,2026-03-28T20:47,C0164,P040,1,44000,0.0,completed,app
O004307,1,2026-03-28T08:31,C0386,P017,1,274000,0.0,completed,web
O004308,1,2026-03-28T15:24,C0265,P001,1,193000,0.0,completed,web
O004308,2,2026-03-28T15:24,C0265,P008,1,279000,0.0,completed,web
O004309,1,2026-03-28T17:30,C0549,P020,1,41000,0.0,completed,app
O004310,1,2026-03-28T13:34,C0127,P038,1,38000,0.0,completed,app
O004311,1,2026-03-28T15:04,C0479,P008,1,279000,0.0,returned,app
O004312,1,2026-03-28T14:36,C0302,P001,1,193000,0.0,completed,web
O004312,2,2026-03-28T14:36,C0302,P010,1,263000,0.0,completed,web
O004313,1,2026-03-28T16:46,C0295,P064,1,127000,0.0,completed,app
O004314,1,2026-03-28T14:40,C0068,P015,1,222000,0.0,returned,app
O004315,1,2026-03-28T19:03,C0167,P040,1,44000,0.0,completed,app
O004315,2,2026-03-28T19:03,C0167,P011,1,265000,0.0,completed,app
O004316,1,2026-03-28T19:13,C0136,P042,1,85000,0.0,completed,app
O004317,1,2026-03-28T21:20,C0545,P040,1,44000,0.0,completed,app
O004318,1,2026-03-28T13:17,C0496,P021,1,72000,0.0,completed,app
O004319,1,2026-03-28T11:16,C0155,P051,1,62400,0.2,completed,app
O004320,1,2026-03-28T14:29,C0058,P008,1,279000,0.0,completed,app
O004321,1,2026-03-28T17:00,C0005,P001,1,193000,0.0,completed,web
O004322,1,2026-03-28T11:36,C0232,P043,1,91000,0.0,completed,web
O004323,1,2026-03-28T22:10,C0052,P012,1,138000,0.0,completed,app
O004324,1,2026-03-28T08:43,C0240,P050,1,84000,0.0,completed,app
O004324,2,2026-03-28T08:43,C0240,P001,1,193000,0.0,completed,app
O004325,1,2026-03-28T15:01,C0418,P006,1,275000,0.0,completed,app
O004325,2,2026-03-28T15:01,C0418,P035,1,49000,0.0,completed,app
O004326,1,2026-03-28T17:27,C0556,P006,1,275000,0.0,completed,app
O004327,1,2026-03-28T17:14,C0282,P001,1,193000,0.0,completed,web
O004328,1,2026-03-28T11:41,C0418,P010,1,263000,0.0,completed,app
O004329,1,2026-03-28T17:44,C0127,P001,1,193000,0.0,completed,app
O004330,1,2026-03-29T13:06,C0469,P061,1,115000,0.0,completed,app
O004331,1,2026-03-29T20:47,C0562,P040,1,44000,0.0,completed,app
O004332,1,2026-03-29T13:36,C0397,P027,1,63000,0.0,completed,app
O004332,2,2026-03-29T13:36,C0397,P026,1,48000,0.0,completed,app
O004333,1,2026-03-29T14:44,C0377,P046,1,59000,0.0,completed,web
O004334,1,2026-03-29T07:32,C0131,P013,1,271000,0.0,completed,app
O004335,1,2026-03-29T13:11,C0190,P042,1,85000,0.0,completed,web
O004336,1,2026-03-29T15:54,C0479,P062,1,86000,0.0,completed,app
O004336,2,2026-03-29T15:54,C0479,P064,1,127000,0.0,completed,app
O004337,1,2026-03-29T15:33,C0353,P020,1,41000,0.0,completed,app
O004338,1,2026-03-29T18:20,C0480,P020,1,41000,0.0,completed,web
O004339,1,2026-03-29T13:04,C0579,P017,1,274000,0.0,completed,app
O004339,2,2026-03-29T13:04,C0579,P059,1,76000,0.2,completed,app
O004340,1,2026-03-29T19:38,C0024,P055,1,70400,0.2,completed,web
O004341,1,2026-03-29T20:30,C0044,P072,1,95000,0.0,completed,app
O004342,1,2026-03-29T21:48,C0447,P004,1,157000,0.0,completed,app
O004343,1,2026-03-29T20:47,C0182,P074,1,107000,0.0,completed,app
O004343,2,2026-03-29T20:47,C0182,P021,1,72000,0.0,completed,app
O004344,1,2026-03-29T21:45,C0397,P072,1,95000,0.0,completed,app
O004344,2,2026-03-29T21:45,C0397,P026,1,48000,0.0,completed,app
O004345,1,2026-03-29T13:11,C0508,P040,1,44000,0.0,completed,web
O004346,1,2026-03-29T20:01,C0353,P055,1,70400,0.2,completed,app
O004347,1,2026-03-29T11:38,C0416,P011,1,265000,0.0,completed,web
O004348,1,2026-03-29T12:30,C0569,P057,3,73600,0.2,completed,web
O004348,2,2026-03-29T12:30,C0569,P017,3,274000,0.0,completed,web
O004349,1,2026-03-29T17:22,C0572,P040,1,44000,0.0,completed,web
O004349,2,2026-03-29T17:22,C0572,P048,1,92000,0.0,completed,web
O004350,1,2026-03-29T05:05,C0240,P016,1,169000,0.0,completed,app
O004351,1,2026-03-29T13:41,C0480,P001,1,193000,0.0,completed,app
O004352,1,2026-03-29T13:23,C0589,P008,1,279000,0.0,returned,app
O004353,1,2026-03-29T16:01,C0575,P040,1,44000,0.0,completed,app
O004354,1,2026-03-29T10:51,C0303,P040,3,44000,0.0,completed,web
O004355,1,2026-03-29T11:10,C0264,P028,1,39000,0.0,completed,web
O004356,1,2026-03-29T18:17,C0279,P013,1,271000,0.0,completed,app
O004356,2,2026-03-29T18:17,C0279,P078,1,108000,0.0,completed,app
O004357,1,2026-03-29T13:16,C0099,P017,1,274000,0.0,returned,app
O004358,1,2026-03-29T16:54,C0294,P043,1,91000,0.0,completed,app
O004358,2,2026-03-29T16:54,C0294,P040,1,44000,0.0,completed,app
O004358,3,2026-03-29T16:54,C0294,P034,1,57000,0.0,completed,app
O004359,1,2026-03-29T11:52,C0582,P006,1,275000,0.0,completed,web
O004359,2,2026-03-29T11:52,C0582,P017,1,274000,0.0,completed,web
O004359,3,2026-03-29T11:52,C0582,P076,1,80800,0.2,completed,web
O004360,1,2026-03-29T11:46,C0299,P053,1,100000,0.0,completed,app
O004361,1,2026-03-29T11:53,C0526,P040,1,44000,0.0,completed,web
O004362,1,2026-03-29T16:38,C0311,P055,1,70400,0.2,completed,web
O004363,1,2026-03-29T20:49,C0526,P066,1,110000,0.0,completed,web
O004363,2,2026-03-29T20:49,C0526,P008,1,279000,0.0,completed,web
O004363,3,2026-03-29T20:49,C0526,P019,1,37000,0.0,completed,web
O004364,1,2026-03-29T23:01,C0005,P017,1,274000,0.0,cancelled,app
O004365,1,2026-03-29T18:12,C0583,P030,1,62000,0.0,completed,app
O004365,2,2026-03-29T18:12,C0583,P069,1,122000,0.0,completed,app
O004366,1,2026-03-29T22:10,C0010,P038,1,38000,0.0,completed,web
O004366,2,2026-03-29T22:10,C0010,P001,1,193000,0.0,completed,web
O004367,1,2026-03-29T05:29,C0455,P056,1,48800,0.2,completed,web
O004367,2,2026-03-29T05:29,C0455,P055,1,70400,0.2,completed,web
O004368,1,2026-03-29T14:04,C0271,P059,1,76000,0.2,completed,app
O004368,2,2026-03-29T14:04,C0271,P006,1,275000,0.0,completed,app
O004368,3,2026-03-29T14:04,C0271,P040,1,44000,0.0,completed,app
O004369,1,2026-03-29T17:03,C0114,P073,1,75000,0.0,completed,app
O004370,1,2026-03-29T17:31,C0325,P040,1,44000,0.0,completed,web
O004371,1,2026-03-29T14:23,C0146,P044,1,68000,0.2,completed,web
O004371,2,2026-03-29T14:23,C0146,P056,1,48800,0.2,completed,web
O004372,1,2026-03-29T09:43,C0153,P013,1,271000,0.0,completed,app
O004373,1,2026-03-29T04:24,C0441,P033,1,65000,0.0,completed,web
O004374,1,2026-03-29T18:47,C0179,P046,2,59000,0.0,completed,web
O004375,1,2026-03-29T06:33,C0493,P073,1,75000,0.0,cancelled,web
O004376,1,2026-03-29T19:39,C0587,P011,1,265000,0.0,completed,app
O004377,1,2026-03-29T23:12,C0274,P005,1,227000,0.0,completed,app
O004378,1,2026-03-29T22:16,C0061,P052,3,74000,0.0,completed,app
O004378,2,2026-03-29T22:16,C0061,P066,1,110000,0.0,completed,app
O004379,1,2026-03-29T14:02,C0577,P055,1,70400,0.2,completed,app
O004379,2,2026-03-29T14:02,C0577,P044,1,68000,0.2,completed,app
O004380,1,2026-03-29T16:38,C0094,P001,1,193000,0.0,completed,web
O004381,1,2026-03-29T12:22,C0432,P048,1,92000,0.0,completed,web
O004382,1,2026-03-29T05:27,C0088,P055,1,70400,0.2,completed,web
O004383,1,2026-03-29T14:14,C0077,P040,1,44000,0.0,completed,app
O004383,2,2026-03-29T14:14,C0077,P016,1,169000,0.0,completed,app
O004383,3,2026-03-29T14:14,C0077,P009,1,194000,0.0,completed,app
O004384,1,2026-03-29T17:15,C0350,P064,1,127000,0.0,completed,web
O004385,1,2026-03-29T04:39,C0550,P016,1,169000,0.0,completed,web
O004385,2,2026-03-29T04:39,C0550,P001,1,193000,0.0,completed,web
O004386,1,2026-03-29T15:42,C0493,P028,1,39000,0.0,completed,web
O004387,1,2026-03-29T14:30,C0017,P040,1,44000,0.0,completed,web
O004388,1,2026-03-29T10:07,C0335,P016,1,169000,0.0,completed,web
O004389,1,2026-03-30T15:18,C0541,P045,1,64000,0.0,completed,web
O004390,1,2026-03-30T14:18,C0451,P063,1,124000,0.0,completed,app
O004391,1,2026-03-30T11:38,C0051,P014,1,203000,0.0,completed,app
O004391,2,2026-03-30T11:38,C0051,P008,1,279000,0.0,completed,app
O004392,1,2026-03-30T18:54,C0214,P028,1,39000,0.0,completed,app
O004392,2,2026-03-30T18:54,C0214,P041,1,74000,0.0,completed,app
O004393,1,2026-03-30T12:57,C0240,P059,1,76000,0.2,completed,app
O004393,2,2026-03-30T12:57,C0240,P019,1,37000,0.0,completed,app
O004394,1,2026-03-30T16:27,C0218,P010,1,263000,0.0,completed,web
O004395,1,2026-03-30T15:56,C0526,P018,1,273000,0.0,completed,web
O004396,1,2026-03-30T17:52,C0110,P043,1,91000,0.0,completed,app
O004397,1,2026-03-30T12:20,C0089,P056,1,48800,0.2,completed,web
O004398,1,2026-03-30T14:43,C0096,P021,1,72000,0.0,completed,app
O004399,1,2026-03-30T15:47,C0275,P019,1,37000,0.0,completed,app
O004400,1,2026-03-30T19:19,C0403,P068,1,117000,0.0,completed,app
O004400,2,2026-03-30T19:19,C0403,P008,1,279000,0.0,completed,app
O004401,1,2026-03-30T12:51,C0214,P059,1,76000,0.2,completed,app
O004401,2,2026-03-30T12:51,C0214,P045,1,64000,0.0,completed,app
O004402,1,2026-03-30T18:15,C0570,P051,1,62400,0.2,completed,web
O004403,1,2026-03-30T14:19,C0350,P066,1,110000,0.0,completed,app
O004404,1,2026-03-30T15:16,C0271,P077,1,69000,0.0,completed,app
O004405,1,2026-03-30T19:58,C0371,P079,3,115000,0.0,completed,app
O004406,1,2026-03-30T16:06,C0095,P079,1,115000,0.0,completed,app
O004407,1,2026-03-30T17:18,C0589,P030,1,62000,0.0,completed,app
O004408,1,2026-03-30T17:29,C0276,P017,1,274000,0.0,completed,app
O004409,1,2026-03-30T18:34,C0342,P063,1,124000,0.0,completed,app
O004410,1,2026-03-30T06:33,C0337,P043,1,91000,0.0,completed,app
O004411,1,2026-03-30T11:34,C0545,P050,1,84000,0.0,completed,app
O004412,1,2026-03-30T12:38,C0415,P071,1,133000,0.0,completed,web
O004412,2,2026-03-30T12:38,C0415,P066,1,110000,0.0,completed,web
O004413,1,2026-03-30T13:12,C0182,P021,1,72000,0.0,cancelled,app
O004414,1,2026-03-30T14:43,C0492,P055,1,70400,0.2,completed,app
O004415,1,2026-03-30T11:28,C0596,P017,1,274000,0.0,completed,web
O004415,2,2026-03-30T11:28,C0596,P040,1,44000,0.0,completed,web
O004416,1,2026-03-30T12:50,C0463,P042,1,85000,0.0,completed,web
O004417,1,2026-03-30T07:48,C0577,P049,1,78000,0.0,cancelled,web
O004418,1,2026-03-30T19:59,C0489,P043,1,91000,0.0,completed,web
O004419,1,2026-03-30T21:16,C0182,P013,1,271000,0.0,completed,app
O004419,2,2026-03-30T21:16,C0182,P026,1,48000,0.0,completed,app
O004419,3,2026-03-30T21:16,C0182,P008,1,279000,0.0,completed,app
O004420,1,2026-03-30T17:30,C0465,P039,1,45000,0.0,completed,app
O004421,1,2026-03-30T17:47,C0566,P043,1,91000,0.0,completed,web
O004422,1,2026-03-30T16:00,C0265,P015,1,222000,0.0,completed,web
O004422,2,2026-03-30T16:00,C0265,P013,1,271000,0.0,completed,web
O004423,1,2026-03-30T09:43,C0113,P027,1,63000,0.0,completed,web
O004423,2,2026-03-30T09:43,C0113,P013,1,271000,0.0,completed,web
O004424,1,2026-03-30T10:42,C0123,P040,1,44000,0.0,completed,web
O004424,2,2026-03-30T10:42,C0123,P040,1,44000,0.0,completed,web
O004425,1,2026-03-30T16:52,C0250,P043,1,91000,0.0,completed,app
O004426,1,2026-03-30T15:57,C0499,P028,1,39000,0.0,completed,app
O004426,2,2026-03-30T15:57,C0499,P027,1,63000,0.0,completed,app
O004427,1,2026-03-30T19:48,C0044,P020,1,41000,0.0,completed,web
O004428,1,2026-03-30T13:14,C0275,P019,1,37000,0.0,completed,web
O004428,2,2026-03-30T13:14,C0275,P040,1,44000,0.0,completed,web
O004429,1,2026-03-30T13:18,C0400,P035,1,49000,0.0,completed,app
O004429,2,2026-03-30T13:18,C0400,P013,1,271000,0.0,completed,app
O004430,1,2026-03-30T18:45,C0597,P011,1,265000,0.0,completed,web
O004431,1,2026-03-30T18:31,C0461,P030,1,62000,0.0,cancelled,web
O004432,1,2026-03-31T09:06,C0353,P017,1,274000,0.0,completed,app
O004433,1,2026-03-31T13:55,C0282,P006,1,275000,0.0,completed,web
O004433,2,2026-03-31T13:55,C0282,P008,1,279000,0.0,completed,web
O004434,1,2026-03-31T11:52,C0277,P051,1,62400,0.2,completed,web
O004434,2,2026-03-31T11:52,C0277,P001,1,193000,0.0,completed,web
O004435,1,2026-03-31T11:30,C0213,P040,1,44000,0.0,completed,web
O004436,1,2026-03-31T08:22,C0361,P040,1,44000,0.0,completed,app
O004437,1,2026-03-31T13:06,C0283,P043,1,91000,0.0,completed,app
O004437,2,2026-03-31T13:06,C0283,P011,1,265000,0.0,completed,app
O004438,1,2026-03-31T15:22,C0190,P011,1,265000,0.0,completed,web
O004438,2,2026-03-31T15:22,C0190,P042,1,85000,0.0,completed,web
O004439,1,2026-03-31T17:07,C0300,P040,1,44000,0.0,completed,web
O004440,1,2026-03-31T12:56,C0515,P013,1,271000,0.0,completed,app
O004440,2,2026-03-31T12:56,C0515,P038,1,38000,0.0,completed,app
O004441,1,2026-03-31T19:32,C0099,P032,1,45000,0.0,completed,app
O004441,2,2026-03-31T19:32,C0099,P070,1,114000,0.0,completed,app
O004441,3,2026-03-31T19:32,C0099,P030,1,62000,0.0,completed,app
O004442,1,2026-03-31T15:15,C0240,P043,1,91000,0.0,completed,app
O004443,1,2026-03-31T18:15,C0526,P021,1,72000,0.0,completed,web
O004443,2,2026-03-31T18:15,C0526,P016,1,169000,0.0,completed,web
O004443,3,2026-03-31T18:15,C0526,P006,1,275000,0.0,completed,web
O004444,1,2026-03-31T09:35,C0479,P017,1,274000,0.0,completed,app
O004444,2,2026-03-31T09:35,C0479,P069,1,122000,0.0,completed,app
O004445,1,2026-03-31T17:43,C0302,P016,1,169000,0.0,completed,app
O004446,1,2026-03-31T22:59,C0109,P043,1,91000,0.0,completed,app
O004446,2,2026-03-31T22:59,C0109,P055,1,70400,0.2,completed,app
O004446,3,2026-03-31T22:59,C0109,P059,1,76000,0.2,completed,app
O004447,1,2026-03-31T18:04,C0188,P080,1,109000,0.0,cancelled,web
O004448,1,2026-03-31T08:50,C0463,P045,1,64000,0.0,completed,web
O004448,2,2026-03-31T08:50,C0463,P080,1,109000,0.0,completed,web
O004448,3,2026-03-31T08:50,C0463,P042,1,85000,0.0,completed,web
O004449,1,2026-03-31T14:14,C0260,P064,1,127000,0.0,completed,web
O004450,1,2026-03-31T16:59,C0207,P059,1,76000,0.2,completed,web
O004451,1,2026-03-31T14:16,C0351,P073,2,75000,0.0,completed,app
O004452,1,2026-03-31T08:16,C0333,P042,1,85000,0.0,completed,app
O004452,2,2026-03-31T08:16,C0333,P073,1,75000,0.0,completed,app
O004453,1,2026-03-31T22:51,C0403,P035,1,49000,0.0,completed,app
O004454,1,2026-03-31T18:43,C0577,P043,1,91000,0.0,completed,app
O004454,2,2026-03-31T18:43,C0577,P045,1,64000,0.0,completed,app
O004455,1,2026-03-31T19:46,C0577,P059,1,76000,0.2,completed,app
O004455,2,2026-03-31T19:46,C0577,P033,1,65000,0.0,completed,app
O004456,1,2026-03-31T21:29,C0068,P028,1,39000,0.0,completed,app
O004456,2,2026-03-31T21:29,C0068,P064,1,127000,0.0,completed,app
O004457,1,2026-03-31T22:11,C0365,P075,1,81000,0.0,completed,web
O004458,1,2026-03-31T12:48,C0383,P010,1,263000,0.0,completed,app
O004458,2,2026-03-31T12:48,C0383,P030,1,62000,0.0,completed,app
O004458,3,2026-03-31T12:48,C0383,P013,1,271000,0.0,completed,app
O004459,1,2026-03-31T16:08,C0350,P045,1,64000,0.0,completed,web
O004459,2,2026-03-31T16:08,C0350,P027,1,63000,0.0,completed,web
O004459,3,2026-03-31T16:08,C0350,P066,1,110000,0.0,completed,web
O004460,1,2026-03-31T22:27,C0100,P064,1,127000,0.0,completed,web
O004461,1,2026-03-31T19:42,C0438,P023,1,53000,0.0,completed,web
O004461,2,2026-03-31T19:42,C0438,P077,1,69000,0.0,completed,web
O004462,1,2026-03-31T14:04,C0310,P040,1,44000,0.0,completed,app
O004463,1,2026-03-31T12:31,C0008,P026,1,48000,0.0,completed,app
O004464,1,2026-04-01T16:47,C0005,P014,1,203000,0.0,completed,app
O004465,1,2026-04-01T08:15,C0587,P015,1,222000,0.0,returned,app
O004466,1,2026-04-01T15:25,C0146,P059,1,76000,0.2,cancelled,app
O004467,1,2026-04-01T15:12,C0250,P061,1,115000,0.0,cancelled,app
O004467,2,2026-04-01T15:12,C0250,P016,1,169000,0.0,cancelled,app
O004467,3,2026-04-01T15:12,C0250,P037,1,49000,0.0,cancelled,app
O004468,1,2026-04-01T11:22,C0526,P022,1,36000,0.0,completed,web
O004468,2,2026-04-01T11:22,C0526,P040,1,44000,0.0,completed,web
O004469,1,2026-04-01T06:17,C0099,P056,1,48800,0.2,returned,app
O004469,2,2026-04-01T06:17,C0099,P008,1,279000,0.0,returned,app
O004470,1,2026-04-01T12:56,C0383,P017,1,274000,0.0,completed,app
O004470,2,2026-04-01T12:56,C0383,P076,1,80800,0.2,completed,app
O004470,3,2026-04-01T12:56,C0383,P040,1,44000,0.0,completed,app
O004471,1,2026-04-01T17:14,C0335,P040,1,44000,0.0,completed,web
O004472,1,2026-04-01T11:24,C0357,P042,1,85000,0.0,completed,app
O004472,2,2026-04-01T11:24,C0357,P058,1,99000,0.0,completed,app
O004473,1,2026-04-01T13:53,C0357,P042,1,85000,0.0,completed,app
O004473,2,2026-04-01T13:53,C0357,P015,1,222000,0.0,completed,app
O004474,1,2026-04-01T12:38,C0493,P008,1,279000,0.0,completed,web
O004475,1,2026-04-01T18:22,C0577,P040,1,44000,0.0,completed,app
O004476,1,2026-04-01T15:25,C0274,P053,1,100000,0.0,completed,web
O004477,1,2026-04-01T12:14,C0591,P040,1,44000,0.0,returned,web
O004478,1,2026-04-01T09:58,C0564,P062,1,86000,0.0,completed,app
O004479,1,2026-04-01T16:23,C0275,P059,1,76000,0.2,completed,web
O004480,1,2026-04-01T16:13,C0283,P052,1,74000,0.0,completed,app
O004480,2,2026-04-01T16:13,C0283,P073,1,75000,0.0,completed,app
O004481,1,2026-04-01T09:56,C0359,P040,2,44000,0.0,returned,web
O004481,2,2026-04-01T09:56,C0359,P066,1,110000,0.0,returned,web
O004482,1,2026-04-01T12:56,C0253,P052,1,74000,0.0,completed,app
O004483,1,2026-04-01T15:10,C0438,P012,1,138000,0.0,completed,web
O004484,1,2026-04-01T14:11,C0496,P056,1,48800,0.2,completed,web
O004484,2,2026-04-01T14:11,C0496,P045,1,64000,0.0,completed,web
O004485,1,2026-04-01T18:07,C0001,P008,1,279000,0.0,completed,web
O004486,1,2026-04-01T14:50,C0253,P027,1,63000,0.0,completed,app
O004487,1,2026-04-01T17:52,C0277,P064,1,127000,0.0,returned,app
O004487,2,2026-04-01T17:52,C0277,P080,1,109000,0.0,returned,app
O004488,1,2026-04-01T14:31,C0541,P037,3,49000,0.0,completed,web
O004489,1,2026-04-01T22:28,C0188,P009,1,194000,0.0,completed,web
O004489,2,2026-04-01T22:28,C0188,P075,1,81000,0.0,completed,web
O004490,1,2026-04-01T14:39,C0018,P036,1,65000,0.0,completed,app
O004491,1,2026-04-01T13:44,C0146,P045,1,64000,0.0,completed,app
O004492,1,2026-04-01T18:47,C0399,P075,1,81000,0.0,completed,web
O004493,1,2026-04-01T10:58,C0372,P040,1,44000,0.0,completed,web
O004494,1,2026-04-01T11:15,C0100,P037,1,49000,0.0,completed,web
O004495,1,2026-04-01T17:57,C0368,P042,2,85000,0.0,completed,web
O004495,2,2026-04-01T17:57,C0368,P043,2,91000,0.0,completed,web
O004496,1,2026-04-01T11:34,C0459,P008,1,279000,0.0,completed,web
O004497,1,2026-04-01T17:37,C0215,P043,1,91000,0.0,completed,app
O004497,2,2026-04-01T17:37,C0215,P055,1,70400,0.2,completed,app
O004498,1,2026-04-01T08:42,C0479,P045,1,64000,0.0,completed,app
O004499,1,2026-04-01T15:03,C0001,P017,1,274000,0.0,completed,web
O004499,2,2026-04-01T15:03,C0001,P013,1,271000,0.0,completed,web
O004499,3,2026-04-01T15:03,C0001,P040,1,44000,0.0,completed,web
O004500,1,2026-04-01T16:39,C0300,P008,1,279000,0.0,completed,web
O004501,1,2026-04-01T16:30,C0489,P042,1,85000,0.0,completed,web
O004501,2,2026-04-01T16:30,C0489,P006,1,275000,0.0,completed,web
O004502,1,2026-04-01T13:22,C0418,P027,1,63000,0.0,completed,app
O004502,2,2026-04-01T13:22,C0418,P008,1,279000,0.0,completed,app
O004503,1,2026-04-01T18:00,C0335,P021,1,72000,0.0,completed,web
O004503,2,2026-04-01T18:00,C0335,P050,1,84000,0.0,completed,web
O004504,1,2026-04-01T15:14,C0515,P048,1,92000,0.0,completed,app
O004505,1,2026-04-02T22:56,C0249,P069,1,122000,0.0,completed,web
O004506,1,2026-04-02T22:35,C0018,P045,1,64000,0.0,completed,web
O004507,1,2026-04-02T06:49,C0489,P001,1,193000,0.0,completed,web
O004508,1,2026-04-02T20:13,C0182,P024,1,55000,0.0,completed,app
O004508,2,2026-04-02T20:13,C0182,P049,1,78000,0.0,completed,app
O004509,1,2026-04-02T17:39,C0109,P056,1,48800,0.2,completed,app
O004510,1,2026-04-02T17:28,C0052,P043,1,91000,0.0,completed,app
O004510,2,2026-04-02T17:28,C0052,P059,1,76000,0.2,completed,app
O004510,3,2026-04-02T17:28,C0052,P059,1,76000,0.2,completed,app
O004511,1,2026-04-02T12:33,C0335,P026,1,48000,0.0,completed,web
O004512,1,2026-04-02T11:41,C0351,P055,2,70400,0.2,completed,app
O004512,2,2026-04-02T11:41,C0351,P028,3,39000,0.0,completed,app
O004513,1,2026-04-02T18:31,C0376,P013,1,271000,0.0,completed,app
O004514,1,2026-04-02T20:55,C0279,P012,1,138000,0.0,completed,web
O004515,1,2026-04-02T19:03,C0451,P012,1,138000,0.0,completed,app
O004516,1,2026-04-02T15:23,C0192,P080,1,109000,0.0,completed,app
O004517,1,2026-04-02T09:36,C0077,P051,1,62400,0.2,completed,app
O004517,2,2026-04-02T09:36,C0077,P045,1,64000,0.0,completed,app
O004518,1,2026-04-02T19:24,C0026,P013,1,271000,0.0,completed,app
O004519,1,2026-04-02T17:46,C0430,P048,1,92000,0.0,completed,app
O004520,1,2026-04-02T10:28,C0283,P050,1,84000,0.0,returned,web
O004521,1,2026-04-02T16:06,C0421,P021,1,72000,0.0,completed,web
O004522,1,2026-04-02T13:55,C0109,P038,1,38000,0.0,completed,app
O004522,2,2026-04-02T13:55,C0109,P069,1,122000,0.0,completed,app
O004523,1,2026-04-02T07:48,C0418,P043,1,91000,0.0,completed,app
O004523,2,2026-04-02T07:48,C0418,P007,1,262000,0.0,completed,app
O004524,1,2026-04-02T11:38,C0274,P045,1,64000,0.0,returned,app
O004524,2,2026-04-02T11:38,C0274,P045,1,64000,0.0,returned,app
O004525,1,2026-04-02T09:13,C0057,P030,1,62000,0.0,completed,web
O004525,2,2026-04-02T09:13,C0057,P072,1,95000,0.0,completed,web
O004525,3,2026-04-02T09:13,C0057,P049,1,78000,0.0,completed,web
O004526,1,2026-04-02T10:36,C0230,P011,1,265000,0.0,completed,web
O004526,2,2026-04-02T10:36,C0230,P045,3,64000,0.0,completed,web
O004527,1,2026-04-02T14:39,C0127,P038,1,38000,0.0,completed,app
O004528,1,2026-04-02T14:43,C0220,P012,1,138000,0.0,completed,app
O004529,1,2026-04-02T13:19,C0240,P008,1,279000,0.0,completed,app
O004529,2,2026-04-02T13:19,C0240,P038,1,38000,0.0,completed,app
O004530,1,2026-04-02T19:08,C0279,P001,1,193000,0.0,completed,app
O004530,2,2026-04-02T19:08,C0279,P015,1,222000,0.0,completed,app
O004531,1,2026-04-02T20:45,C0092,P037,1,49000,0.0,completed,web
O004532,1,2026-04-02T20:29,C0333,P001,1,193000,0.0,completed,app
O004533,1,2026-04-02T17:47,C0502,P001,1,193000,0.0,completed,app
O004534,1,2026-04-02T12:53,C0579,P001,1,193000,0.0,completed,app
O004534,2,2026-04-02T12:53,C0579,P010,1,263000,0.0,completed,app
O004535,1,2026-04-02T18:25,C0170,P040,1,44000,0.0,completed,web
O004536,1,2026-04-02T13:19,C0380,P070,1,114000,0.0,completed,web
O004537,1,2026-04-02T11:17,C0151,P040,1,44000,0.0,returned,web
O004538,1,2026-04-02T17:32,C0397,P040,1,44000,0.0,completed,app
O004539,1,2026-04-02T15:34,C0492,P001,1,193000,0.0,completed,app
O004539,2,2026-04-02T15:34,C0492,P003,1,136000,0.0,completed,app
O004540,1,2026-04-02T17:50,C0249,P034,1,57000,0.0,returned,app
O004541,1,2026-04-02T08:14,C0335,P037,1,49000,0.0,completed,web
O004542,1,2026-04-02T10:07,C0033,P061,1,115000,0.0,completed,web
O004543,1,2026-04-02T15:10,C0110,P028,1,39000,0.0,completed,app
O004544,1,2026-04-02T19:08,C0110,P040,1,44000,0.0,completed,app
O004545,1,2026-04-02T15:35,C0583,P073,1,75000,0.0,completed,app
O004545,2,2026-04-02T15:35,C0583,P027,1,63000,0.0,completed,app
O004546,1,2026-04-02T15:39,C0450,P019,1,37000,0.0,completed,app
O004546,2,2026-04-02T15:39,C0450,P038,1,38000,0.0,completed,app
O004547,1,2026-04-02T13:49,C0214,P023,1,53000,0.0,completed,web
O004548,1,2026-04-02T19:48,C0479,P011,1,265000,0.0,completed,app
O004549,1,2026-04-02T11:03,C0477,P029,1,39000,0.0,completed,web
O004549,2,2026-04-02T11:03,C0477,P017,1,274000,0.0,completed,web
O004550,1,2026-04-02T07:25,C0353,P021,1,72000,0.0,completed,app
O004551,1,2026-04-03T11:15,C0283,P050,1,84000,0.0,completed,app
O004552,1,2026-04-03T13:53,C0246,P008,1,279000,0.0,completed,web
O004552,2,2026-04-03T13:53,C0246,P015,1,222000,0.0,completed,web
O004553,1,2026-04-03T14:34,C0057,P055,1,70400,0.2,completed,app
O004553,2,2026-04-03T14:34,C0057,P067,1,110000,0.0,completed,app
O004554,1,2026-04-03T06:13,C0411,P017,1,274000,0.0,returned,app
O004554,2,2026-04-03T06:13,C0411,P040,1,44000,0.0,returned,app
O004555,1,2026-04-03T10:05,C0249,P008,1,279000,0.0,returned,web
O004556,1,2026-04-03T11:14,C0066,P043,1,91000,0.0,completed,app
O004556,2,2026-04-03T11:14,C0066,P017,1,274000,0.0,completed,app
O004557,1,2026-04-03T05:34,C0400,P053,1,100000,0.0,completed,app
O004557,2,2026-04-03T05:34,C0400,P078,1,108000,0.0,completed,app
O004558,1,2026-04-03T14:41,C0479,P063,1,124000,0.0,completed,web
O004559,1,2026-04-03T17:22,C0310,P040,1,44000,0.0,completed,app
O004560,1,2026-04-03T11:45,C0457,P040,1,44000,0.0,cancelled,web
O004561,1,2026-04-03T14:17,C0335,P037,1,49000,0.0,completed,web
O004561,2,2026-04-03T14:17,C0335,P055,1,70400,0.2,completed,web
O004562,1,2026-04-03T21:43,C0131,P052,1,74000,0.0,completed,web
O004562,2,2026-04-03T21:43,C0131,P049,1,78000,0.0,completed,web
O004563,1,2026-04-03T18:01,C0502,P017,1,274000,0.0,completed,app
O004564,1,2026-04-03T14:51,C0303,P073,2,75000,0.0,completed,web
O004564,2,2026-04-03T14:51,C0303,P037,1,49000,0.0,completed,web
O004565,1,2026-04-03T06:23,C0463,P013,1,271000,0.0,completed,web
O004566,1,2026-04-03T07:11,C0383,P050,1,84000,0.0,completed,app
O004566,2,2026-04-03T07:11,C0383,P006,1,275000,0.0,completed,app
O004567,1,2026-04-03T14:46,C0450,P059,1,76000,0.2,completed,web
O004567,2,2026-04-03T14:46,C0450,P039,1,45000,0.0,completed,web
O004567,3,2026-04-03T14:46,C0450,P007,1,262000,0.0,completed,web
O004568,1,2026-04-03T17:12,C0113,P005,1,227000,0.0,completed,web
O004569,1,2026-04-03T10:03,C0250,P028,1,39000,0.0,completed,app
O004569,2,2026-04-03T10:03,C0250,P029,1,39000,0.0,completed,app
O004569,3,2026-04-03T10:03,C0250,P038,1,38000,0.0,completed,app
O004570,1,2026-04-03T16:04,C0090,P039,1,45000,0.0,completed,app
O004571,1,2026-04-03T17:32,C0330,P078,1,108000,0.0,completed,web
O004572,1,2026-04-03T14:59,C0299,P041,1,74000,0.0,completed,web
O004572,2,2026-04-03T14:59,C0299,P045,1,64000,0.0,completed,web
O004573,1,2026-04-03T09:59,C0493,P006,1,275000,0.0,completed,web
O004574,1,2026-04-03T06:08,C0246,P008,1,279000,0.0,completed,web
O004574,2,2026-04-03T06:08,C0246,P008,1,279000,0.0,completed,web
O004574,3,2026-04-03T06:08,C0246,P001,1,193000,0.0,completed,web
O004575,1,2026-04-03T10:27,C0526,P040,1,44000,0.0,completed,web
O004576,1,2026-04-03T19:10,C0258,P027,1,63000,0.0,completed,web
O004577,1,2026-04-03T18:28,C0418,P061,1,115000,0.0,completed,web
O004578,1,2026-04-03T12:34,C0033,P061,1,115000,0.0,completed,web
O004579,1,2026-04-03T15:39,C0383,P017,1,274000,0.0,completed,app
O004579,2,2026-04-03T15:39,C0383,P008,1,279000,0.0,completed,app
O004580,1,2026-04-03T13:26,C0144,P040,1,44000,0.0,completed,web
O004581,1,2026-04-03T16:44,C0339,P012,1,138000,0.0,completed,web
O004582,1,2026-04-03T11:56,C0587,P017,1,274000,0.0,completed,app
O004582,2,2026-04-03T11:56,C0587,P033,1,65000,0.0,completed,app
O004583,1,2026-04-03T16:35,C0136,P055,1,70400,0.2,completed,web
O004584,1,2026-04-03T04:10,C0477,P037,1,49000,0.0,completed,app
O004585,1,2026-04-03T13:04,C0110,P055,1,70400,0.2,completed,app
O004585,2,2026-04-03T13:04,C0110,P051,1,62400,0.2,completed,app
O004586,1,2026-04-03T20:22,C0079,P042,1,85000,0.0,completed,web
O004587,1,2026-04-03T15:16,C0261,P006,1,275000,0.0,completed,web
O004588,1,2026-04-03T14:56,C0400,P040,1,44000,0.0,returned,app
O004589,1,2026-04-03T22:17,C0155,P066,1,110000,0.0,completed,app
O004590,1,2026-04-03T16:55,C0259,P049,1,78000,0.0,completed,web
O004590,2,2026-04-03T16:55,C0259,P037,1,49000,0.0,completed,web
O004591,1,2026-04-03T18:41,C0127,P039,1,45000,0.0,completed,web
O004592,1,2026-04-03T14:51,C0038,P028,1,39000,0.0,completed,web
O004593,1,2026-04-03T15:19,C0383,P079,1,115000,0.0,returned,app
O004594,1,2026-04-03T19:24,C0484,P040,1,44000,0.0,completed,web
O004595,1,2026-04-03T13:21,C0406,P045,1,64000,0.0,completed,app
O004595,2,2026-04-03T13:21,C0406,P052,1,74000,0.0,completed,app
O004596,1,2026-04-03T21:27,C0570,P042,1,85000,0.0,completed,web
O004596,2,2026-04-03T21:27,C0570,P043,1,91000,0.0,completed,web
O004597,1,2026-04-03T12:33,C0275,P029,1,39000,0.0,completed,app
O004597,2,2026-04-03T12:33,C0275,P075,1,81000,0.0,completed,app
O004598,1,2026-04-03T06:29,C0028,P055,1,70400,0.2,completed,app
O004599,1,2026-04-03T11:58,C0250,P040,1,44000,0.0,completed,app
O004600,1,2026-04-03T16:40,C0430,P051,1,62400,0.2,completed,app
O004600,2,2026-04-03T16:40,C0430,P075,1,81000,0.0,completed,app
O004601,1,2026-04-03T14:00,C0466,P078,1,108000,0.0,completed,app
O004602,1,2026-04-03T15:15,C0445,P038,1,38000,0.0,completed,web
O004603,1,2026-04-03T15:55,C0265,P040,1,44000,0.0,completed,web
O004603,2,2026-04-03T15:55,C0265,P040,1,44000,0.0,completed,web
O004604,1,2026-04-03T16:07,C0299,P066,1,110000,0.0,completed,app
O004604,2,2026-04-03T16:07,C0299,P021,1,72000,0.0,completed,app
O004604,3,2026-04-03T16:07,C0299,P065,1,83300,0.3,completed,app
O004605,1,2026-04-03T11:09,C0003,P062,1,86000,0.0,completed,app
O004606,1,2026-04-03T11:24,C0418,P031,1,60000,0.0,completed,app
O004606,2,2026-04-03T11:24,C0418,P080,1,109000,0.0,completed,app
O004607,1,2026-04-03T17:09,C0281,P030,1,62000,0.0,completed,app
O004608,1,2026-04-04T09:04,C0346,P040,1,44000,0.0,completed,app
O004609,1,2026-04-04T14:23,C0167,P076,1,70700,0.3,completed,app
O004610,1,2026-04-04T12:21,C0432,P028,1,39000,0.0,completed,web
O004611,1,2026-04-04T18:30,C0333,P055,1,70400,0.2,completed,app
O004612,1,2026-04-04T15:52,C0573,P040,1,44000,0.0,completed,web
O004612,2,2026-04-04T15:52,C0573,P064,1,127000,0.0,completed,web
O004613,1,2026-04-04T07:05,C0053,P024,1,55000,0.0,cancelled,web
O004614,1,2026-04-04T10:25,C0595,P075,1,81000,0.0,completed,app
O004614,2,2026-04-04T10:25,C0595,P040,1,44000,0.0,completed,app
O004614,3,2026-04-04T10:25,C0595,P027,1,63000,0.0,completed,app
O004615,1,2026-04-04T20:31,C0052,P064,1,127000,0.0,completed,web
O004616,1,2026-04-04T12:22,C0246,P040,1,44000,0.0,completed,web
O004617,1,2026-04-04T11:40,C0279,P016,1,169000,0.0,completed,app
O004618,1,2026-04-04T12:21,C0215,P017,1,274000,0.0,completed,app
O004618,2,2026-04-04T12:21,C0215,P023,1,53000,0.0,completed,app
O004619,1,2026-04-04T08:28,C0123,P056,1,48800,0.2,completed,web
O004619,2,2026-04-04T08:28,C0123,P038,1,38000,0.0,completed,web
O004620,1,2026-04-04T12:18,C0360,P061,1,115000,0.0,completed,web
O004621,1,2026-04-04T14:54,C0373,P070,1,114000,0.0,completed,app
O004622,1,2026-04-04T14:12,C0129,P008,1,279000,0.0,completed,web
O004622,2,2026-04-04T14:12,C0129,P042,1,85000,0.0,completed,web
O004622,3,2026-04-04T14:12,C0129,P052,1,74000,0.0,completed,web
O004623,1,2026-04-04T14:58,C0546,P040,1,44000,0.0,completed,web
O004624,1,2026-04-04T10:01,C0450,P008,1,279000,0.0,completed,app
O004624,2,2026-04-04T10:01,C0450,P043,1,91000,0.0,completed,app
O004625,1,2026-04-04T20:03,C0566,P043,1,91000,0.0,completed,app
O004626,1,2026-04-04T14:36,C0469,P014,1,203000,0.0,returned,app
O004627,1,2026-04-04T14:25,C0148,P053,1,100000,0.0,completed,app
O004627,2,2026-04-04T14:25,C0148,P050,1,84000,0.0,completed,app
O004628,1,2026-04-04T12:47,C0367,P027,1,63000,0.0,completed,app
O004629,1,2026-04-04T11:44,C0275,P055,1,70400,0.2,completed,app
O004629,2,2026-04-04T11:44,C0275,P001,1,193000,0.0,completed,app
O004629,3,2026-04-04T11:44,C0275,P055,1,70400,0.2,completed,app
O004630,1,2026-04-04T19:46,C0519,P064,1,127000,0.0,completed,web
O004631,1,2026-04-04T08:01,C0284,P040,1,44000,0.0,completed,app
O004632,1,2026-04-04T14:10,C0499,P050,1,84000,0.0,completed,app
O004632,2,2026-04-04T14:10,C0499,P049,1,78000,0.0,completed,app
O004633,1,2026-04-04T06:41,C0274,P044,1,68000,0.2,completed,app
O004633,2,2026-04-04T06:41,C0274,P055,1,70400,0.2,completed,app
O004634,1,2026-04-04T08:53,C0215,P059,1,66500,0.3,completed,app
O004634,2,2026-04-04T08:53,C0215,P008,1,279000,0.0,completed,app
O004634,3,2026-04-04T08:53,C0215,P007,1,262000,0.0,completed,app
O004635,1,2026-04-04T12:13,C0191,P040,1,44000,0.0,completed,web
O004636,1,2026-04-04T17:49,C0367,P019,1,37000,0.0,completed,web
O004637,1,2026-04-04T05:31,C0595,P040,1,44000,0.0,completed,app
O004637,2,2026-04-04T05:31,C0595,P040,1,44000,0.0,completed,app
O004638,1,2026-04-04T11:02,C0250,P028,1,39000,0.0,completed,app
O004638,2,2026-04-04T11:02,C0250,P040,1,44000,0.0,completed,app
O004639,1,2026-04-04T07:28,C0299,P017,1,274000,0.0,cancelled,app
O004640,1,2026-04-04T18:04,C0579,P016,1,169000,0.0,completed,app
O004641,1,2026-04-04T10:32,C0057,P072,1,95000,0.0,completed,app
O004641,2,2026-04-04T10:32,C0057,P008,1,279000,0.0,completed,app
O004642,1,2026-04-04T16:10,C0018,P026,1,48000,0.0,completed,app
O004643,1,2026-04-04T10:10,C0001,P001,1,193000,0.0,returned,web
O004644,1,2026-04-04T22:50,C0249,P021,1,72000,0.0,completed,app
O004645,1,2026-04-04T14:37,C0123,P020,1,41000,0.0,completed,web
O004645,2,2026-04-04T14:37,C0123,P031,1,60000,0.0,completed,web
O004646,1,2026-04-04T19:37,C0479,P061,1,115000,0.0,completed,app
O004646,2,2026-04-04T19:37,C0479,P061,1,115000,0.0,completed,app
O004646,3,2026-04-04T19:37,C0479,P064,1,127000,0.0,completed,app
O004647,1,2026-04-04T16:39,C0283,P009,1,194000,0.0,completed,web
O004648,1,2026-04-04T05:03,C0525,P012,1,138000,0.0,completed,web
O004649,1,2026-04-04T16:36,C0509,P040,3,44000,0.0,completed,web
O004650,1,2026-04-04T13:09,C0011,P013,1,271000,0.0,returned,web
O004651,1,2026-04-04T20:15,C0553,P021,1,72000,0.0,completed,web
O004652,1,2026-04-04T16:32,C0136,P080,1,109000,0.0,completed,app
O004652,2,2026-04-04T16:32,C0136,P017,1,274000,0.0,completed,app
O004653,1,2026-04-04T16:04,C0386,P001,1,193000,0.0,completed,app
O004653,2,2026-04-04T16:04,C0386,P010,1,263000,0.0,completed,app
O004654,1,2026-04-04T13:41,C0451,P013,1,271000,0.0,completed,app
O004655,1,2026-04-04T14:07,C0192,P066,1,110000,0.0,completed,web
O004656,1,2026-04-04T16:38,C0403,P008,1,279000,0.0,completed,app
O004657,1,2026-04-04T17:48,C0038,P063,1,124000,0.0,completed,web
O004658,1,2026-04-04T12:27,C0182,P008,1,279000,0.0,returned,app
O004659,1,2026-04-04T17:04,C0334,P011,1,265000,0.0,completed,web
O004660,1,2026-04-04T10:55,C0499,P012,1,138000,0.0,completed,app
O004660,2,2026-04-04T10:55,C0499,P006,1,275000,0.0,completed,app
O004661,1,2026-04-04T11:26,C0463,P076,1,70700,0.3,completed,web
O004661,2,2026-04-04T11:26,C0463,P080,1,109000,0.0,completed,web
O004662,1,2026-04-04T16:20,C0406,P013,1,271000,0.0,completed,app
O004663,1,2026-04-05T16:14,C0041,P040,1,44000,0.0,returned,web
O004664,1,2026-04-05T17:17,C0357,P055,1,61599,0.3,completed,app
O004665,1,2026-04-05T17:33,C0550,P056,1,48800,0.2,completed,web
O004666,1,2026-04-05T10:19,C0278,P013,1,271000,0.0,returned,web
O004667,1,2026-04-05T23:22,C0206,P017,1,274000,0.0,completed,web
O004668,1,2026-04-05T15:14,C0230,P040,2,44000,0.0,completed,web
O004668,2,2026-04-05T15:14,C0230,P034,1,57000,0.0,completed,web
O004669,1,2026-04-05T10:52,C0333,P044,1,68000,0.2,completed,app
O004669,2,2026-04-05T10:52,C0333,P055,1,61599,0.3,completed,app
O004670,1,2026-04-05T22:48,C0247,P028,1,39000,0.0,completed,web
O004671,1,2026-04-05T11:09,C0556,P012,2,138000,0.0,completed,web
O004672,1,2026-04-05T18:05,C0545,P060,1,65600,0.2,completed,app
O004672,2,2026-04-05T18:05,C0545,P001,1,193000,0.0,completed,app
O004673,1,2026-04-05T12:23,C0136,P042,1,85000,0.0,completed,app
O004673,2,2026-04-05T12:23,C0136,P042,1,85000,0.0,completed,app
O004674,1,2026-04-05T23:31,C0206,P040,1,44000,0.0,returned,web
O004674,2,2026-04-05T23:31,C0206,P060,1,65600,0.2,returned,web
O004674,3,2026-04-05T23:31,C0206,P002,1,163000,0.0,returned,web
O004675,1,2026-04-05T13:41,C0190,P017,1,274000,0.0,completed,app
O004675,2,2026-04-05T13:41,C0190,P056,1,48800,0.2,completed,app
O004676,1,2026-04-05T17:43,C0051,P013,1,271000,0.0,completed,app
O004676,2,2026-04-05T17:43,C0051,P042,1,85000,0.0,completed,app
O004676,3,2026-04-05T17:43,C0051,P017,1,274000,0.0,completed,app
O004677,1,2026-04-05T16:45,C0452,P072,1,95000,0.0,completed,web
O004678,1,2026-04-05T15:29,C0349,P023,1,53000,0.0,completed,app
O004678,2,2026-04-05T15:29,C0349,P027,1,63000,0.0,completed,app
O004678,3,2026-04-05T15:29,C0349,P002,3,163000,0.0,completed,app
O004679,1,2026-04-05T17:03,C0406,P033,1,65000,0.0,completed,app
O004679,2,2026-04-05T17:03,C0406,P054,1,50000,0.0,completed,app
O004680,1,2026-04-05T16:20,C0547,P055,1,61599,0.3,completed,web
O004681,1,2026-04-05T15:17,C0005,P016,1,169000,0.0,completed,app
O004682,1,2026-04-05T17:30,C0110,P055,1,61599,0.3,completed,app
O004683,1,2026-04-05T15:45,C0279,P016,1,169000,0.0,completed,app
O004683,2,2026-04-05T15:45,C0279,P052,1,74000,0.0,completed,app
O004684,1,2026-04-05T11:04,C0277,P067,1,110000,0.0,completed,app
O004684,2,2026-04-05T11:04,C0277,P073,1,75000,0.0,completed,app
O004684,3,2026-04-05T11:04,C0277,P064,1,127000,0.0,completed,app
O004685,1,2026-04-05T17:59,C0282,P045,1,64000,0.0,completed,web
O004686,1,2026-04-05T14:21,C0112,P051,1,62400,0.2,completed,web
O004687,1,2026-04-05T17:06,C0450,P045,1,64000,0.0,cancelled,app
O004688,1,2026-04-05T20:01,C0220,P055,1,61599,0.3,completed,app
O004688,2,2026-04-05T20:01,C0220,P002,1,163000,0.0,completed,app
O004689,1,2026-04-05T13:15,C0587,P010,1,263000,0.0,completed,app
O004689,2,2026-04-05T13:15,C0587,P044,1,68000,0.2,completed,app
O004690,1,2026-04-05T16:08,C0567,P006,1,275000,0.0,completed,app
O004690,2,2026-04-05T16:08,C0567,P028,1,39000,0.0,completed,app
O004691,1,2026-04-05T11:00,C0152,P021,1,72000,0.0,completed,app
O004692,1,2026-04-05T16:03,C0438,P049,1,78000,0.0,completed,web
O004692,2,2026-04-05T16:03,C0438,P043,1,91000,0.0,completed,web
O004692,3,2026-04-05T16:03,C0438,P075,1,81000,0.0,completed,web
O004693,1,2026-04-05T13:43,C0249,P027,1,63000,0.0,completed,app
O004693,2,2026-04-05T13:43,C0249,P021,1,72000,0.0,completed,app
O004694,1,2026-04-05T14:51,C0357,P015,1,222000,0.0,completed,app
O004694,2,2026-04-05T14:51,C0357,P050,1,84000,0.0,completed,app
O004695,1,2026-04-05T03:29,C0011,P043,1,91000,0.0,completed,app
O004696,1,2026-04-05T13:39,C0190,P059,1,66500,0.3,completed,app
O004697,1,2026-04-05T15:33,C0366,P031,1,60000,0.0,completed,web
O004698,1,2026-04-05T18:02,C0418,P020,1,41000,0.0,completed,app
O004699,1,2026-04-05T16:38,C0011,P037,1,49000,0.0,completed,app
O004700,1,2026-04-05T17:44,C0248,P001,1,193000,0.0,completed,web
O004701,1,2026-04-05T14:53,C0489,P040,1,44000,0.0,completed,web
O004701,2,2026-04-05T14:53,C0489,P027,1,63000,0.0,completed,web
O004702,1,2026-04-05T23:02,C0509,P040,1,44000,0.0,completed,web
O004702,2,2026-04-05T23:02,C0509,P030,2,62000,0.0,completed,web
O004703,1,2026-04-06T13:58,C0075,P015,1,222000,0.0,completed,web
O004704,1,2026-04-06T17:24,C0130,P079,1,115000,0.0,completed,web
O004705,1,2026-04-06T23:57,C0519,P001,1,193000,0.0,completed,web
O004706,1,2026-04-06T13:06,C0190,P015,1,222000,0.0,completed,app
O004706,2,2026-04-06T13:06,C0190,P043,1,91000,0.0,completed,app
O004707,1,2026-04-06T09:22,C0435,P080,1,109000,0.0,completed,web
O004708,1,2026-04-06T15:22,C0018,P029,1,39000,0.0,completed,app
O004709,1,2026-04-06T08:54,C0146,P057,1,73600,0.2,completed,app
O004710,1,2026-04-06T06:56,C0418,P060,1,65600,0.2,completed,app
O004711,1,2026-04-06T12:25,C0140,P077,1,69000,0.0,completed,app
O004711,2,2026-04-06T12:25,C0140,P080,1,109000,0.0,completed,app
O004712,1,2026-04-06T14:25,C0234,P059,1,66500,0.3,completed,web
O004713,1,2026-04-06T19:02,C0249,P055,1,61599,0.3,completed,app
O004714,1,2026-04-06T21:53,C0411,P001,1,193000,0.0,completed,web
O004714,2,2026-04-06T21:53,C0411,P076,1,70700,0.3,completed,web
O004714,3,2026-04-06T21:53,C0411,P043,1,91000,0.0,completed,web
O004715,1,2026-04-06T09:58,C0290,P076,1,70700,0.3,completed,web
O004716,1,2026-04-06T18:44,C0011,P040,1,44000,0.0,returned,app
O004717,1,2026-04-06T18:36,C0153,P052,1,74000,0.0,completed,app
O004717,2,2026-04-06T18:36,C0153,P021,1,72000,0.0,completed,app
O004718,1,2026-04-06T12:02,C0099,P020,1,41000,0.0,completed,app
O004719,1,2026-04-06T21:21,C0206,P040,1,44000,0.0,completed,web
O004720,1,2026-04-06T12:13,C0030,P053,1,100000,0.0,completed,web
O004721,1,2026-04-06T11:43,C0146,P011,1,265000,0.0,completed,app
O004721,2,2026-04-06T11:43,C0146,P017,1,274000,0.0,completed,app
O004722,1,2026-04-06T13:04,C0346,P043,1,91000,0.0,completed,app
O004723,1,2026-04-06T14:12,C0036,P023,1,53000,0.0,completed,app
O004724,1,2026-04-06T15:57,C0206,P043,1,91000,0.0,completed,web
O004724,2,2026-04-06T15:57,C0206,P017,1,274000,0.0,completed,web
O004724,3,2026-04-06T15:57,C0206,P040,1,44000,0.0,completed,web
O004725,1,2026-04-06T09:20,C0053,P028,1,39000,0.0,completed,app
O004726,1,2026-04-06T17:21,C0277,P025,1,54000,0.0,completed,web
O004727,1,2026-04-06T18:03,C0438,P001,1,193000,0.0,completed,web
O004727,2,2026-04-06T18:03,C0438,P017,1,274000,0.0,completed,web
O004728,1,2026-04-06T16:50,C0577,P052,1,74000,0.0,completed,app
O004728,2,2026-04-06T16:50,C0577,P035,1,49000,0.0,completed,app
O004729,1,2026-04-06T11:56,C0033,P016,1,169000,0.0,completed,web
O004730,1,2026-04-06T17:39,C0515,P006,1,275000,0.0,completed,app
O004730,2,2026-04-06T17:39,C0515,P017,1,274000,0.0,completed,app
O004731,1,2026-04-06T16:13,C0589,P030,1,62000,0.0,completed,app
O004731,2,2026-04-06T16:13,C0589,P040,1,44000,0.0,completed,app
O004732,1,2026-04-06T21:05,C0099,P016,1,169000,0.0,completed,app
O004733,1,2026-04-06T16:35,C0350,P013,1,271000,0.0,completed,app
O004734,1,2026-04-06T12:25,C0186,P015,1,222000,0.0,completed,web
O004735,1,2026-04-06T13:32,C0293,P006,1,275000,0.0,completed,web
O004736,1,2026-04-06T12:33,C0271,P028,1,39000,0.0,completed,app
O004737,1,2026-04-06T15:12,C0524,P040,1,44000,0.0,completed,web
O004738,1,2026-04-06T17:51,C0217,P021,2,72000,0.0,returned,web
O004738,2,2026-04-06T17:51,C0217,P055,1,61599,0.3,returned,web
O004739,1,2026-04-06T17:34,C0001,P006,1,275000,0.0,completed,web
O004740,1,2026-04-06T15:04,C0346,P017,1,274000,0.0,completed,app
O004741,1,2026-04-06T15:02,C0595,P011,1,265000,0.0,completed,app
O004742,1,2026-04-06T13:44,C0089,P051,1,62400,0.2,completed,app
O004742,2,2026-04-06T13:44,C0089,P055,1,61599,0.3,completed,app
O004742,3,2026-04-06T13:44,C0089,P052,1,74000,0.0,completed,app
O004743,1,2026-04-06T17:06,C0192,P055,1,61599,0.3,completed,web
O004743,2,2026-04-06T17:06,C0192,P017,1,274000,0.0,completed,web
O004744,1,2026-04-06T19:29,C0181,P068,1,117000,0.0,completed,web
O004745,1,2026-04-06T22:23,C0259,P038,1,38000,0.0,completed,web
O004745,2,2026-04-06T22:23,C0259,P040,1,44000,0.0,completed,web
O004746,1,2026-04-06T10:03,C0477,P055,1,61599,0.3,returned,app
O004746,2,2026-04-06T10:03,C0477,P044,1,68000,0.2,returned,app
O004747,1,2026-04-06T13:08,C0435,P047,1,58000,0.0,completed,web
O004747,2,2026-04-06T13:08,C0435,P040,1,44000,0.0,completed,web
O004748,1,2026-04-06T15:53,C0058,P017,1,274000,0.0,completed,app
O004749,1,2026-04-06T15:06,C0223,P055,1,61599,0.3,completed,web
O004750,1,2026-04-06T12:40,C0272,P037,1,49000,0.0,completed,web
O004751,1,2026-04-06T10:45,C0148,P040,1,44000,0.0,completed,app
O004752,1,2026-04-06T19:53,C0489,P042,1,85000,0.0,completed,web
O004752,2,2026-04-06T19:53,C0489,P054,1,50000,0.0,completed,web
O004753,1,2026-04-06T20:37,C0587,P038,1,38000,0.0,completed,app
O004754,1,2026-04-07T05:43,C0265,P007,1,262000,0.0,completed,web
O004754,2,2026-04-07T05:43,C0265,P021,1,72000,0.0,completed,web
O004755,1,2026-04-07T21:42,C0262,P023,2,53000,0.0,completed,web
O004756,1,2026-04-07T12:17,C0249,P080,1,109000,0.0,returned,app
O004756,2,2026-04-07T12:17,C0249,P073,1,75000,0.0,returned,app
O004757,1,2026-04-07T20:18,C0383,P064,1,127000,0.0,returned,app
O004758,1,2026-04-07T23:26,C0377,P027,1,63000,0.0,completed,web
O004759,1,2026-04-07T10:33,C0240,P055,1,61599,0.3,completed,web
O004760,1,2026-04-07T13:48,C0323,P059,1,66500,0.3,completed,web
O004761,1,2026-04-07T12:50,C0325,P072,1,95000,0.0,completed,web
O004762,1,2026-04-07T13:39,C0559,P035,1,49000,0.0,completed,web
O004763,1,2026-04-07T22:55,C0274,P001,1,193000,0.0,completed,web
O004764,1,2026-04-07T19:34,C0214,P064,1,127000,0.0,completed,app
O004765,1,2026-04-07T13:50,C0176,P049,1,62400,0.2,completed,app
O004765,2,2026-04-07T13:50,C0176,P037,1,49000,0.0,completed,app
O004766,1,2026-04-07T16:00,C0177,P073,1,75000,0.0,completed,web
O004767,1,2026-04-07T18:22,C0258,P037,1,49000,0.0,completed,web
O004768,1,2026-04-07T14:28,C0188,P079,1,115000,0.0,completed,web
O004768,2,2026-04-07T14:28,C0188,P059,1,66500,0.3,completed,web
O004769,1,2026-04-07T19:24,C0317,P040,2,44000,0.0,completed,web
O004769,2,2026-04-07T19:24,C0317,P044,1,68000,0.2,completed,web
O004770,1,2026-04-07T18:22,C0114,P015,1,222000,0.0,completed,app
O004771,1,2026-04-07T16:09,C0230,P040,1,44000,0.0,returned,web
O004771,2,2026-04-07T16:09,C0230,P063,3,124000,0.0,returned,web
O004771,3,2026-04-07T16:09,C0230,P040,3,44000,0.0,returned,web
O004772,1,2026-04-07T15:53,C0108,P026,2,48000,0.0,completed,app
O004773,1,2026-04-07T18:22,C0068,P060,1,65600,0.2,completed,app
O004774,1,2026-04-07T09:30,C0526,P040,1,44000,0.0,completed,web
O004774,2,2026-04-07T09:30,C0526,P023,1,53000,0.0,completed,web
O004775,1,2026-04-07T18:40,C0170,P043,1,91000,0.0,completed,app
O004776,1,2026-04-07T12:49,C0321,P003,1,136000,0.0,completed,web
O004777,1,2026-04-07T12:50,C0124,P051,1,62400,0.2,completed,app
O004778,1,2026-04-07T16:07,C0445,P043,1,91000,0.0,completed,web
O004779,1,2026-04-07T12:06,C0005,P017,1,274000,0.0,completed,app
O004780,1,2026-04-07T11:05,C0418,P043,1,91000,0.0,completed,app
O004781,1,2026-04-07T15:30,C0565,P019,1,37000,0.0,completed,web
O004782,1,2026-04-07T21:36,C0479,P061,1,115000,0.0,completed,web
O004783,1,2026-04-07T17:16,C0489,P005,1,227000,0.0,completed,web
O004784,1,2026-04-07T18:08,C0489,P052,1,74000,0.0,completed,web
O004784,2,2026-04-07T18:08,C0489,P070,1,114000,0.0,completed,web
O004785,1,2026-04-07T12:11,C0458,P040,2,44000,0.0,completed,web
O004786,1,2026-04-07T14:20,C0136,P045,1,64000,0.0,completed,web
O004787,1,2026-04-07T13:03,C0580,P031,1,60000,0.0,completed,web
O004788,1,2026-04-07T14:30,C0089,P044,1,68000,0.2,completed,web
O004789,1,2026-04-08T17:31,C0307,P032,1,45000,0.0,completed,app
O004790,1,2026-04-08T15:33,C0246,P011,1,265000,0.0,completed,web
O004791,1,2026-04-08T14:40,C0567,P073,1,75000,0.0,completed,web
O004791,2,2026-04-08T14:40,C0567,P080,1,109000,0.0,completed,web
O004792,1,2026-04-08T11:46,C0279,P040,1,44000,0.0,completed,app
O004792,2,2026-04-08T11:46,C0279,P017,1,274000,0.0,completed,app
O004793,1,2026-04-08T12:37,C0333,P043,1,91000,0.0,completed,app
O004794,1,2026-04-08T09:26,C0570,P043,1,91000,0.0,completed,web
O004794,2,2026-04-08T09:26,C0570,P037,1,49000,0.0,completed,web
O004795,1,2026-04-08T12:54,C0353,P040,1,44000,0.0,completed,web
O004795,2,2026-04-08T12:54,C0353,P055,1,61599,0.3,completed,web
O004796,1,2026-04-08T10:07,C0496,P028,1,39000,0.0,completed,app
O004796,2,2026-04-08T10:07,C0496,P030,1,62000,0.0,completed,app
O004797,1,2026-04-08T17:26,C0506,P052,1,74000,0.0,completed,web
O004798,1,2026-04-08T16:18,C0188,P060,1,65600,0.2,completed,web
O004799,1,2026-04-08T15:05,C0110,P049,1,62400,0.2,completed,app
O004800,1,2026-04-08T11:56,C0113,P016,1,169000,0.0,completed,web
O004801,1,2026-04-08T18:47,C0277,P040,1,44000,0.0,completed,web
O004802,1,2026-04-08T06:01,C0421,P009,1,194000,0.0,completed,web
O004803,1,2026-04-08T14:16,C0235,P027,1,63000,0.0,cancelled,app
O004804,1,2026-04-08T18:27,C0489,P075,1,81000,0.0,completed,web
O004804,2,2026-04-08T18:27,C0489,P037,1,49000,0.0,completed,web
O004805,1,2026-04-08T20:21,C0489,P001,1,193000,0.0,completed,web
O004806,1,2026-04-08T19:05,C0417,P013,1,271000,0.0,completed,app
O004807,1,2026-04-08T17:45,C0600,P049,1,62400,0.2,completed,app
O004807,2,2026-04-08T17:45,C0600,P001,1,193000,0.0,completed,app
O004807,3,2026-04-08T17:45,C0600,P042,1,85000,0.0,completed,app
O004808,1,2026-04-08T10:35,C0477,P042,1,85000,0.0,completed,app
O004809,1,2026-04-08T15:38,C0008,P080,1,109000,0.0,completed,app
O004810,1,2026-04-08T18:55,C0146,P048,1,92000,0.0,completed,app
O004810,2,2026-04-08T18:55,C0146,P001,1,193000,0.0,completed,app
O004811,1,2026-04-08T12:58,C0265,P013,1,271000,0.0,completed,web
O004811,2,2026-04-08T12:58,C0265,P032,1,45000,0.0,completed,web
O004812,1,2026-04-08T19:05,C0438,P071,1,133000,0.0,completed,web
O004813,1,2026-04-08T20:19,C0325,P064,1,127000,0.0,completed,web
O004814,1,2026-04-08T22:47,C0066,P016,1,169000,0.0,completed,web
O004815,1,2026-04-08T18:15,C0206,P021,1,72000,0.0,completed,web
O004815,2,2026-04-08T18:15,C0206,P069,1,122000,0.0,completed,web
O004816,1,2026-04-08T09:43,C0279,P075,1,81000,0.0,returned,app
O004816,2,2026-04-08T09:43,C0279,P064,1,127000,0.0,returned,app
O004816,3,2026-04-08T09:43,C0279,P069,1,122000,0.0,returned,app
O004817,1,2026-04-08T16:10,C0570,P021,1,72000,0.0,completed,web
O004817,2,2026-04-08T16:10,C0570,P060,1,65600,0.2,completed,web
O004818,1,2026-04-08T16:33,C0376,P077,1,69000,0.0,completed,app
O004819,1,2026-04-08T10:33,C0018,P019,1,37000,0.0,completed,app
O004819,2,2026-04-08T10:33,C0018,P028,1,39000,0.0,completed,app
O004820,1,2026-04-08T07:05,C0350,P075,1,81000,0.0,completed,app
O004820,2,2026-04-08T07:05,C0350,P063,1,124000,0.0,completed,app
O004820,3,2026-04-08T07:05,C0350,P061,1,115000,0.0,completed,app
O004821,1,2026-04-08T13:49,C0456,P040,1,44000,0.0,completed,app
O004821,2,2026-04-08T13:49,C0456,P001,2,193000,0.0,completed,app
O004821,3,2026-04-08T13:49,C0456,P075,2,81000,0.0,completed,app
O004822,1,2026-04-08T11:00,C0011,P026,1,48000,0.0,completed,app
O004822,2,2026-04-08T11:00,C0011,P035,1,49000,0.0,completed,app
O004823,1,2026-04-08T15:12,C0140,P037,1,49000,0.0,completed,app
O004823,2,2026-04-08T15:12,C0140,P042,1,85000,0.0,completed,app
O004824,1,2026-04-08T07:49,C0469,P040,1,44000,0.0,returned,app
O004824,2,2026-04-08T07:49,C0469,P043,1,91000,0.0,returned,app
O004825,1,2026-04-08T08:38,C0087,P057,1,73600,0.2,completed,web
O004826,1,2026-04-08T08:10,C0383,P064,1,127000,0.0,completed,app
O004827,1,2026-04-08T17:29,C0279,P007,1,262000,0.0,completed,web
O004827,2,2026-04-08T17:29,C0279,P012,1,138000,0.0,completed,web
O004828,1,2026-04-08T13:24,C0295,P028,1,39000,0.0,completed,app
O004828,2,2026-04-08T13:24,C0295,P040,1,44000,0.0,completed,app
O004829,1,2026-04-08T22:45,C0158,P009,1,194000,0.0,completed,app
O004830,1,2026-04-09T20:23,C0209,P040,1,44000,0.0,completed,app
O004830,2,2026-04-09T20:23,C0209,P019,1,37000,0.0,completed,app
O004831,1,2026-04-09T17:11,C0182,P064,1,127000,0.0,returned,app
O004832,1,2026-04-09T14:21,C0057,P017,1,274000,0.0,completed,web
O004832,2,2026-04-09T14:21,C0057,P053,1,100000,0.0,completed,web
O004832,3,2026-04-09T14:21,C0057,P063,1,124000,0.0,completed,web
O004833,1,2026-04-09T07:23,C0450,P043,1,91000,0.0,completed,app
O004833,2,2026-04-09T07:23,C0450,P045,1,64000,0.0,completed,app
O004834,1,2026-04-09T16:47,C0064,P043,1,91000,0.0,completed,app
O004835,1,2026-04-09T16:08,C0068,P043,1,91000,0.0,completed,app
O004836,1,2026-04-09T16:30,C0283,P060,1,65600,0.2,completed,app
O004837,1,2026-04-09T16:37,C0589,P027,1,63000,0.0,completed,app
O004837,2,2026-04-09T16:37,C0589,P040,1,44000,0.0,completed,app
O004838,1,2026-04-09T14:25,C0435,P067,1,110000,0.0,completed,web
O004839,1,2026-04-09T16:42,C0435,P079,1,115000,0.0,completed,web
O004839,2,2026-04-09T16:42,C0435,P073,1,60000,0.2,completed,web
O004839,3,2026-04-09T16:42,C0435,P043,1,91000,0.0,completed,web
O004840,1,2026-04-09T20:16,C0546,P017,1,274000,0.0,returned,web
O004841,1,2026-04-09T14:29,C0110,P064,1,127000,0.0,returned,app
O004842,1,2026-04-09T20:12,C0162,P080,1,109000,0.0,completed,web
O004843,1,2026-04-09T13:46,C0295,P064,1,127000,0.0,completed,app
O004844,1,2026-04-09T17:07,C0206,P016,1,135200,0.2,completed,web
O004845,1,2026-04-09T14:14,C0081,P001,1,193000,0.0,completed,web
O004846,1,2026-04-09T16:03,C0435,P006,1,275000,0.0,completed,web
O004846,2,2026-04-09T16:03,C0435,P032,1,45000,0.0,completed,web
O004847,1,2026-04-09T19:33,C0496,P033,1,65000,0.0,completed,app
O004847,2,2026-04-09T19:33,C0496,P040,1,44000,0.0,completed,app
O004848,1,2026-04-09T11:37,C0279,P004,1,157000,0.0,completed,app
O004848,2,2026-04-09T11:37,C0279,P009,1,194000,0.0,completed,app
O004848,3,2026-04-09T11:37,C0279,P055,1,61599,0.3,completed,app
O004849,1,2026-04-09T21:50,C0347,P017,1,274000,0.0,completed,app
O004850,1,2026-04-09T14:09,C0450,P007,1,262000,0.0,completed,app
O004851,1,2026-04-09T16:06,C0089,P040,1,44000,0.0,completed,app
O004852,1,2026-04-09T15:35,C0579,P004,1,157000,0.0,completed,app
O004852,2,2026-04-09T15:35,C0579,P017,1,274000,0.0,completed,app
O004853,1,2026-04-09T14:03,C0255,P021,1,72000,0.0,returned,app
O004854,1,2026-04-09T06:41,C0256,P040,1,44000,0.0,returned,web
O004855,1,2026-04-09T11:18,C0313,P064,1,127000,0.0,completed,web
O004856,1,2026-04-09T10:36,C0218,P030,1,62000,0.0,completed,web
O004856,2,2026-04-09T10:36,C0218,P017,1,274000,0.0,completed,web
O004856,3,2026-04-09T10:36,C0218,P071,1,133000,0.0,completed,web
O004857,1,2026-04-09T19:29,C0595,P032,1,45000,0.0,completed,app
O004857,2,2026-04-09T19:29,C0595,P039,1,45000,0.0,completed,app
O004857,3,2026-04-09T19:29,C0595,P048,1,92000,0.0,completed,app
O004858,1,2026-04-09T16:28,C0018,P040,1,44000,0.0,completed,app
O004859,1,2026-04-09T22:20,C0240,P049,1,62400,0.2,completed,app
O004860,1,2026-04-09T18:03,C0595,P061,1,115000,0.0,completed,app
O004861,1,2026-04-09T17:09,C0077,P043,1,91000,0.0,completed,web
O004861,2,2026-04-09T17:09,C0077,P064,1,127000,0.0,completed,web
O004862,1,2026-04-10T20:51,C0334,P035,1,49000,0.0,completed,web
O004863,1,2026-04-10T19:15,C0110,P048,1,92000,0.0,completed,web
O004863,2,2026-04-10T19:15,C0110,P064,1,127000,0.0,completed,web
O004864,1,2026-04-10T18:58,C0335,P019,1,37000,0.0,returned,web
O004865,1,2026-04-10T23:12,C0418,P037,1,49000,0.0,completed,app
O004866,1,2026-04-10T18:10,C0317,P073,1,60000,0.2,completed,web
O004866,2,2026-04-10T18:10,C0317,P001,1,193000,0.0,completed,web
O004866,3,2026-04-10T18:10,C0317,P001,2,193000,0.0,completed,web
O004867,1,2026-04-10T17:57,C0477,P040,1,44000,0.0,completed,app
O004868,1,2026-04-10T16:05,C0572,P027,1,63000,0.0,completed,web
O004869,1,2026-04-10T14:26,C0051,P036,1,65000,0.0,completed,app
O004870,1,2026-04-10T16:20,C0537,P069,1,122000,0.0,completed,web
O004871,1,2026-04-10T16:31,C0265,P008,1,279000,0.0,completed,web
O004871,2,2026-04-10T16:31,C0265,P017,1,274000,0.0,completed,web
O004871,3,2026-04-10T16:31,C0265,P009,1,194000,0.0,completed,web
O004872,1,2026-04-10T12:52,C0110,P053,1,100000,0.0,completed,app
O004872,2,2026-04-10T12:52,C0110,P007,1,262000,0.0,completed,app
O004873,1,2026-04-10T12:00,C0335,P039,1,45000,0.0,completed,web
O004873,2,2026-04-10T12:00,C0335,P020,1,41000,0.0,completed,web
O004873,3,2026-04-10T12:00,C0335,P040,1,44000,0.0,completed,web
O004874,1,2026-04-10T16:47,C0033,P040,1,44000,0.0,completed,web
O004875,1,2026-04-10T13:43,C0196,P001,1,193000,0.0,completed,app
O004876,1,2026-04-10T09:16,C0110,P049,1,62400,0.2,completed,app
O004876,2,2026-04-10T09:16,C0110,P042,1,85000,0.0,completed,app
O004877,1,2026-04-10T13:13,C0568,P020,2,41000,0.0,completed,web
O004878,1,2026-04-10T19:09,C0393,P030,1,62000,0.0,completed,app
O004878,2,2026-04-10T19:09,C0393,P040,1,44000,0.0,completed,app
O004879,1,2026-04-10T09:24,C0246,P008,1,279000,0.0,completed,web
O004879,2,2026-04-10T09:24,C0246,P055,1,61599,0.3,completed,web
O004880,1,2026-04-10T19:54,C0582,P002,1,163000,0.0,completed,app
O004881,1,2026-04-10T08:13,C0436,P043,1,91000,0.0,returned,app
O004882,1,2026-04-10T21:43,C0493,P016,1,135200,0.2,completed,web
O004883,1,2026-04-10T19:06,C0568,P034,2,57000,0.0,completed,app
O004884,1,2026-04-10T17:09,C0110,P077,1,69000,0.0,completed,app
O004884,2,2026-04-10T17:09,C0110,P026,1,48000,0.0,completed,app
O004885,1,2026-04-10T14:46,C0249,P073,1,60000,0.2,completed,web
O004886,1,2026-04-10T14:47,C0173,P041,1,74000,0.0,completed,web
O004887,1,2026-04-10T15:58,C0214,P043,1,91000,0.0,cancelled,app
O004887,2,2026-04-10T15:58,C0214,P008,1,279000,0.0,cancelled,app
O004888,1,2026-04-10T18:01,C0143,P028,1,39000,0.0,completed,app
O004889,1,2026-04-10T15:51,C0112,P066,1,110000,0.0,completed,web
O004890,1,2026-04-10T17:03,C0206,P014,1,203000,0.0,completed,web
O004891,1,2026-04-10T12:50,C0570,P045,1,64000,0.0,completed,web
O004891,2,2026-04-10T12:50,C0570,P040,1,44000,0.0,completed,web
O004892,1,2026-04-10T23:22,C0186,P008,1,279000,0.0,completed,app
O004893,1,2026-04-10T12:28,C0058,P009,1,194000,0.0,completed,app
O004893,2,2026-04-10T12:28,C0058,P040,1,44000,0.0,completed,app
O004894,1,2026-04-10T14:59,C0240,P043,1,91000,0.0,completed,app
O004894,2,2026-04-10T14:59,C0240,P001,1,193000,0.0,completed,app
O004894,3,2026-04-10T14:59,C0240,P017,1,274000,0.0,completed,app
O004895,1,2026-04-10T14:59,C0171,P060,1,65600,0.2,completed,app
O004896,1,2026-04-10T14:37,C0403,P006,1,275000,0.0,completed,web
O004896,2,2026-04-10T14:37,C0403,P008,1,279000,0.0,completed,web
O004896,3,2026-04-10T14:37,C0403,P008,1,279000,0.0,completed,web
O004897,1,2026-04-10T19:16,C0595,P040,1,44000,0.0,completed,web
O004898,1,2026-04-10T10:29,C0313,P078,1,108000,0.0,completed,web
O004899,1,2026-04-10T11:40,C0129,P078,1,108000,0.0,completed,app
O004899,2,2026-04-10T11:40,C0129,P055,1,61599,0.3,completed,app
O004900,1,2026-04-10T15:49,C0158,P075,1,81000,0.0,completed,web
O004901,1,2026-04-10T20:19,C0068,P040,1,44000,0.0,completed,app
O004901,2,2026-04-10T20:19,C0068,P048,1,92000,0.0,completed,app
O004902,1,2026-04-10T16:13,C0436,P080,1,109000,0.0,completed,app
O004902,2,2026-04-10T16:13,C0436,P021,1,72000,0.0,completed,app
O004903,1,2026-04-10T14:08,C0396,P021,1,72000,0.0,completed,app
O004904,1,2026-04-10T14:55,C0206,P008,1,279000,0.0,completed,web
O004904,2,2026-04-10T14:55,C0206,P057,1,73600,0.2,completed,web
O004905,1,2026-04-10T23:28,C0045,P011,1,265000,0.0,completed,web
O004906,1,2026-04-10T22:49,C0589,P032,1,45000,0.0,returned,app
O004906,2,2026-04-10T22:49,C0589,P028,1,39000,0.0,returned,app
O004907,1,2026-04-10T22:43,C0164,P042,1,85000,0.0,completed,app
O004907,2,2026-04-10T22:43,C0164,P053,1,100000,0.0,completed,app
O004908,1,2026-04-10T16:02,C0279,P046,1,59000,0.0,cancelled,app
O004908,2,2026-04-10T16:02,C0279,P012,1,138000,0.0,cancelled,app
O004909,1,2026-04-10T09:04,C0496,P018,1,273000,0.0,completed,app
O004910,1,2026-04-10T20:07,C0159,P008,1,279000,0.0,completed,web
O004911,1,2026-04-10T18:57,C0271,P056,1,48800,0.2,completed,app
O004912,1,2026-04-10T20:36,C0573,P076,1,70700,0.3,completed,web
O004913,1,2026-04-10T20:41,C0265,P080,1,109000,0.0,completed,web
O004914,1,2026-04-11T18:33,C0221,P026,1,48000,0.0,completed,app
O004914,2,2026-04-11T18:33,C0221,P039,1,45000,0.0,completed,app
O004914,3,2026-04-11T18:33,C0221,P069,1,122000,0.0,completed,app
O004915,1,2026-04-11T14:14,C0217,P010,1,263000,0.0,completed,app
O004915,2,2026-04-11T14:14,C0217,P040,3,44000,0.0,completed,app
O004916,1,2026-04-11T14:31,C0214,P064,1,127000,0.0,completed,app
O004917,1,2026-04-11T12:16,C0294,P017,1,274000,0.0,completed,app
O004917,2,2026-04-11T12:16,C0294,P039,1,45000,0.0,completed,app
O004918,1,2026-04-11T09:18,C0386,P007,1,262000,0.0,completed,app
O004919,1,2026-04-11T18:21,C0271,P027,1,63000,0.0,completed,app
O004920,1,2026-04-11T14:26,C0332,P033,1,65000,0.0,completed,web
O004921,1,2026-04-11T17:14,C0526,P017,1,274000,0.0,completed,web
O004921,2,2026-04-11T17:14,C0526,P040,1,44000,0.0,completed,web
O004921,3,2026-04-11T17:14,C0526,P048,1,92000,0.0,completed,web
O004922,1,2026-04-11T19:48,C0011,P034,1,57000,0.0,completed,web
O004922,2,2026-04-11T19:48,C0011,P027,1,63000,0.0,completed,web
O004922,3,2026-04-11T19:48,C0011,P019,1,37000,0.0,completed,web
O004923,1,2026-04-11T14:56,C0325,P066,1,110000,0.0,completed,web
O004923,2,2026-04-11T14:56,C0325,P063,1,124000,0.0,completed,web
O004924,1,2026-04-11T18:34,C0515,P001,1,193000,0.0,completed,web
O004924,2,2026-04-11T18:34,C0515,P016,1,135200,0.2,completed,web
O004925,1,2026-04-11T14:45,C0385,P055,1,61599,0.3,returned,web
O004926,1,2026-04-11T13:56,C0383,P040,1,44000,0.0,completed,app
O004927,1,2026-04-11T18:58,C0387,P073,1,60000,0.2,completed,web
O004928,1,2026-04-11T17:59,C0240,P053,1,100000,0.0,completed,web
O004929,1,2026-04-11T09:21,C0271,P017,1,274000,0.0,completed,app
O004930,1,2026-04-11T13:55,C0566,P045,1,64000,0.0,completed,app
O004931,1,2026-04-11T20:21,C0335,P020,1,41000,0.0,completed,web
O004931,2,2026-04-11T20:21,C0335,P048,1,92000,0.0,completed,web
O004932,1,2026-04-11T13:32,C0057,P072,1,95000,0.0,completed,app
O004933,1,2026-04-11T09:46,C0271,P064,1,127000,0.0,completed,app
O004934,1,2026-04-11T10:12,C0114,P017,1,274000,0.0,completed,web
O004934,2,2026-04-11T10:12,C0114,P011,1,265000,0.0,completed,web
O004935,1,2026-04-11T17:24,C0283,P021,1,72000,0.0,completed,web
O004935,2,2026-04-11T17:24,C0283,P056,1,48800,0.2,completed,web
O004936,1,2026-04-11T11:45,C0182,P040,1,44000,0.0,returned,app
O004937,1,2026-04-11T12:53,C0005,P063,1,124000,0.0,completed,web
O004937,2,2026-04-11T12:53,C0005,P001,1,193000,0.0,completed,web
O004937,3,2026-04-11T12:53,C0005,P017,1,274000,0.0,completed,web
O004938,1,2026-04-11T23:36,C0281,P061,2,115000,0.0,completed,app
O004938,2,2026-04-11T23:36,C0281,P054,2,50000,0.0,completed,app
O004939,1,2026-04-11T18:30,C0325,P066,1,110000,0.0,completed,web
O004940,1,2026-04-11T14:35,C0511,P001,1,193000,0.0,completed,web
O004941,1,2026-04-11T12:22,C0033,P055,1,61599,0.3,completed,web
O004942,1,2026-04-11T20:58,C0132,P051,1,62400,0.2,completed,web
O004943,1,2026-04-11T16:01,C0045,P001,1,193000,0.0,completed,web
O004944,1,2026-04-11T12:54,C0321,P006,1,275000,0.0,completed,app
O004945,1,2026-04-11T18:13,C0567,P064,1,127000,0.0,completed,app
O004945,2,2026-04-11T18:13,C0567,P019,1,37000,0.0,completed,app
O004946,1,2026-04-11T10:31,C0333,P055,1,61599,0.3,completed,app
O004946,2,2026-04-11T10:31,C0333,P029,1,39000,0.0,completed,app
O004946,3,2026-04-11T10:31,C0333,P041,1,74000,0.0,completed,app
O004947,1,2026-04-11T11:44,C0110,P055,1,61599,0.3,completed,web
O004947,2,2026-04-11T11:44,C0110,P028,1,39000,0.0,completed,web
O004948,1,2026-04-11T11:27,C0577,P080,1,109000,0.0,completed,app
O004948,2,2026-04-11T11:27,C0577,P055,1,61599,0.3,completed,app
O004949,1,2026-04-11T15:15,C0057,P016,1,135200,0.2,completed,app
O004950,1,2026-04-11T14:01,C0350,P055,1,61599,0.3,completed,app
O004951,1,2026-04-11T15:07,C0089,P007,1,262000,0.0,completed,app
O004952,1,2026-04-11T16:40,C0164,P007,1,262000,0.0,completed,app
O004953,1,2026-04-11T15:58,C0500,P027,1,63000,0.0,completed,web
O004954,1,2026-04-11T13:50,C0250,P073,1,60000,0.2,completed,app
O004954,2,2026-04-11T13:50,C0250,P019,1,37000,0.0,completed,app
O004955,1,2026-04-11T16:22,C0164,P040,1,44000,0.0,completed,app
O004956,1,2026-04-11T10:11,C0133,P043,1,91000,0.0,completed,web
O004957,1,2026-04-11T18:15,C0174,P001,1,193000,0.0,completed,app
O004958,1,2026-04-11T07:16,C0418,P042,1,85000,0.0,completed,app
O004958,2,2026-04-11T07:16,C0418,P029,1,39000,0.0,completed,app
O004959,1,2026-04-11T19:40,C0186,P040,1,44000,0.0,completed,web
O004960,1,2026-04-11T11:41,C0570,P052,1,74000,0.0,completed,web
O004960,2,2026-04-11T11:41,C0570,P042,1,85000,0.0,completed,web
O004961,1,2026-04-11T17:16,C0336,P037,1,49000,0.0,returned,web
O004962,1,2026-04-11T15:49,C0282,P013,1,271000,0.0,completed,web
O004962,2,2026-04-11T15:49,C0282,P002,1,163000,0.0,completed,web
O004963,1,2026-04-11T20:20,C0259,P008,1,279000,0.0,completed,web
O004964,1,2026-04-11T16:33,C0418,P071,1,133000,0.0,completed,web
O004965,1,2026-04-11T13:24,C0435,P040,1,44000,0.0,completed,web
O004965,2,2026-04-11T13:24,C0435,P073,1,60000,0.2,completed,web
O004966,1,2026-04-11T17:48,C0068,P042,1,85000,0.0,completed,app
O004967,1,2026-04-11T17:01,C0550,P008,1,279000,0.0,completed,web
O004968,1,2026-04-11T12:07,C0109,P049,1,62400,0.2,completed,app
O004969,1,2026-04-11T23:55,C0295,P001,1,193000,0.0,completed,app
O004970,1,2026-04-11T14:26,C0469,P040,1,44000,0.0,completed,app
O004971,1,2026-04-11T10:03,C0271,P040,1,44000,0.0,completed,app
O004972,1,2026-04-11T18:55,C0124,P074,1,107000,0.0,completed,app
O004973,1,2026-04-11T11:50,C0447,P014,1,203000,0.0,cancelled,app
O004974,1,2026-04-11T17:45,C0100,P001,1,193000,0.0,completed,web
O004974,2,2026-04-11T17:45,C0100,P075,1,81000,0.0,completed,web
O004975,1,2026-04-11T18:29,C0513,P017,1,274000,0.0,completed,app
O004976,1,2026-04-11T12:02,C0386,P008,1,279000,0.0,completed,app
O004976,2,2026-04-11T12:02,C0386,P077,1,69000,0.0,completed,app
O004976,3,2026-04-11T12:02,C0386,P078,1,108000,0.0,completed,app
O004977,1,2026-04-11T17:48,C0059,P030,1,62000,0.0,completed,web
O004978,1,2026-04-12T15:51,C0429,P040,1,44000,0.0,completed,app
O004979,1,2026-04-12T11:25,C0249,P059,1,66500,0.3,completed,app
O004979,2,2026-04-12T11:25,C0249,P048,1,92000,0.0,completed,app
O004980,1,2026-04-12T09:22,C0044,P022,1,36000,0.0,returned,web
O004981,1,2026-04-12T08:28,C0333,P053,1,100000,0.0,completed,app
O004982,1,2026-04-12T17:18,C0245,P040,1,44000,0.0,completed,web
O004983,1,2026-04-12T15:57,C0406,P048,1,92000,0.0,completed,app
O004983,2,2026-04-12T15:57,C0406,P040,1,44000,0.0,completed,app
O004984,1,2026-04-12T15:38,C0245,P048,1,92000,0.0,completed,web
O004985,1,2026-04-12T20:04,C0332,P065,1,83300,0.3,completed,web
O004986,1,2026-04-12T14:00,C0214,P045,1,64000,0.0,completed,app
O004986,2,2026-04-12T14:00,C0214,P055,1,61599,0.3,completed,app
O004986,3,2026-04-12T14:00,C0214,P053,1,100000,0.0,completed,app
O004987,1,2026-04-12T21:21,C0577,P028,1,39000,0.0,completed,app
O004987,2,2026-04-12T21:21,C0577,P017,1,274000,0.0,completed,app
O004987,3,2026-04-12T21:21,C0577,P042,1,85000,0.0,completed,app
O004988,1,2026-04-12T13:25,C0220,P045,1,64000,0.0,completed,app
O004989,1,2026-04-12T08:58,C0451,P064,1,127000,0.0,completed,app
O004989,2,2026-04-12T08:58,C0451,P040,1,44000,0.0,completed,app
O004989,3,2026-04-12T08:58,C0451,P069,1,122000,0.0,completed,app
O004990,1,2026-04-12T10:40,C0443,P012,1,138000,0.0,completed,app
O004991,1,2026-04-12T09:46,C0346,P015,1,222000,0.0,completed,app
O004991,2,2026-04-12T09:46,C0346,P012,1,138000,0.0,completed,app
O004992,1,2026-04-12T15:03,C0179,P043,1,91000,0.0,completed,web
O004993,1,2026-04-12T10:46,C0052,P064,1,127000,0.0,completed,app
O004994,1,2026-04-12T11:05,C0182,P062,1,86000,0.0,completed,app
O004995,1,2026-04-12T20:40,C0504,P055,1,61599,0.3,completed,app
O004996,1,2026-04-12T15:29,C0383,P032,1,45000,0.0,completed,app
O004997,1,2026-04-12T15:08,C0153,P001,1,193000,0.0,completed,app
O004998,1,2026-04-12T18:42,C0567,P066,1,110000,0.0,completed,web
O004999,1,2026-04-12T13:21,C0259,P022,1,36000,0.0,completed,web
O004999,2,2026-04-12T13:21,C0259,P023,1,53000,0.0,completed,web
O005000,1,2026-04-12T14:15,C0403,P016,1,135200,0.2,completed,app
O005000,2,2026-04-12T14:15,C0403,P076,1,70700,0.3,completed,app
O005001,1,2026-04-12T17:02,C0009,P013,1,271000,0.0,completed,app
O005002,1,2026-04-12T10:10,C0206,P016,1,135200,0.2,completed,web
O005003,1,2026-04-12T13:49,C0383,P040,1,44000,0.0,completed,app
O005003,2,2026-04-12T13:49,C0383,P017,1,274000,0.0,completed,app
O005004,1,2026-04-12T12:50,C0327,P040,1,44000,0.0,completed,web
O005005,1,2026-04-12T17:20,C0479,P042,1,85000,0.0,completed,app
O005006,1,2026-04-12T18:43,C0265,P028,1,39000,0.0,completed,web
O005007,1,2026-04-12T12:12,C0451,P067,1,110000,0.0,completed,app
O005008,1,2026-04-12T11:02,C0460,P015,1,222000,0.0,completed,app
O005009,1,2026-04-12T21:51,C0206,P001,1,193000,0.0,returned,web
O005009,2,2026-04-12T21:51,C0206,P017,1,274000,0.0,returned,web
O005009,3,2026-04-12T21:51,C0206,P008,1,279000,0.0,returned,web
O005010,1,2026-04-12T16:45,C0285,P061,1,115000,0.0,completed,web
O005011,1,2026-04-12T08:39,C0492,P043,1,91000,0.0,completed,app
O005012,1,2026-04-12T09:12,C0167,P017,1,274000,0.0,completed,app
O005013,1,2026-04-12T16:49,C0295,P064,1,127000,0.0,completed,app
O005014,1,2026-04-12T12:44,C0215,P040,1,44000,0.0,completed,app
O005014,2,2026-04-12T12:44,C0215,P052,1,74000,0.0,completed,app
O005015,1,2026-04-12T14:38,C0299,P053,1,100000,0.0,completed,app
O005015,2,2026-04-12T14:38,C0299,P045,1,64000,0.0,completed,app
O005015,3,2026-04-12T14:38,C0299,P055,1,61599,0.3,completed,app
O005016,1,2026-04-12T12:24,C0274,P019,1,37000,0.0,completed,app
O005017,1,2026-04-12T18:11,C0400,P032,1,45000,0.0,completed,app
O005017,2,2026-04-12T18:11,C0400,P064,1,127000,0.0,completed,app
O005017,3,2026-04-12T18:11,C0400,P040,1,44000,0.0,completed,app
O005018,1,2026-04-12T13:57,C0453,P064,1,127000,0.0,completed,app
O005019,1,2026-04-12T18:22,C0430,P043,1,91000,0.0,completed,app
O005019,2,2026-04-12T18:22,C0430,P046,1,59000,0.0,completed,app
O005020,1,2026-04-12T18:43,C0299,P043,1,91000,0.0,completed,app
O005021,1,2026-04-12T10:38,C0282,P052,1,74000,0.0,completed,web
O005021,2,2026-04-12T10:38,C0282,P003,1,136000,0.0,completed,web
O005021,3,2026-04-12T10:38,C0282,P014,1,203000,0.0,completed,web
O005022,1,2026-04-12T21:21,C0133,P021,1,72000,0.0,completed,web
O005023,1,2026-04-12T12:09,C0268,P080,1,109000,0.0,cancelled,app
O005024,1,2026-04-12T11:51,C0206,P001,1,193000,0.0,cancelled,web
O005024,2,2026-04-12T11:51,C0206,P008,1,279000,0.0,cancelled,web
O005025,1,2026-04-12T19:59,C0567,P030,1,62000,0.0,completed,app
O005026,1,2026-04-12T22:09,C0577,P044,1,68000,0.2,completed,app
O005027,1,2026-04-12T11:18,C0564,P071,1,133000,0.0,completed,app
O005028,1,2026-04-12T19:27,C0044,P027,1,63000,0.0,completed,web
O005029,1,2026-04-12T12:48,C0096,P001,1,193000,0.0,completed,web
O005029,2,2026-04-12T12:48,C0096,P040,1,44000,0.0,completed,web
O005029,3,2026-04-12T12:48,C0096,P032,1,45000,0.0,completed,web
O005030,1,2026-04-12T16:03,C0502,P008,1,279000,0.0,cancelled,app
O005031,1,2026-04-12T09:45,C0196,P051,1,62400,0.2,completed,app
O005032,1,2026-04-12T16:58,C0005,P040,1,44000,0.0,cancelled,app
O005032,2,2026-04-12T16:58,C0005,P052,1,74000,0.0,cancelled,app
O005032,3,2026-04-12T16:58,C0005,P012,1,138000,0.0,cancelled,app
O005033,1,2026-04-12T12:53,C0049,P030,1,62000,0.0,completed,app
O005034,1,2026-04-12T14:10,C0582,P008,1,279000,0.0,completed,app
O005034,2,2026-04-12T14:10,C0582,P010,1,263000,0.0,completed,app
O005034,3,2026-04-12T14:10,C0582,P045,1,64000,0.0,completed,app
O005035,1,2026-04-12T11:44,C0505,P040,1,44000,0.0,completed,app
O005036,1,2026-04-12T11:08,C0360,P053,1,100000,0.0,completed,web
O005037,1,2026-04-12T12:58,C0481,P055,1,61599,0.3,completed,app
O005038,1,2026-04-12T11:51,C0353,P055,1,61599,0.3,completed,web
O005039,1,2026-04-12T13:37,C0057,P076,1,70700,0.3,completed,web
O005040,1,2026-04-12T11:39,C0299,P046,1,59000,0.0,completed,web
O005041,1,2026-04-12T15:02,C0214,P015,1,222000,0.0,completed,app
O005041,2,2026-04-12T15:02,C0214,P048,1,92000,0.0,completed,app
O005042,1,2026-04-12T08:31,C0353,P008,1,279000,0.0,completed,app
O005043,1,2026-04-12T12:24,C0325,P011,1,265000,0.0,completed,web
O005044,1,2026-04-12T14:04,C0397,P050,1,84000,0.0,completed,app
O005044,2,2026-04-12T14:04,C0397,P073,1,60000,0.2,completed,app
O005045,1,2026-04-12T14:58,C0274,P045,1,64000,0.0,completed,app
O005045,2,2026-04-12T14:58,C0274,P049,1,62400,0.2,completed,app
O005045,3,2026-04-12T14:58,C0274,P055,1,61599,0.3,completed,app
O005046,1,2026-04-12T20:04,C0451,P006,1,275000,0.0,completed,app
O005047,1,2026-04-12T19:33,C0282,P001,1,193000,0.0,completed,web
O005048,1,2026-04-12T12:16,C0333,P078,1,86400,0.2,completed,app
O005049,1,2026-04-12T15:16,C0359,P073,2,60000,0.2,completed,web
O005049,2,2026-04-12T15:16,C0359,P020,2,41000,0.0,completed,web
O005050,1,2026-04-12T15:22,C0435,P027,1,63000,0.0,completed,web
O005051,1,2026-04-13T14:02,C0567,P040,1,44000,0.0,completed,app
O005052,1,2026-04-13T14:44,C0212,P023,1,53000,0.0,completed,app
O005053,1,2026-04-13T17:45,C0325,P055,1,61599,0.3,completed,web
O005054,1,2026-04-13T17:16,C0577,P042,1,85000,0.0,completed,app
O005055,1,2026-04-13T10:51,C0275,P045,1,64000,0.0,returned,app
O005055,2,2026-04-13T10:51,C0275,P043,1,91000,0.0,returned,app
O005056,1,2026-04-13T09:28,C0035,P027,1,63000,0.0,completed,web
O005057,1,2026-04-13T13:54,C0397,P040,1,44000,0.0,completed,app
O005058,1,2026-04-13T18:07,C0455,P048,1,92000,0.0,completed,web
O005059,1,2026-04-13T18:05,C0292,P067,1,110000,0.0,completed,web
O005060,1,2026-04-13T13:20,C0335,P008,1,279000,0.0,completed,web
O005061,1,2026-04-13T15:05,C0173,P045,1,64000,0.0,completed,web
O005062,1,2026-04-13T22:59,C0403,P050,1,84000,0.0,completed,app
O005063,1,2026-04-13T08:54,C0418,P043,1,91000,0.0,completed,app
O005064,1,2026-04-13T14:22,C0130,P017,1,274000,0.0,completed,app
O005064,2,2026-04-13T14:22,C0130,P049,1,62400,0.2,completed,app
O005065,1,2026-04-13T12:25,C0053,P040,1,44000,0.0,returned,app
O005065,2,2026-04-13T12:25,C0053,P059,1,66500,0.3,returned,app
O005066,1,2026-04-13T12:21,C0068,P051,1,62400,0.2,completed,app
O005066,2,2026-04-13T12:21,C0068,P009,1,194000,0.0,completed,app
O005066,3,2026-04-13T12:21,C0068,P060,1,65600,0.2,completed,app
O005067,1,2026-04-13T18:13,C0583,P064,1,127000,0.0,completed,app
O005068,1,2026-04-13T16:36,C0213,P040,1,44000,0.0,completed,web
O005069,1,2026-04-13T15:10,C0158,P078,1,86400,0.2,completed,app
O005070,1,2026-04-13T23:02,C0094,P011,1,265000,0.0,completed,web
O005071,1,2026-04-13T16:44,C0131,P043,1,91000,0.0,completed,app
O005072,1,2026-04-13T13:51,C0497,P072,1,95000,0.0,completed,web
O005073,1,2026-04-13T08:17,C0250,P020,1,41000,0.0,completed,app
O005074,1,2026-04-13T08:41,C0127,P040,1,44000,0.0,completed,app
O005075,1,2026-04-13T18:08,C0504,P072,1,95000,0.0,completed,app
O005075,2,2026-04-13T18:08,C0504,P073,1,60000,0.2,completed,app
O005075,3,2026-04-13T18:08,C0504,P073,1,60000,0.2,completed,app
O005076,1,2026-04-13T07:16,C0406,P055,1,61599,0.3,completed,app
O005076,2,2026-04-13T07:16,C0406,P055,1,61599,0.3,completed,app
O005077,1,2026-04-13T07:24,C0570,P055,1,61599,0.3,completed,web
O005078,1,2026-04-13T18:37,C0037,P001,1,193000,0.0,completed,web
O005079,1,2026-04-13T19:48,C0151,P019,1,37000,0.0,completed,app
O005080,1,2026-04-13T15:23,C0249,P020,1,41000,0.0,completed,web
O005080,2,2026-04-13T15:23,C0249,P016,1,135200,0.2,completed,web
O005081,1,2026-04-13T16:02,C0451,P064,1,127000,0.0,completed,app
O005081,2,2026-04-13T16:02,C0451,P055,1,61599,0.3,completed,app
O005081,3,2026-04-13T16:02,C0451,P069,1,122000,0.0,completed,app
O005082,1,2026-04-13T05:50,C0572,P032,1,45000,0.0,completed,web
O005082,2,2026-04-13T05:50,C0572,P036,1,65000,0.0,completed,web
O005083,1,2026-04-13T11:49,C0339,P028,1,39000,0.0,completed,app
O005084,1,2026-04-13T13:59,C0566,P008,1,279000,0.0,completed,app
O005084,2,2026-04-13T13:59,C0566,P008,1,279000,0.0,completed,app
O005084,3,2026-04-13T13:59,C0566,P008,1,279000,0.0,completed,app
O005085,1,2026-04-13T17:36,C0094,P008,1,279000,0.0,returned,web
O005086,1,2026-04-13T14:08,C0418,P040,1,44000,0.0,completed,app
O005087,1,2026-04-13T13:06,C0240,P040,1,44000,0.0,completed,app
O005088,1,2026-04-13T16:42,C0435,P068,1,117000,0.0,completed,web
O005088,2,2026-04-13T16:42,C0435,P017,1,274000,0.0,completed,web
O005089,1,2026-04-13T09:33,C0077,P016,1,135200,0.2,completed,app
O005090,1,2026-04-13T22:14,C0268,P017,1,274000,0.0,completed,web
O005091,1,2026-04-13T08:46,C0325,P004,1,157000,0.0,completed,web
O005091,2,2026-04-13T08:46,C0325,P001,1,193000,0.0,completed,web
O005092,1,2026-04-13T23:46,C0406,P013,1,271000,0.0,completed,app
O005093,1,2026-04-13T17:43,C0135,P029,1,39000,0.0,completed,web
O005094,1,2026-04-13T20:03,C0479,P001,1,193000,0.0,completed,app
O005094,2,2026-04-13T20:03,C0479,P017,1,274000,0.0,completed,app
O005095,1,2026-04-13T20:31,C0214,P023,1,53000,0.0,completed,app
O005096,1,2026-04-13T14:44,C0557,P040,1,44000,0.0,completed,app
O005097,1,2026-04-13T14:22,C0567,P027,1,63000,0.0,completed,app
O005097,2,2026-04-13T14:22,C0567,P010,1,263000,0.0,completed,app
O005098,1,2026-04-13T11:25,C0018,P013,1,271000,0.0,completed,app
O005099,1,2026-04-14T14:17,C0069,P037,1,49000,0.0,completed,web
O005100,1,2026-04-14T20:50,C0445,P056,1,42700,0.3,completed,web
O005101,1,2026-04-14T18:45,C0335,P076,1,70700,0.3,completed,web
O005102,1,2026-04-14T23:55,C0279,P001,1,193000,0.0,completed,app
O005102,2,2026-04-14T23:55,C0279,P009,1,194000,0.0,completed,app
O005103,1,2026-04-14T17:46,C0057,P069,1,122000,0.0,completed,app
O005103,2,2026-04-14T17:46,C0057,P015,1,222000,0.0,completed,app
O005103,3,2026-04-14T17:46,C0057,P006,1,275000,0.0,completed,app
O005104,1,2026-04-14T11:17,C0418,P009,1,194000,0.0,completed,app
O005105,1,2026-04-14T19:21,C0495,P016,1,135200,0.2,completed,app
O005105,2,2026-04-14T19:21,C0495,P008,1,279000,0.0,completed,app
O005106,1,2026-04-14T15:40,C0450,P040,1,44000,0.0,completed,web
O005106,2,2026-04-14T15:40,C0450,P010,1,263000,0.0,completed,web
O005106,3,2026-04-14T15:40,C0450,P017,1,274000,0.0,completed,web
O005107,1,2026-04-14T11:16,C0596,P040,1,44000,0.0,completed,web
O005108,1,2026-04-14T19:31,C0001,P006,1,275000,0.0,completed,web
O005109,1,2026-04-14T19:03,C0479,P063,1,124000,0.0,completed,app
O005110,1,2026-04-14T20:24,C0033,P061,1,115000,0.0,completed,web
O005111,1,2026-04-14T20:42,C0171,P001,1,193000,0.0,completed,app
O005111,2,2026-04-14T20:42,C0171,P052,1,74000,0.0,completed,app
O005112,1,2026-04-14T22:12,C0577,P045,1,64000,0.0,completed,app
O005112,2,2026-04-14T22:12,C0577,P043,1,91000,0.0,completed,app
O005113,1,2026-04-14T15:49,C0085,P017,1,274000,0.0,completed,web
O005113,2,2026-04-14T15:49,C0085,P075,1,81000,0.0,completed,web
O005114,1,2026-04-14T16:57,C0447,P010,1,263000,0.0,completed,app
O005115,1,2026-04-14T20:07,C0577,P009,1,194000,0.0,completed,app
O005116,1,2026-04-14T14:07,C0057,P061,1,115000,0.0,completed,web
O005117,1,2026-04-14T13:03,C0592,P070,1,114000,0.0,completed,app
O005118,1,2026-04-14T15:00,C0452,P064,1,127000,0.0,cancelled,web
O005119,1,2026-04-14T10:39,C0489,P014,1,203000,0.0,completed,web
O005120,1,2026-04-14T14:31,C0582,P073,1,60000,0.2,completed,app
O005120,2,2026-04-14T14:31,C0582,P004,1,157000,0.0,completed,app
O005121,1,2026-04-14T12:15,C0383,P040,1,44000,0.0,completed,app
O005122,1,2026-04-14T17:18,C0560,P040,1,44000,0.0,completed,app
O005123,1,2026-04-14T11:49,C0044,P028,1,39000,0.0,completed,app
O005123,2,2026-04-14T11:49,C0044,P022,1,36000,0.0,completed,app
O005124,1,2026-04-14T14:42,C0479,P073,1,60000,0.2,completed,app
O005125,1,2026-04-14T10:45,C0595,P021,1,72000,0.0,completed,app
O005125,2,2026-04-14T10:45,C0595,P040,1,44000,0.0,completed,app
O005126,1,2026-04-14T19:55,C0429,P043,1,91000,0.0,completed,app
O005127,1,2026-04-14T15:02,C0011,P032,1,36000,0.2,completed,app
O005128,1,2026-04-14T13:11,C0438,P017,1,274000,0.0,completed,web
O005128,2,2026-04-14T13:11,C0438,P001,1,193000,0.0,completed,web
O005128,3,2026-04-14T13:11,C0438,P040,1,44000,0.0,completed,web
O005129,1,2026-04-14T16:51,C0164,P040,1,44000,0.0,completed,web
O005130,1,2026-04-14T12:36,C0061,P005,2,227000,0.0,completed,web
O005131,1,2026-04-14T15:52,C0353,P060,1,65600,0.2,completed,app
O005132,1,2026-04-14T20:22,C0057,P051,1,62400,0.2,completed,app
O005133,1,2026-04-14T16:44,C0257,P008,1,279000,0.0,completed,app
O005134,1,2026-04-14T12:22,C0274,P001,1,193000,0.0,completed,app
O005134,2,2026-04-14T12:22,C0274,P042,1,85000,0.0,completed,app
O005134,3,2026-04-14T12:22,C0274,P059,1,66500,0.3,completed,app
O005135,1,2026-04-14T17:10,C0092,P073,1,60000,0.2,completed,web
O005136,1,2026-04-14T08:39,C0192,P008,1,279000,0.0,completed,web
O005137,1,2026-04-14T16:05,C0178,P006,1,275000,0.0,completed,web
O005138,1,2026-04-14T19:17,C0364,P023,1,53000,0.0,completed,web
O005139,1,2026-04-14T12:11,C0502,P020,1,41000,0.0,completed,web
O005140,1,2026-04-14T19:14,C0355,P042,3,85000,0.0,returned,web
O005140,2,2026-04-14T19:14,C0355,P053,2,100000,0.0,returned,web
O005141,1,2026-04-14T15:32,C0154,P079,1,115000,0.0,completed,app
O005142,1,2026-04-14T15:22,C0213,P023,1,53000,0.0,completed,web
O005142,2,2026-04-14T15:22,C0213,P077,1,69000,0.0,completed,web
O005143,1,2026-04-14T10:32,C0250,P073,1,60000,0.2,cancelled,app
O005144,1,2026-04-15T19:46,C0214,P017,1,274000,0.0,completed,web
O005144,2,2026-04-15T19:46,C0214,P046,1,59000,0.0,completed,web
O005145,1,2026-04-15T08:23,C0099,P016,1,135200,0.2,completed,web
O005146,1,2026-04-15T08:24,C0346,P009,1,194000,0.0,completed,app
O005147,1,2026-04-15T16:50,C0068,P010,1,263000,0.0,completed,app
O005147,2,2026-04-15T16:50,C0068,P045,1,64000,0.0,completed,app
O005148,1,2026-04-15T23:24,C0420,P073,1,60000,0.2,completed,web
O005149,1,2026-04-15T15:54,C0479,P037,1,49000,0.0,completed,web
O005149,2,2026-04-15T15:54,C0479,P055,1,61599,0.3,completed,web
O005150,1,2026-04-15T12:07,C0515,P055,1,61599,0.3,completed,web
O005151,1,2026-04-15T17:23,C0325,P066,1,110000,0.0,completed,web
O005151,2,2026-04-15T17:23,C0325,P080,1,109000,0.0,completed,web
O005152,1,2026-04-15T12:46,C0125,P040,1,44000,0.0,completed,web
O005153,1,2026-04-15T23:46,C0090,P037,1,49000,0.0,completed,app
O005154,1,2026-04-15T22:32,C0383,P055,1,61599,0.3,completed,app
O005154,2,2026-04-15T22:32,C0383,P017,1,274000,0.0,completed,app
O005155,1,2026-04-15T23:58,C0333,P043,1,91000,0.0,completed,app
O005156,1,2026-04-15T19:38,C0455,P013,1,271000,0.0,completed,web
O005156,2,2026-04-15T19:38,C0455,P075,1,81000,0.0,completed,web
O005157,1,2026-04-15T15:18,C0572,P016,1,135200,0.2,completed,web
O005157,2,2026-04-15T15:18,C0572,P016,1,135200,0.2,completed,web
O005157,3,2026-04-15T15:18,C0572,P040,1,44000,0.0,completed,web
O005158,1,2026-04-15T18:05,C0265,P008,1,279000,0.0,completed,web
O005159,1,2026-04-15T15:03,C0451,P077,1,69000,0.0,completed,app
O005159,2,2026-04-15T15:03,C0451,P038,1,38000,0.0,completed,app
O005160,1,2026-04-15T14:05,C0333,P049,1,62400,0.2,completed,app
O005161,1,2026-04-15T22:16,C0513,P028,1,39000,0.0,completed,web
O005162,1,2026-04-15T18:00,C0577,P040,1,44000,0.0,completed,web
O005163,1,2026-04-15T15:36,C0209,P027,1,63000,0.0,completed,app
O005163,2,2026-04-15T15:36,C0209,P019,1,37000,0.0,completed,app
O005164,1,2026-04-15T21:31,C0018,P037,1,49000,0.0,completed,app
O005164,2,2026-04-15T21:31,C0018,P026,1,48000,0.0,completed,app
O005165,1,2026-04-15T10:06,C0353,P017,1,274000,0.0,completed,app
O005166,1,2026-04-15T16:35,C0186,P011,1,265000,0.0,completed,app
O005166,2,2026-04-15T16:35,C0186,P016,1,135200,0.2,completed,app
O005167,1,2026-04-15T15:35,C0397,P032,1,36000,0.2,completed,app
O005167,2,2026-04-15T15:35,C0397,P080,1,109000,0.0,completed,app
O005168,1,2026-04-15T18:55,C0123,P048,1,92000,0.0,completed,web
O005169,1,2026-04-15T15:20,C0283,P070,1,114000,0.0,completed,app
O005170,1,2026-04-15T10:25,C0069,P042,1,85000,0.0,completed,web
O005171,1,2026-04-15T22:51,C0333,P001,1,193000,0.0,completed,web
O005172,1,2026-04-15T18:31,C0511,P017,1,274000,0.0,completed,app
O005173,1,2026-04-15T17:15,C0279,P064,1,127000,0.0,completed,app
O005174,1,2026-04-16T12:17,C0294,P030,1,62000,0.0,completed,web
O005175,1,2026-04-16T17:14,C0596,P001,1,193000,0.0,completed,web
O005176,1,2026-04-16T13:53,C0325,P064,1,127000,0.0,completed,web
O005176,2,2026-04-16T13:53,C0325,P066,1,110000,0.0,completed,web
O005177,1,2026-04-16T14:12,C0283,P055,1,61599,0.3,completed,app
O005178,1,2026-04-16T20:30,C0493,P017,1,274000,0.0,completed,web
O005178,2,2026-04-16T20:30,C0493,P078,1,86400,0.2,completed,web
O005178,3,2026-04-16T20:30,C0493,P048,1,92000,0.0,completed,web
O005179,1,2026-04-16T09:26,C0077,P031,1,60000,0.0,completed,web
O005180,1,2026-04-16T14:22,C0018,P019,1,37000,0.0,completed,app
O005181,1,2026-04-16T13:04,C0335,P038,1,38000,0.0,completed,web
O005182,1,2026-04-16T17:49,C0455,P055,1,61599,0.3,completed,web
O005182,2,2026-04-16T17:49,C0455,P017,1,274000,0.0,completed,web
O005183,1,2026-04-16T14:10,C0502,P017,1,274000,0.0,completed,app
O005183,2,2026-04-16T14:10,C0502,P001,1,193000,0.0,completed,app
O005184,1,2026-04-16T11:45,C0146,P042,1,85000,0.0,completed,app
O005185,1,2026-04-16T17:42,C0537,P001,1,193000,0.0,completed,web
O005186,1,2026-04-16T23:51,C0005,P001,1,193000,0.0,completed,web
O005186,2,2026-04-16T23:51,C0005,P075,1,81000,0.0,completed,web
O005187,1,2026-04-16T12:23,C0451,P072,1,95000,0.0,completed,app
O005188,1,2026-04-16T23:42,C0325,P069,1,122000,0.0,completed,web
O005189,1,2026-04-16T16:23,C0438,P017,1,274000,0.0,completed,web
O005190,1,2026-04-16T11:16,C0577,P004,1,157000,0.0,completed,app
O005190,2,2026-04-16T11:16,C0577,P049,1,62400,0.2,completed,app
O005191,1,2026-04-16T14:29,C0333,P060,1,57399,0.3,completed,web
O005192,1,2026-04-16T11:47,C0249,P078,1,86400,0.2,completed,app
O005192,2,2026-04-16T11:47,C0249,P080,1,109000,0.0,completed,app
O005193,1,2026-04-16T06:22,C0153,P021,1,72000,0.0,completed,app
O005193,2,2026-04-16T06:22,C0153,P032,1,36000,0.2,completed,app
O005194,1,2026-04-16T14:03,C0136,P020,1,41000,0.0,completed,app
O005194,2,2026-04-16T14:03,C0136,P044,1,68000,0.2,completed,app
O005194,3,2026-04-16T14:03,C0136,P060,1,57399,0.3,completed,app
O005195,1,2026-04-16T14:21,C0001,P013,1,271000,0.0,completed,web
O005195,2,2026-04-16T14:21,C0001,P055,1,61599,0.3,completed,web
O005196,1,2026-04-16T19:50,C0455,P040,1,44000,0.0,returned,web
O005197,1,2026-04-16T18:12,C0579,P004,1,157000,0.0,completed,app
O005197,2,2026-04-16T18:12,C0579,P055,1,61599,0.3,completed,app
O005198,1,2026-04-16T10:19,C0294,P040,1,44000,0.0,returned,app
O005199,1,2026-04-16T14:07,C0057,P017,1,274000,0.0,completed,app
O005199,2,2026-04-16T14:07,C0057,P038,1,38000,0.0,completed,app
O005200,1,2026-04-16T20:31,C0171,P075,1,81000,0.0,completed,app
O005200,2,2026-04-16T20:31,C0171,P037,1,49000,0.0,completed,app
O005200,3,2026-04-16T20:31,C0171,P048,1,92000,0.0,completed,app
O005201,1,2026-04-16T18:38,C0153,P013,1,271000,0.0,completed,app
O005202,1,2026-04-16T20:19,C0277,P026,1,48000,0.0,completed,app
O005202,2,2026-04-16T20:19,C0277,P016,1,135200,0.2,completed,app
O005203,1,2026-04-16T10:32,C0089,P055,1,61599,0.3,completed,app
O005204,1,2026-04-16T14:27,C0214,P055,1,61599,0.3,completed,app
O005204,2,2026-04-16T14:27,C0214,P048,1,92000,0.0,completed,app
O005204,3,2026-04-16T14:27,C0214,P008,1,279000,0.0,completed,app
O005205,1,2026-04-16T12:54,C0589,P042,1,85000,0.0,completed,app
O005206,1,2026-04-16T11:02,C0335,P008,1,279000,0.0,cancelled,web
O005207,1,2026-04-16T14:28,C0132,P055,1,61599,0.3,completed,web
O005208,1,2026-04-16T12:46,C0272,P040,1,44000,0.0,completed,web
O005209,1,2026-04-16T10:54,C0221,P011,1,265000,0.0,completed,app
O005210,1,2026-04-16T21:49,C0110,P019,1,37000,0.0,completed,web
O005210,2,2026-04-16T21:49,C0110,P055,1,61599,0.3,completed,web
O005210,3,2026-04-16T21:49,C0110,P044,1,68000,0.2,completed,web
O005211,1,2026-04-16T12:36,C0066,P040,1,44000,0.0,completed,web
O005212,1,2026-04-16T21:48,C0458,P077,2,69000,0.0,completed,web
O005212,2,2026-04-16T21:48,C0458,P073,1,60000,0.2,completed,web
O005213,1,2026-04-16T17:45,C0558,P038,1,38000,0.0,completed,app
O005214,1,2026-04-16T19:24,C0130,P019,1,37000,0.0,completed,app
O005215,1,2026-04-16T11:00,C0411,P045,1,64000,0.0,completed,app
O005216,1,2026-04-16T13:59,C0250,P019,1,37000,0.0,completed,web
O005216,2,2026-04-16T13:59,C0250,P040,1,44000,0.0,completed,web
O005216,3,2026-04-16T13:59,C0250,P075,1,81000,0.0,completed,web
O005217,1,2026-04-16T13:22,C0265,P006,1,275000,0.0,completed,web
O005218,1,2026-04-16T14:43,C0018,P005,1,227000,0.0,completed,app
O005219,1,2026-04-16T16:30,C0447,P055,1,61599,0.3,completed,app
O005220,1,2026-04-16T20:36,C0364,P005,1,227000,0.0,completed,web
O005221,1,2026-04-17T17:57,C0500,P040,1,44000,0.0,completed,app
O005222,1,2026-04-17T10:00,C0245,P059,1,66500,0.3,completed,web
O005223,1,2026-04-17T14:31,C0279,P008,1,279000,0.0,completed,web
O005224,1,2026-04-17T14:19,C0572,P064,1,127000,0.0,completed,web
O005225,1,2026-04-17T16:10,C0057,P042,1,85000,0.0,completed,web
O005226,1,2026-04-17T13:00,C0515,P002,1,163000,0.0,completed,app
O005227,1,2026-04-17T19:41,C0154,P042,1,85000,0.0,completed,web
O005228,1,2026-04-17T21:29,C0393,P040,1,44000,0.0,completed,app
O005229,1,2026-04-17T13:28,C0587,P016,1,135200,0.2,completed,app
O005230,1,2026-04-17T09:23,C0215,P011,1,265000,0.0,returned,app
O005230,2,2026-04-17T09:23,C0215,P060,1,57399,0.3,returned,app
O005231,1,2026-04-17T05:10,C0061,P071,2,133000,0.0,completed,app
O005232,1,2026-04-17T21:31,C0271,P035,1,49000,0.0,completed,app
O005232,2,2026-04-17T21:31,C0271,P027,1,63000,0.0,completed,app
O005233,1,2026-04-17T16:00,C0100,P040,1,44000,0.0,completed,web
O005233,2,2026-04-17T16:00,C0100,P036,1,65000,0.0,completed,web
O005233,3,2026-04-17T16:00,C0100,P076,1,70700,0.3,completed,web
O005234,1,2026-04-17T12:15,C0190,P015,1,222000,0.0,completed,app
O005234,2,2026-04-17T12:15,C0190,P057,1,64399,0.3,completed,app
O005234,3,2026-04-17T12:15,C0190,P042,1,85000,0.0,completed,app
O005235,1,2026-04-17T18:26,C0489,P040,1,44000,0.0,completed,web
O005236,1,2026-04-17T15:31,C0582,P035,1,49000,0.0,completed,web
O005237,1,2026-04-17T15:37,C0587,P040,1,44000,0.0,completed,app
O005238,1,2026-04-17T17:30,C0096,P026,1,48000,0.0,completed,app
O005239,1,2026-04-17T16:20,C0477,P038,1,38000,0.0,completed,app
O005240,1,2026-04-17T10:35,C0190,P074,1,107000,0.0,completed,app
O005240,2,2026-04-17T10:35,C0190,P042,1,85000,0.0,completed,app
O005241,1,2026-04-17T08:31,C0333,P043,1,91000,0.0,completed,app
O005241,2,2026-04-17T08:31,C0333,P053,1,100000,0.0,completed,app
O005242,1,2026-04-17T15:55,C0167,P056,1,42700,0.3,completed,app
O005242,2,2026-04-17T15:55,C0167,P043,1,91000,0.0,completed,app
O005243,1,2026-04-17T12:47,C0232,P043,1,91000,0.0,completed,app
O005244,1,2026-04-17T17:23,C0099,P015,1,222000,0.0,completed,web
O005244,2,2026-04-17T17:23,C0099,P011,1,265000,0.0,completed,web
O005245,1,2026-04-17T15:31,C0564,P063,1,124000,0.0,completed,app
O005246,1,2026-04-17T16:20,C0171,P043,1,91000,0.0,completed,app
O005246,2,2026-04-17T16:20,C0171,P028,1,39000,0.0,completed,app
O005247,1,2026-04-17T19:48,C0308,P077,1,69000,0.0,returned,web
O005248,1,2026-04-17T19:23,C0403,P008,1,279000,0.0,completed,app
O005249,1,2026-04-17T12:56,C0058,P039,1,45000,0.0,completed,app
O005250,1,2026-04-17T11:57,C0556,P001,1,193000,0.0,completed,web
O005251,1,2026-04-17T10:12,C0443,P029,1,39000,0.0,completed,web
O005252,1,2026-04-17T10:55,C0192,P017,1,274000,0.0,completed,app
O005253,1,2026-04-17T20:22,C0493,P001,1,193000,0.0,completed,web
O005254,1,2026-04-17T10:51,C0127,P027,1,63000,0.0,completed,web
O005254,2,2026-04-17T10:51,C0127,P012,1,138000,0.0,completed,web
O005255,1,2026-04-17T20:18,C0124,P075,1,81000,0.0,completed,app
O005255,2,2026-04-17T20:18,C0124,P057,1,64399,0.3,completed,app
O005256,1,2026-04-17T11:00,C0220,P064,1,127000,0.0,completed,app
O005257,1,2026-04-17T11:36,C0153,P027,1,63000,0.0,completed,app
O005258,1,2026-04-17T11:16,C0450,P056,1,42700,0.3,completed,web
O005259,1,2026-04-17T11:29,C0500,P028,1,39000,0.0,completed,app
O005260,1,2026-04-17T15:37,C0249,P076,1,70700,0.3,completed,app
O005261,1,2026-04-17T11:00,C0590,P030,1,62000,0.0,completed,web
O005262,1,2026-04-17T17:52,C0093,P052,3,74000,0.0,completed,web
O005263,1,2026-04-17T22:44,C0033,P054,1,50000,0.0,completed,web
O005264,1,2026-04-17T13:43,C0583,P064,1,127000,0.0,completed,app
O005265,1,2026-04-17T21:50,C0451,P006,1,275000,0.0,completed,web
O005266,1,2026-04-17T06:21,C0091,P043,1,91000,0.0,completed,web
O005267,1,2026-04-17T15:36,C0018,P028,1,39000,0.0,completed,app
O005268,1,2026-04-17T10:07,C0018,P034,1,57000,0.0,completed,app
O005269,1,2026-04-17T19:35,C0214,P051,1,62400,0.2,completed,app
O005269,2,2026-04-17T19:35,C0214,P015,1,222000,0.0,completed,app
O005270,1,2026-04-17T09:18,C0038,P051,1,62400,0.2,completed,web
O005271,1,2026-04-17T19:09,C0469,P076,1,70700,0.3,completed,app
O005272,1,2026-04-17T18:38,C0569,P011,1,265000,0.0,completed,app
O005273,1,2026-04-17T14:05,C0100,P048,1,92000,0.0,completed,web
O005273,2,2026-04-17T14:05,C0100,P050,1,84000,0.0,completed,web
O005274,1,2026-04-17T21:45,C0100,P006,1,275000,0.0,completed,web
O005275,1,2026-04-18T17:11,C0113,P045,1,64000,0.0,completed,web
O005275,2,2026-04-18T17:11,C0113,P055,1,61599,0.3,completed,web
O005276,1,2026-04-18T15:10,C0537,P064,1,127000,0.0,completed,web
O005277,1,2026-04-18T09:30,C0277,P061,1,115000,0.0,completed,app
O005277,2,2026-04-18T09:30,C0277,P040,1,44000,0.0,completed,app
O005278,1,2026-04-18T22:39,C0084,P012,1,138000,0.0,completed,web
O005279,1,2026-04-18T15:36,C0538,P040,1,44000,0.0,completed,web
O005280,1,2026-04-18T18:26,C0024,P055,1,61599,0.3,completed,web
O005281,1,2026-04-18T22:01,C0295,P064,1,127000,0.0,completed,web
O005282,1,2026-04-18T15:27,C0279,P001,1,193000,0.0,completed,app
O005283,1,2026-04-18T18:43,C0436,P063,1,124000,0.0,completed,app
O005284,1,2026-04-18T18:52,C0099,P001,1,193000,0.0,completed,app
O005284,2,2026-04-18T18:52,C0099,P006,1,275000,0.0,completed,app
O005285,1,2026-04-18T09:30,C0567,P040,1,44000,0.0,completed,app
O005285,2,2026-04-18T09:30,C0567,P027,1,63000,0.0,completed,app
O005286,1,2026-04-18T17:06,C0429,P071,1,133000,0.0,completed,app
O005286,2,2026-04-18T17:06,C0429,P064,1,127000,0.0,completed,app
O005286,3,2026-04-18T17:06,C0429,P026,1,48000,0.0,completed,app
O005287,1,2026-04-18T18:46,C0522,P049,1,62400,0.2,completed,app
O005288,1,2026-04-18T15:58,C0131,P017,1,274000,0.0,completed,app
O005289,1,2026-04-18T08:51,C0383,P017,1,274000,0.0,completed,app
O005290,1,2026-04-18T15:45,C0129,P048,1,92000,0.0,completed,app
O005291,1,2026-04-18T16:29,C0051,P073,1,60000,0.2,completed,app
O005292,1,2026-04-18T16:50,C0451,P043,1,91000,0.0,completed,app
O005293,1,2026-04-18T16:06,C0402,P040,1,44000,0.0,completed,app
O005294,1,2026-04-18T10:10,C0129,P055,1,61599,0.3,completed,app
O005294,2,2026-04-18T10:10,C0129,P052,1,74000,0.0,completed,app
O005295,1,2026-04-18T16:55,C0212,P039,1,45000,0.0,completed,app
O005296,1,2026-04-18T17:30,C0136,P076,1,70700,0.3,completed,app
O005296,2,2026-04-18T17:30,C0136,P040,1,44000,0.0,completed,app
O005296,3,2026-04-18T17:30,C0136,P073,1,60000,0.2,completed,app
O005297,1,2026-04-18T13:47,C0443,P030,1,62000,0.0,completed,app
O005298,1,2026-04-18T15:51,C0400,P028,1,39000,0.0,completed,app
O005299,1,2026-04-18T18:41,C0477,P043,1,91000,0.0,completed,app
O005299,2,2026-04-18T18:41,C0477,P053,1,100000,0.0,completed,app
O005300,1,2026-04-18T22:32,C0099,P008,1,279000,0.0,completed,app
O005300,2,2026-04-18T22:32,C0099,P049,1,62400,0.2,completed,app
O005301,1,2026-04-18T16:28,C0214,P059,1,66500,0.3,completed,web
O005301,2,2026-04-18T16:28,C0214,P056,1,42700,0.3,completed,web
O005301,3,2026-04-18T16:28,C0214,P073,1,60000,0.2,completed,web
O005302,1,2026-04-18T13:37,C0123,P040,1,44000,0.0,completed,web
O005303,1,2026-04-18T15:28,C0267,P020,1,41000,0.0,completed,web
O005304,1,2026-04-18T22:42,C0214,P055,1,61599,0.3,completed,app
O005305,1,2026-04-18T16:26,C0015,P040,1,44000,0.0,completed,web
O005305,2,2026-04-18T16:26,C0015,P075,3,81000,0.0,completed,web
O005306,1,2026-04-18T21:39,C0436,P073,1,60000,0.2,completed,app
O005307,1,2026-04-18T20:27,C0383,P010,1,263000,0.0,completed,web
O005308,1,2026-04-18T23:46,C0481,P017,1,274000,0.0,cancelled,app
O005308,2,2026-04-18T23:46,C0481,P028,1,39000,0.0,cancelled,app
O005309,1,2026-04-18T19:18,C0066,P001,1,193000,0.0,completed,app
O005309,2,2026-04-18T19:18,C0066,P008,1,279000,0.0,completed,app
O005310,1,2026-04-18T08:14,C0334,P019,1,37000,0.0,completed,web
O005311,1,2026-04-18T18:26,C0052,P027,1,63000,0.0,completed,app
O005311,2,2026-04-18T18:26,C0052,P015,1,222000,0.0,completed,app
O005312,1,2026-04-18T15:39,C0388,P040,1,44000,0.0,completed,web
O005313,1,2026-04-18T16:20,C0080,P055,1,61599,0.3,completed,app
O005314,1,2026-04-18T21:17,C0307,P021,1,72000,0.0,completed,app
O005315,1,2026-04-18T14:03,C0350,P026,1,48000,0.0,completed,app
O005316,1,2026-04-18T15:49,C0455,P043,1,91000,0.0,completed,web
O005317,1,2026-04-18T16:56,C0212,P033,1,65000,0.0,completed,app
O005318,1,2026-04-18T09:54,C0417,P017,1,274000,0.0,cancelled,app
O005319,1,2026-04-18T15:05,C0155,P040,1,44000,0.0,completed,app
O005320,1,2026-04-18T14:40,C0214,P042,1,85000,0.0,completed,app
O005320,2,2026-04-18T14:40,C0214,P044,1,68000,0.2,completed,app
O005321,1,2026-04-18T08:27,C0246,P043,1,91000,0.0,completed,web
O005322,1,2026-04-18T15:04,C0246,P075,1,81000,0.0,completed,web
O005323,1,2026-04-18T22:00,C0124,P056,1,42700,0.3,completed,app
O005324,1,2026-04-19T13:37,C0113,P048,1,92000,0.0,returned,web
O005325,1,2026-04-19T19:16,C0167,P043,1,91000,0.0,completed,app
O005326,1,2026-04-19T13:12,C0494,P030,2,62000,0.0,completed,app
O005326,2,2026-04-19T13:12,C0494,P011,2,265000,0.0,completed,app
O005327,1,2026-04-19T18:12,C0099,P006,1,275000,0.0,completed,app
O005328,1,2026-04-19T15:28,C0086,P061,1,115000,0.0,returned,web
O005329,1,2026-04-19T14:10,C0361,P043,1,91000,0.0,completed,app
O005330,1,2026-04-19T10:40,C0383,P016,1,135200,0.2,completed,app
O005331,1,2026-04-19T18:15,C0333,P055,1,61599,0.3,completed,app
O005332,1,2026-04-19T13:45,C0425,P073,1,60000,0.2,completed,web
O005333,1,2026-04-19T12:13,C0570,P003,1,136000,0.0,completed,web
O005334,1,2026-04-19T08:41,C0143,P064,1,127000,0.0,completed,app
O005335,1,2026-04-19T21:47,C0128,P059,1,66500,0.3,cancelled,web
O005336,1,2026-04-19T03:07,C0044,P004,1,157000,0.0,completed,app
O005336,2,2026-04-19T03:07,C0044,P040,1,44000,0.0,completed,app
O005337,1,2026-04-19T09:50,C0519,P070,1,114000,0.0,completed,web
O005338,1,2026-04-19T11:17,C0587,P016,1,135200,0.2,completed,app
O005339,1,2026-04-19T21:44,C0596,P071,1,133000,0.0,completed,web
O005340,1,2026-04-19T15:40,C0283,P045,1,64000,0.0,completed,app
O005341,1,2026-04-19T14:39,C0479,P061,1,115000,0.0,completed,app
O005341,2,2026-04-19T14:39,C0479,P080,1,109000,0.0,completed,app
O005342,1,2026-04-19T12:11,C0123,P030,1,62000,0.0,completed,web
O005343,1,2026-04-19T20:16,C0600,P055,1,61599,0.3,completed,app
O005343,2,2026-04-19T20:16,C0600,P049,1,62400,0.2,completed,app
O005344,1,2026-04-19T12:48,C0148,P015,1,222000,0.0,completed,app
O005345,1,2026-04-19T10:54,C0248,P011,1,265000,0.0,completed,app
O005346,1,2026-04-19T19:49,C0206,P017,1,274000,0.0,completed,web
O005346,2,2026-04-19T19:49,C0206,P017,1,274000,0.0,completed,web
O005347,1,2026-04-19T10:00,C0564,P027,1,63000,0.0,completed,app
O005347,2,2026-04-19T10:00,C0564,P042,1,85000,0.0,completed,app
O005347,3,2026-04-19T10:00,C0564,P073,1,60000,0.2,completed,app
O005348,1,2026-04-19T15:34,C0154,P055,1,61599,0.3,completed,app
O005349,1,2026-04-19T14:29,C0568,P019,3,37000,0.0,completed,app
O005350,1,2026-04-19T20:35,C0582,P017,1,274000,0.0,completed,app
O005351,1,2026-04-19T13:00,C0199,P017,1,274000,0.0,completed,app
O005352,1,2026-04-19T12:38,C0100,P028,1,39000,0.0,completed,web
O005352,2,2026-04-19T12:38,C0100,P021,1,72000,0.0,completed,web
O005353,1,2026-04-19T15:41,C0186,P015,1,222000,0.0,completed,app
O005353,2,2026-04-19T15:41,C0186,P001,1,193000,0.0,completed,app
O005353,3,2026-04-19T15:41,C0186,P040,1,44000,0.0,completed,app
O005354,1,2026-04-19T15:43,C0333,P055,1,61599,0.3,completed,app
O005354,2,2026-04-19T15:43,C0333,P055,1,61599,0.3,completed,app
O005355,1,2026-04-19T10:11,C0295,P074,1,107000,0.0,completed,web
O005356,1,2026-04-19T15:38,C0353,P045,1,64000,0.0,completed,app
O005357,1,2026-04-19T13:00,C0058,P023,1,53000,0.0,completed,app
O005358,1,2026-04-19T13:03,C0186,P056,1,42700,0.3,completed,app
O005359,1,2026-04-19T14:02,C0164,P050,1,84000,0.0,completed,app
O005359,2,2026-04-19T14:02,C0164,P027,1,63000,0.0,completed,app
O005360,1,2026-04-19T13:44,C0011,P073,1,60000,0.2,completed,app
O005361,1,2026-04-19T12:01,C0350,P001,1,193000,0.0,completed,app
O005362,1,2026-04-19T18:08,C0153,P060,1,57399,0.3,returned,web
O005363,1,2026-04-19T11:59,C0451,P001,1,193000,0.0,completed,app
O005363,2,2026-04-19T11:59,C0451,P045,1,64000,0.0,completed,app
O005363,3,2026-04-19T11:59,C0451,P057,1,64399,0.3,completed,app
O005364,1,2026-04-19T15:28,C0388,P037,3,49000,0.0,completed,web
O005364,2,2026-04-19T15:28,C0388,P052,2,74000,0.0,completed,web
O005365,1,2026-04-19T20:54,C0033,P055,1,61599,0.3,completed,web
O005366,1,2026-04-19T20:39,C0451,P027,1,63000,0.0,completed,web
O005366,2,2026-04-19T20:39,C0451,P021,1,72000,0.0,completed,web
O005367,1,2026-04-19T10:24,C0438,P037,1,49000,0.0,returned,web
O005367,2,2026-04-19T10:24,C0438,P002,1,163000,0.0,returned,web
O005367,3,2026-04-19T10:24,C0438,P016,1,135200,0.2,returned,web
O005368,1,2026-04-19T11:43,C0275,P044,1,68000,0.2,completed,web
O005369,1,2026-04-19T15:12,C0089,P006,1,275000,0.0,completed,app
O005369,2,2026-04-19T15:12,C0089,P013,1,271000,0.0,completed,app
O005370,1,2026-04-19T11:02,C0057,P080,1,109000,0.0,completed,web
O005371,1,2026-04-19T13:07,C0205,P039,1,45000,0.0,completed,app
O005372,1,2026-04-19T10:49,C0457,P055,1,61599,0.3,completed,web
O005373,1,2026-04-19T11:07,C0154,P032,1,36000,0.2,completed,web
O005374,1,2026-04-19T15:17,C0068,P041,1,74000,0.0,completed,app
O005374,2,2026-04-19T15:17,C0068,P055,1,61599,0.3,completed,app
O005374,3,2026-04-19T15:17,C0068,P016,1,135200,0.2,completed,app
O005375,1,2026-04-19T12:37,C0209,P040,1,44000,0.0,completed,web
O005376,1,2026-04-19T18:22,C0284,P079,1,115000,0.0,cancelled,app
O005377,1,2026-04-19T11:00,C0167,P008,1,279000,0.0,completed,app
O005377,2,2026-04-19T11:00,C0167,P040,1,44000,0.0,completed,app
O005377,3,2026-04-19T11:00,C0167,P017,1,274000,0.0,completed,app
O005378,1,2026-04-19T10:46,C0496,P013,1,271000,0.0,completed,app
O005379,1,2026-04-20T16:11,C0435,P040,1,44000,0.0,completed,web
O005379,2,2026-04-20T16:11,C0435,P073,1,60000,0.2,completed,web
O005379,3,2026-04-20T16:11,C0435,P078,1,86400,0.2,completed,web
O005380,1,2026-04-20T21:36,C0429,P015,1,222000,0.0,completed,app
O005380,2,2026-04-20T21:36,C0429,P066,1,110000,0.0,completed,app
O005381,1,2026-04-20T21:55,C0148,P016,1,135200,0.2,completed,app
O005381,2,2026-04-20T21:55,C0148,P008,1,279000,0.0,completed,app
O005381,3,2026-04-20T21:55,C0148,P078,1,86400,0.2,completed,app
O005382,1,2026-04-20T17:37,C0265,P017,1,274000,0.0,completed,web
O005383,1,2026-04-20T16:01,C0140,P078,1,86400,0.2,completed,app
O005383,2,2026-04-20T16:01,C0140,P023,1,53000,0.0,completed,app
O005384,1,2026-04-20T15:22,C0077,P038,1,38000,0.0,completed,app
O005384,2,2026-04-20T15:22,C0077,P048,1,92000,0.0,completed,app
O005385,1,2026-04-20T14:51,C0400,P028,1,39000,0.0,completed,app
O005386,1,2026-04-20T14:07,C0220,P070,1,114000,0.0,completed,app
O005386,2,2026-04-20T14:07,C0220,P057,1,64399,0.3,completed,app
O005386,3,2026-04-20T14:07,C0220,P048,1,92000,0.0,completed,app
O005387,1,2026-04-20T14:35,C0515,P042,1,85000,0.0,returned,app
O005388,1,2026-04-20T18:16,C0443,P049,1,62400,0.2,completed,app
O005388,2,2026-04-20T18:16,C0443,P030,1,62000,0.0,completed,app
O005389,1,2026-04-20T17:56,C0058,P017,1,274000,0.0,completed,app
O005389,2,2026-04-20T17:56,C0058,P033,1,65000,0.0,completed,app
O005390,1,2026-04-20T14:34,C0500,P064,1,127000,0.0,completed,app
O005391,1,2026-04-20T10:35,C0083,P008,1,279000,0.0,completed,web
O005392,1,2026-04-20T15:06,C0077,P055,1,61599,0.3,completed,app
O005392,2,2026-04-20T15:06,C0077,P053,1,100000,0.0,completed,app
O005393,1,2026-04-20T16:48,C0033,P066,1,110000,0.0,completed,web
O005393,2,2026-04-20T16:48,C0033,P040,1,44000,0.0,completed,web
O005394,1,2026-04-20T15:24,C0392,P053,1,100000,0.0,completed,app
O005395,1,2026-04-20T12:13,C0492,P001,1,193000,0.0,completed,app
O005396,1,2026-04-20T12:17,C0077,P061,1,115000,0.0,completed,app
O005396,2,2026-04-20T12:17,C0077,P045,1,64000,0.0,completed,app
O005396,3,2026-04-20T12:17,C0077,P007,1,262000,0.0,completed,app
O005397,1,2026-04-20T13:28,C0479,P061,1,115000,0.0,completed,app
O005397,2,2026-04-20T13:28,C0479,P046,1,59000,0.0,completed,app
O005398,1,2026-04-20T14:21,C0220,P051,1,54600,0.3,completed,app
O005399,1,2026-04-20T19:54,C0033,P045,1,64000,0.0,cancelled,web
O005399,2,2026-04-20T19:54,C0033,P040,1,44000,0.0,cancelled,web
O005399,3,2026-04-20T19:54,C0033,P069,1,122000,0.0,cancelled,web
O005400,1,2026-04-20T14:21,C0451,P066,1,110000,0.0,completed,app
O005401,1,2026-04-20T19:48,C0005,P042,1,85000,0.0,completed,app
O005402,1,2026-04-20T12:33,C0400,P040,1,44000,0.0,completed,app
O005403,1,2026-04-20T16:48,C0566,P055,1,61599,0.3,completed,app
O005404,1,2026-04-20T11:33,C0361,P059,1,66500,0.3,completed,app
O005405,1,2026-04-20T10:30,C0512,P059,2,66500,0.3,completed,web
O005406,1,2026-04-20T16:51,C0467,P040,1,44000,0.0,completed,app
O005407,1,2026-04-20T12:09,C0294,P064,1,127000,0.0,completed,app
O005408,1,2026-04-20T07:00,C0265,P007,1,262000,0.0,returned,web
O005409,1,2026-04-20T17:38,C0479,P049,1,62400,0.2,completed,app
O005410,1,2026-04-20T16:00,C0112,P055,1,61599,0.3,completed,web
O005411,1,2026-04-20T16:13,C0454,P016,1,135200,0.2,completed,web
O005412,1,2026-04-20T16:44,C0400,P040,1,44000,0.0,completed,app
O005412,2,2026-04-20T16:44,C0400,P073,1,60000,0.2,completed,app
O005413,1,2026-04-20T14:50,C0346,P060,1,57399,0.3,completed,app
O005414,1,2026-04-20T10:00,C0182,P040,1,44000,0.0,completed,web
O005415,1,2026-04-20T08:44,C0325,P048,1,92000,0.0,completed,web
O005415,2,2026-04-20T08:44,C0325,P055,1,61599,0.3,completed,web
O005416,1,2026-04-20T21:21,C0110,P075,1,81000,0.0,completed,app
O005417,1,2026-04-20T16:16,C0011,P029,1,39000,0.0,completed,app
O005418,1,2026-04-21T16:30,C0096,P055,1,61599,0.3,completed,app
O005419,1,2026-04-21T15:19,C0282,P008,1,279000,0.0,completed,web
O005419,2,2026-04-21T15:19,C0282,P073,1,60000,0.2,completed,web
O005420,1,2026-04-21T15:37,C0434,P038,1,38000,0.0,completed,web
O005421,1,2026-04-21T18:26,C0438,P016,1,135200,0.2,completed,web
O005421,2,2026-04-21T18:26,C0438,P001,1,193000,0.0,completed,web
O005422,1,2026-04-21T17:02,C0331,P043,1,91000,0.0,completed,app
O005423,1,2026-04-21T20:25,C0310,P013,1,271000,0.0,completed,app
O005424,1,2026-04-21T13:11,C0152,P055,1,61599,0.3,completed,app
O005425,1,2026-04-21T13:31,C0057,P063,1,124000,0.0,completed,app
O005426,1,2026-04-21T11:45,C0218,P010,2,263000,0.0,completed,web
O005427,1,2026-04-21T16:17,C0215,P050,1,84000,0.0,completed,web
O005428,1,2026-04-21T14:47,C0515,P010,1,263000,0.0,completed,app
O005429,1,2026-04-21T19:21,C0361,P043,1,91000,0.0,completed,app
O005430,1,2026-04-21T19:49,C0033,P022,1,36000,0.0,completed,web
O005431,1,2026-04-21T17:54,C0294,P032,1,36000,0.2,returned,web
O005432,1,2026-04-21T11:52,C0515,P006,1,275000,0.0,completed,web
O005432,2,2026-04-21T11:52,C0515,P013,1,271000,0.0,completed,web
O005433,1,2026-04-21T15:02,C0271,P069,1,122000,0.0,completed,app
O005434,1,2026-04-21T19:13,C0302,P048,1,92000,0.0,completed,app
O005434,2,2026-04-21T19:13,C0302,P003,1,136000,0.0,completed,app
O005435,1,2026-04-21T22:50,C0552,P043,1,91000,0.0,cancelled,web
O005436,1,2026-04-21T17:51,C0033,P076,1,70700,0.3,completed,web
O005437,1,2026-04-21T14:36,C0305,P022,1,36000,0.0,returned,web
O005438,1,2026-04-21T16:44,C0057,P074,1,107000,0.0,completed,app
O005439,1,2026-04-21T21:11,C0582,P064,1,127000,0.0,completed,app
O005440,1,2026-04-21T09:54,C0113,P017,1,274000,0.0,completed,web
O005441,1,2026-04-21T17:39,C0113,P040,1,44000,0.0,completed,web
O005441,2,2026-04-21T17:39,C0113,P019,1,37000,0.0,completed,web
O005442,1,2026-04-21T16:50,C0566,P064,1,127000,0.0,completed,app
O005443,1,2026-04-21T15:42,C0109,P055,1,61599,0.3,completed,app
O005444,1,2026-04-21T18:06,C0100,P040,1,44000,0.0,completed,web
O005444,2,2026-04-21T18:06,C0100,P055,1,61599,0.3,completed,web
O005445,1,2026-04-21T08:16,C0074,P011,1,265000,0.0,completed,web
O005446,1,2026-04-21T11:37,C0182,P027,1,63000,0.0,completed,app
O005447,1,2026-04-21T18:12,C0164,P071,1,133000,0.0,completed,app
O005448,1,2026-04-21T19:32,C0049,P080,1,109000,0.0,completed,app
O005449,1,2026-04-21T18:17,C0249,P073,1,60000,0.2,completed,app
O005449,2,2026-04-21T18:17,C0249,P040,1,44000,0.0,completed,app
O005450,1,2026-04-21T08:00,C0587,P048,1,92000,0.0,completed,app
O005451,1,2026-04-21T20:38,C0123,P040,1,44000,0.0,completed,web
O005452,1,2026-04-21T13:44,C0052,P063,1,124000,0.0,completed,app
O005452,2,2026-04-21T13:44,C0052,P037,1,49000,0.0,completed,app
O005452,3,2026-04-21T13:44,C0052,P055,1,61599,0.3,completed,app
O005453,1,2026-04-21T13:12,C0477,P037,1,49000,0.0,completed,web
O005454,1,2026-04-22T19:33,C0001,P017,1,274000,0.0,completed,web
O005454,2,2026-04-22T19:33,C0001,P017,1,274000,0.0,completed,web
O005454,3,2026-04-22T19:33,C0001,P069,1,122000,0.0,completed,web
O005455,1,2026-04-22T15:03,C0167,P021,1,72000,0.0,completed,app
O005455,2,2026-04-22T15:03,C0167,P021,1,72000,0.0,completed,app
O005456,1,2026-04-22T15:18,C0567,P048,1,92000,0.0,completed,web
O005456,2,2026-04-22T15:18,C0567,P038,1,38000,0.0,completed,web
O005456,3,2026-04-22T15:18,C0567,P028,1,39000,0.0,completed,web
O005457,1,2026-04-22T14:34,C0283,P061,1,115000,0.0,completed,web
O005458,1,2026-04-22T17:32,C0397,P040,1,44000,0.0,completed,app
O005459,1,2026-04-22T11:55,C0151,P040,1,44000,0.0,completed,app
O005460,1,2026-04-22T18:03,C0265,P015,1,222000,0.0,completed,web
O005460,2,2026-04-22T18:03,C0265,P015,1,222000,0.0,completed,web
O005461,1,2026-04-22T12:47,C0341,P042,1,85000,0.0,completed,app
O005462,1,2026-04-22T14:45,C0033,P008,1,279000,0.0,completed,web
O005463,1,2026-04-22T11:38,C0359,P030,3,62000,0.0,completed,web
O005464,1,2026-04-22T23:55,C0190,P043,1,91000,0.0,completed,web
O005465,1,2026-04-22T15:34,C0279,P069,1,122000,0.0,completed,app
O005465,2,2026-04-22T15:34,C0279,P010,1,263000,0.0,completed,app
O005466,1,2026-04-22T12:52,C0133,P043,1,91000,0.0,completed,web
O005467,1,2026-04-22T16:24,C0325,P064,1,127000,0.0,completed,web
O005467,2,2026-04-22T16:24,C0325,P017,1,274000,0.0,completed,web
O005467,3,2026-04-22T16:24,C0325,P045,1,64000,0.0,completed,web
O005468,1,2026-04-22T18:37,C0589,P008,1,279000,0.0,completed,app
O005469,1,2026-04-22T19:31,C0240,P055,1,61599,0.3,completed,app
O005469,2,2026-04-22T19:31,C0240,P052,1,74000,0.0,completed,app
O005469,3,2026-04-22T19:31,C0240,P043,1,91000,0.0,completed,app
O005470,1,2026-04-22T18:33,C0001,P016,1,135200,0.2,returned,web
O005470,2,2026-04-22T18:33,C0001,P008,1,279000,0.0,returned,web
O005471,1,2026-04-22T14:28,C0311,P075,1,81000,0.0,completed,web
O005472,1,2026-04-22T14:22,C0321,P008,1,279000,0.0,returned,app
O005472,2,2026-04-22T14:22,C0321,P011,1,265000,0.0,returned,app
O005473,1,2026-04-22T17:44,C0190,P055,1,61599,0.3,completed,app
O005473,2,2026-04-22T17:44,C0190,P028,1,39000,0.0,completed,app
O005474,1,2026-04-22T15:40,C0129,P064,1,127000,0.0,completed,app
O005474,2,2026-04-22T15:40,C0129,P068,1,117000,0.0,completed,app
O005475,1,2026-04-22T11:03,C0005,P001,1,193000,0.0,completed,web
O005476,1,2026-04-22T12:34,C0350,P073,1,60000,0.2,completed,web
O005477,1,2026-04-22T17:53,C0271,P009,1,155200,0.2,completed,web
O005478,1,2026-04-22T14:48,C0541,P055,1,61599,0.3,completed,web
O005479,1,2026-04-22T11:14,C0406,P059,1,66500,0.3,completed,app
O005479,2,2026-04-22T11:14,C0406,P060,1,57399,0.3,completed,app
O005480,1,2026-04-22T20:47,C0595,P045,1,64000,0.0,completed,app
O005481,1,2026-04-22T16:58,C0329,P071,1,133000,0.0,completed,app
O005482,1,2026-04-22T13:45,C0383,P010,1,263000,0.0,returned,app
O005483,1,2026-04-22T15:13,C0087,P051,1,54600,0.3,completed,web
O005484,1,2026-04-22T20:05,C0011,P028,1,39000,0.0,completed,app
O005484,2,2026-04-22T20:05,C0011,P040,1,44000,0.0,completed,app
O005484,3,2026-04-22T20:05,C0011,P027,1,63000,0.0,completed,app
O005485,1,2026-04-22T07:45,C0430,P048,1,92000,0.0,completed,web
O005486,1,2026-04-22T17:00,C0146,P045,1,64000,0.0,completed,web
O005486,2,2026-04-22T17:00,C0146,P055,1,61599,0.3,completed,web
O005486,3,2026-04-22T17:00,C0146,P043,1,91000,0.0,completed,web
O005487,1,2026-04-22T12:40,C0114,P008,1,279000,0.0,completed,web
O005487,2,2026-04-22T12:40,C0114,P077,1,69000,0.0,completed,web
O005487,3,2026-04-22T12:40,C0114,P014,1,203000,0.0,completed,web
O005488,1,2026-04-22T18:54,C0430,P075,1,81000,0.0,completed,web
O005488,2,2026-04-22T18:54,C0430,P042,1,85000,0.0,completed,web
O005489,1,2026-04-22T15:14,C0192,P007,1,262000,0.0,completed,app
O005490,1,2026-04-22T13:05,C0516,P019,1,37000,0.0,completed,app
O005491,1,2026-04-22T16:17,C0353,P043,1,91000,0.0,completed,web
O005491,2,2026-04-22T16:17,C0353,P042,1,85000,0.0,completed,web
O005492,1,2026-04-22T19:36,C0482,P003,1,136000,0.0,completed,web
O005493,1,2026-04-22T22:19,C0182,P075,1,81000,0.0,completed,app
O005494,1,2026-04-22T15:55,C0148,P073,1,60000,0.2,completed,app
O005495,1,2026-04-22T12:46,C0577,P011,1,265000,0.0,completed,web
O005496,1,2026-04-22T10:17,C0398,P073,3,60000,0.2,completed,app
O005496,2,2026-04-22T10:17,C0398,P040,1,44000,0.0,completed,app
O005497,1,2026-04-22T20:17,C0196,P040,1,44000,0.0,completed,app
O005497,2,2026-04-22T20:17,C0196,P035,1,49000,0.0,completed,app
O005498,1,2026-04-22T11:17,C0029,P074,1,107000,0.0,completed,app
O005499,1,2026-04-22T14:48,C0596,P061,1,115000,0.0,completed,web
O005500,1,2026-04-22T04:40,C0515,P040,1,44000,0.0,completed,app
O005500,2,2026-04-22T04:40,C0515,P075,1,81000,0.0,completed,app
O005501,1,2026-04-23T15:32,C0353,P040,1,44000,0.0,completed,app
O005501,2,2026-04-23T15:32,C0353,P040,1,44000,0.0,completed,app
O005501,3,2026-04-23T15:32,C0353,P064,1,127000,0.0,completed,app
O005502,1,2026-04-23T22:25,C0335,P021,1,72000,0.0,cancelled,web
O005503,1,2026-04-23T15:17,C0479,P064,1,127000,0.0,completed,app
O005503,2,2026-04-23T15:17,C0479,P036,1,65000,0.0,completed,app
O005504,1,2026-04-23T19:40,C0450,P058,1,99000,0.0,completed,app
O005505,1,2026-04-23T16:58,C0495,P011,1,265000,0.0,returned,app
O005505,2,2026-04-23T16:58,C0495,P008,1,279000,0.0,returned,app
O005505,3,2026-04-23T16:58,C0495,P008,1,279000,0.0,returned,app
O005506,1,2026-04-23T19:01,C0411,P043,1,91000,0.0,completed,app
O005507,1,2026-04-23T09:22,C0265,P006,1,275000,0.0,completed,web
O005507,2,2026-04-23T09:22,C0265,P052,1,74000,0.0,completed,web
O005508,1,2026-04-23T15:03,C0552,P006,1,275000,0.0,completed,web
O005509,1,2026-04-23T13:25,C0153,P037,1,49000,0.0,completed,app
O005509,2,2026-04-23T13:25,C0153,P021,1,72000,0.0,completed,app
O005510,1,2026-04-23T16:57,C0124,P015,1,222000,0.0,completed,app
O005511,1,2026-04-23T15:36,C0299,P076,1,70700,0.3,completed,app
O005512,1,2026-04-23T16:30,C0312,P040,1,44000,0.0,cancelled,web
O005513,1,2026-04-23T14:43,C0066,P017,1,274000,0.0,completed,app
O005513,2,2026-04-23T14:43,C0066,P011,1,265000,0.0,completed,app
O005514,1,2026-04-23T12:48,C0397,P021,1,72000,0.0,completed,app
O005515,1,2026-04-23T18:53,C0096,P055,1,61599,0.3,completed,app
O005515,2,2026-04-23T18:53,C0096,P053,1,100000,0.0,completed,app
O005516,1,2026-04-23T17:17,C0182,P074,1,107000,0.0,completed,app
O005517,1,2026-04-23T14:16,C0113,P001,1,193000,0.0,completed,web
O005517,2,2026-04-23T14:16,C0113,P074,1,107000,0.0,completed,web
O005517,3,2026-04-23T14:16,C0113,P002,1,163000,0.0,completed,web
O005518,1,2026-04-23T09:01,C0589,P038,1,38000,0.0,completed,app
O005519,1,2026-04-23T13:52,C0540,P055,1,61599,0.3,completed,app
O005520,1,2026-04-23T13:08,C0057,P045,1,64000,0.0,completed,app
O005521,1,2026-04-23T09:26,C0005,P049,1,62400,0.2,completed,web
O005522,1,2026-04-23T09:12,C0433,P043,1,91000,0.0,completed,web
O005523,1,2026-04-23T21:07,C0570,P063,1,124000,0.0,completed,web
O005524,1,2026-04-23T10:05,C0213,P040,1,44000,0.0,completed,web
O005525,1,2026-04-23T20:47,C0283,P011,1,265000,0.0,completed,app
O005526,1,2026-04-23T10:09,C0577,P021,1,72000,0.0,completed,app
O005527,1,2026-04-23T16:58,C0587,P037,1,49000,0.0,completed,app
O005527,2,2026-04-23T16:58,C0587,P023,1,53000,0.0,completed,app
O005528,1,2026-04-23T20:37,C0046,P061,1,115000,0.0,completed,web
O005529,1,2026-04-23T17:22,C0163,P038,2,38000,0.0,completed,app
O005530,1,2026-04-23T16:01,C0170,P008,1,279000,0.0,completed,app
O005531,1,2026-04-23T18:43,C0196,P077,1,69000,0.0,completed,app
O005532,1,2026-04-23T19:05,C0352,P006,1,275000,0.0,completed,app
O005533,1,2026-04-23T11:27,C0124,P049,1,62400,0.2,completed,app
O005534,1,2026-04-23T16:59,C0587,P055,1,61599,0.3,completed,app
O005535,1,2026-04-23T12:19,C0275,P055,1,61599,0.3,completed,app
O005536,1,2026-04-23T22:05,C0018,P032,1,36000,0.2,completed,web
O005536,2,2026-04-23T22:05,C0018,P027,1,63000,0.0,completed,web
O005537,1,2026-04-23T09:56,C0436,P006,1,275000,0.0,completed,app
O005538,1,2026-04-23T18:14,C0164,P042,1,85000,0.0,completed,web
O005539,1,2026-04-23T07:47,C0052,P009,1,155200,0.2,completed,app
O005539,2,2026-04-23T07:47,C0052,P001,1,193000,0.0,completed,app
O005539,3,2026-04-23T07:47,C0052,P040,1,44000,0.0,completed,app
O005540,1,2026-04-23T13:29,C0436,P006,1,275000,0.0,completed,app
O005540,2,2026-04-23T13:29,C0436,P001,1,193000,0.0,completed,app
O005541,1,2026-04-23T19:31,C0447,P045,1,64000,0.0,completed,app
O005541,2,2026-04-23T19:31,C0447,P055,1,61599,0.3,completed,app
O005541,3,2026-04-23T19:31,C0447,P021,1,72000,0.0,completed,app
O005542,1,2026-04-23T12:12,C0068,P055,1,61599,0.3,completed,app
O005543,1,2026-04-24T17:59,C0089,P053,1,100000,0.0,returned,app
O005543,2,2026-04-24T17:59,C0089,P043,1,91000,0.0,returned,app
O005544,1,2026-04-24T22:07,C0411,P048,1,92000,0.0,completed,app
O005544,2,2026-04-24T22:07,C0411,P011,1,265000,0.0,completed,app
O005545,1,2026-04-24T12:15,C0164,P021,1,72000,0.0,completed,app
O005545,2,2026-04-24T12:15,C0164,P040,1,44000,0.0,completed,app
O005546,1,2026-04-24T14:00,C0001,P077,1,69000,0.0,completed,web
O005547,1,2026-04-24T06:15,C0333,P008,1,279000,0.0,completed,app
O005547,2,2026-04-24T06:15,C0333,P053,1,100000,0.0,completed,app
O005548,1,2026-04-24T17:44,C0214,P019,1,37000,0.0,completed,web
O005548,2,2026-04-24T17:44,C0214,P043,1,91000,0.0,completed,web
O005549,1,2026-04-24T12:12,C0274,P009,1,155200,0.2,completed,web
O005550,1,2026-04-24T13:06,C0347,P040,1,44000,0.0,completed,app
O005551,1,2026-04-24T17:22,C0096,P021,1,72000,0.0,returned,app
O005551,2,2026-04-24T17:22,C0096,P040,1,44000,0.0,returned,app
O005552,1,2026-04-24T18:03,C0589,P080,1,109000,0.0,completed,web
O005552,2,2026-04-24T18:03,C0589,P039,1,45000,0.0,completed,web
O005552,3,2026-04-24T18:03,C0589,P021,1,72000,0.0,completed,web
O005553,1,2026-04-24T15:13,C0137,P025,1,54000,0.0,completed,web
O005554,1,2026-04-24T16:34,C0570,P008,1,279000,0.0,completed,web
O005555,1,2026-04-24T13:17,C0179,P056,2,42700,0.3,returned,web
O005556,1,2026-04-24T11:32,C0315,P008,1,279000,0.0,completed,web
O005557,1,2026-04-24T11:20,C0504,P075,1,81000,0.0,completed,app
O005558,1,2026-04-24T10:29,C0001,P017,1,274000,0.0,completed,web
O005559,1,2026-04-24T15:02,C0335,P040,1,44000,0.0,completed,web
O005560,1,2026-04-24T19:57,C0343,P006,1,275000,0.0,completed,web
O005561,1,2026-04-24T14:50,C0005,P023,1,53000,0.0,completed,app
O005562,1,2026-04-24T23:06,C0246,P008,1,279000,0.0,completed,web
O005562,2,2026-04-24T23:06,C0246,P008,1,279000,0.0,completed,web
O005563,1,2026-04-24T11:43,C0368,P052,2,74000,0.0,completed,web
O005564,1,2026-04-24T15:29,C0250,P040,1,44000,0.0,completed,app
O005564,2,2026-04-24T15:29,C0250,P019,1,37000,0.0,completed,app
O005564,3,2026-04-24T15:29,C0250,P037,1,49000,0.0,completed,app
O005565,1,2026-04-24T13:25,C0051,P071,1,133000,0.0,completed,web
O005566,1,2026-04-24T16:39,C0123,P030,1,62000,0.0,completed,web
O005567,1,2026-04-24T14:59,C0538,P027,1,63000,0.0,completed,web
O005568,1,2026-04-24T16:06,C0577,P040,1,44000,0.0,completed,app
O005569,1,2026-04-24T12:11,C0148,P017,1,274000,0.0,completed,app
O005569,2,2026-04-24T12:11,C0148,P065,1,83300,0.3,completed,app
O005570,1,2026-04-24T17:46,C0492,P015,1,222000,0.0,completed,app
O005570,2,2026-04-24T17:46,C0492,P008,1,279000,0.0,completed,app
O005570,3,2026-04-24T17:46,C0492,P017,1,274000,0.0,completed,app
O005571,1,2026-04-24T16:34,C0587,P008,1,279000,0.0,completed,app
O005571,2,2026-04-24T16:34,C0587,P032,1,36000,0.2,completed,app
O005572,1,2026-04-24T20:12,C0071,P034,1,57000,0.0,completed,web
O005572,2,2026-04-24T20:12,C0071,P028,1,39000,0.0,completed,web
O005572,3,2026-04-24T20:12,C0071,P054,1,50000,0.0,completed,web
O005573,1,2026-04-24T11:48,C0570,P060,1,57399,0.3,completed,web
O005574,1,2026-04-24T14:45,C0379,P042,1,85000,0.0,completed,app
O005575,1,2026-04-24T09:38,C0447,P010,1,263000,0.0,completed,app
O005576,1,2026-04-24T08:03,C0271,P011,1,265000,0.0,completed,app
O005577,1,2026-04-24T09:58,C0181,P076,1,70700,0.3,completed,app
O005577,2,2026-04-24T09:58,C0181,P064,1,127000,0.0,completed,app
O005577,3,2026-04-24T09:58,C0181,P073,1,60000,0.2,completed,app
O005578,1,2026-04-24T11:04,C0438,P011,1,265000,0.0,completed,web
O005579,1,2026-04-24T15:14,C0400,P040,1,44000,0.0,completed,app
O005580,1,2026-04-24T17:55,C0192,P017,1,274000,0.0,completed,app
O005580,2,2026-04-24T17:55,C0192,P040,1,44000,0.0,completed,app
O005580,3,2026-04-24T17:55,C0192,P001,1,193000,0.0,completed,app
O005581,1,2026-04-24T13:53,C0430,P027,1,63000,0.0,completed,web
O005582,1,2026-04-24T13:50,C0513,P040,1,44000,0.0,completed,app
O005583,1,2026-04-24T14:05,C0129,P008,1,279000,0.0,completed,web
O005584,1,2026-04-24T14:23,C0461,P019,1,37000,0.0,completed,web
O005585,1,2026-04-24T11:37,C0005,P008,1,279000,0.0,completed,app
O005586,1,2026-04-24T10:30,C0282,P015,1,222000,0.0,cancelled,web
O005587,1,2026-04-24T15:22,C0595,P028,1,39000,0.0,completed,app
O005587,2,2026-04-24T15:22,C0595,P040,1,44000,0.0,completed,app
O005588,1,2026-04-24T17:17,C0383,P002,1,163000,0.0,completed,web
O005589,1,2026-04-24T13:55,C0251,P073,1,60000,0.2,completed,app
O005590,1,2026-04-24T13:42,C0155,P066,1,110000,0.0,completed,app
O005591,1,2026-04-24T11:11,C0333,P075,1,81000,0.0,completed,app
O005592,1,2026-04-24T06:06,C0425,P038,1,38000,0.0,completed,web
O005593,1,2026-04-25T12:32,C0218,P016,3,135200,0.2,completed,web
O005594,1,2026-04-25T12:10,C0077,P051,1,54600,0.3,completed,app
O005594,2,2026-04-25T12:10,C0077,P021,1,72000,0.0,completed,app
O005595,1,2026-04-25T18:27,C0333,P028,1,39000,0.0,completed,app
O005596,1,2026-04-25T14:27,C0496,P001,1,193000,0.0,cancelled,app
O005597,1,2026-04-25T19:00,C0418,P045,1,64000,0.0,completed,app
O005598,1,2026-04-25T20:06,C0583,P013,1,271000,0.0,completed,app
O005599,1,2026-04-25T14:35,C0279,P012,1,138000,0.0,completed,app
O005600,1,2026-04-25T19:24,C0057,P055,1,61599,0.3,completed,app
O005601,1,2026-04-25T18:16,C0325,P061,1,115000,0.0,completed,web
O005601,2,2026-04-25T18:16,C0325,P071,1,133000,0.0,completed,web
O005601,3,2026-04-25T18:16,C0325,P072,1,95000,0.0,completed,web
O005602,1,2026-04-25T13:03,C0099,P055,1,61599,0.3,completed,web
O005603,1,2026-04-25T19:57,C0190,P044,1,59499,0.3,completed,app
O005604,1,2026-04-25T10:26,C0406,P043,1,91000,0.0,completed,app
O005605,1,2026-04-25T14:58,C0139,P055,1,61599,0.3,completed,web
O005606,1,2026-04-25T13:10,C0325,P037,1,49000,0.0,completed,web
O005606,2,2026-04-25T13:10,C0325,P064,1,127000,0.0,completed,web
O005607,1,2026-04-25T10:30,C0418,P055,1,61599,0.3,completed,app
O005607,2,2026-04-25T10:30,C0418,P055,1,61599,0.3,completed,app
O005608,1,2026-04-25T16:09,C0357,P006,1,275000,0.0,completed,web
O005608,2,2026-04-25T16:09,C0357,P042,1,85000,0.0,completed,web
O005609,1,2026-04-25T09:06,C0164,P063,1,124000,0.0,completed,app
O005609,2,2026-04-25T09:06,C0164,P008,1,279000,0.0,completed,app
O005610,1,2026-04-25T16:26,C0393,P040,1,44000,0.0,completed,app
O005611,1,2026-04-25T22:28,C0570,P001,1,193000,0.0,completed,web
O005611,2,2026-04-25T22:28,C0570,P054,1,50000,0.0,completed,web
O005612,1,2026-04-25T18:00,C0244,P008,1,279000,0.0,completed,app
O005613,1,2026-04-25T13:05,C0568,P043,2,91000,0.0,completed,app
O005614,1,2026-04-25T11:22,C0174,P008,1,279000,0.0,completed,web
O005615,1,2026-04-25T14:33,C0346,P011,1,265000,0.0,returned,web
O005615,2,2026-04-25T14:33,C0346,P008,1,279000,0.0,returned,web
O005616,1,2026-04-25T13:40,C0279,P055,1,61599,0.3,completed,web
O005617,1,2026-04-25T16:04,C0415,P064,1,127000,0.0,completed,web
O005617,2,2026-04-25T16:04,C0415,P019,1,37000,0.0,completed,web
O005617,3,2026-04-25T16:04,C0415,P019,2,37000,0.0,completed,web
O005618,1,2026-04-25T22:02,C0093,P040,3,44000,0.0,completed,web
O005618,2,2026-04-25T22:02,C0093,P005,1,227000,0.0,completed,web
O005619,1,2026-04-25T15:37,C0053,P037,1,49000,0.0,completed,app
O005619,2,2026-04-25T15:37,C0053,P040,1,44000,0.0,completed,app
O005619,3,2026-04-25T15:37,C0053,P027,1,63000,0.0,completed,app
O005620,1,2026-04-25T13:03,C0515,P011,1,265000,0.0,completed,web
O005620,2,2026-04-25T13:03,C0515,P008,1,279000,0.0,completed,web
O005620,3,2026-04-25T13:03,C0515,P008,1,279000,0.0,completed,web
O005621,1,2026-04-25T10:47,C0041,P055,2,61599,0.3,completed,web
O005622,1,2026-04-25T16:32,C0240,P043,1,91000,0.0,completed,web
O005623,1,2026-04-25T17:53,C0096,P055,1,61599,0.3,completed,app
O005624,1,2026-04-25T09:19,C0033,P067,1,110000,0.0,completed,web
O005625,1,2026-04-25T11:40,C0146,P043,1,91000,0.0,completed,app
O005626,1,2026-04-25T16:10,C0109,P058,1,99000,0.0,completed,app
O005626,2,2026-04-25T16:10,C0109,P080,1,109000,0.0,completed,app
O005627,1,2026-04-25T11:11,C0274,P050,1,84000,0.0,completed,app
O005627,2,2026-04-25T11:11,C0274,P055,1,61599,0.3,completed,app
O005628,1,2026-04-25T10:40,C0221,P021,1,72000,0.0,completed,app
O005629,1,2026-04-25T17:32,C0454,P037,1,49000,0.0,completed,web
O005630,1,2026-04-25T13:51,C0465,P040,1,44000,0.0,completed,app
O005631,1,2026-04-25T23:22,C0188,P053,1,100000,0.0,cancelled,web
O005632,1,2026-04-25T23:24,C0577,P072,1,95000,0.0,completed,app
O005633,1,2026-04-25T18:24,C0325,P076,1,70700,0.3,completed,web
O005633,2,2026-04-25T18:24,C0325,P066,1,110000,0.0,completed,web
O005634,1,2026-04-25T20:32,C0011,P035,1,49000,0.0,completed,app
O005635,1,2026-04-25T16:51,C0092,P037,1,49000,0.0,cancelled,web
O005636,1,2026-04-25T22:02,C0520,P020,1,41000,0.0,completed,web
O005637,1,2026-04-25T17:39,C0206,P030,1,62000,0.0,returned,web
O005637,2,2026-04-25T17:39,C0206,P001,1,193000,0.0,returned,web
O005638,1,2026-04-25T10:48,C0594,P015,1,222000,0.0,completed,app
O005639,1,2026-04-25T12:56,C0357,P040,1,44000,0.0,returned,app
O005640,1,2026-04-25T14:06,C0492,P038,1,38000,0.0,completed,app
O005641,1,2026-04-25T11:10,C0450,P021,1,72000,0.0,completed,app
O005641,2,2026-04-25T11:10,C0450,P039,1,45000,0.0,completed,app
O005642,1,2026-04-25T12:03,C0001,P014,1,203000,0.0,completed,web
O005643,1,2026-04-25T18:07,C0140,P016,1,135200,0.2,cancelled,app
O005644,1,2026-04-25T08:17,C0566,P017,1,274000,0.0,completed,app
O005644,2,2026-04-25T08:17,C0566,P006,1,275000,0.0,completed,app
O005645,1,2026-04-25T04:08,C0477,P017,1,274000,0.0,completed,app
O005645,2,2026-04-25T04:08,C0477,P080,1,109000,0.0,completed,app
O005646,1,2026-04-26T17:09,C0385,P049,1,62400,0.2,completed,web
O005647,1,2026-04-26T17:03,C0372,P011,1,265000,0.0,completed,web
O005648,1,2026-04-26T19:49,C0500,P040,1,44000,0.0,completed,web
O005649,1,2026-04-26T12:11,C0414,P001,1,193000,0.0,completed,app
O005650,1,2026-04-26T14:50,C0124,P056,1,42700,0.3,completed,app
O005651,1,2026-04-26T19:31,C0201,P073,1,60000,0.2,returned,web
O005652,1,2026-04-26T13:52,C0106,P069,1,122000,0.0,completed,app
O005653,1,2026-04-26T13:28,C0274,P055,1,61599,0.3,cancelled,app
O005654,1,2026-04-26T16:02,C0227,P016,1,135200,0.2,completed,app
O005655,1,2026-04-26T11:37,C0279,P001,1,193000,0.0,completed,app
O005655,2,2026-04-26T11:37,C0279,P002,1,163000,0.0,completed,app
O005656,1,2026-04-26T18:34,C0406,P042,1,85000,0.0,completed,app
O005656,2,2026-04-26T18:34,C0406,P055,1,61599,0.3,completed,app
O005657,1,2026-04-26T19:43,C0418,P043,1,91000,0.0,completed,app
O005658,1,2026-04-26T17:19,C0058,P037,1,49000,0.0,returned,app
O005659,1,2026-04-26T09:16,C0496,P019,1,37000,0.0,completed,app
O005660,1,2026-04-26T19:31,C0486,P044,1,59499,0.3,completed,web
O005661,1,2026-04-26T17:41,C0011,P039,1,45000,0.0,completed,web
O005661,2,2026-04-26T17:41,C0011,P045,1,64000,0.0,completed,web
O005662,1,2026-04-26T12:22,C0156,P055,2,61599,0.3,completed,web
O005663,1,2026-04-26T12:53,C0365,P040,1,44000,0.0,completed,web
O005664,1,2026-04-26T09:03,C0190,P008,1,279000,0.0,completed,app
O005664,2,2026-04-26T09:03,C0190,P055,1,61599,0.3,completed,app
O005665,1,2026-04-26T16:35,C0068,P061,1,115000,0.0,completed,app
O005665,2,2026-04-26T16:35,C0068,P040,1,44000,0.0,completed,app
O005666,1,2026-04-26T20:35,C0279,P008,1,279000,0.0,completed,app
O005667,1,2026-04-26T11:24,C0359,P065,2,83300,0.3,completed,web
O005668,1,2026-04-26T14:10,C0325,P008,1,279000,0.0,completed,web
O005669,1,2026-04-26T15:59,C0249,P077,1,69000,0.0,completed,app
O005670,1,2026-04-26T12:25,C0335,P040,1,44000,0.0,cancelled,web
O005671,1,2026-04-26T05:16,C0279,P006,1,275000,0.0,completed,web
O005672,1,2026-04-26T08:09,C0430,P043,1,91000,0.0,completed,app
O005673,1,2026-04-26T19:23,C0190,P042,1,85000,0.0,completed,app
O005674,1,2026-04-26T17:42,C0295,P072,1,95000,0.0,completed,app
O005675,1,2026-04-26T16:16,C0247,P015,1,222000,0.0,completed,web
O005676,1,2026-04-26T08:56,C0215,P073,1,60000,0.2,completed,app
O005676,2,2026-04-26T08:56,C0215,P049,1,62400,0.2,completed,app
O005676,3,2026-04-26T08:56,C0215,P059,1,66500,0.3,completed,app
O005677,1,2026-04-26T11:47,C0259,P045,1,64000,0.0,returned,web
O005677,2,2026-04-26T11:47,C0259,P040,1,44000,0.0,returned,web
O005677,3,2026-04-26T11:47,C0259,P040,1,44000,0.0,returned,web
O005678,1,2026-04-26T09:13,C0114,P001,1,193000,0.0,completed,app
O005678,2,2026-04-26T09:13,C0114,P001,1,193000,0.0,completed,app
O005679,1,2026-04-26T12:36,C0072,P042,1,85000,0.0,returned,app
O005680,1,2026-04-26T15:56,C0107,P008,1,279000,0.0,completed,app
O005681,1,2026-04-26T09:51,C0499,P030,1,62000,0.0,completed,web
O005681,2,2026-04-26T09:51,C0499,P008,1,279000,0.0,completed,web
O005681,3,2026-04-26T09:51,C0499,P011,1,265000,0.0,completed,web
O005682,1,2026-04-26T21:33,C0325,P026,1,48000,0.0,completed,web
O005683,1,2026-04-26T14:38,C0152,P061,1,115000,0.0,completed,web
O005684,1,2026-04-26T13:38,C0099,P015,1,222000,0.0,completed,app
O005685,1,2026-04-26T17:32,C0456,P017,1,274000,0.0,completed,app
O005685,2,2026-04-26T17:32,C0456,P078,2,86400,0.2,completed,app
O005686,1,2026-04-26T17:38,C0456,P075,1,81000,0.0,completed,web
O005686,2,2026-04-26T17:38,C0456,P080,1,109000,0.0,completed,web
O005687,1,2026-04-26T09:02,C0447,P040,1,44000,0.0,completed,web
O005687,2,2026-04-26T09:02,C0447,P015,1,222000,0.0,completed,web
O005688,1,2026-04-26T20:13,C0357,P009,1,155200,0.2,completed,web
O005689,1,2026-04-26T11:16,C0248,P001,1,193000,0.0,returned,app
O005690,1,2026-04-26T15:42,C0295,P030,1,62000,0.0,completed,web
O005691,1,2026-04-26T14:12,C0451,P016,1,135200,0.2,completed,app
O005691,2,2026-04-26T14:12,C0451,P001,1,193000,0.0,completed,app
O005692,1,2026-04-26T19:50,C0386,P008,1,279000,0.0,completed,app
O005693,1,2026-04-26T17:41,C0129,P040,1,44000,0.0,completed,app
O005694,1,2026-04-26T14:32,C0335,P003,1,136000,0.0,returned,web
O005695,1,2026-04-26T18:11,C0579,P007,1,262000,0.0,completed,app
O005696,1,2026-04-26T12:56,C0526,P011,1,265000,0.0,completed,web
O005697,1,2026-04-26T10:17,C0403,P021,1,72000,0.0,completed,app
O005698,1,2026-04-27T17:36,C0366,P059,1,66500,0.3,completed,web
O005699,1,2026-04-27T18:59,C0515,P017,1,274000,0.0,completed,app
O005700,1,2026-04-27T19:17,C0430,P056,1,42700,0.3,completed,app
O005700,2,2026-04-27T19:17,C0430,P060,1,57399,0.3,completed,app
O005701,1,2026-04-27T11:56,C0164,P040,1,44000,0.0,completed,app
O005702,1,2026-04-27T23:59,C0570,P058,1,99000,0.0,completed,web
O005702,2,2026-04-27T23:59,C0570,P026,1,48000,0.0,completed,web
O005703,1,2026-04-27T17:20,C0477,P017,1,274000,0.0,completed,app
O005704,1,2026-04-27T15:21,C0246,P011,1,265000,0.0,completed,web
O005704,2,2026-04-27T15:21,C0246,P008,1,279000,0.0,completed,web
O005705,1,2026-04-27T09:07,C0215,P020,1,41000,0.0,completed,app
O005706,1,2026-04-27T16:47,C0307,P034,1,57000,0.0,completed,web
O005707,1,2026-04-27T05:19,C0010,P021,1,72000,0.0,completed,web
O005708,1,2026-04-27T10:33,C0515,P055,1,61599,0.3,completed,web
O005709,1,2026-04-27T09:37,C0140,P074,1,107000,0.0,completed,app
O005710,1,2026-04-27T17:34,C0299,P049,1,62400,0.2,completed,web
O005711,1,2026-04-27T18:07,C0521,P040,1,44000,0.0,completed,web
O005712,1,2026-04-27T13:45,C0357,P042,1,85000,0.0,completed,app
O005713,1,2026-04-27T17:32,C0022,P033,1,65000,0.0,completed,web
O005714,1,2026-04-27T12:17,C0570,P028,1,39000,0.0,completed,web
O005714,2,2026-04-27T12:17,C0570,P055,1,61599,0.3,completed,web
O005714,3,2026-04-27T12:17,C0570,P060,1,57399,0.3,completed,web
O005715,1,2026-04-27T09:45,C0281,P063,1,124000,0.0,completed,web
O005715,2,2026-04-27T09:45,C0281,P071,2,133000,0.0,completed,web
O005716,1,2026-04-27T11:41,C0044,P004,1,157000,0.0,completed,app
O005717,1,2026-04-27T10:00,C0164,P011,1,265000,0.0,cancelled,app
O005718,1,2026-04-27T19:04,C0058,P040,1,44000,0.0,completed,app
O005718,2,2026-04-27T19:04,C0058,P032,1,36000,0.2,completed,app
O005719,1,2026-04-27T17:25,C0139,P058,1,99000,0.0,completed,app
O005720,1,2026-04-27T13:46,C0099,P006,1,275000,0.0,completed,app
O005720,2,2026-04-27T13:46,C0099,P017,1,274000,0.0,completed,app
O005721,1,2026-04-27T17:40,C0153,P010,1,263000,0.0,completed,app
O005722,1,2026-04-27T16:10,C0357,P074,1,107000,0.0,completed,app
O005722,2,2026-04-27T16:10,C0357,P055,1,61599,0.3,completed,app
O005723,1,2026-04-27T08:02,C0153,P040,1,44000,0.0,completed,app
O005723,2,2026-04-27T08:02,C0153,P040,1,44000,0.0,completed,app
O005723,3,2026-04-27T08:02,C0153,P037,1,49000,0.0,completed,app
O005724,1,2026-04-27T12:24,C0481,P078,1,86400,0.2,completed,app
O005724,2,2026-04-27T12:24,C0481,P027,1,63000,0.0,completed,app
O005725,1,2026-04-27T13:59,C0175,P008,1,279000,0.0,completed,web
O005726,1,2026-04-27T18:08,C0406,P014,1,203000,0.0,completed,app
O005727,1,2026-04-27T11:17,C0196,P040,1,44000,0.0,completed,app
O005727,2,2026-04-27T11:17,C0196,P056,1,42700,0.3,completed,app
O005727,3,2026-04-27T11:17,C0196,P028,1,39000,0.0,completed,app
O005728,1,2026-04-27T11:19,C0463,P001,1,193000,0.0,completed,web
O005729,1,2026-04-27T22:34,C0312,P026,1,48000,0.0,completed,web
O005730,1,2026-04-27T15:59,C0182,P042,1,85000,0.0,completed,app
O005731,1,2026-04-27T14:48,C0123,P050,1,84000,0.0,returned,web
O005732,1,2026-04-27T16:36,C0167,P040,1,44000,0.0,completed,app
O005733,1,2026-04-27T12:28,C0583,P076,1,70700,0.3,completed,app
O005734,1,2026-04-27T15:05,C0346,P013,1,271000,0.0,returned,app
O005734,2,2026-04-27T15:05,C0346,P042,1,85000,0.0,returned,app
O005734,3,2026-04-27T15:05,C0346,P011,1,265000,0.0,returned,app
O005735,1,2026-04-27T07:08,C0044,P020,1,41000,0.0,completed,app
O005736,1,2026-04-27T11:37,C0305,P055,1,61599,0.3,completed,web
O005737,1,2026-04-27T14:21,C0564,P001,1,193000,0.0,completed,app
O005737,2,2026-04-27T14:21,C0564,P056,1,42700,0.3,completed,app
O005738,1,2026-04-27T18:10,C0418,P008,1,279000,0.0,returned,app
O005739,1,2026-04-27T13:47,C0173,P074,1,107000,0.0,cancelled,web
O005740,1,2026-04-27T05:34,C0103,P074,1,107000,0.0,completed,web
O005741,1,2026-04-27T17:14,C0044,P077,1,69000,0.0,completed,app
O005741,2,2026-04-27T17:14,C0044,P015,1,222000,0.0,completed,app
O005741,3,2026-04-27T17:14,C0044,P078,1,86400,0.2,completed,app
O005742,1,2026-04-28T14:34,C0403,P056,1,42700,0.3,completed,app
O005742,2,2026-04-28T14:34,C0403,P020,1,41000,0.0,completed,app
O005743,1,2026-04-28T11:46,C0493,P042,1,85000,0.0,completed,web
O005743,2,2026-04-28T11:46,C0493,P015,1,222000,0.0,completed,web
O005744,1,2026-04-28T15:24,C0418,P043,1,91000,0.0,completed,app
O005744,2,2026-04-28T15:24,C0418,P043,1,91000,0.0,completed,app
O005745,1,2026-04-28T11:22,C0033,P021,1,72000,0.0,completed,web
O005746,1,2026-04-28T14:52,C0041,P060,2,57399,0.3,completed,web
O005746,2,2026-04-28T14:52,C0041,P055,1,61599,0.3,completed,web
O005747,1,2026-04-28T17:04,C0577,P075,1,81000,0.0,completed,app
O005747,2,2026-04-28T17:04,C0577,P021,1,72000,0.0,completed,app
O005748,1,2026-04-28T20:12,C0577,P045,1,64000,0.0,completed,app
O005748,2,2026-04-28T20:12,C0577,P078,1,86400,0.2,completed,app
O005748,3,2026-04-28T20:12,C0577,P042,1,85000,0.0,completed,app
O005749,1,2026-04-28T13:07,C0583,P073,1,60000,0.2,completed,app
O005750,1,2026-04-28T15:02,C0430,P049,1,62400,0.2,completed,app
O005750,2,2026-04-28T15:02,C0430,P043,1,91000,0.0,completed,app
O005750,3,2026-04-28T15:02,C0430,P049,1,62400,0.2,completed,app
O005751,1,2026-04-28T13:32,C0357,P055,1,61599,0.3,completed,app
O005752,1,2026-04-28T13:54,C0044,P040,1,44000,0.0,completed,web
O005752,2,2026-04-28T13:54,C0044,P040,1,44000,0.0,completed,web
O005753,1,2026-04-28T14:58,C0403,P012,1,138000,0.0,completed,app
O005754,1,2026-04-28T23:17,C0279,P066,1,110000,0.0,completed,web
O005755,1,2026-04-28T09:36,C0595,P040,1,44000,0.0,completed,web
O005756,1,2026-04-28T19:04,C0131,P017,1,274000,0.0,completed,app
O005756,2,2026-04-28T19:04,C0131,P010,1,263000,0.0,completed,app
O005756,3,2026-04-28T19:04,C0131,P064,1,127000,0.0,completed,app
O005757,1,2026-04-28T19:10,C0594,P008,1,279000,0.0,completed,app
O005758,1,2026-04-28T14:11,C0566,P017,1,274000,0.0,returned,app
O005759,1,2026-04-28T19:00,C0526,P040,1,44000,0.0,completed,web
O005759,2,2026-04-28T19:00,C0526,P040,1,44000,0.0,completed,web
O005760,1,2026-04-28T19:30,C0123,P037,1,49000,0.0,completed,web
O005761,1,2026-04-28T15:49,C0206,P013,1,271000,0.0,completed,web
O005762,1,2026-04-28T18:07,C0221,P028,1,39000,0.0,completed,app
O005763,1,2026-04-28T14:13,C0058,P063,1,124000,0.0,completed,app
O005764,1,2026-04-28T17:02,C0131,P077,1,69000,0.0,completed,app
O005764,2,2026-04-28T17:02,C0131,P029,1,39000,0.0,completed,app
O005765,1,2026-04-28T00:39,C0583,P064,1,127000,0.0,completed,web
O005766,1,2026-04-28T12:35,C0438,P073,1,60000,0.2,completed,web
O005767,1,2026-04-28T09:50,C0130,P030,1,62000,0.0,cancelled,web
O005767,2,2026-04-28T09:50,C0130,P028,1,39000,0.0,cancelled,web
O005768,1,2026-04-28T20:51,C0361,P046,1,47200,0.2,completed,app
O005769,1,2026-04-28T18:06,C0131,P009,1,155200,0.2,completed,app
O005770,1,2026-04-28T10:14,C0274,P015,1,222000,0.0,completed,app
O005771,1,2026-04-28T18:52,C0186,P016,1,135200,0.2,completed,app
O005771,2,2026-04-28T18:52,C0186,P045,1,64000,0.0,completed,app
O005772,1,2026-04-28T12:06,C0397,P023,1,53000,0.0,completed,app
O005772,2,2026-04-28T12:06,C0397,P021,1,72000,0.0,completed,app
O005773,1,2026-04-28T17:36,C0540,P013,1,271000,0.0,returned,app
O005774,1,2026-04-28T14:43,C0114,P061,1,115000,0.0,completed,app
O005774,2,2026-04-28T14:43,C0114,P008,1,279000,0.0,completed,app
O005775,1,2026-04-28T13:09,C0564,P026,1,48000,0.0,completed,app
O005775,2,2026-04-28T13:09,C0564,P076,1,70700,0.3,completed,app
O005776,1,2026-04-28T18:34,C0284,P008,1,279000,0.0,completed,app
O005777,1,2026-04-28T16:49,C0596,P015,1,222000,0.0,completed,web
O005778,1,2026-04-28T07:20,C0051,P010,1,263000,0.0,completed,app
O005779,1,2026-04-28T12:49,C0479,P073,1,60000,0.2,completed,app
O005780,1,2026-04-28T14:40,C0350,P028,1,39000,0.0,completed,app
O005781,1,2026-04-28T16:38,C0479,P008,1,279000,0.0,completed,app
O005782,1,2026-04-28T18:49,C0438,P008,1,279000,0.0,completed,web
O005783,1,2026-04-28T12:19,C0386,P010,1,263000,0.0,completed,app
O005784,1,2026-04-28T10:50,C0479,P027,1,63000,0.0,completed,app
O005785,1,2026-04-29T08:33,C0321,P020,1,41000,0.0,completed,web
O005786,1,2026-04-29T20:41,C0447,P059,1,66500,0.3,completed,app
O005786,2,2026-04-29T20:41,C0447,P017,1,274000,0.0,completed,app
O005787,1,2026-04-29T19:43,C0275,P056,1,42700,0.3,completed,app
O005788,1,2026-04-29T16:40,C0176,P027,2,63000,0.0,completed,app
O005789,1,2026-04-29T10:26,C0570,P055,1,61599,0.3,completed,web
O005789,2,2026-04-29T10:26,C0570,P055,1,61599,0.3,completed,web
O005789,3,2026-04-29T10:26,C0570,P069,1,122000,0.0,completed,web
O005790,1,2026-04-29T15:50,C0259,P016,1,135200,0.2,completed,web
O005790,2,2026-04-29T15:50,C0259,P040,1,44000,0.0,completed,web
O005791,1,2026-04-29T17:46,C0213,P006,1,275000,0.0,completed,web
O005791,2,2026-04-29T17:46,C0213,P029,1,39000,0.0,completed,web
O005792,1,2026-04-29T19:20,C0321,P014,1,203000,0.0,completed,app
O005792,2,2026-04-29T19:20,C0321,P013,1,271000,0.0,completed,app
O005793,1,2026-04-29T17:19,C0496,P059,1,66500,0.3,completed,app
O005794,1,2026-04-29T09:53,C0155,P062,1,86000,0.0,completed,web
O005794,2,2026-04-29T09:53,C0155,P040,1,44000,0.0,completed,web
O005794,3,2026-04-29T09:53,C0155,P040,1,44000,0.0,completed,web
O005795,1,2026-04-29T04:01,C0212,P031,1,48000,0.2,returned,web
O005796,1,2026-04-29T17:46,C0279,P006,1,275000,0.0,completed,app
O005797,1,2026-04-29T15:30,C0182,P021,1,72000,0.0,cancelled,app
O005797,2,2026-04-29T15:30,C0182,P021,1,72000,0.0,cancelled,app
O005797,3,2026-04-29T15:30,C0182,P008,1,279000,0.0,cancelled,app
O005798,1,2026-04-29T14:21,C0357,P048,1,92000,0.0,returned,app
O005799,1,2026-04-29T15:10,C0506,P037,1,49000,0.0,completed,web
O005800,1,2026-04-29T14:50,C0504,P080,1,109000,0.0,completed,app
O005800,2,2026-04-29T14:50,C0504,P059,1,66500,0.3,completed,app
O005801,1,2026-04-29T12:50,C0515,P010,1,263000,0.0,cancelled,app
O005802,1,2026-04-29T14:02,C0346,P043,1,91000,0.0,completed,app
O005803,1,2026-04-29T20:22,C0411,P043,1,91000,0.0,completed,app
O005804,1,2026-04-29T16:47,C0127,P021,1,72000,0.0,completed,app
O005805,1,2026-04-29T21:24,C0051,P051,1,54600,0.3,completed,web
O005806,1,2026-04-29T12:34,C0383,P043,1,91000,0.0,completed,app
O005807,1,2026-04-29T16:38,C0035,P011,1,265000,0.0,completed,web
O005808,1,2026-04-29T15:13,C0131,P055,1,61599,0.3,completed,app
O005808,2,2026-04-29T15:13,C0131,P076,1,70700,0.3,completed,app
O005809,1,2026-04-29T17:31,C0151,P013,1,271000,0.0,completed,app
O005810,1,2026-04-29T14:37,C0382,P016,1,135200,0.2,completed,web
O005811,1,2026-04-29T16:15,C0148,P013,1,271000,0.0,completed,app
O005812,1,2026-04-29T15:52,C0481,P080,1,109000,0.0,completed,app
O005813,1,2026-04-29T13:09,C0148,P050,1,84000,0.0,completed,app
O005814,1,2026-04-29T17:20,C0479,P016,1,135200,0.2,completed,app
O005815,1,2026-04-29T17:07,C0357,P049,1,62400,0.2,completed,app
O005816,1,2026-04-29T17:18,C0350,P001,1,193000,0.0,completed,app
O005817,1,2026-04-29T09:47,C0131,P055,1,61599,0.3,completed,web
O005817,2,2026-04-29T09:47,C0131,P045,1,64000,0.0,completed,web
O005817,3,2026-04-29T09:47,C0131,P073,1,60000,0.2,completed,web
O005818,1,2026-04-29T07:32,C0477,P017,1,274000,0.0,completed,app
O005818,2,2026-04-29T07:32,C0477,P045,1,64000,0.0,completed,app
O005819,1,2026-04-29T23:48,C0283,P040,1,44000,0.0,completed,app
O005820,1,2026-04-29T15:43,C0393,P080,1,109000,0.0,completed,app
O005820,2,2026-04-29T15:43,C0393,P021,1,72000,0.0,completed,app
O005821,1,2026-04-30T11:28,C0515,P008,1,279000,0.0,completed,app
O005822,1,2026-04-30T12:19,C0496,P040,1,44000,0.0,completed,app
O005823,1,2026-04-30T15:27,C0279,P063,1,124000,0.0,completed,app
O005824,1,2026-04-30T15:23,C0209,P040,1,44000,0.0,completed,web
O005824,2,2026-04-30T15:23,C0209,P036,1,65000,0.0,completed,web
O005825,1,2026-04-30T17:20,C0209,P040,1,44000,0.0,completed,web
O005826,1,2026-04-30T11:49,C0331,P017,1,274000,0.0,returned,app
O005827,1,2026-04-30T14:55,C0113,P052,1,74000,0.0,returned,web
O005827,2,2026-04-30T14:55,C0113,P001,1,193000,0.0,returned,web
O005828,1,2026-04-30T21:13,C0181,P017,1,274000,0.0,completed,app
O005829,1,2026-04-30T17:38,C0271,P019,1,37000,0.0,completed,app
O005829,2,2026-04-30T17:38,C0271,P003,1,136000,0.0,completed,app
O005829,3,2026-04-30T17:38,C0271,P008,1,279000,0.0,completed,app
O005830,1,2026-04-30T11:36,C0371,P040,1,44000,0.0,completed,app
O005831,1,2026-04-30T17:19,C0383,P009,1,155200,0.2,completed,app
O005832,1,2026-04-30T13:29,C0175,P066,1,110000,0.0,returned,web
O005833,1,2026-04-30T15:01,C0526,P040,1,44000,0.0,completed,web
O005834,1,2026-04-30T19:23,C0510,P032,1,36000,0.2,completed,app
O005835,1,2026-04-30T23:55,C0265,P011,1,265000,0.0,completed,web
O005836,1,2026-04-30T13:39,C0493,P042,1,85000,0.0,completed,web
O005836,2,2026-04-30T13:39,C0493,P051,1,54600,0.3,completed,web
O005837,1,2026-04-30T21:47,C0265,P006,1,275000,0.0,completed,web
O005837,2,2026-04-30T21:47,C0265,P040,1,44000,0.0,completed,web
O005837,3,2026-04-30T21:47,C0265,P012,1,138000,0.0,completed,web
O005838,1,2026-04-30T19:33,C0451,P068,1,117000,0.0,completed,app
O005838,2,2026-04-30T19:33,C0451,P066,1,110000,0.0,completed,app
O005839,1,2026-04-30T14:43,C0397,P037,1,49000,0.0,completed,app
O005840,1,2026-04-30T08:00,C0435,P043,1,91000,0.0,completed,web
O005841,1,2026-04-30T11:27,C0058,P040,1,44000,0.0,completed,app
O005842,1,2026-04-30T08:09,C0355,P043,3,91000,0.0,completed,web
O005843,1,2026-04-30T11:43,C0451,P072,1,95000,0.0,completed,app
O005844,1,2026-04-30T19:17,C0100,P021,1,72000,0.0,completed,web
O005844,2,2026-04-30T19:17,C0100,P019,1,37000,0.0,completed,web
O005845,1,2026-04-30T17:06,C0563,P049,1,62400,0.2,completed,app
O005846,1,2026-04-30T17:44,C0479,P075,1,81000,0.0,completed,app
O005846,2,2026-04-30T17:44,C0479,P070,1,114000,0.0,completed,app
O005847,1,2026-04-30T12:26,C0471,P016,1,135200,0.2,completed,web
O005848,1,2026-04-30T15:59,C0246,P008,1,279000,0.0,completed,web
O005849,1,2026-04-30T19:04,C0068,P052,1,74000,0.0,completed,app
O005850,1,2026-04-30T10:26,C0225,P017,1,274000,0.0,returned,web
O005851,1,2026-04-30T11:38,C0479,P015,1,222000,0.0,completed,app
O005852,1,2026-04-30T17:57,C0409,P011,1,265000,0.0,completed,web
O005853,1,2026-04-30T15:35,C0068,P036,1,65000,0.0,completed,app
O005854,1,2026-04-30T19:27,C0058,P040,1,44000,0.0,completed,app
O005855,1,2026-04-30T16:53,C0583,P017,1,274000,0.0,returned,app
O005855,2,2026-04-30T16:53,C0583,P001,1,193000,0.0,returned,app
O005856,1,2026-04-30T16:13,C0221,P005,1,227000,0.0,completed,app
O005857,1,2026-04-30T09:13,C0190,P017,1,274000,0.0,completed,app
O005858,1,2026-04-30T10:31,C0550,P017,1,274000,0.0,completed,web
O005859,1,2026-04-30T15:31,C0545,P015,1,222000,0.0,completed,app
O005860,1,2026-04-30T10:18,C0361,P054,1,50000,0.0,completed,app
O005860,2,2026-04-30T10:18,C0361,P078,1,86400,0.2,completed,app
O005860,3,2026-04-30T10:18,C0361,P006,1,275000,0.0,completed,app
O005861,1,2026-04-30T12:48,C0350,P078,1,86400,0.2,completed,app
O005862,1,2026-04-30T15:09,C0600,P013,1,271000,0.0,completed,app
O005863,1,2026-04-30T13:36,C0570,P078,1,86400,0.2,completed,web
O005864,1,2026-05-01T13:58,C0233,P073,1,60000,0.2,completed,web
O005865,1,2026-05-01T10:08,C0274,P064,1,127000,0.0,completed,app
O005866,1,2026-05-01T17:49,C0018,P027,1,63000,0.0,completed,app
O005867,1,2026-05-01T16:58,C0220,P048,1,92000,0.0,completed,app
O005867,2,2026-05-01T16:58,C0220,P019,1,37000,0.0,completed,app
O005868,1,2026-05-01T09:31,C0327,P043,1,91000,0.0,returned,web
O005869,1,2026-05-01T13:03,C0205,P040,3,44000,0.0,completed,app
O005869,2,2026-05-01T13:03,C0205,P037,1,49000,0.0,completed,app
O005870,1,2026-05-01T13:43,C0214,P055,1,61599,0.3,completed,app
O005871,1,2026-05-01T09:22,C0492,P017,1,274000,0.0,completed,app
O005872,1,2026-05-01T11:40,C0376,P024,1,55000,0.0,completed,web
O005873,1,2026-05-01T17:23,C0044,P064,1,127000,0.0,completed,app
O005873,2,2026-05-01T17:23,C0044,P040,1,44000,0.0,completed,app
O005874,1,2026-05-01T23:18,C0198,P078,1,86400,0.2,completed,web
O005875,1,2026-05-01T13:10,C0091,P064,1,127000,0.0,completed,web
O005876,1,2026-05-01T16:48,C0259,P038,1,38000,0.0,completed,web
O005876,2,2026-05-01T16:48,C0259,P043,1,91000,0.0,completed,web
O005877,1,2026-05-01T12:24,C0190,P055,1,61599,0.3,completed,app
O005878,1,2026-05-01T14:39,C0190,P075,1,81000,0.0,completed,app
O005878,2,2026-05-01T14:39,C0190,P055,1,61599,0.3,completed,app
O005878,3,2026-05-01T14:39,C0190,P044,1,59499,0.3,completed,app
O005879,1,2026-05-01T12:46,C0058,P040,1,44000,0.0,completed,app
O005880,1,2026-05-01T16:56,C0033,P040,1,44000,0.0,completed,web
O005880,2,2026-05-01T16:56,C0033,P071,1,133000,0.0,completed,web
O005880,3,2026-05-01T16:56,C0033,P064,1,127000,0.0,completed,web
O005881,1,2026-05-01T23:11,C0206,P008,1,279000,0.0,completed,web
O005882,1,2026-05-01T15:31,C0281,P064,1,127000,0.0,completed,app
O005883,1,2026-05-01T18:03,C0285,P061,1,115000,0.0,completed,app
O005884,1,2026-05-01T23:52,C0027,P055,1,61599,0.3,completed,app
O005885,1,2026-05-01T22:00,C0333,P040,1,44000,0.0,completed,app
O005885,2,2026-05-01T22:00,C0333,P044,1,59499,0.3,completed,app
O005886,1,2026-05-01T08:15,C0070,P071,1,133000,0.0,completed,web
O005887,1,2026-05-01T15:30,C0100,P040,1,44000,0.0,cancelled,web
O005888,1,2026-05-01T15:49,C0430,P054,1,50000,0.0,completed,app
O005889,1,2026-05-01T15:04,C0164,P037,1,49000,0.0,completed,app
O005890,1,2026-05-01T12:15,C0455,P055,1,61599,0.3,completed,web
O005890,2,2026-05-01T12:15,C0455,P078,1,86400,0.2,completed,web
O005891,1,2026-05-01T14:11,C0220,P043,1,91000,0.0,completed,app
O005891,2,2026-05-01T14:11,C0220,P042,1,85000,0.0,completed,app
O005892,1,2026-05-01T18:49,C0001,P008,1,279000,0.0,completed,web
O005893,1,2026-05-01T14:34,C0493,P011,1,265000,0.0,completed,web
O005894,1,2026-05-01T16:02,C0124,P042,1,85000,0.0,completed,app
O005894,2,2026-05-01T16:02,C0124,P043,1,91000,0.0,completed,app
O005895,1,2026-05-01T14:21,C0325,P073,1,60000,0.2,completed,web
O005896,1,2026-05-01T15:49,C0089,P059,1,66500,0.3,completed,app
O005896,2,2026-05-01T15:49,C0089,P027,1,63000,0.0,completed,app
O005897,1,2026-05-01T04:00,C0502,P007,1,262000,0.0,completed,app
O005898,1,2026-05-01T18:16,C0018,P020,1,41000,0.0,completed,app
O005898,2,2026-05-01T18:16,C0018,P028,1,39000,0.0,completed,app
O005899,1,2026-05-01T14:10,C0389,P059,1,66500,0.3,cancelled,app
O005900,1,2026-05-01T15:36,C0181,P070,1,114000,0.0,completed,app
O005901,1,2026-05-01T22:23,C0100,P065,1,83300,0.3,returned,web
O005901,2,2026-05-01T22:23,C0100,P023,1,53000,0.0,returned,web
O005901,3,2026-05-01T22:23,C0100,P040,1,44000,0.0,returned,web
O005902,1,2026-05-01T11:48,C0592,P070,1,114000,0.0,returned,app
O005903,1,2026-05-01T20:02,C0077,P060,1,57399,0.3,completed,app
O005904,1,2026-05-01T09:51,C0127,P040,1,44000,0.0,completed,app
O005905,1,2026-05-01T16:12,C0068,P001,1,193000,0.0,completed,web
O005905,2,2026-05-01T16:12,C0068,P012,1,138000,0.0,completed,web
O005906,1,2026-05-01T14:35,C0430,P028,1,39000,0.0,completed,app
O005907,1,2026-05-01T15:38,C0431,P078,1,86400,0.2,completed,web
O005908,1,2026-05-01T22:11,C0556,P014,1,203000,0.0,completed,app
O005909,1,2026-05-01T10:15,C0274,P017,1,274000,0.0,completed,app
O005910,1,2026-05-01T17:14,C0430,P076,1,70700,0.3,completed,app
O005911,1,2026-05-01T12:14,C0068,P001,1,193000,0.0,completed,app
O005912,1,2026-05-01T14:43,C0099,P006,1,275000,0.0,completed,app
O005912,2,2026-05-01T14:43,C0099,P010,1,263000,0.0,completed,app
O005913,1,2026-05-01T14:53,C0357,P039,1,45000,0.0,completed,app
O005913,2,2026-05-01T14:53,C0357,P074,1,85600,0.2,completed,app
O005914,1,2026-05-01T20:59,C0435,P077,1,69000,0.0,completed,web
O005914,2,2026-05-01T20:59,C0435,P027,1,63000,0.0,completed,web
O005915,1,2026-05-01T22:49,C0265,P036,1,65000,0.0,completed,web
O005915,2,2026-05-01T22:49,C0265,P020,1,41000,0.0,completed,web
O005916,1,2026-05-01T18:55,C0196,P027,1,63000,0.0,completed,app
O005916,2,2026-05-01T18:55,C0196,P038,1,38000,0.0,completed,app
O005917,1,2026-05-01T16:38,C0428,P064,1,127000,0.0,completed,app
O005918,1,2026-05-01T12:08,C0249,P072,1,95000,0.0,cancelled,web
O005919,1,2026-05-02T18:54,C0502,P001,1,193000,0.0,completed,web
O005920,1,2026-05-02T13:03,C0010,P048,1,92000,0.0,completed,web
O005921,1,2026-05-02T16:00,C0406,P055,1,61599,0.3,completed,app
O005922,1,2026-05-02T17:14,C0279,P008,1,279000,0.0,completed,app
O005923,1,2026-05-02T13:21,C0451,P069,1,122000,0.0,completed,web
O005924,1,2026-05-02T21:53,C0443,P075,1,81000,0.0,completed,app
O005925,1,2026-05-02T13:43,C0477,P025,1,54000,0.0,completed,web
O005926,1,2026-05-02T13:00,C0502,P008,1,279000,0.0,completed,app
O005927,1,2026-05-02T16:48,C0396,P076,1,70700,0.3,completed,app
O005928,1,2026-05-02T11:53,C0220,P040,1,44000,0.0,cancelled,app
O005929,1,2026-05-02T13:54,C0302,P006,1,275000,0.0,completed,app
O005930,1,2026-05-02T16:26,C0353,P045,1,64000,0.0,completed,app
O005930,2,2026-05-02T16:26,C0353,P043,1,91000,0.0,completed,app
O005931,1,2026-05-02T15:07,C0138,P055,1,61599,0.3,completed,web
O005932,1,2026-05-02T13:46,C0486,P049,1,62400,0.2,completed,web
O005932,2,2026-05-02T13:46,C0486,P056,1,42700,0.3,completed,web
O005933,1,2026-05-02T15:58,C0582,P006,1,275000,0.0,completed,app
O005934,1,2026-05-02T15:11,C0545,P064,1,127000,0.0,returned,app
O005935,1,2026-05-02T14:34,C0234,P030,1,62000,0.0,completed,web
O005936,1,2026-05-02T20:02,C0479,P069,1,122000,0.0,completed,app
O005937,1,2026-05-02T19:01,C0333,P055,1,61599,0.3,returned,app
O005938,1,2026-05-02T14:08,C0250,P040,1,44000,0.0,completed,app
O005938,2,2026-05-02T14:08,C0250,P028,1,39000,0.0,completed,app
O005938,3,2026-05-02T14:08,C0250,P033,1,65000,0.0,completed,app
O005939,1,2026-05-02T18:57,C0011,P024,1,55000,0.0,completed,app
O005939,2,2026-05-02T18:57,C0011,P040,1,44000,0.0,completed,app
O005940,1,2026-05-02T10:38,C0215,P019,1,37000,0.0,completed,app
O005941,1,2026-05-02T09:47,C0504,P043,1,91000,0.0,completed,app
O005942,1,2026-05-02T18:26,C0175,P032,1,36000,0.2,completed,web
O005943,1,2026-05-02T07:59,C0110,P043,1,91000,0.0,returned,app
O005943,2,2026-05-02T07:59,C0110,P043,1,91000,0.0,returned,app
O005944,1,2026-05-02T22:32,C0560,P050,1,84000,0.0,completed,web
O005945,1,2026-05-02T16:49,C0312,P032,1,36000,0.2,completed,web
O005946,1,2026-05-02T08:57,C0249,P040,1,44000,0.0,completed,app
O005946,2,2026-05-02T08:57,C0249,P038,1,38000,0.0,completed,app
O005947,1,2026-05-02T17:15,C0436,P069,1,122000,0.0,completed,web
O005948,1,2026-05-02T20:16,C0089,P049,1,62400,0.2,completed,app
O005948,2,2026-05-02T20:16,C0089,P059,1,66500,0.3,completed,app
O005949,1,2026-05-02T13:54,C0153,P040,1,44000,0.0,completed,app
O005949,2,2026-05-02T13:54,C0153,P028,1,39000,0.0,completed,app
O005950,1,2026-05-02T11:49,C0005,P015,1,222000,0.0,completed,app
O005951,1,2026-05-02T18:31,C0333,P027,1,63000,0.0,completed,app
O005952,1,2026-05-02T14:07,C0496,P040,1,44000,0.0,completed,app
O005953,1,2026-05-02T21:41,C0367,P053,1,100000,0.0,completed,app
O005954,1,2026-05-02T16:31,C0334,P040,1,44000,0.0,completed,web
O005955,1,2026-05-02T20:19,C0526,P037,1,49000,0.0,completed,web
O005956,1,2026-05-02T18:22,C0383,P075,1,81000,0.0,completed,app
O005957,1,2026-05-02T18:53,C0206,P080,1,109000,0.0,completed,web
O005957,2,2026-05-02T18:53,C0206,P040,1,44000,0.0,completed,web
O005958,1,2026-05-02T18:25,C0545,P021,1,72000,0.0,completed,app
O005959,1,2026-05-02T17:05,C0311,P055,1,61599,0.3,completed,web
O005960,1,2026-05-02T15:06,C0577,P055,1,61599,0.3,completed,app
O005961,1,2026-05-02T12:49,C0155,P023,1,53000,0.0,completed,app
O005961,2,2026-05-02T12:49,C0155,P071,1,133000,0.0,completed,app
O005962,1,2026-05-02T20:46,C0148,P040,1,44000,0.0,cancelled,app
O005963,1,2026-05-02T12:56,C0335,P030,1,62000,0.0,completed,web
O005964,1,2026-05-02T21:55,C0502,P040,1,44000,0.0,completed,web
O005965,1,2026-05-02T20:38,C0477,P040,1,44000,0.0,completed,app
O005965,2,2026-05-02T20:38,C0477,P059,1,66500,0.3,completed,app
O005966,1,2026-05-02T17:37,C0453,P080,1,109000,0.0,completed,app
O005967,1,2026-05-02T17:41,C0220,P019,1,37000,0.0,completed,app
O005968,1,2026-05-02T20:34,C0249,P040,1,44000,0.0,cancelled,app
O005969,1,2026-05-02T17:34,C0481,P040,1,44000,0.0,completed,web
O005970,1,2026-05-02T17:59,C0284,P072,1,95000,0.0,completed,app
O005971,1,2026-05-02T17:02,C0220,P039,1,45000,0.0,completed,app
O005972,1,2026-05-02T17:49,C0582,P075,1,81000,0.0,cancelled,app
O005972,2,2026-05-02T17:49,C0582,P078,1,86400,0.2,cancelled,app
O005973,1,2026-05-02T07:11,C0564,P070,1,114000,0.0,completed,web
O005974,1,2026-05-02T21:07,C0110,P040,1,44000,0.0,completed,web
O005974,2,2026-05-02T21:07,C0110,P057,1,64399,0.3,completed,web
O005975,1,2026-05-02T18:12,C0192,P040,1,44000,0.0,completed,app
O005976,1,2026-05-02T12:43,C0467,P035,1,49000,0.0,completed,app
O005977,1,2026-05-02T15:43,C0051,P021,1,72000,0.0,completed,app
O005978,1,2026-05-02T16:46,C0451,P031,1,48000,0.2,completed,app
O005979,1,2026-05-02T12:38,C0493,P076,1,70700,0.3,completed,web
O005979,2,2026-05-02T12:38,C0493,P031,1,48000,0.2,completed,web
O005980,1,2026-05-02T14:07,C0517,P040,1,44000,0.0,completed,web
O005981,1,2026-05-03T11:36,C0406,P080,1,109000,0.0,completed,app
O005981,2,2026-05-03T11:36,C0406,P052,1,74000,0.0,completed,app
O005982,1,2026-05-03T09:32,C0010,P023,1,53000,0.0,completed,web
O005982,2,2026-05-03T09:32,C0010,P071,1,133000,0.0,completed,web
O005983,1,2026-05-03T15:03,C0214,P048,1,92000,0.0,completed,app
O005984,1,2026-05-03T15:04,C0559,P049,1,62400,0.2,completed,web
O005985,1,2026-05-03T13:53,C0573,P030,2,62000,0.0,completed,web
O005985,2,2026-05-03T13:53,C0573,P040,3,44000,0.0,completed,web
O005986,1,2026-05-03T14:57,C0046,P061,1,115000,0.0,completed,web
O005987,1,2026-05-03T13:46,C0275,P055,1,61599,0.3,completed,app
O005987,2,2026-05-03T13:46,C0275,P055,1,61599,0.3,completed,app
O005988,1,2026-05-03T08:45,C0208,P077,1,69000,0.0,completed,web
O005989,1,2026-05-03T16:11,C0099,P038,1,38000,0.0,completed,app
O005990,1,2026-05-03T08:48,C0266,P040,1,44000,0.0,completed,web
O005991,1,2026-05-03T15:03,C0482,P029,2,39000,0.0,completed,web
O005992,1,2026-05-03T20:07,C0353,P055,1,61599,0.3,cancelled,app
O005993,1,2026-05-03T17:16,C0148,P043,1,91000,0.0,completed,app
O005994,1,2026-05-03T13:43,C0005,P001,1,193000,0.0,returned,app
O005995,1,2026-05-03T15:52,C0190,P066,1,110000,0.0,completed,web
O005996,1,2026-05-03T13:14,C0335,P040,1,44000,0.0,completed,web
O005997,1,2026-05-03T14:25,C0196,P040,1,44000,0.0,completed,app
O005997,2,2026-05-03T14:25,C0196,P017,1,274000,0.0,completed,app
O005997,3,2026-05-03T14:25,C0196,P039,1,45000,0.0,completed,app
O005998,1,2026-05-03T13:56,C0183,P077,1,69000,0.0,completed,web
O005999,1,2026-05-03T11:28,C0240,P043,1,91000,0.0,completed,app
O005999,2,2026-05-03T11:28,C0240,P058,1,79200,0.2,completed,app
O006000,1,2026-05-03T07:23,C0274,P040,1,44000,0.0,completed,web
O006000,2,2026-05-03T07:23,C0274,P055,1,61599,0.3,completed,web
O006001,1,2026-05-03T16:01,C0406,P043,1,91000,0.0,completed,app
O006001,2,2026-05-03T16:01,C0406,P069,1,122000,0.0,completed,app
O006002,1,2026-05-03T14:41,C0113,P040,1,44000,0.0,returned,web
O006003,1,2026-05-03T10:05,C0294,P040,1,44000,0.0,completed,app
O006003,2,2026-05-03T10:05,C0294,P040,1,44000,0.0,completed,app
O006004,1,2026-05-03T17:19,C0519,P064,1,127000,0.0,completed,web
O006005,1,2026-05-03T15:25,C0582,P015,1,222000,0.0,completed,app
O006005,2,2026-05-03T15:25,C0582,P030,1,62000,0.0,completed,app
O006006,1,2026-05-03T23:29,C0361,P001,1,193000,0.0,completed,app
O006006,2,2026-05-03T23:29,C0361,P038,1,38000,0.0,completed,app
O006007,1,2026-05-03T10:58,C0209,P016,1,135200,0.2,completed,app
O006008,1,2026-05-03T21:54,C0492,P040,1,44000,0.0,completed,app
O006009,1,2026-05-03T12:50,C0521,P042,1,85000,0.0,completed,web
O006010,1,2026-05-03T13:17,C0005,P057,1,64399,0.3,completed,app
O006011,1,2026-05-03T09:50,C0050,P052,1,74000,0.0,completed,web
O006012,1,2026-05-03T14:25,C0479,P028,1,39000,0.0,completed,app
O006013,1,2026-05-03T07:16,C0192,P040,1,44000,0.0,completed,web
O006014,1,2026-05-03T12:05,C0463,P040,1,44000,0.0,completed,web
O006015,1,2026-05-03T14:42,C0558,P010,1,263000,0.0,completed,web
O006016,1,2026-05-03T16:11,C0279,P001,1,193000,0.0,completed,web
O006016,2,2026-05-03T16:11,C0279,P078,1,86400,0.2,completed,web
O006017,1,2026-05-03T14:58,C0274,P048,1,92000,0.0,completed,web
O006017,2,2026-05-03T14:58,C0274,P026,1,48000,0.0,completed,web
O006018,1,2026-05-03T15:45,C0346,P040,1,44000,0.0,completed,app
O006019,1,2026-05-03T13:04,C0001,P077,1,69000,0.0,completed,web
O006019,2,2026-05-03T13:04,C0001,P027,1,63000,0.0,completed,web
O006019,3,2026-05-03T13:04,C0001,P040,1,44000,0.0,completed,web
O006020,1,2026-05-03T18:12,C0469,P080,1,109000,0.0,completed,app
O006020,2,2026-05-03T18:12,C0469,P021,1,72000,0.0,completed,app
O006021,1,2026-05-03T10:20,C0294,P019,1,37000,0.0,completed,app
O006021,2,2026-05-03T10:20,C0294,P026,1,48000,0.0,completed,app
O006022,1,2026-05-03T09:55,C0404,P042,2,85000,0.0,completed,app
O006023,1,2026-05-03T09:10,C0243,P037,1,49000,0.0,completed,web
O006024,1,2026-05-03T07:42,C0054,P028,1,39000,0.0,completed,web
O006025,1,2026-05-03T14:43,C0036,P050,1,84000,0.0,completed,app
O006026,1,2026-05-03T09:04,C0026,P021,1,72000,0.0,completed,app
O006027,1,2026-05-03T17:28,C0579,P040,1,44000,0.0,completed,app
O006028,1,2026-05-04T11:23,C0274,P043,1,91000,0.0,completed,app
O006029,1,2026-05-04T17:25,C0596,P069,1,122000,0.0,completed,web
O006029,2,2026-05-04T17:25,C0596,P064,1,127000,0.0,completed,web
O006030,1,2026-05-04T18:14,C0425,P014,1,203000,0.0,cancelled,web
O006031,1,2026-05-04T13:14,C0051,P074,1,85600,0.2,completed,app
O006032,1,2026-05-04T11:42,C0212,P040,1,44000,0.0,completed,app
O006033,1,2026-05-04T06:58,C0190,P050,1,84000,0.0,completed,app
O006034,1,2026-05-04T10:32,C0444,P064,1,127000,0.0,completed,web
O006035,1,2026-05-04T22:51,C0146,P042,1,85000,0.0,completed,web
O006036,1,2026-05-04T12:48,C0001,P006,1,275000,0.0,completed,web
O006037,1,2026-05-04T17:40,C0251,P037,1,49000,0.0,completed,app
O006038,1,2026-05-04T11:01,C0570,P040,1,44000,0.0,returned,web
O006038,2,2026-05-04T11:01,C0570,P043,1,91000,0.0,returned,web
O006039,1,2026-05-04T10:51,C0515,P016,1,135200,0.2,completed,app
O006039,2,2026-05-04T10:51,C0515,P013,1,271000,0.0,completed,app
O006040,1,2026-05-04T15:32,C0467,P038,1,38000,0.0,completed,app
O006041,1,2026-05-04T18:34,C0499,P043,1,91000,0.0,completed,app
O006041,2,2026-05-04T18:34,C0499,P016,1,135200,0.2,completed,app
O006042,1,2026-05-04T20:18,C0575,P040,1,44000,0.0,completed,web
O006043,1,2026-05-04T15:50,C0024,P032,1,36000,0.2,completed,web
O006044,1,2026-05-04T15:38,C0519,P064,1,127000,0.0,completed,web
O006045,1,2026-05-04T13:32,C0068,P045,1,64000,0.0,cancelled,app
O006046,1,2026-05-04T16:51,C0592,P051,1,54600,0.3,cancelled,app
O006047,1,2026-05-04T14:26,C0248,P050,1,84000,0.0,completed,web
O006048,1,2026-05-04T14:23,C0403,P010,1,263000,0.0,completed,app
O006048,2,2026-05-04T14:23,C0403,P044,1,59499,0.3,completed,app
O006049,1,2026-05-04T15:15,C0564,P040,1,44000,0.0,returned,app
O006049,2,2026-05-04T15:15,C0564,P055,1,61599,0.3,returned,app
O006050,1,2026-05-04T17:58,C0544,P040,2,44000,0.0,completed,web
O006050,2,2026-05-04T17:58,C0544,P017,2,274000,0.0,completed,web
O006051,1,2026-05-04T08:14,C0272,P040,1,44000,0.0,completed,web
O006052,1,2026-05-04T11:24,C0556,P020,1,41000,0.0,completed,app
O006053,1,2026-05-04T09:43,C0357,P043,1,91000,0.0,completed,app
O006054,1,2026-05-04T13:25,C0499,P059,1,66500,0.3,completed,app
O006055,1,2026-05-04T20:27,C0600,P020,1,41000,0.0,completed,app
O006056,1,2026-05-04T18:14,C0451,P073,1,60000,0.2,completed,app
O006057,1,2026-05-04T21:56,C0099,P016,1,135200,0.2,cancelled,web
O006058,1,2026-05-04T15:03,C0215,P042,1,85000,0.0,completed,web
O006059,1,2026-05-04T17:31,C0589,P040,1,44000,0.0,completed,app
O006060,1,2026-05-04T21:02,C0085,P015,1,222000,0.0,completed,web
O006061,1,2026-05-04T18:59,C0231,P008,1,279000,0.0,completed,app
O006062,1,2026-05-04T22:50,C0589,P038,1,38000,0.0,completed,app
O006063,1,2026-05-04T11:18,C0430,P042,1,85000,0.0,completed,app
O006064,1,2026-05-04T14:33,C0086,P043,1,91000,0.0,completed,web
O006065,1,2026-05-04T14:23,C0283,P015,1,222000,0.0,completed,app
O006066,1,2026-05-04T17:53,C0001,P017,1,274000,0.0,completed,web
O006067,1,2026-05-04T14:58,C0303,P073,1,60000,0.2,completed,web
O006067,2,2026-05-04T14:58,C0303,P028,1,39000,0.0,completed,web
O006068,1,2026-05-04T08:35,C0033,P073,1,60000,0.2,completed,web
O006068,2,2026-05-04T08:35,C0033,P040,1,44000,0.0,completed,web
O006068,3,2026-05-04T08:35,C0033,P080,1,109000,0.0,completed,web
O006069,1,2026-05-04T12:29,C0450,P048,1,92000,0.0,completed,app
O006070,1,2026-05-04T15:13,C0266,P040,1,44000,0.0,completed,web
O006071,1,2026-05-04T07:11,C0567,P028,1,39000,0.0,completed,app
O006071,2,2026-05-04T07:11,C0567,P049,1,62400,0.2,completed,app
O006072,1,2026-05-04T09:39,C0053,P038,1,38000,0.0,completed,web
O006072,2,2026-05-04T09:39,C0053,P020,1,41000,0.0,completed,web
O006073,1,2026-05-04T12:15,C0467,P043,1,91000,0.0,completed,app
O006074,1,2026-05-04T13:55,C0077,P026,1,48000,0.0,completed,app
O006075,1,2026-05-04T05:13,C0547,P043,1,91000,0.0,completed,web
O006076,1,2026-05-04T12:00,C0534,P073,1,60000,0.2,completed,web
O006077,1,2026-05-04T15:36,C0140,P076,1,70700,0.3,completed,app
O006078,1,2026-05-04T17:45,C0479,P048,1,92000,0.0,completed,app
O006078,2,2026-05-04T17:45,C0479,P030,1,62000,0.0,completed,app
O006079,1,2026-05-04T03:12,C0010,P020,1,41000,0.0,completed,web
O006080,1,2026-05-04T11:20,C0265,P077,1,69000,0.0,completed,web
O006080,2,2026-05-04T11:20,C0265,P042,1,85000,0.0,completed,web
O006081,1,2026-05-05T05:28,C0129,P050,1,84000,0.0,completed,app
O006081,2,2026-05-05T05:28,C0129,P020,1,41000,0.0,completed,app
O006081,3,2026-05-05T05:28,C0129,P045,1,64000,0.0,completed,app
O006082,1,2026-05-05T12:48,C0058,P064,1,127000,0.0,completed,app
O006082,2,2026-05-05T12:48,C0058,P040,1,44000,0.0,completed,app
O006083,1,2026-05-05T19:48,C0457,P073,1,60000,0.2,completed,web
O006084,1,2026-05-05T19:38,C0382,P042,1,85000,0.0,completed,web
O006085,1,2026-05-05T12:59,C0397,P052,1,74000,0.0,completed,app
O006086,1,2026-05-05T15:08,C0494,P020,1,41000,0.0,completed,app
O006087,1,2026-05-05T10:11,C0174,P028,1,39000,0.0,completed,app
O006088,1,2026-05-05T13:14,C0295,P064,1,127000,0.0,completed,app
O006088,2,2026-05-05T13:14,C0295,P070,1,114000,0.0,completed,app
O006089,1,2026-05-05T12:12,C0124,P052,1,74000,0.0,completed,app
O006089,2,2026-05-05T12:12,C0124,P007,1,262000,0.0,completed,app
O006090,1,2026-05-05T12:24,C0451,P065,1,83300,0.3,completed,app
O006091,1,2026-05-05T17:13,C0010,P064,1,127000,0.0,completed,web
O006092,1,2026-05-05T18:56,C0274,P006,1,275000,0.0,completed,app
O006092,2,2026-05-05T18:56,C0274,P051,1,54600,0.3,completed,app
O006093,1,2026-05-05T15:59,C0221,P060,1,57399,0.3,completed,web
O006094,1,2026-05-05T13:29,C0584,P008,1,279000,0.0,completed,web
O006095,1,2026-05-05T12:39,C0403,P009,1,155200,0.2,completed,app
O006096,1,2026-05-05T17:16,C0248,P028,1,39000,0.0,completed,app
O006097,1,2026-05-05T21:07,C0567,P032,1,36000,0.2,completed,app
O006098,1,2026-05-05T21:33,C0123,P030,1,62000,0.0,completed,web
O006099,1,2026-05-05T15:38,C0013,P008,1,279000,0.0,completed,app
O006100,1,2026-05-05T13:37,C0153,P020,1,41000,0.0,completed,app
O006100,2,2026-05-05T13:37,C0153,P001,1,193000,0.0,completed,app
O006100,3,2026-05-05T13:37,C0153,P021,1,72000,0.0,completed,app
O006101,1,2026-05-05T13:55,C0044,P030,1,62000,0.0,completed,app
O006101,2,2026-05-05T13:55,C0044,P028,1,39000,0.0,completed,app
O006101,3,2026-05-05T13:55,C0044,P074,1,85600,0.2,completed,app
O006102,1,2026-05-05T14:39,C0455,P030,1,62000,0.0,completed,web
O006102,2,2026-05-05T14:39,C0455,P055,1,61599,0.3,completed,web
O006103,1,2026-05-05T11:58,C0155,P043,1,91000,0.0,completed,web
O006103,2,2026-05-05T11:58,C0155,P069,1,122000,0.0,completed,web
O006104,1,2026-05-05T18:55,C0383,P072,1,95000,0.0,completed,app
O006105,1,2026-05-05T15:36,C0206,P073,1,60000,0.2,completed,web
O006106,1,2026-05-05T18:17,C0033,P048,1,92000,0.0,completed,web
O006107,1,2026-05-05T09:52,C0040,P019,2,37000,0.0,completed,web
O006107,2,2026-05-05T09:52,C0040,P021,3,72000,0.0,completed,web
O006108,1,2026-05-05T18:47,C0519,P040,1,44000,0.0,completed,web
O006109,1,2026-05-05T17:33,C0386,P042,1,85000,0.0,completed,app
O006109,2,2026-05-05T17:33,C0386,P017,1,274000,0.0,completed,app
O006110,1,2026-05-05T11:36,C0492,P071,1,133000,0.0,completed,app
O006111,1,2026-05-05T14:53,C0353,P051,1,54600,0.3,completed,app
O006112,1,2026-05-05T21:50,C0471,P021,1,72000,0.0,completed,web
O006113,1,2026-05-05T15:42,C0529,P049,1,62400,0.2,completed,web
O006114,1,2026-05-05T11:17,C0294,P040,1,44000,0.0,completed,app
O006115,1,2026-05-05T14:55,C0295,P047,1,58000,0.0,completed,app
O006116,1,2026-05-05T07:58,C0595,P036,1,65000,0.0,completed,web
O006117,1,2026-05-05T18:15,C0570,P064,1,127000,0.0,completed,web
O006117,2,2026-05-05T18:15,C0570,P059,1,66500,0.3,completed,web
O006118,1,2026-05-05T12:51,C0181,P064,1,127000,0.0,completed,app
O006119,1,2026-05-05T14:12,C0066,P008,1,279000,0.0,completed,app
O006120,1,2026-05-05T14:03,C0246,P073,1,60000,0.2,completed,web
O006120,2,2026-05-05T14:03,C0246,P015,1,222000,0.0,completed,web
O006121,1,2026-05-05T19:22,C0134,P040,1,44000,0.0,returned,web
O006122,1,2026-05-05T13:51,C0335,P006,1,275000,0.0,returned,web
O006123,1,2026-05-05T16:41,C0504,P021,1,72000,0.0,completed,app
O006123,2,2026-05-05T16:41,C0504,P042,1,85000,0.0,completed,app
O006124,1,2026-05-05T06:30,C0526,P056,1,42700,0.3,completed,web
O006124,2,2026-05-05T06:30,C0526,P060,1,57399,0.3,completed,web
O006125,1,2026-05-05T12:56,C0129,P006,1,275000,0.0,completed,app
O006125,2,2026-05-05T12:56,C0129,P042,1,85000,0.0,completed,app
O006125,3,2026-05-05T12:56,C0129,P061,1,115000,0.0,completed,app
O006126,1,2026-05-05T18:13,C0443,P056,1,42700,0.3,completed,app
O006127,1,2026-05-06T15:33,C0492,P008,1,279000,0.0,completed,app
O006128,1,2026-05-06T22:49,C0182,P034,1,57000,0.0,completed,app
O006128,2,2026-05-06T22:49,C0182,P020,1,41000,0.0,completed,app
O006129,1,2026-05-06T15:09,C0350,P040,1,44000,0.0,completed,web
O006130,1,2026-05-06T12:07,C0003,P073,1,60000,0.2,completed,app
O006131,1,2026-05-06T08:14,C0383,P017,1,274000,0.0,completed,web
O006131,2,2026-05-06T08:14,C0383,P009,1,155200,0.2,completed,web
O006132,1,2026-05-06T14:30,C0190,P034,1,57000,0.0,completed,web
O006133,1,2026-05-06T11:52,C0401,P073,1,60000,0.2,completed,web
O006134,1,2026-05-06T16:32,C0164,P039,1,45000,0.0,completed,app
O006134,2,2026-05-06T16:32,C0164,P064,1,127000,0.0,completed,app
O006135,1,2026-05-06T19:11,C0433,P053,1,100000,0.0,completed,web
O006136,1,2026-05-06T08:55,C0538,P039,1,45000,0.0,completed,web
O006137,1,2026-05-06T10:50,C0094,P072,1,95000,0.0,returned,web
O006138,1,2026-05-06T17:28,C0271,P026,1,48000,0.0,completed,web
O006139,1,2026-05-06T14:20,C0493,P008,1,279000,0.0,completed,web
O006139,2,2026-05-06T14:20,C0493,P021,1,72000,0.0,completed,web
O006140,1,2026-05-06T14:40,C0220,P055,1,61599,0.3,completed,app
O006141,1,2026-05-06T10:06,C0209,P038,1,38000,0.0,completed,app
O006141,2,2026-05-06T10:06,C0209,P040,1,44000,0.0,completed,app
O006142,1,2026-05-06T16:50,C0368,P041,2,74000,0.0,completed,web
O006142,2,2026-05-06T16:50,C0368,P036,1,65000,0.0,completed,web
O006143,1,2026-05-06T14:02,C0333,P050,1,84000,0.0,completed,app
O006144,1,2026-05-06T16:25,C0058,P021,1,72000,0.0,completed,app
O006144,2,2026-05-06T16:25,C0058,P063,1,124000,0.0,completed,app
O006144,3,2026-05-06T16:25,C0058,P044,1,59499,0.3,completed,app
O006145,1,2026-05-06T04:21,C0108,P052,2,74000,0.0,completed,web
O006146,1,2026-05-06T16:18,C0206,P017,1,274000,0.0,completed,web
O006146,2,2026-05-06T16:18,C0206,P028,1,39000,0.0,completed,web
O006147,1,2026-05-06T12:21,C0044,P048,1,92000,0.0,completed,app
O006147,2,2026-05-06T12:21,C0044,P027,1,63000,0.0,completed,app
O006148,1,2026-05-06T21:15,C0033,P061,1,115000,0.0,completed,web
O006149,1,2026-05-06T13:44,C0502,P040,1,44000,0.0,completed,web
O006150,1,2026-05-06T21:17,C0477,P040,1,44000,0.0,completed,app
O006151,1,2026-05-06T14:31,C0265,P040,1,44000,0.0,completed,web
O006152,1,2026-05-06T13:49,C0454,P043,1,91000,0.0,completed,web
O006153,1,2026-05-06T16:06,C0479,P064,1,127000,0.0,completed,app
O006154,1,2026-05-06T18:23,C0495,P061,1,115000,0.0,completed,app
O006155,1,2026-05-06T16:55,C0489,P068,1,117000,0.0,completed,web
O006156,1,2026-05-06T15:50,C0383,P051,1,54600,0.3,completed,app
O006157,1,2026-05-06T17:46,C0044,P027,1,63000,0.0,completed,app
O006158,1,2026-05-06T14:59,C0113,P040,1,44000,0.0,completed,web
O006159,1,2026-05-06T16:21,C0393,P032,1,36000,0.2,completed,app
O006160,1,2026-05-06T11:11,C0467,P069,1,122000,0.0,completed,app
O006160,2,2026-05-06T11:11,C0467,P055,1,61599,0.3,completed,app
O006161,1,2026-05-06T12:54,C0045,P042,1,85000,0.0,completed,web
O006162,1,2026-05-06T10:48,C0522,P060,1,57399,0.3,completed,app
O006163,1,2026-05-06T10:19,C0081,P043,1,91000,0.0,completed,web
O006164,1,2026-05-06T14:48,C0469,P034,1,57000,0.0,returned,app
O006165,1,2026-05-06T16:24,C0283,P042,1,85000,0.0,completed,web
O006165,2,2026-05-06T16:24,C0283,P079,1,115000,0.0,completed,web
O006166,1,2026-05-06T12:40,C0295,P049,1,62400,0.2,completed,app
O006167,1,2026-05-06T11:50,C0146,P042,1,85000,0.0,completed,app
O006168,1,2026-05-06T11:26,C0598,P077,1,69000,0.0,completed,web
O006169,1,2026-05-06T17:43,C0067,P042,1,85000,0.0,completed,web
O006170,1,2026-05-06T14:13,C0436,P055,1,61599,0.3,completed,app
O006171,1,2026-05-06T20:20,C0573,P080,3,109000,0.0,completed,web
O006171,2,2026-05-06T20:20,C0573,P042,3,85000,0.0,completed,web
O006172,1,2026-05-06T16:29,C0242,P074,1,85600,0.2,completed,web
O006173,1,2026-05-06T10:42,C0418,P043,1,91000,0.0,completed,app
O006174,1,2026-05-06T14:38,C0391,P040,1,44000,0.0,completed,web
O006175,1,2026-05-07T12:49,C0447,P017,1,274000,0.0,completed,app
O006176,1,2026-05-07T17:09,C0279,P064,1,127000,0.0,completed,app
O006177,1,2026-05-07T18:15,C0188,P021,1,72000,0.0,returned,web
O006178,1,2026-05-07T09:07,C0148,P011,1,265000,0.0,returned,app
O006178,2,2026-05-07T09:07,C0148,P042,1,85000,0.0,returned,app
O006179,1,2026-05-07T14:54,C0346,P055,1,61599,0.3,completed,web
O006180,1,2026-05-07T23:12,C0595,P043,1,91000,0.0,completed,app
O006181,1,2026-05-07T14:35,C0524,P040,1,44000,0.0,completed,web
O006181,2,2026-05-07T14:35,C0524,P040,3,44000,0.0,completed,web
O006182,1,2026-05-07T08:55,C0437,P030,1,62000,0.0,completed,app
O006183,1,2026-05-07T15:40,C0564,P071,1,133000,0.0,completed,app
O006184,1,2026-05-07T20:27,C0492,P017,1,274000,0.0,completed,app
O006184,2,2026-05-07T20:27,C0492,P056,1,42700,0.3,completed,app
O006185,1,2026-05-07T16:27,C0057,P040,1,44000,0.0,completed,app
O006186,1,2026-05-07T19:13,C0096,P075,1,81000,0.0,completed,app
O006187,1,2026-05-07T14:55,C0193,P020,1,41000,0.0,cancelled,app
O006188,1,2026-05-07T12:47,C0390,P063,1,124000,0.0,completed,app
O006189,1,2026-05-07T12:16,C0148,P008,1,279000,0.0,completed,app
O006189,2,2026-05-07T12:16,C0148,P011,1,265000,0.0,completed,app
O006189,3,2026-05-07T12:16,C0148,P006,1,275000,0.0,completed,app
O006190,1,2026-05-07T19:50,C0174,P008,1,279000,0.0,returned,web
O006191,1,2026-05-07T15:31,C0174,P017,1,274000,0.0,completed,app
O006192,1,2026-05-07T08:36,C0397,P040,1,44000,0.0,completed,app
O006192,2,2026-05-07T08:36,C0397,P027,1,63000,0.0,completed,app
O006192,3,2026-05-07T08:36,C0397,P079,1,115000,0.0,completed,app
O006193,1,2026-05-07T22:51,C0357,P049,1,54600,0.3,completed,app
O006193,2,2026-05-07T22:51,C0357,P052,1,74000,0.0,completed,app
O006194,1,2026-05-07T14:39,C0596,P008,1,279000,0.0,completed,web
O006194,2,2026-05-07T14:39,C0596,P069,1,122000,0.0,completed,web
O006194,3,2026-05-07T14:39,C0596,P071,1,133000,0.0,completed,web
O006195,1,2026-05-07T13:05,C0400,P037,1,49000,0.0,completed,app
O006195,2,2026-05-07T13:05,C0400,P032,1,36000,0.2,completed,app
O006196,1,2026-05-07T14:50,C0131,P070,1,114000,0.0,completed,app
O006196,2,2026-05-07T14:50,C0131,P042,1,85000,0.0,completed,app
O006197,1,2026-05-07T13:42,C0167,P027,1,63000,0.0,cancelled,app
O006198,1,2026-05-07T11:56,C0383,P017,1,274000,0.0,completed,app
O006198,2,2026-05-07T11:56,C0383,P040,1,44000,0.0,completed,app
O006199,1,2026-05-07T15:16,C0436,P040,1,44000,0.0,cancelled,app
O006200,1,2026-05-07T11:13,C0321,P001,1,193000,0.0,completed,app
O006201,1,2026-05-07T20:25,C0113,P015,1,222000,0.0,completed,web
O006202,1,2026-05-07T16:55,C0430,P040,1,44000,0.0,completed,app
O006203,1,2026-05-07T16:41,C0515,P040,1,44000,0.0,completed,app
O006203,2,2026-05-07T16:41,C0515,P012,1,138000,0.0,completed,app
O006204,1,2026-05-07T16:58,C0596,P021,1,72000,0.0,completed,web
O006204,2,2026-05-07T16:58,C0596,P021,1,72000,0.0,completed,web
O006204,3,2026-05-07T16:58,C0596,P075,1,81000,0.0,completed,web
O006205,1,2026-05-07T08:17,C0333,P055,1,61599,0.3,returned,app
O006205,2,2026-05-07T08:17,C0333,P056,1,42700,0.3,returned,app
O006205,3,2026-05-07T08:17,C0333,P060,1,57399,0.3,returned,app
O006206,1,2026-05-07T15:19,C0353,P056,1,42700,0.3,completed,app
O006207,1,2026-05-07T11:21,C0436,P040,1,44000,0.0,completed,app
O006208,1,2026-05-07T22:16,C0123,P040,1,44000,0.0,completed,web
O006208,2,2026-05-07T22:16,C0123,P040,1,44000,0.0,completed,web
O006209,1,2026-05-07T21:28,C0504,P080,1,109000,0.0,completed,app
O006210,1,2026-05-07T18:08,C0247,P011,1,265000,0.0,completed,app
O006211,1,2026-05-07T12:11,C0353,P050,1,84000,0.0,completed,web
O006211,2,2026-05-07T12:11,C0353,P028,1,39000,0.0,completed,web
O006212,1,2026-05-07T14:58,C0357,P040,1,44000,0.0,completed,web
O006213,1,2026-05-07T09:57,C0435,P078,1,86400,0.2,completed,web
O006213,2,2026-05-07T09:57,C0435,P027,1,63000,0.0,completed,web
O006214,1,2026-05-07T21:47,C0456,P001,1,193000,0.0,completed,app
O006214,2,2026-05-07T21:47,C0456,P042,1,85000,0.0,completed,app
O006215,1,2026-05-07T19:03,C0521,P040,1,44000,0.0,completed,web
O006216,1,2026-05-07T15:49,C0264,P040,1,44000,0.0,completed,web
O006217,1,2026-05-08T17:22,C0598,P017,1,274000,0.0,completed,web
O006218,1,2026-05-08T13:58,C0129,P043,1,91000,0.0,completed,app
O006219,1,2026-05-08T16:08,C0450,P025,1,54000,0.0,completed,app
O006219,2,2026-05-08T16:08,C0450,P028,1,39000,0.0,completed,app
O006220,1,2026-05-08T09:56,C0186,P001,1,193000,0.0,completed,app
O006221,1,2026-05-08T17:35,C0600,P048,1,92000,0.0,completed,app
O006221,2,2026-05-08T17:35,C0600,P058,1,79200,0.2,completed,app
O006222,1,2026-05-08T17:16,C0266,P038,1,38000,0.0,completed,web
O006223,1,2026-05-08T16:44,C0334,P041,1,74000,0.0,completed,web
O006224,1,2026-05-08T14:40,C0582,P008,1,279000,0.0,completed,app
O006224,2,2026-05-08T14:40,C0582,P013,1,271000,0.0,completed,app
O006224,3,2026-05-08T14:40,C0582,P001,1,193000,0.0,completed,app
O006225,1,2026-05-08T19:42,C0206,P070,1,114000,0.0,completed,web
O006225,2,2026-05-08T19:42,C0206,P029,1,39000,0.0,completed,web
O006226,1,2026-05-08T14:35,C0079,P055,1,61599,0.3,completed,web
O006227,1,2026-05-08T08:02,C0079,P043,1,91000,0.0,completed,web
O006228,1,2026-05-08T11:54,C0463,P038,1,38000,0.0,completed,web
O006229,1,2026-05-08T20:29,C0123,P038,1,38000,0.0,completed,web
O006229,2,2026-05-08T20:29,C0123,P033,1,52000,0.2,completed,web
O006229,3,2026-05-08T20:29,C0123,P036,1,65000,0.0,completed,web
O006230,1,2026-05-08T14:23,C0348,P040,1,44000,0.0,completed,web
O006231,1,2026-05-08T12:13,C0477,P040,1,44000,0.0,completed,web
O006232,1,2026-05-08T15:39,C0131,P051,1,54600,0.3,returned,web
O006232,2,2026-05-08T15:39,C0131,P040,1,44000,0.0,returned,web
O006233,1,2026-05-08T12:41,C0400,P040,1,44000,0.0,completed,app
O006233,2,2026-05-08T12:41,C0400,P028,1,39000,0.0,completed,app
O006233,3,2026-05-08T12:41,C0400,P040,1,44000,0.0,completed,app
O006234,1,2026-05-08T17:13,C0192,P008,1,279000,0.0,completed,app
O006235,1,2026-05-08T14:10,C0178,P055,1,61599,0.3,completed,web
O006236,1,2026-05-08T18:17,C0282,P017,1,274000,0.0,completed,web
O006236,2,2026-05-08T18:17,C0282,P017,1,274000,0.0,completed,web
O006236,3,2026-05-08T18:17,C0282,P046,1,47200,0.2,completed,web
O006237,1,2026-05-08T10:08,C0570,P021,1,72000,0.0,completed,web
O006238,1,2026-05-08T12:21,C0492,P009,1,155200,0.2,completed,app
O006238,2,2026-05-08T12:21,C0492,P030,1,62000,0.0,completed,app
O006239,1,2026-05-08T18:33,C0033,P073,1,60000,0.2,completed,web
O006239,2,2026-05-08T18:33,C0033,P070,1,114000,0.0,completed,web
O006239,3,2026-05-08T18:33,C0033,P032,1,36000,0.2,completed,web
O006240,1,2026-05-08T11:45,C0288,P055,1,61599,0.3,completed,app
O006241,1,2026-05-08T10:40,C0368,P055,2,61599,0.3,completed,web
O006242,1,2026-05-08T09:02,C0463,P061,1,115000,0.0,completed,web
O006243,1,2026-05-08T08:57,C0321,P048,1,92000,0.0,completed,web
O006244,1,2026-05-08T13:18,C0099,P043,1,91000,0.0,completed,web
O006245,1,2026-05-08T12:15,C0570,P049,1,54600,0.3,completed,web
O006245,2,2026-05-08T12:15,C0570,P052,1,74000,0.0,completed,web
O006246,1,2026-05-08T17:14,C0361,P074,1,85600,0.2,completed,app
O006247,1,2026-05-08T18:54,C0147,P064,1,127000,0.0,completed,web
O006248,1,2026-05-08T18:04,C0496,P080,1,109000,0.0,completed,app
O006248,2,2026-05-08T18:04,C0496,P040,1,44000,0.0,completed,app
O006249,1,2026-05-08T10:06,C0044,P055,1,61599,0.3,completed,app
O006250,1,2026-05-08T10:07,C0423,P021,1,72000,0.0,completed,web
O006251,1,2026-05-08T14:10,C0214,P055,1,61599,0.3,completed,app
O006251,2,2026-05-08T14:10,C0214,P043,1,91000,0.0,completed,app
O006252,1,2026-05-08T13:18,C0277,P073,1,60000,0.2,completed,app
O006252,2,2026-05-08T13:18,C0277,P061,1,115000,0.0,completed,app
O006253,1,2026-05-08T09:25,C0411,P073,1,60000,0.2,completed,app
O006254,1,2026-05-08T20:44,C0188,P051,1,54600,0.3,returned,web
O006254,2,2026-05-08T20:44,C0188,P044,1,59499,0.3,returned,web
O006255,1,2026-05-08T02:38,C0271,P060,1,57399,0.3,completed,app
O006255,2,2026-05-08T02:38,C0271,P080,1,109000,0.0,completed,app
O006256,1,2026-05-08T18:06,C0110,P040,1,44000,0.0,completed,web
O006256,2,2026-05-08T18:06,C0110,P073,1,60000,0.2,completed,web
O006257,1,2026-05-08T18:17,C0068,P029,1,39000,0.0,completed,web
O006257,2,2026-05-08T18:17,C0068,P038,1,38000,0.0,completed,web
O006258,1,2026-05-08T13:27,C0469,P021,1,72000,0.0,completed,web
O006259,1,2026-05-08T12:17,C0274,P020,1,41000,0.0,completed,app
O006259,2,2026-05-08T12:17,C0274,P001,1,193000,0.0,completed,app
O006260,1,2026-05-08T11:49,C0052,P073,1,60000,0.2,completed,app
O006261,1,2026-05-08T07:59,C0172,P032,1,36000,0.2,completed,web
O006262,1,2026-05-08T14:14,C0136,P020,1,41000,0.0,completed,app
O006262,2,2026-05-08T14:14,C0136,P040,1,44000,0.0,completed,app
O006263,1,2026-05-08T18:50,C0275,P010,1,263000,0.0,completed,app
O006264,1,2026-05-09T17:18,C0357,P052,1,74000,0.0,completed,app
O006265,1,2026-05-09T18:22,C0033,P045,1,64000,0.0,cancelled,web
O006265,2,2026-05-09T18:22,C0033,P077,1,69000,0.0,cancelled,web
O006265,3,2026-05-09T18:22,C0033,P071,1,133000,0.0,cancelled,web
O006266,1,2026-05-09T15:07,C0463,P008,1,279000,0.0,completed,web
O006267,1,2026-05-09T10:03,C0572,P027,1,63000,0.0,returned,web
O006268,1,2026-05-09T11:06,C0545,P048,1,92000,0.0,completed,app
O006269,1,2026-05-09T11:02,C0033,P080,1,109000,0.0,completed,web
O006270,1,2026-05-09T10:28,C0296,P042,1,85000,0.0,returned,app
O006271,1,2026-05-09T21:13,C0220,P051,1,54600,0.3,returned,app
O006272,1,2026-05-09T17:14,C0055,P047,1,58000,0.0,completed,web
O006273,1,2026-05-09T07:54,C0180,P040,1,44000,0.0,completed,web
O006274,1,2026-05-09T13:18,C0479,P017,1,274000,0.0,completed,app
O006274,2,2026-05-09T13:18,C0479,P070,1,114000,0.0,completed,app
O006275,1,2026-05-09T09:38,C0492,P028,1,39000,0.0,completed,app
O006275,2,2026-05-09T09:38,C0492,P008,1,279000,0.0,completed,app
O006276,1,2026-05-09T14:45,C0499,P016,1,118299,0.3,completed,app
O006276,2,2026-05-09T14:45,C0499,P060,1,57399,0.3,completed,app
O006277,1,2026-05-09T17:35,C0250,P016,1,118299,0.3,completed,app
O006278,1,2026-05-09T20:40,C0455,P045,1,64000,0.0,completed,web
O006278,2,2026-05-09T20:40,C0455,P043,1,91000,0.0,completed,web
O006279,1,2026-05-09T13:45,C0206,P050,1,84000,0.0,completed,web
O006280,1,2026-05-09T13:32,C0507,P011,1,265000,0.0,completed,web
O006281,1,2026-05-09T09:09,C0554,P061,3,115000,0.0,completed,web
O006281,2,2026-05-09T09:09,C0554,P015,1,222000,0.0,completed,web
O006281,3,2026-05-09T09:09,C0554,P061,2,115000,0.0,completed,web
O006282,1,2026-05-09T18:12,C0274,P043,1,91000,0.0,completed,app
O006282,2,2026-05-09T18:12,C0274,P053,1,100000,0.0,completed,app
O006282,3,2026-05-09T18:12,C0274,P040,1,44000,0.0,completed,app
O006283,1,2026-05-09T13:32,C0265,P060,1,57399,0.3,completed,web
O006284,1,2026-05-09T20:48,C0477,P060,1,57399,0.3,completed,web
O006284,2,2026-05-09T20:48,C0477,P049,1,54600,0.3,completed,web
O006285,1,2026-05-09T20:22,C0346,P020,1,41000,0.0,completed,app
O006286,1,2026-05-09T13:22,C0213,P037,1,49000,0.0,completed,web
O006287,1,2026-05-09T19:19,C0108,P006,1,275000,0.0,cancelled,web
O006287,2,2026-05-09T19:19,C0108,P048,1,92000,0.0,cancelled,web
O006288,1,2026-05-09T16:03,C0479,P064,1,127000,0.0,completed,app
O006288,2,2026-05-09T16:03,C0479,P040,1,44000,0.0,completed,app
O006288,3,2026-05-09T16:03,C0479,P055,1,61599,0.3,completed,app
O006289,1,2026-05-09T06:49,C0357,P055,1,61599,0.3,completed,app
O006289,2,2026-05-09T06:49,C0357,P042,1,85000,0.0,completed,app
O006290,1,2026-05-09T14:09,C0482,P026,3,48000,0.0,returned,web
O006291,1,2026-05-09T20:22,C0361,P045,1,64000,0.0,completed,web
O006291,2,2026-05-09T20:22,C0361,P038,1,38000,0.0,completed,web
O006291,3,2026-05-09T20:22,C0361,P043,1,91000,0.0,completed,web
O006292,1,2026-05-09T19:54,C0180,P040,1,44000,0.0,completed,web
O006293,1,2026-05-09T19:35,C0300,P020,1,41000,0.0,completed,web
O006294,1,2026-05-09T14:01,C0114,P021,1,72000,0.0,completed,app
O006294,2,2026-05-09T14:01,C0114,P011,1,265000,0.0,completed,app
O006295,1,2026-05-09T15:13,C0188,P059,1,66500,0.3,completed,web
O006295,2,2026-05-09T15:13,C0188,P076,1,70700,0.3,completed,web
O006296,1,2026-05-09T22:42,C0579,P016,1,118299,0.3,completed,app
O006297,1,2026-05-09T13:53,C0058,P028,1,39000,0.0,completed,app
O006297,2,2026-05-09T13:53,C0058,P030,1,62000,0.0,completed,app
O006298,1,2026-05-09T08:58,C0299,P057,1,64399,0.3,completed,app
O006299,1,2026-05-09T15:18,C0190,P042,1,85000,0.0,completed,app
O006300,1,2026-05-09T16:05,C0595,P038,1,38000,0.0,completed,web
O006301,1,2026-05-09T16:26,C0451,P040,1,44000,0.0,completed,app
O006301,2,2026-05-09T16:26,C0451,P021,1,72000,0.0,completed,app
O006302,1,2026-05-09T12:58,C0113,P017,1,274000,0.0,completed,web
O006303,1,2026-05-09T15:39,C0057,P023,1,53000,0.0,completed,app
O006303,2,2026-05-09T15:39,C0057,P028,1,39000,0.0,completed,app
O006304,1,2026-05-09T08:09,C0597,P040,1,44000,0.0,completed,web
O006305,1,2026-05-09T19:04,C0099,P032,1,36000,0.2,completed,app
O006306,1,2026-05-09T18:34,C0473,P073,1,52500,0.3,completed,web
O006307,1,2026-05-09T23:22,C0386,P017,1,274000,0.0,completed,app
O006308,1,2026-05-09T11:38,C0453,P020,1,41000,0.0,completed,web
O006309,1,2026-05-09T21:01,C0294,P040,1,44000,0.0,completed,app
O006309,2,2026-05-09T21:01,C0294,P040,1,44000,0.0,completed,app
O006310,1,2026-05-09T17:37,C0090,P080,1,109000,0.0,completed,app
O006311,1,2026-05-09T16:53,C0214,P026,1,48000,0.0,completed,app
O006312,1,2026-05-09T07:30,C0068,P077,1,69000,0.0,completed,web
O006312,2,2026-05-09T07:30,C0068,P032,1,36000,0.2,completed,web
O006313,1,2026-05-09T14:41,C0357,P006,1,275000,0.0,completed,web
O006314,1,2026-05-09T08:11,C0545,P010,1,263000,0.0,completed,app
O006314,2,2026-05-09T08:11,C0545,P040,1,44000,0.0,completed,app
O006315,1,2026-05-10T10:41,C0247,P028,1,39000,0.0,completed,app
O006316,1,2026-05-10T15:16,C0479,P008,1,279000,0.0,completed,app
O006316,2,2026-05-10T15:16,C0479,P070,1,114000,0.0,completed,app
O006317,1,2026-05-10T19:13,C0110,P021,1,72000,0.0,completed,web
O006318,1,2026-05-10T20:42,C0386,P019,1,37000,0.0,completed,app
O006318,2,2026-05-10T20:42,C0386,P015,1,222000,0.0,completed,app
O006319,1,2026-05-10T14:44,C0504,P017,1,274000,0.0,completed,app
O006319,2,2026-05-10T14:44,C0504,P022,1,36000,0.0,completed,app
O006319,3,2026-05-10T14:44,C0504,P073,1,52500,0.3,completed,app
O006320,1,2026-05-10T17:17,C0509,P077,2,69000,0.0,completed,web
O006321,1,2026-05-10T11:56,C0084,P052,1,74000,0.0,completed,web
O006322,1,2026-05-10T19:42,C0550,P001,1,193000,0.0,completed,web
O006322,2,2026-05-10T19:42,C0550,P013,2,271000,0.0,completed,web
O006323,1,2026-05-10T15:43,C0266,P040,1,44000,0.0,completed,web
O006324,1,2026-05-10T16:25,C0246,P045,1,64000,0.0,completed,web
O006325,1,2026-05-10T19:39,C0046,P043,1,91000,0.0,completed,web
O006326,1,2026-05-10T12:12,C0277,P059,1,66500,0.3,completed,app
O006326,2,2026-05-10T12:12,C0277,P069,1,122000,0.0,completed,app
O006326,3,2026-05-10T12:12,C0277,P066,1,88000,0.2,completed,app
O006327,1,2026-05-10T15:21,C0361,P006,1,275000,0.0,completed,app
O006328,1,2026-05-10T15:58,C0321,P017,1,274000,0.0,completed,web
O006329,1,2026-05-10T16:24,C0250,P019,1,37000,0.0,completed,app
O006330,1,2026-05-10T22:02,C0240,P049,1,54600,0.3,returned,web
O006330,2,2026-05-10T22:02,C0240,P076,1,70700,0.3,returned,web
O006331,1,2026-05-10T18:45,C0487,P028,1,39000,0.0,completed,web
O006332,1,2026-05-10T16:28,C0383,P013,1,271000,0.0,completed,app
O006333,1,2026-05-10T15:54,C0146,P043,1,91000,0.0,completed,web
O006334,1,2026-05-10T17:40,C0052,P073,1,52500,0.3,completed,web
O006335,1,2026-05-10T13:32,C0033,P061,1,115000,0.0,completed,web
O006336,1,2026-05-10T20:31,C0515,P015,1,222000,0.0,completed,app
O006336,2,2026-05-10T20:31,C0515,P021,1,72000,0.0,completed,app
O006337,1,2026-05-10T19:11,C0112,P044,1,59499,0.3,completed,web
O006338,1,2026-05-10T20:46,C0430,P042,1,85000,0.0,completed,web
O006338,2,2026-05-10T20:46,C0430,P044,1,59499,0.3,completed,web
O006339,1,2026-05-10T13:29,C0346,P008,1,279000,0.0,completed,web
O006340,1,2026-05-10T16:15,C0129,P043,1,91000,0.0,completed,app
O006340,2,2026-05-10T16:15,C0129,P023,1,53000,0.0,completed,app
O006341,1,2026-05-10T11:51,C0506,P042,1,85000,0.0,completed,web
O006342,1,2026-05-10T07:47,C0188,P075,1,81000,0.0,completed,web
O006342,2,2026-05-10T07:47,C0188,P030,1,62000,0.0,completed,web
O006343,1,2026-05-10T14:38,C0204,P034,1,57000,0.0,completed,web
O006344,1,2026-05-10T14:46,C0589,P060,1,57399,0.3,completed,app
O006345,1,2026-05-10T12:34,C0490,P021,1,72000,0.0,completed,app
O006346,1,2026-05-10T14:07,C0089,P049,1,54600,0.3,completed,web
O006347,1,2026-05-10T11:48,C0154,P042,1,85000,0.0,completed,web
O006348,1,2026-05-10T15:32,C0504,P021,1,72000,0.0,completed,web
O006348,2,2026-05-10T15:32,C0504,P040,1,44000,0.0,completed,web
O006348,3,2026-05-10T15:32,C0504,P017,1,274000,0.0,completed,web
O006349,1,2026-05-10T12:46,C0096,P024,1,55000,0.0,completed,web
O006349,2,2026-05-10T12:46,C0096,P022,1,36000,0.0,completed,web
O006350,1,2026-05-10T19:33,C0144,P008,1,279000,0.0,completed,web
O006351,1,2026-05-10T13:24,C0383,P007,1,262000,0.0,completed,app
O006352,1,2026-05-10T14:40,C0116,P040,1,44000,0.0,completed,web
O006353,1,2026-05-10T11:01,C0567,P049,1,54600,0.3,returned,web
O006354,1,2026-05-10T13:28,C0146,P040,1,44000,0.0,completed,app
O006355,1,2026-05-10T19:22,C0146,P045,1,64000,0.0,completed,app
O006355,2,2026-05-10T19:22,C0146,P030,1,62000,0.0,completed,app
O006356,1,2026-05-10T10:07,C0441,P008,1,279000,0.0,completed,web
O006357,1,2026-05-10T14:10,C0577,P050,1,84000,0.0,completed,app
O006358,1,2026-05-10T07:56,C0458,P023,3,53000,0.0,completed,web
O006358,2,2026-05-10T07:56,C0458,P017,2,274000,0.0,completed,web
O006359,1,2026-05-10T16:58,C0129,P053,1,100000,0.0,completed,app
O006360,1,2026-05-10T15:55,C0595,P030,1,62000,0.0,completed,app
O006361,1,2026-05-10T17:03,C0136,P070,1,114000,0.0,cancelled,app
O006362,1,2026-05-10T11:10,C0570,P042,1,85000,0.0,completed,web
O006363,1,2026-05-10T19:15,C0381,P052,1,74000,0.0,completed,web
O006364,1,2026-05-10T11:53,C0522,P006,1,275000,0.0,completed,web
O006365,1,2026-05-10T18:55,C0283,P034,1,57000,0.0,returned,web
O006366,1,2026-05-10T16:41,C0310,P008,1,279000,0.0,completed,app
O006367,1,2026-05-10T16:06,C0123,P043,1,91000,0.0,completed,web
O006368,1,2026-05-10T13:52,C0011,P029,1,39000,0.0,returned,web
O006368,2,2026-05-10T13:52,C0011,P049,1,54600,0.3,returned,web
O006368,3,2026-05-10T13:52,C0011,P008,1,279000,0.0,returned,web
O006369,1,2026-05-10T16:50,C0350,P045,1,64000,0.0,completed,app
O006369,2,2026-05-10T16:50,C0350,P014,1,203000,0.0,completed,app
O006369,3,2026-05-10T16:50,C0350,P053,1,100000,0.0,completed,app
O006370,1,2026-05-10T18:22,C0502,P017,1,274000,0.0,completed,app
O006371,1,2026-05-10T12:49,C0085,P015,2,222000,0.0,completed,web
O006372,1,2026-05-10T18:14,C0333,P055,1,61599,0.3,completed,web
O006372,2,2026-05-10T18:14,C0333,P055,1,61599,0.3,completed,web
O006373,1,2026-05-11T16:32,C0192,P017,1,274000,0.0,completed,app
O006373,2,2026-05-11T16:32,C0192,P016,1,118299,0.3,completed,app
O006374,1,2026-05-11T15:44,C0005,P004,1,157000,0.0,completed,web
O006375,1,2026-05-11T14:55,C0335,P040,1,44000,0.0,completed,web
O006376,1,2026-05-11T15:35,C0283,P019,1,37000,0.0,completed,web
O006377,1,2026-05-11T19:01,C0385,P049,1,54600,0.3,completed,web
O006378,1,2026-05-11T21:26,C0112,P064,1,127000,0.0,completed,web
O006379,1,2026-05-11T11:40,C0444,P008,1,279000,0.0,completed,web
O006380,1,2026-05-11T16:03,C0436,P009,1,155200,0.2,completed,app
O006380,2,2026-05-11T16:03,C0436,P061,1,115000,0.0,completed,app
O006380,3,2026-05-11T16:03,C0436,P064,1,127000,0.0,completed,app
O006381,1,2026-05-11T10:05,C0580,P027,1,63000,0.0,returned,web
O006382,1,2026-05-11T08:19,C0240,P073,1,52500,0.3,completed,web
O006382,2,2026-05-11T08:19,C0240,P043,1,91000,0.0,completed,web
O006383,1,2026-05-11T18:11,C0589,P040,1,44000,0.0,completed,app
O006384,1,2026-05-11T11:44,C0058,P006,1,275000,0.0,completed,app
O006385,1,2026-05-11T11:39,C0013,P046,1,47200,0.2,completed,app
O006386,1,2026-05-11T14:37,C0265,P039,1,45000,0.0,completed,web
O006386,2,2026-05-11T14:37,C0265,P049,1,54600,0.3,completed,web
O006387,1,2026-05-11T15:56,C0357,P056,1,42700,0.3,completed,web
O006388,1,2026-05-11T23:55,C0318,P077,1,69000,0.0,completed,app
O006389,1,2026-05-11T17:36,C0464,P021,1,72000,0.0,completed,app
O006390,1,2026-05-11T14:20,C0397,P069,1,122000,0.0,completed,app
O006390,2,2026-05-11T14:20,C0397,P064,1,127000,0.0,completed,app
O006390,3,2026-05-11T14:20,C0397,P020,1,41000,0.0,completed,app
O006391,1,2026-05-11T08:32,C0099,P012,1,138000,0.0,completed,app
O006392,1,2026-05-11T11:43,C0274,P055,1,61599,0.3,completed,web
O006393,1,2026-05-11T19:16,C0279,P008,1,279000,0.0,completed,app
O006393,2,2026-05-11T19:16,C0279,P026,1,48000,0.0,completed,app
O006393,3,2026-05-11T19:16,C0279,P006,1,275000,0.0,completed,app
O006394,1,2026-05-11T12:50,C0011,P034,1,57000,0.0,completed,app
O006394,2,2026-05-11T12:50,C0011,P033,1,52000,0.2,completed,app
O006395,1,2026-05-11T09:22,C0093,P040,1,44000,0.0,returned,web
O006395,2,2026-05-11T09:22,C0093,P052,1,74000,0.0,returned,web
O006396,1,2026-05-11T21:07,C0457,P060,1,57399,0.3,completed,web
O006397,1,2026-05-11T16:35,C0160,P016,1,118299,0.3,completed,app
O006397,2,2026-05-11T16:35,C0160,P046,1,47200,0.2,completed,app
O006397,3,2026-05-11T16:35,C0160,P017,1,274000,0.0,completed,app
O006398,1,2026-05-11T17:50,C0275,P060,1,57399,0.3,returned,web
O006399,1,2026-05-11T12:36,C0220,P052,1,74000,0.0,completed,app
O006400,1,2026-05-11T20:59,C0434,P023,1,53000,0.0,completed,web
O006401,1,2026-05-11T15:51,C0110,P045,1,64000,0.0,completed,web
O006401,2,2026-05-11T15:51,C0110,P020,1,41000,0.0,completed,web
O006401,3,2026-05-11T15:51,C0110,P060,1,57399,0.3,completed,web
O006402,1,2026-05-11T23:48,C0249,P075,1,81000,0.0,completed,app
O006403,1,2026-05-11T11:01,C0206,P056,1,42700,0.3,completed,web
O006403,2,2026-05-11T11:01,C0206,P017,1,274000,0.0,completed,web
O006404,1,2026-05-11T16:50,C0430,P040,1,44000,0.0,completed,web
O006404,2,2026-05-11T16:50,C0430,P059,1,66500,0.3,completed,web
O006404,3,2026-05-11T16:50,C0430,P042,1,85000,0.0,completed,web
O006405,1,2026-05-11T13:48,C0451,P064,1,127000,0.0,completed,web
O006406,1,2026-05-11T20:27,C0596,P064,1,127000,0.0,completed,web
O006406,2,2026-05-11T20:27,C0596,P042,1,85000,0.0,completed,web
O006406,3,2026-05-11T20:27,C0596,P006,1,275000,0.0,completed,web
O006407,1,2026-05-11T08:02,C0148,P012,1,138000,0.0,completed,web
O006407,2,2026-05-11T08:02,C0148,P064,1,127000,0.0,completed,web
O006407,3,2026-05-11T08:02,C0148,P074,1,85600,0.2,completed,web
O006408,1,2026-05-11T10:47,C0380,P016,1,118299,0.3,completed,web
O006409,1,2026-05-11T23:42,C0325,P027,1,63000,0.0,completed,web
O006410,1,2026-05-11T12:02,C0458,P016,3,118299,0.3,completed,web
O006410,2,2026-05-11T12:02,C0458,P062,1,86000,0.0,completed,web
O006411,1,2026-05-11T12:16,C0037,P055,1,61599,0.3,completed,web
O006412,1,2026-05-11T19:37,C0587,P046,1,47200,0.2,completed,app
O006412,2,2026-05-11T19:37,C0587,P048,1,92000,0.0,completed,app
O006413,1,2026-05-11T14:02,C0479,P064,1,127000,0.0,completed,app
O006413,2,2026-05-11T14:02,C0479,P020,1,41000,0.0,completed,app
O006414,1,2026-05-11T09:08,C0160,P045,1,64000,0.0,completed,web
O006415,1,2026-05-11T15:25,C0451,P020,1,41000,0.0,completed,app
O006416,1,2026-05-12T16:29,C0430,P043,1,91000,0.0,completed,app
O006417,1,2026-05-12T15:58,C0190,P043,1,91000,0.0,completed,app
O006417,2,2026-05-12T15:58,C0190,P052,1,74000,0.0,completed,app
O006418,1,2026-05-12T14:56,C0230,P030,3,62000,0.0,completed,web
O006419,1,2026-05-12T15:57,C0296,P069,1,122000,0.0,completed,app
O006420,1,2026-05-12T10:49,C0130,P028,1,39000,0.0,completed,app
O006420,2,2026-05-12T10:49,C0130,P008,1,279000,0.0,completed,app
O006420,3,2026-05-12T10:49,C0130,P011,1,265000,0.0,completed,app
O006421,1,2026-05-12T17:49,C0220,P027,1,63000,0.0,completed,app
O006422,1,2026-05-12T10:47,C0265,P007,1,262000,0.0,completed,web
O006422,2,2026-05-12T10:47,C0265,P008,1,279000,0.0,completed,web
O006423,1,2026-05-12T19:38,C0192,P055,1,61599,0.3,completed,web
O006423,2,2026-05-12T19:38,C0192,P044,1,59499,0.3,completed,web
O006424,1,2026-05-12T14:39,C0068,P030,1,62000,0.0,completed,app
O006425,1,2026-05-12T11:16,C0403,P049,1,54600,0.3,completed,web
O006426,1,2026-05-12T22:15,C0480,P070,1,114000,0.0,completed,app
O006427,1,2026-05-12T12:23,C0128,P053,1,100000,0.0,completed,web
O006428,1,2026-05-12T19:47,C0148,P028,1,39000,0.0,completed,web
O006429,1,2026-05-12T11:50,C0493,P040,1,44000,0.0,completed,web
O006429,2,2026-05-12T11:50,C0493,P051,1,54600,0.3,completed,web
O006430,1,2026-05-12T14:04,C0435,P073,1,52500,0.3,completed,web
O006431,1,2026-05-12T12:07,C0350,P065,1,83300,0.3,completed,app
O006432,1,2026-05-12T16:55,C0349,P059,2,66500,0.3,completed,app
O006432,2,2026-05-12T16:55,C0349,P034,1,57000,0.0,completed,app
O006433,1,2026-05-12T15:49,C0538,P020,1,41000,0.0,completed,web
O006434,1,2026-05-12T14:24,C0438,P040,1,44000,0.0,returned,web
O006434,2,2026-05-12T14:24,C0438,P045,1,64000,0.0,returned,web
O006435,1,2026-05-12T10:31,C0589,P027,1,63000,0.0,cancelled,web
O006436,1,2026-05-12T13:17,C0014,P026,1,48000,0.0,completed,web
O006437,1,2026-05-12T16:23,C0333,P055,1,61599,0.3,completed,app
O006438,1,2026-05-12T14:30,C0277,P068,1,117000,0.0,completed,app
O006439,1,2026-05-12T11:52,C0435,P076,1,70700,0.3,returned,web
O006440,1,2026-05-12T16:04,C0280,P055,1,61599,0.3,completed,web
O006441,1,2026-05-12T11:02,C0214,P027,1,63000,0.0,completed,web
O006442,1,2026-05-12T07:46,C0411,P055,1,61599,0.3,completed,web
O006442,2,2026-05-12T07:46,C0411,P055,1,61599,0.3,completed,web
O006443,1,2026-05-12T16:28,C0373,P067,1,110000,0.0,completed,app
O006444,1,2026-05-12T14:04,C0277,P027,1,63000,0.0,completed,app
O006444,2,2026-05-12T14:04,C0277,P043,1,91000,0.0,completed,app
O006444,3,2026-05-12T14:04,C0277,P027,1,63000,0.0,completed,app
O006445,1,2026-05-12T20:06,C0366,P040,1,44000,0.0,completed,web
O006446,1,2026-05-12T13:01,C0579,P030,1,62000,0.0,completed,app
O006447,1,2026-05-12T09:02,C0190,P053,1,100000,0.0,completed,app
O006448,1,2026-05-12T16:24,C0271,P021,1,72000,0.0,completed,app
O006449,1,2026-05-12T12:15,C0596,P040,1,44000,0.0,completed,web
O006449,2,2026-05-12T12:15,C0596,P030,1,62000,0.0,completed,web
O006449,3,2026-05-12T12:15,C0596,P040,1,44000,0.0,completed,web
O006450,1,2026-05-12T23:33,C0051,P077,1,69000,0.0,returned,app
O006451,1,2026-05-12T03:45,C0250,P028,1,39000,0.0,completed,app
O006451,2,2026-05-12T03:45,C0250,P042,1,85000,0.0,completed,app
O006452,1,2026-05-12T19:08,C0352,P038,1,38000,0.0,completed,app
O006453,1,2026-05-12T14:35,C0096,P040,1,44000,0.0,completed,app
O006454,1,2026-05-12T06:30,C0383,P073,1,52500,0.3,completed,app
O006455,1,2026-05-12T14:36,C0309,P038,1,38000,0.0,completed,app
O006456,1,2026-05-12T15:10,C0176,P029,2,39000,0.0,returned,web
O006457,1,2026-05-12T12:15,C0272,P028,1,39000,0.0,cancelled,web
O006458,1,2026-05-12T13:19,C0589,P040,1,44000,0.0,completed,app
O006459,1,2026-05-12T05:06,C0430,P057,1,64399,0.3,completed,app
O006460,1,2026-05-12T23:18,C0186,P059,1,66500,0.3,completed,app
O006461,1,2026-05-12T18:03,C0564,P059,1,66500,0.3,completed,app
O006462,1,2026-05-13T15:26,C0100,P021,1,72000,0.0,completed,web
O006462,2,2026-05-13T15:26,C0100,P040,1,44000,0.0,completed,web
O006463,1,2026-05-13T09:33,C0250,P029,1,39000,0.0,completed,web
O006463,2,2026-05-13T09:33,C0250,P013,1,271000,0.0,completed,web
O006463,3,2026-05-13T09:33,C0250,P028,1,39000,0.0,completed,web
O006464,1,2026-05-13T09:25,C0477,P042,1,85000,0.0,completed,app
O006465,1,2026-05-13T14:51,C0302,P015,1,222000,0.0,completed,app
O006466,1,2026-05-13T11:56,C0385,P059,1,66500,0.3,returned,web
O006467,1,2026-05-13T09:05,C0110,P055,1,61599,0.3,completed,app
O006468,1,2026-05-13T14:34,C0153,P028,1,39000,0.0,completed,app
O006468,2,2026-05-13T14:34,C0153,P026,1,48000,0.0,completed,app
O006468,3,2026-05-13T14:34,C0153,P021,1,72000,0.0,completed,app
O006469,1,2026-05-13T23:06,C0294,P040,1,44000,0.0,completed,app
O006470,1,2026-05-13T16:32,C0188,P043,1,91000,0.0,completed,web
O006470,2,2026-05-13T16:32,C0188,P008,1,279000,0.0,completed,web
O006471,1,2026-05-13T16:56,C0213,P011,1,265000,0.0,completed,web
O006472,1,2026-05-13T18:37,C0346,P017,1,274000,0.0,completed,app
O006473,1,2026-05-13T16:09,C0474,P040,1,44000,0.0,completed,web
O006474,1,2026-05-13T11:47,C0051,P001,1,193000,0.0,completed,app
O006475,1,2026-05-13T16:37,C0182,P027,1,63000,0.0,completed,app
O006476,1,2026-05-13T11:48,C0113,P064,1,127000,0.0,completed,web
O006476,2,2026-05-13T11:48,C0113,P001,1,193000,0.0,completed,web
O006477,1,2026-05-13T16:18,C0572,P030,1,62000,0.0,completed,web
O006477,2,2026-05-13T16:18,C0572,P072,1,95000,0.0,completed,web
O006478,1,2026-05-13T15:29,C0559,P073,1,52500,0.3,returned,web
O006479,1,2026-05-13T20:46,C0127,P028,1,39000,0.0,completed,app
O006480,1,2026-05-13T14:38,C0333,P042,1,85000,0.0,completed,app
O006480,2,2026-05-13T14:38,C0333,P048,1,92000,0.0,completed,app
O006481,1,2026-05-13T10:50,C0249,P062,1,86000,0.0,completed,app
O006482,1,2026-05-13T12:18,C0110,P054,1,50000,0.0,completed,app
O006483,1,2026-05-13T17:14,C0406,P027,1,63000,0.0,completed,app
O006483,2,2026-05-13T17:14,C0406,P063,1,124000,0.0,completed,app
O006484,1,2026-05-13T22:02,C0005,P038,1,38000,0.0,completed,app
O006485,1,2026-05-13T11:49,C0146,P049,1,54600,0.3,completed,web
O006485,2,2026-05-13T11:49,C0146,P064,1,127000,0.0,completed,web
O006485,3,2026-05-13T11:49,C0146,P060,1,57399,0.3,completed,web
O006486,1,2026-05-13T18:45,C0053,P024,1,55000,0.0,completed,app
O006487,1,2026-05-13T15:17,C0350,P072,1,95000,0.0,completed,web
O006487,2,2026-05-13T15:17,C0350,P064,1,127000,0.0,completed,web
O006487,3,2026-05-13T15:17,C0350,P052,1,74000,0.0,completed,web
O006488,1,2026-05-13T13:12,C0274,P060,1,57399,0.3,completed,app
O006489,1,2026-05-13T18:07,C0503,P048,1,92000,0.0,completed,web
O006490,1,2026-05-13T15:07,C0155,P073,1,52500,0.3,completed,app
O006491,1,2026-05-13T10:31,C0015,P075,2,81000,0.0,cancelled,web
O006492,1,2026-05-13T20:35,C0598,P030,1,62000,0.0,completed,web
O006493,1,2026-05-13T08:00,C0250,P030,1,62000,0.0,completed,app
O006494,1,2026-05-13T18:39,C0279,P006,1,275000,0.0,completed,app
O006495,1,2026-05-13T16:05,C0158,P075,1,81000,0.0,completed,app
O006496,1,2026-05-13T11:48,C0050,P059,1,66500,0.3,completed,app
O006497,1,2026-05-13T16:26,C0502,P008,1,279000,0.0,completed,app
O006498,1,2026-05-13T16:36,C0234,P053,1,80000,0.2,completed,web
O006499,1,2026-05-13T10:50,C0107,P011,1,265000,0.0,completed,app
O006500,1,2026-05-13T13:51,C0068,P074,1,85600,0.2,completed,app
O006500,2,2026-05-13T13:51,C0068,P045,1,64000,0.0,completed,app
O006501,1,2026-05-13T21:51,C0335,P043,1,91000,0.0,returned,web
O006501,2,2026-05-13T21:51,C0335,P073,1,52500,0.3,returned,web
O006502,1,2026-05-14T13:33,C0100,P017,1,274000,0.0,completed,web
O006502,2,2026-05-14T13:33,C0100,P028,1,39000,0.0,completed,web
O006502,3,2026-05-14T13:33,C0100,P031,1,48000,0.2,completed,web
O006503,1,2026-05-14T18:16,C0221,P073,1,52500,0.3,completed,app
O006504,1,2026-05-14T08:06,C0477,P077,1,69000,0.0,completed,app
O006504,2,2026-05-14T08:06,C0477,P040,1,44000,0.0,completed,app
O006504,3,2026-05-14T08:06,C0477,P049,1,54600,0.3,completed,app
O006505,1,2026-05-14T13:59,C0479,P004,1,157000,0.0,completed,app
O006505,2,2026-05-14T13:59,C0479,P019,1,37000,0.0,completed,app
O006505,3,2026-05-14T13:59,C0479,P044,1,59499,0.3,completed,app
O006506,1,2026-05-14T19:47,C0247,P040,1,44000,0.0,returned,app
O006507,1,2026-05-14T13:40,C0499,P038,1,38000,0.0,completed,app
O006507,2,2026-05-14T13:40,C0499,P028,1,39000,0.0,completed,app
O006507,3,2026-05-14T13:40,C0499,P048,1,92000,0.0,completed,app
O006508,1,2026-05-14T13:47,C0209,P021,1,72000,0.0,completed,app
O006509,1,2026-05-14T10:09,C0421,P027,1,63000,0.0,completed,web
O006510,1,2026-05-14T16:47,C0600,P008,1,279000,0.0,completed,app
O006510,2,2026-05-14T16:47,C0600,P039,1,45000,0.0,completed,app
O006511,1,2026-05-14T14:15,C0109,P043,1,91000,0.0,completed,app
O006512,1,2026-05-14T17:30,C0033,P063,1,124000,0.0,completed,web
O006513,1,2026-05-14T15:32,C0567,P062,1,86000,0.0,completed,app
O006513,2,2026-05-14T15:32,C0567,P040,1,44000,0.0,completed,app
O006514,1,2026-05-14T17:53,C0221,P019,1,37000,0.0,completed,app
O006514,2,2026-05-14T17:53,C0221,P029,1,39000,0.0,completed,app
O006515,1,2026-05-14T14:12,C0453,P064,1,127000,0.0,cancelled,web
O006515,2,2026-05-14T14:12,C0453,P008,1,279000,0.0,cancelled,web
O006516,1,2026-05-14T20:07,C0350,P073,1,52500,0.3,completed,app
O006516,2,2026-05-14T20:07,C0350,P064,1,127000,0.0,completed,app
O006517,1,2026-05-14T17:44,C0066,P074,1,85600,0.2,completed,app
O006518,1,2026-05-14T17:26,C0555,P040,1,44000,0.0,completed,web
O006519,1,2026-05-14T15:22,C0583,P027,1,63000,0.0,cancelled,app
O006519,2,2026-05-14T15:22,C0583,P008,1,279000,0.0,cancelled,app
O006520,1,2026-05-14T21:59,C0283,P042,1,85000,0.0,completed,app
O006521,1,2026-05-14T17:01,C0545,P055,1,61599,0.3,completed,web
O006521,2,2026-05-14T17:01,C0545,P045,1,64000,0.0,completed,web
O006522,1,2026-05-14T16:36,C0215,P053,1,80000,0.2,completed,app
O006523,1,2026-05-14T17:09,C0068,P072,1,95000,0.0,completed,app
O006524,1,2026-05-14T09:12,C0271,P066,1,88000,0.2,completed,app
O006525,1,2026-05-14T11:17,C0155,P053,1,80000,0.2,completed,app
O006526,1,2026-05-14T16:17,C0499,P072,1,95000,0.0,completed,app
O006527,1,2026-05-14T16:25,C0129,P008,1,279000,0.0,completed,app
O006527,2,2026-05-14T16:25,C0129,P055,1,61599,0.3,completed,app
O006528,1,2026-05-14T11:09,C0265,P001,1,193000,0.0,completed,web
O006529,1,2026-05-14T15:57,C0450,P046,1,47200,0.2,completed,app
O006530,1,2026-05-14T15:35,C0153,P074,1,85600,0.2,completed,app
O006530,2,2026-05-14T15:35,C0153,P021,1,72000,0.0,completed,app
O006530,3,2026-05-14T15:35,C0153,P008,1,279000,0.0,completed,app
O006531,1,2026-05-14T14:38,C0212,P078,1,75600,0.3,completed,app
O006532,1,2026-05-14T23:00,C0496,P069,1,122000,0.0,completed,app
O006532,2,2026-05-14T23:00,C0496,P068,1,117000,0.0,completed,app
O006533,1,2026-05-14T14:04,C0411,P066,1,88000,0.2,returned,web
O006533,2,2026-05-14T14:04,C0411,P073,1,52500,0.3,returned,web
O006533,3,2026-05-14T14:04,C0411,P073,1,52500,0.3,returned,web
O006534,1,2026-05-15T18:19,C0115,P042,1,85000,0.0,completed,web
O006535,1,2026-05-15T13:07,C0206,P017,1,274000,0.0,completed,web
O006535,2,2026-05-15T13:07,C0206,P075,1,81000,0.0,completed,web
O006535,3,2026-05-15T13:07,C0206,P017,1,274000,0.0,completed,web
O006536,1,2026-05-15T12:37,C0481,P054,1,50000,0.0,completed,app
O006537,1,2026-05-15T18:47,C0186,P008,1,279000,0.0,completed,app
O006537,2,2026-05-15T18:47,C0186,P040,1,44000,0.0,completed,app
O006537,3,2026-05-15T18:47,C0186,P001,1,193000,0.0,completed,app
O006538,1,2026-05-15T13:00,C0240,P058,1,79200,0.2,completed,web
O006539,1,2026-05-15T18:14,C0123,P028,1,39000,0.0,completed,web
O006539,2,2026-05-15T18:14,C0123,P040,1,44000,0.0,completed,web
O006540,1,2026-05-15T12:16,C0473,P008,2,279000,0.0,completed,web
O006540,2,2026-05-15T12:16,C0473,P056,1,42700,0.3,completed,web
O006541,1,2026-05-15T18:03,C0526,P032,1,31499,0.3,completed,web
O006542,1,2026-05-15T11:15,C0089,P030,1,62000,0.0,completed,app
O006543,1,2026-05-15T19:29,C0124,P048,1,92000,0.0,completed,app
O006544,1,2026-05-15T16:07,C0453,P028,1,39000,0.0,cancelled,app
O006545,1,2026-05-15T16:54,C0383,P069,1,122000,0.0,completed,app
O006546,1,2026-05-15T15:57,C0121,P056,1,42700,0.3,completed,web
O006547,1,2026-05-15T12:13,C0010,P073,1,52500,0.3,completed,web
O006548,1,2026-05-15T14:15,C0129,P071,1,133000,0.0,completed,app
O006549,1,2026-05-15T15:04,C0350,P061,1,115000,0.0,completed,app
O006549,2,2026-05-15T15:04,C0350,P045,1,64000,0.0,completed,app
O006550,1,2026-05-15T09:08,C0545,P064,1,127000,0.0,completed,web
O006551,1,2026-05-15T13:38,C0213,P021,1,72000,0.0,returned,web
O006552,1,2026-05-15T12:43,C0018,P007,1,262000,0.0,completed,web
O006553,1,2026-05-15T17:07,C0057,P070,1,114000,0.0,completed,web
O006554,1,2026-05-15T11:48,C0489,P011,1,265000,0.0,completed,web
O006554,2,2026-05-15T11:48,C0489,P027,1,63000,0.0,completed,web
O006554,3,2026-05-15T11:48,C0489,P067,1,110000,0.0,completed,web
O006555,1,2026-05-15T18:42,C0491,P043,1,91000,0.0,completed,web
O006556,1,2026-05-15T16:53,C0451,P066,1,88000,0.2,completed,app
O006556,2,2026-05-15T16:53,C0451,P052,1,74000,0.0,completed,app
O006557,1,2026-05-15T10:53,C0209,P075,1,81000,0.0,completed,app
O006557,2,2026-05-15T10:53,C0209,P040,1,44000,0.0,completed,app
O006558,1,2026-05-15T22:08,C0001,P073,1,52500,0.3,completed,web
O006559,1,2026-05-15T13:38,C0397,P073,1,52500,0.3,cancelled,app
O006560,1,2026-05-15T21:12,C0566,P051,1,54600,0.3,returned,web
O006560,2,2026-05-15T21:12,C0566,P064,1,127000,0.0,returned,web
O006561,1,2026-05-15T21:35,C0124,P042,1,85000,0.0,completed,app
O006562,1,2026-05-15T09:01,C0522,P013,1,271000,0.0,completed,app
O006563,1,2026-05-15T14:50,C0438,P017,1,274000,0.0,completed,web
O006563,2,2026-05-15T14:50,C0438,P028,1,39000,0.0,completed,web
O006564,1,2026-05-15T21:09,C0213,P040,1,44000,0.0,completed,web
O006565,1,2026-05-15T13:15,C0220,P045,1,64000,0.0,completed,app
O006565,2,2026-05-15T13:15,C0220,P039,1,45000,0.0,completed,app
O006565,3,2026-05-15T13:15,C0220,P019,1,37000,0.0,completed,app
O006566,1,2026-05-15T15:41,C0068,P040,1,44000,0.0,returned,app
O006567,1,2026-05-15T17:32,C0599,P028,1,39000,0.0,returned,web
O006568,1,2026-05-15T21:07,C0409,P030,1,62000,0.0,completed,app
O006569,1,2026-05-15T15:53,C0274,P053,1,80000,0.2,completed,app
O006569,2,2026-05-15T15:53,C0274,P040,1,44000,0.0,completed,app
O006570,1,2026-05-15T10:15,C0479,P064,1,127000,0.0,completed,app
O006570,2,2026-05-15T10:15,C0479,P071,1,133000,0.0,completed,app
O006571,1,2026-05-15T12:36,C0467,P024,1,55000,0.0,completed,app
O006572,1,2026-05-15T12:49,C0451,P009,1,155200,0.2,completed,app
O006573,1,2026-05-15T16:17,C0057,P075,1,81000,0.0,completed,app
O006574,1,2026-05-15T10:08,C0326,P055,1,61599,0.3,completed,web
O006575,1,2026-05-15T10:44,C0277,P019,1,37000,0.0,completed,app
O006576,1,2026-05-15T20:23,C0130,P006,1,275000,0.0,returned,web
O006577,1,2026-05-15T20:05,C0110,P079,1,115000,0.0,completed,web
O006577,2,2026-05-15T20:05,C0110,P013,1,271000,0.0,completed,web
O006578,1,2026-05-15T15:28,C0406,P036,1,65000,0.0,completed,app
O006579,1,2026-05-16T08:04,C0010,P013,1,271000,0.0,returned,web
O006580,1,2026-05-16T09:33,C0346,P048,1,92000,0.0,completed,app
O006581,1,2026-05-16T13:18,C0386,P017,1,274000,0.0,returned,app
O006582,1,2026-05-16T19:25,C0171,P057,1,64399,0.3,completed,app
O006583,1,2026-05-16T12:24,C0419,P051,1,54600,0.3,completed,web
O006584,1,2026-05-16T17:47,C0429,P045,1,64000,0.0,completed,app
O006584,2,2026-05-16T17:47,C0429,P069,1,122000,0.0,completed,app
O006585,1,2026-05-16T15:13,C0417,P020,2,41000,0.0,completed,app
O006585,2,2026-05-16T15:13,C0417,P040,2,44000,0.0,completed,app
O006586,1,2026-05-16T14:49,C0492,P016,1,118299,0.3,completed,app
O006587,1,2026-05-16T12:04,C0155,P067,1,110000,0.0,completed,app
O006587,2,2026-05-16T12:04,C0155,P064,1,127000,0.0,completed,app
O006588,1,2026-05-16T08:36,C0053,P020,1,41000,0.0,completed,app
O006588,2,2026-05-16T08:36,C0053,P055,1,61599,0.3,completed,app
O006588,3,2026-05-16T08:36,C0053,P040,1,44000,0.0,completed,app
O006589,1,2026-05-16T17:41,C0444,P016,1,118299,0.3,completed,web
O006590,1,2026-05-16T14:13,C0114,P008,1,279000,0.0,returned,app
O006590,2,2026-05-16T14:13,C0114,P055,1,61599,0.3,returned,app
O006591,1,2026-05-16T18:15,C0206,P008,1,279000,0.0,completed,web
O006592,1,2026-05-16T16:32,C0570,P046,1,47200,0.2,completed,web
O006593,1,2026-05-16T15:58,C0519,P034,1,57000,0.0,completed,web
O006594,1,2026-05-16T14:35,C0455,P070,1,114000,0.0,completed,web
O006594,2,2026-05-16T14:35,C0455,P052,1,74000,0.0,completed,web
O006594,3,2026-05-16T14:35,C0455,P041,1,74000,0.0,completed,web
O006595,1,2026-05-16T20:28,C0051,P005,1,227000,0.0,completed,app
O006596,1,2026-05-16T23:45,C0068,P001,1,193000,0.0,completed,web
O006597,1,2026-05-16T12:06,C0246,P045,1,64000,0.0,completed,web
O006598,1,2026-05-16T17:46,C0005,P079,1,115000,0.0,completed,web
O006599,1,2026-05-16T13:05,C0357,P043,1,91000,0.0,completed,web
O006600,1,2026-05-16T15:29,C0589,P038,1,38000,0.0,cancelled,app
O006601,1,2026-05-16T16:29,C0192,P061,1,115000,0.0,completed,app
O006602,1,2026-05-16T13:07,C0275,P042,1,85000,0.0,completed,app
O006603,1,2026-05-16T17:09,C0350,P040,1,44000,0.0,completed,app
O006603,2,2026-05-16T17:09,C0350,P064,1,127000,0.0,completed,app
O006603,3,2026-05-16T17:09,C0350,P062,1,86000,0.0,completed,app
O006604,1,2026-05-16T22:51,C0214,P049,1,54600,0.3,completed,app
O006605,1,2026-05-16T15:06,C0190,P019,1,37000,0.0,completed,app
O006605,2,2026-05-16T15:06,C0190,P045,1,64000,0.0,completed,app
O006606,1,2026-05-16T18:03,C0435,P002,1,163000,0.0,completed,web
O006607,1,2026-05-16T21:47,C0476,P071,1,133000,0.0,completed,web
O006608,1,2026-05-16T15:12,C0124,P042,1,85000,0.0,completed,app
O006608,2,2026-05-16T15:12,C0124,P020,1,41000,0.0,completed,app
O006609,1,2026-05-16T11:34,C0146,P059,1,66500,0.3,completed,web
O006609,2,2026-05-16T11:34,C0146,P060,1,57399,0.3,completed,web
O006610,1,2026-05-16T21:29,C0479,P038,1,38000,0.0,completed,web
O006611,1,2026-05-16T18:10,C0335,P037,1,49000,0.0,completed,web
O006611,2,2026-05-16T18:10,C0335,P063,1,124000,0.0,completed,web
O006612,1,2026-05-16T17:34,C0053,P026,1,48000,0.0,completed,app
O006613,1,2026-05-16T17:50,C0147,P072,1,95000,0.0,completed,web
O006614,1,2026-05-16T14:21,C0139,P042,1,85000,0.0,completed,app
O006615,1,2026-05-16T19:06,C0479,P030,1,62000,0.0,returned,app
O006616,1,2026-05-16T12:43,C0595,P028,1,39000,0.0,returned,app
O006617,1,2026-05-16T18:08,C0249,P021,1,72000,0.0,completed,app
O006618,1,2026-05-16T18:37,C0333,P020,1,41000,0.0,completed,app
O006619,1,2026-05-16T14:08,C0011,P028,1,39000,0.0,completed,app
O006619,2,2026-05-16T14:08,C0011,P064,1,127000,0.0,completed,app
O006620,1,2026-05-16T15:15,C0223,P021,1,72000,0.0,completed,app
O006621,1,2026-05-16T15:30,C0186,P007,1,262000,0.0,completed,web
O006622,1,2026-05-16T18:21,C0599,P080,1,109000,0.0,completed,web
O006623,1,2026-05-16T14:58,C0333,P042,1,85000,0.0,completed,app
O006624,1,2026-05-16T20:46,C0182,P040,1,44000,0.0,completed,app
O006624,2,2026-05-16T20:46,C0182,P073,1,52500,0.3,completed,app
O006624,3,2026-05-16T20:46,C0182,P028,1,39000,0.0,completed,app
O006625,1,2026-05-16T19:30,C0451,P012,1,138000,0.0,completed,app
O006626,1,2026-05-16T12:24,C0596,P040,1,44000,0.0,completed,web
O006627,1,2026-05-16T16:04,C0206,P016,1,118299,0.3,completed,web
O006628,1,2026-05-16T14:42,C0158,P079,1,115000,0.0,completed,app
O006629,1,2026-05-16T15:38,C0279,P017,1,274000,0.0,completed,app
O006630,1,2026-05-16T10:54,C0361,P055,1,61599,0.3,completed,app
O006631,1,2026-05-16T15:56,C0549,P077,1,69000,0.0,completed,web
O006632,1,2026-05-16T17:56,C0479,P061,1,115000,0.0,completed,app
O006632,2,2026-05-16T17:56,C0479,P061,1,115000,0.0,completed,app
O006633,1,2026-05-16T10:11,C0530,P078,1,75600,0.3,completed,app
O006634,1,2026-05-16T17:26,C0145,P019,1,37000,0.0,returned,web
O006635,1,2026-05-16T14:57,C0271,P038,1,38000,0.0,completed,app
O006636,1,2026-05-16T12:47,C0536,P058,1,79200,0.2,cancelled,app
O006637,1,2026-05-16T13:03,C0109,P026,1,48000,0.0,completed,app
O006638,1,2026-05-16T20:06,C0579,P017,1,274000,0.0,completed,app
O006638,2,2026-05-16T20:06,C0579,P001,1,193000,0.0,completed,app
O006638,3,2026-05-16T20:06,C0579,P027,1,63000,0.0,completed,app
O006639,1,2026-05-16T16:04,C0209,P020,1,41000,0.0,completed,app
O006639,2,2026-05-16T16:04,C0209,P073,1,52500,0.3,completed,app
O006640,1,2026-05-16T07:35,C0068,P076,1,70700,0.3,completed,app
O006641,1,2026-05-16T10:38,C0069,P029,1,39000,0.0,completed,web
O006642,1,2026-05-16T16:54,C0271,P040,1,44000,0.0,completed,app
O006642,2,2026-05-16T16:54,C0271,P039,1,45000,0.0,completed,app
O006642,3,2026-05-16T16:54,C0271,P045,1,64000,0.0,completed,app
O006643,1,2026-05-16T10:10,C0556,P040,2,44000,0.0,completed,app
O006643,2,2026-05-16T10:10,C0556,P026,2,48000,0.0,completed,app
O006644,1,2026-05-16T09:27,C0577,P027,1,63000,0.0,returned,app
O006644,2,2026-05-16T09:27,C0577,P080,1,109000,0.0,returned,app
O006645,1,2026-05-16T16:42,C0164,P037,1,49000,0.0,completed,web
O006646,1,2026-05-17T15:18,C0214,P045,1,64000,0.0,completed,web
O006646,2,2026-05-17T15:18,C0214,P048,1,92000,0.0,completed,web
O006646,3,2026-05-17T15:18,C0214,P042,1,85000,0.0,completed,web
O006647,1,2026-05-17T17:22,C0400,P070,1,114000,0.0,completed,app
O006648,1,2026-05-17T03:08,C0127,P061,1,115000,0.0,completed,app
O006649,1,2026-05-17T21:46,C0600,P047,1,58000,0.0,completed,app
O006649,2,2026-05-17T21:46,C0600,P027,1,63000,0.0,completed,app
O006650,1,2026-05-17T20:03,C0033,P074,1,85600,0.2,completed,web
O006650,2,2026-05-17T20:03,C0033,P067,1,110000,0.0,completed,web
O006651,1,2026-05-17T16:40,C0570,P059,1,66500,0.3,completed,web
O006651,2,2026-05-17T16:40,C0570,P079,1,115000,0.0,completed,web
O006652,1,2026-05-17T21:01,C0423,P040,1,44000,0.0,completed,web
O006653,1,2026-05-17T12:36,C0271,P051,1,54600,0.3,completed,app
O006654,1,2026-05-17T14:08,C0089,P040,1,44000,0.0,completed,app
O006654,2,2026-05-17T14:08,C0089,P057,1,64399,0.3,completed,app
O006654,3,2026-05-17T14:08,C0089,P064,1,127000,0.0,completed,app
O006655,1,2026-05-17T13:08,C0333,P055,1,61599,0.3,completed,app
O006656,1,2026-05-17T12:37,C0113,P043,1,91000,0.0,returned,web
O006657,1,2026-05-17T11:53,C0169,P027,1,63000,0.0,completed,web
O006658,1,2026-05-17T14:15,C0196,P042,1,85000,0.0,completed,app
O006659,1,2026-05-17T13:46,C0283,P010,1,263000,0.0,completed,app
O006660,1,2026-05-17T23:36,C0589,P064,1,127000,0.0,returned,app
O006660,2,2026-05-17T23:36,C0589,P021,1,72000,0.0,returned,app
O006660,3,2026-05-17T23:36,C0589,P021,1,72000,0.0,returned,app
O006661,1,2026-05-17T10:15,C0477,P055,1,61599,0.3,completed,app
O006661,2,2026-05-17T10:15,C0477,P051,1,54600,0.3,completed,app
O006662,1,2026-05-17T14:47,C0295,P061,1,115000,0.0,completed,web
O006662,2,2026-05-17T14:47,C0295,P070,1,114000,0.0,completed,web
O006663,1,2026-05-17T14:14,C0221,P019,1,37000,0.0,completed,app
O006664,1,2026-05-17T18:13,C0432,P025,1,54000,0.0,completed,web
O006665,1,2026-05-17T15:49,C0149,P012,1,138000,0.0,completed,app
O006666,1,2026-05-17T20:03,C0096,P044,1,59499,0.3,completed,web
O006666,2,2026-05-17T20:03,C0096,P021,1,72000,0.0,completed,web
O006667,1,2026-05-17T13:29,C0188,P028,1,39000,0.0,completed,web
O006668,1,2026-05-17T13:37,C0411,P043,1,91000,0.0,completed,app
O006668,2,2026-05-17T13:37,C0411,P042,1,85000,0.0,completed,app
O006668,3,2026-05-17T13:37,C0411,P006,1,275000,0.0,completed,app
O006669,1,2026-05-17T08:21,C0496,P040,1,44000,0.0,completed,app
O006670,1,2026-05-17T19:09,C0283,P033,1,52000,0.2,completed,web
O006670,2,2026-05-17T19:09,C0283,P041,1,74000,0.0,completed,web
O006671,1,2026-05-17T13:04,C0350,P055,1,61599,0.3,completed,web
O006671,2,2026-05-17T13:04,C0350,P063,1,124000,0.0,completed,web
O006672,1,2026-05-17T11:58,C0164,P040,1,44000,0.0,completed,app
O006673,1,2026-05-17T22:08,C0394,P010,1,263000,0.0,returned,app
O006674,1,2026-05-17T17:43,C0325,P036,1,65000,0.0,completed,web
O006675,1,2026-05-17T16:08,C0265,P005,1,227000,0.0,completed,web
O006676,1,2026-05-17T13:19,C0052,P072,1,95000,0.0,returned,app
O006677,1,2026-05-17T16:38,C0196,P030,1,62000,0.0,completed,app
O006677,2,2026-05-17T16:38,C0196,P029,1,39000,0.0,completed,app
O006678,1,2026-05-17T15:17,C0451,P021,1,72000,0.0,completed,app
O006679,1,2026-05-17T17:38,C0346,P016,1,118299,0.3,completed,app
O006679,2,2026-05-17T17:38,C0346,P020,1,41000,0.0,completed,app
O006680,1,2026-05-17T18:22,C0204,P073,1,52500,0.3,completed,web
O006681,1,2026-05-17T14:57,C0057,P038,1,38000,0.0,returned,web
O006682,1,2026-05-17T22:47,C0418,P048,1,92000,0.0,completed,app
O006682,2,2026-05-17T22:47,C0418,P042,1,85000,0.0,completed,app
O006682,3,2026-05-17T22:47,C0418,P073,1,52500,0.3,completed,app
O006683,1,2026-05-17T23:46,C0157,P078,1,75600,0.3,completed,web
O006684,1,2026-05-17T15:10,C0346,P015,1,222000,0.0,completed,app
O006684,2,2026-05-17T15:10,C0346,P008,1,279000,0.0,completed,app
O006684,3,2026-05-17T15:10,C0346,P007,1,262000,0.0,completed,app
O006685,1,2026-05-17T12:11,C0441,P040,1,44000,0.0,completed,web
O006686,1,2026-05-17T18:40,C0357,P077,1,69000,0.0,completed,app
O006686,2,2026-05-17T18:40,C0357,P014,1,162400,0.2,completed,app
O006687,1,2026-05-17T15:13,C0539,P017,1,274000,0.0,completed,web
O006688,1,2026-05-17T15:12,C0170,P034,1,57000,0.0,returned,app
O006689,1,2026-05-17T18:32,C0335,P026,1,48000,0.0,completed,web
O006690,1,2026-05-17T18:27,C0512,P040,3,44000,0.0,completed,app
O006690,2,2026-05-17T18:27,C0512,P069,2,122000,0.0,completed,app
O006691,1,2026-05-18T18:43,C0418,P061,1,115000,0.0,completed,web
O006692,1,2026-05-18T05:02,C0057,P015,1,222000,0.0,completed,app
O006692,2,2026-05-18T05:02,C0057,P061,1,115000,0.0,completed,app
O006693,1,2026-05-18T13:59,C0153,P042,1,85000,0.0,completed,app
O006693,2,2026-05-18T13:59,C0153,P040,1,44000,0.0,completed,app
O006694,1,2026-05-18T19:39,C0515,P008,1,279000,0.0,completed,app
O006694,2,2026-05-18T19:39,C0515,P017,1,274000,0.0,completed,app
O006695,1,2026-05-18T16:56,C0496,P040,1,44000,0.0,completed,web
O006696,1,2026-05-18T16:08,C0588,P028,1,39000,0.0,completed,app
O006697,1,2026-05-18T20:45,C0103,P051,1,54600,0.3,completed,web
O006697,2,2026-05-18T20:45,C0103,P011,2,265000,0.0,completed,web
O006698,1,2026-05-18T15:55,C0043,P045,1,64000,0.0,completed,app
O006699,1,2026-05-18T15:59,C0064,P064,1,127000,0.0,completed,app
O006700,1,2026-05-18T14:18,C0371,P030,1,62000,0.0,completed,app
O006701,1,2026-05-18T09:39,C0113,P011,1,265000,0.0,cancelled,web
O006702,1,2026-05-18T14:23,C0240,P048,1,92000,0.0,completed,app
O006702,2,2026-05-18T14:23,C0240,P043,1,91000,0.0,completed,app
O006703,1,2026-05-18T18:03,C0058,P030,1,62000,0.0,completed,app
O006703,2,2026-05-18T18:03,C0058,P043,1,91000,0.0,completed,app
O006703,3,2026-05-18T18:03,C0058,P012,1,138000,0.0,completed,app
O006704,1,2026-05-18T14:41,C0418,P045,1,64000,0.0,completed,app
O006705,1,2026-05-18T23:04,C0441,P037,1,49000,0.0,completed,web
O006706,1,2026-05-18T07:08,C0057,P063,1,124000,0.0,cancelled,app
O006707,1,2026-05-18T18:53,C0275,P043,1,91000,0.0,cancelled,app
O006707,2,2026-05-18T18:53,C0275,P043,1,91000,0.0,cancelled,app
O006708,1,2026-05-18T16:05,C0171,P045,1,64000,0.0,completed,app
O006709,1,2026-05-18T18:28,C0357,P043,1,91000,0.0,completed,app
O006709,2,2026-05-18T18:28,C0357,P048,1,92000,0.0,completed,app
O006710,1,2026-05-18T12:23,C0403,P013,1,271000,0.0,completed,app
O006710,2,2026-05-18T12:23,C0403,P004,1,157000,0.0,completed,app
O006711,1,2026-05-18T14:55,C0350,P066,1,88000,0.2,completed,app
O006712,1,2026-05-18T13:15,C0463,P045,1,64000,0.0,completed,web
O006713,1,2026-05-18T11:21,C0182,P017,1,274000,0.0,completed,web
O006714,1,2026-05-18T09:03,C0438,P036,1,65000,0.0,completed,web
O006714,2,2026-05-18T09:03,C0438,P016,1,118299,0.3,completed,web
O006715,1,2026-05-18T13:36,C0213,P032,1,31499,0.3,completed,web
O006715,2,2026-05-18T13:36,C0213,P023,1,53000,0.0,completed,web
O006716,1,2026-05-18T10:32,C0283,P064,1,127000,0.0,completed,app
O006717,1,2026-05-18T17:40,C0325,P037,1,49000,0.0,completed,web
O006718,1,2026-05-18T05:20,C0196,P020,1,41000,0.0,completed,web
O006719,1,2026-05-18T16:28,C0556,P040,2,44000,0.0,completed,app
O006720,1,2026-05-18T10:26,C0140,P078,1,75600,0.3,completed,web
O006720,2,2026-05-18T10:26,C0140,P056,1,42700,0.3,completed,web
O006720,3,2026-05-18T10:26,C0140,P078,1,75600,0.3,completed,web
O006721,1,2026-05-18T13:03,C0589,P040,1,44000,0.0,completed,app
O006722,1,2026-05-18T10:27,C0579,P008,1,279000,0.0,completed,web
O006722,2,2026-05-18T10:27,C0579,P004,1,157000,0.0,completed,web
O006723,1,2026-05-18T12:58,C0001,P040,1,44000,0.0,completed,web
O006723,2,2026-05-18T12:58,C0001,P019,1,37000,0.0,completed,web
O006724,1,2026-05-18T10:24,C0136,P048,1,92000,0.0,completed,app
O006725,1,2026-05-18T14:17,C0274,P040,1,44000,0.0,completed,app
O006725,2,2026-05-18T14:17,C0274,P055,1,61599,0.3,completed,app
O006726,1,2026-05-18T14:09,C0339,P076,1,70700,0.3,completed,app
O006727,1,2026-05-18T17:50,C0005,P064,1,127000,0.0,completed,app
O006728,1,2026-05-18T13:50,C0343,P001,1,193000,0.0,completed,web
O006729,1,2026-05-18T16:30,C0053,P050,1,84000,0.0,completed,web
O006729,2,2026-05-18T16:30,C0053,P028,1,39000,0.0,completed,web
O006730,1,2026-05-18T11:37,C0051,P008,1,279000,0.0,returned,web
O006730,2,2026-05-18T11:37,C0051,P029,1,39000,0.0,returned,web
O006731,1,2026-05-18T13:20,C0567,P040,1,44000,0.0,completed,web
O006732,1,2026-05-18T13:18,C0333,P040,1,44000,0.0,cancelled,app
O006733,1,2026-05-18T14:57,C0100,P037,1,49000,0.0,completed,web
O006734,1,2026-05-18T23:20,C0493,P056,1,42700,0.3,completed,web
O006734,2,2026-05-18T23:20,C0493,P075,1,81000,0.0,completed,web
O006735,1,2026-05-18T14:21,C0190,P048,1,92000,0.0,completed,web
O006736,1,2026-05-18T11:44,C0249,P042,1,85000,0.0,completed,app
O006736,2,2026-05-18T11:44,C0249,P055,1,61599,0.3,completed,app
O006736,3,2026-05-18T11:44,C0249,P073,1,52500,0.3,completed,app
O006737,1,2026-05-18T13:35,C0052,P040,1,44000,0.0,completed,app
O006737,2,2026-05-18T13:35,C0052,P040,1,44000,0.0,completed,app
O006738,1,2026-05-18T18:58,C0207,P043,1,91000,0.0,completed,web
O006739,1,2026-05-18T13:15,C0595,P043,1,91000,0.0,cancelled,app
O006740,1,2026-05-18T16:48,C0299,P055,1,61599,0.3,completed,app
O006740,2,2026-05-18T16:48,C0299,P055,1,61599,0.3,completed,app
O006741,1,2026-05-18T10:26,C0240,P020,1,41000,0.0,completed,app
O006742,1,2026-05-18T12:09,C0270,P029,1,39000,0.0,completed,web
O006743,1,2026-05-18T11:58,C0338,P037,1,49000,0.0,completed,web
O006744,1,2026-05-19T15:12,C0240,P021,1,72000,0.0,completed,web
O006745,1,2026-05-19T13:55,C0151,P021,1,72000,0.0,completed,app
O006746,1,2026-05-19T12:50,C0048,P021,1,72000,0.0,completed,web
O006747,1,2026-05-19T18:36,C0220,P015,1,222000,0.0,returned,app
O006748,1,2026-05-19T22:09,C0001,P017,1,274000,0.0,completed,web
O006749,1,2026-05-19T09:08,C0477,P055,1,61599,0.3,returned,web
O006750,1,2026-05-19T14:58,C0036,P032,1,31499,0.3,completed,web
O006751,1,2026-05-19T10:08,C0346,P040,1,44000,0.0,completed,app
O006752,1,2026-05-19T19:43,C0259,P029,1,39000,0.0,completed,web
O006753,1,2026-05-19T14:28,C0114,P037,1,49000,0.0,completed,app
O006754,1,2026-05-19T17:53,C0066,P048,1,92000,0.0,completed,web
O006754,2,2026-05-19T17:53,C0066,P013,1,271000,0.0,completed,web
O006755,1,2026-05-19T13:55,C0492,P043,1,91000,0.0,completed,app
O006756,1,2026-05-19T19:01,C0190,P069,1,122000,0.0,completed,app
O006756,2,2026-05-19T19:01,C0190,P049,1,54600,0.3,completed,app
O006757,1,2026-05-19T08:41,C0325,P006,1,275000,0.0,completed,web
O006758,1,2026-05-19T08:45,C0153,P038,1,38000,0.0,completed,web
O006758,2,2026-05-19T08:45,C0153,P055,1,61599,0.3,completed,web
O006759,1,2026-05-19T16:25,C0186,P063,1,124000,0.0,returned,web
O006760,1,2026-05-19T08:55,C0265,P044,1,59499,0.3,cancelled,web
O006760,2,2026-05-19T08:55,C0265,P016,1,118299,0.3,cancelled,web
O006761,1,2026-05-19T05:09,C0346,P016,1,118299,0.3,completed,app
O006762,1,2026-05-19T07:27,C0406,P059,1,66500,0.3,completed,app
O006763,1,2026-05-19T15:35,C0595,P024,1,55000,0.0,completed,app
O006763,2,2026-05-19T15:35,C0595,P027,1,63000,0.0,completed,app
O006764,1,2026-05-19T17:15,C0053,P037,1,49000,0.0,completed,app
O006765,1,2026-05-19T20:32,C0451,P064,1,127000,0.0,completed,app
O006766,1,2026-05-19T23:41,C0096,P027,1,63000,0.0,completed,web
O006767,1,2026-05-19T19:22,C0455,P049,1,54600,0.3,completed,web
O006768,1,2026-05-19T13:10,C0406,P055,1,61599,0.3,completed,app
O006769,1,2026-05-19T17:42,C0536,P019,1,37000,0.0,completed,app
O006770,1,2026-05-19T11:55,C0515,P042,1,85000,0.0,completed,app
O006770,2,2026-05-19T11:55,C0515,P017,1,274000,0.0,completed,app
O006771,1,2026-05-19T17:08,C0515,P002,1,130400,0.2,completed,app
O006772,1,2026-05-19T18:53,C0406,P055,1,61599,0.3,completed,web
O006773,1,2026-05-19T10:11,C0469,P061,1,115000,0.0,completed,app
O006773,2,2026-05-19T10:11,C0469,P029,1,39000,0.0,completed,app
O006774,1,2026-05-19T14:52,C0496,P030,1,62000,0.0,completed,app
O006775,1,2026-05-19T18:20,C0600,P055,1,61599,0.3,completed,app
O006775,2,2026-05-19T18:20,C0600,P069,1,122000,0.0,completed,app
O006776,1,2026-05-19T21:54,C0033,P038,1,38000,0.0,completed,web
O006777,1,2026-05-19T15:03,C0124,P059,1,66500,0.3,completed,app
O006778,1,2026-05-19T16:48,C0502,P043,1,91000,0.0,completed,app
O006778,2,2026-05-19T16:48,C0502,P019,1,37000,0.0,completed,app
O006779,1,2026-05-19T11:39,C0272,P040,1,44000,0.0,completed,web
O006780,1,2026-05-19T21:56,C0113,P039,1,45000,0.0,returned,web
O006780,2,2026-05-19T21:56,C0113,P040,1,44000,0.0,returned,web
O006780,3,2026-05-19T21:56,C0113,P055,1,61599,0.3,returned,web
O006781,1,2026-05-19T04:33,C0146,P038,1,38000,0.0,completed,app
O006781,2,2026-05-19T04:33,C0146,P048,1,92000,0.0,completed,app
O006782,1,2026-05-19T20:31,C0564,P055,1,61599,0.3,completed,app
O006783,1,2026-05-19T18:21,C0373,P042,1,85000,0.0,completed,app
O006784,1,2026-05-19T11:54,C0123,P040,1,44000,0.0,completed,web
O006785,1,2026-05-19T20:35,C0126,P075,1,81000,0.0,completed,web
O006786,1,2026-05-19T10:36,C0447,P061,1,115000,0.0,completed,web
O006787,1,2026-05-20T14:50,C0418,P042,1,85000,0.0,completed,app
O006788,1,2026-05-20T12:41,C0197,P008,1,279000,0.0,completed,web
O006789,1,2026-05-20T10:48,C0415,P072,1,95000,0.0,completed,web
O006790,1,2026-05-20T18:00,C0146,P039,1,45000,0.0,completed,app
O006790,2,2026-05-20T18:00,C0146,P033,1,52000,0.2,completed,app
O006791,1,2026-05-20T20:07,C0114,P008,1,279000,0.0,completed,app
O006792,1,2026-05-20T17:23,C0582,P064,1,127000,0.0,completed,app
O006793,1,2026-05-20T13:33,C0333,P049,1,54600,0.3,completed,app
O006794,1,2026-05-20T11:12,C0349,P028,2,39000,0.0,completed,app
O006795,1,2026-05-20T19:04,C0436,P040,1,44000,0.0,completed,app
O006796,1,2026-05-20T18:07,C0496,P019,1,37000,0.0,completed,app
O006796,2,2026-05-20T18:07,C0496,P053,1,80000,0.2,completed,app
O006797,1,2026-05-20T13:02,C0459,P008,1,279000,0.0,completed,web
O006798,1,2026-05-20T18:55,C0430,P040,1,44000,0.0,cancelled,app
O006799,1,2026-05-20T15:15,C0001,P056,1,42700,0.3,returned,web
O006800,1,2026-05-20T09:34,C0406,P053,1,80000,0.2,completed,app
O006801,1,2026-05-20T20:10,C0198,P080,1,109000,0.0,cancelled,web
O006802,1,2026-05-20T13:19,C0058,P030,1,62000,0.0,completed,app
O006803,1,2026-05-20T18:38,C0596,P021,1,72000,0.0,completed,web
O006803,2,2026-05-20T18:38,C0596,P057,1,64399,0.3,completed,web
O006803,3,2026-05-20T18:38,C0596,P040,1,44000,0.0,completed,web
O006804,1,2026-05-20T17:28,C0109,P048,1,92000,0.0,completed,app
O006805,1,2026-05-20T17:35,C0250,P028,1,39000,0.0,completed,app
O006806,1,2026-05-20T16:05,C0146,P073,1,52500,0.3,completed,app
O006807,1,2026-05-20T16:46,C0008,P017,1,164400,0.4,completed,app
O006808,1,2026-05-20T11:30,C0455,P069,1,122000,0.0,completed,web
O006809,1,2026-05-20T10:59,C0196,P021,1,72000,0.0,completed,app
O006810,1,2026-05-20T09:34,C0436,P064,1,127000,0.0,completed,web
O006811,1,2026-05-20T13:30,C0589,P008,1,279000,0.0,completed,app
O006811,2,2026-05-20T13:30,C0589,P032,1,31499,0.3,completed,app
O006812,1,2026-05-20T14:50,C0443,P075,1,81000,0.0,completed,app
O006813,1,2026-05-20T17:44,C0481,P027,1,63000,0.0,completed,app
O006814,1,2026-05-20T05:22,C0123,P028,1,39000,0.0,completed,web
O006815,1,2026-05-20T19:59,C0110,P042,1,85000,0.0,completed,app
O006816,1,2026-05-20T21:01,C0099,P013,1,271000,0.0,completed,app
O006816,2,2026-05-20T21:01,C0099,P080,1,109000,0.0,completed,app
O006817,1,2026-05-20T10:34,C0350,P066,1,88000,0.2,cancelled,app
O006817,2,2026-05-20T10:34,C0350,P064,1,127000,0.0,cancelled,app
O006818,1,2026-05-20T16:50,C0265,P040,1,44000,0.0,completed,web
O006819,1,2026-05-20T10:02,C0357,P017,1,164400,0.4,returned,web
O006820,1,2026-05-20T22:46,C0146,P074,1,85600,0.2,completed,app
O006821,1,2026-05-20T19:35,C0600,P042,1,85000,0.0,completed,app
O006822,1,2026-05-20T13:17,C0188,P008,1,279000,0.0,completed,web
O006822,2,2026-05-20T13:17,C0188,P060,1,57399,0.3,completed,web
O006822,3,2026-05-20T13:17,C0188,P053,1,80000,0.2,completed,web
O006823,1,2026-05-20T11:58,C0577,P042,1,85000,0.0,completed,web
O006824,1,2026-05-20T18:52,C0051,P037,1,49000,0.0,completed,app
O006825,1,2026-05-20T17:21,C0411,P039,1,45000,0.0,completed,app
O006825,2,2026-05-20T17:21,C0411,P043,1,91000,0.0,completed,app
O006826,1,2026-05-20T13:54,C0294,P075,1,81000,0.0,returned,web
O006827,1,2026-05-20T14:02,C0213,P028,1,39000,0.0,completed,web
O006828,1,2026-05-20T17:49,C0040,P040,2,44000,0.0,completed,web
O006828,2,2026-05-20T17:49,C0040,P030,2,62000,0.0,completed,web
O006828,3,2026-05-20T17:49,C0040,P040,1,44000,0.0,completed,web
O006829,1,2026-05-20T18:35,C0595,P070,1,114000,0.0,completed,app
O006830,1,2026-05-20T12:36,C0462,P014,1,162400,0.2,completed,app
O006831,1,2026-05-20T12:24,C0584,P017,1,164400,0.4,returned,app
O006832,1,2026-05-20T14:15,C0249,P058,1,79200,0.2,completed,app
O006833,1,2026-05-20T17:04,C0346,P017,1,164400,0.4,completed,app
O006834,1,2026-05-20T14:48,C0123,P040,1,44000,0.0,completed,web
O006835,1,2026-05-20T11:25,C0506,P072,1,95000,0.0,completed,web
O006836,1,2026-05-20T20:07,C0526,P056,1,42700,0.3,completed,web
O006836,2,2026-05-20T20:07,C0526,P040,1,44000,0.0,completed,web
O006836,3,2026-05-20T20:07,C0526,P011,1,265000,0.0,completed,web
O006837,1,2026-05-20T07:39,C0188,P055,1,61599,0.3,completed,web
O006837,2,2026-05-20T07:39,C0188,P052,1,74000,0.0,completed,web
O006838,1,2026-05-20T14:57,C0132,P040,1,44000,0.0,completed,web
O006839,1,2026-05-20T11:25,C0018,P017,1,164400,0.4,completed,app
O006839,2,2026-05-20T11:25,C0018,P011,1,265000,0.0,completed,app
O006840,1,2026-05-20T14:54,C0279,P021,1,72000,0.0,completed,web
O006841,1,2026-05-20T13:50,C0033,P015,1,222000,0.0,completed,web
O006842,1,2026-05-20T18:53,C0600,P006,1,275000,0.0,completed,app
O006843,1,2026-05-20T17:34,C0167,P017,1,164400,0.4,completed,app
O006844,1,2026-05-20T14:29,C0136,P001,1,193000,0.0,completed,app
O006845,1,2026-05-20T14:26,C0018,P009,1,155200,0.2,completed,app
O006846,1,2026-05-20T16:24,C0171,P008,1,279000,0.0,completed,app
O006846,2,2026-05-20T16:24,C0171,P033,1,52000,0.2,completed,app
O006847,1,2026-05-20T19:11,C0004,P008,1,279000,0.0,completed,web
O006848,1,2026-05-20T12:39,C0053,P034,1,57000,0.0,completed,web
O006849,1,2026-05-20T08:52,C0057,P011,1,265000,0.0,completed,app
O006850,1,2026-05-20T17:27,C0450,P017,1,164400,0.4,completed,app
O006850,2,2026-05-20T17:27,C0450,P073,1,52500,0.3,completed,app
O006850,3,2026-05-20T17:27,C0450,P017,1,164400,0.4,completed,app
O006851,1,2026-05-20T14:59,C0577,P073,1,52500,0.3,completed,app
O006852,1,2026-05-21T17:31,C0005,P055,1,61599,0.3,completed,app
O006852,2,2026-05-21T17:31,C0005,P017,1,164400,0.4,completed,app
O006852,3,2026-05-21T17:31,C0005,P008,1,279000,0.0,completed,app
O006853,1,2026-05-21T16:09,C0600,P019,1,37000,0.0,completed,app
O006854,1,2026-05-21T15:03,C0246,P055,1,61599,0.3,returned,web
O006855,1,2026-05-21T18:03,C0124,P056,1,42700,0.3,cancelled,app
O006855,2,2026-05-21T18:03,C0124,P071,1,133000,0.0,cancelled,app
O006856,1,2026-05-21T16:40,C0136,P042,1,68000,0.2,completed,app
O006857,1,2026-05-21T22:40,C0582,P017,1,164400,0.4,completed,app
O006858,1,2026-05-21T17:20,C0051,P017,1,164400,0.4,completed,app
O006858,2,2026-05-21T17:20,C0051,P074,1,85600,0.2,completed,app
O006859,1,2026-05-21T19:38,C0351,P056,1,42700,0.3,completed,app
O006859,2,2026-05-21T19:38,C0351,P049,3,54600,0.3,completed,app
O006859,3,2026-05-21T19:38,C0351,P053,1,80000,0.2,completed,app
O006860,1,2026-05-21T17:15,C0051,P014,1,162400,0.2,completed,web
O006861,1,2026-05-21T16:52,C0265,P028,1,39000,0.0,completed,web
O006862,1,2026-05-21T10:17,C0046,P048,1,92000,0.0,completed,web
O006863,1,2026-05-21T11:55,C0577,P049,1,54600,0.3,returned,web
O006863,2,2026-05-21T11:55,C0577,P055,1,61599,0.3,returned,web
O006864,1,2026-05-21T16:10,C0156,P059,1,66500,0.3,completed,web
O006865,1,2026-05-21T14:07,C0099,P017,1,164400,0.4,completed,app
O006866,1,2026-05-21T19:46,C0078,P042,1,68000,0.2,completed,app
O006867,1,2026-05-21T20:49,C0492,P017,1,164400,0.4,completed,web
O006867,2,2026-05-21T20:49,C0492,P008,1,279000,0.0,completed,web
O006868,1,2026-05-21T14:00,C0196,P021,1,72000,0.0,completed,app
O006869,1,2026-05-21T09:53,C0209,P021,1,72000,0.0,completed,app
O006870,1,2026-05-21T06:17,C0182,P029,1,39000,0.0,completed,app
O006871,1,2026-05-21T20:35,C0380,P011,1,265000,0.0,completed,web
O006872,1,2026-05-21T14:40,C0430,P043,1,91000,0.0,completed,web
O006873,1,2026-05-21T14:11,C0055,P055,1,61599,0.3,completed,web
O006874,1,2026-05-21T16:07,C0367,P043,1,91000,0.0,completed,app
O006875,1,2026-05-21T15:46,C0068,P021,1,72000,0.0,completed,app
O006876,1,2026-05-21T17:03,C0291,P059,1,66500,0.3,completed,app
O006877,1,2026-05-21T23:32,C0288,P059,1,66500,0.3,completed,app
O006878,1,2026-05-21T13:01,C0151,P040,1,44000,0.0,completed,app
O006879,1,2026-05-21T14:01,C0249,P073,1,52500,0.3,completed,app
O006880,1,2026-05-21T15:18,C0018,P019,1,37000,0.0,completed,app
O006881,1,2026-05-21T15:38,C0206,P017,1,164400,0.4,completed,web
O006882,1,2026-05-21T18:36,C0203,P061,1,115000,0.0,completed,web
O006883,1,2026-05-21T12:27,C0526,P035,1,49000,0.0,completed,web
O006884,1,2026-05-21T11:27,C0537,P048,1,92000,0.0,completed,web
O006885,1,2026-05-21T07:59,C0275,P037,1,49000,0.0,completed,app
O006886,1,2026-05-21T19:39,C0210,P064,1,127000,0.0,returned,web
O006887,1,2026-05-21T13:10,C0057,P064,1,127000,0.0,completed,app
O006887,2,2026-05-21T13:10,C0057,P017,1,164400,0.4,completed,app
O006888,1,2026-05-21T15:48,C0436,P070,1,114000,0.0,completed,web
O006888,2,2026-05-21T15:48,C0436,P006,1,275000,0.0,completed,web
O006888,3,2026-05-21T15:48,C0436,P071,1,133000,0.0,completed,web
O006889,1,2026-05-21T23:21,C0071,P038,1,38000,0.0,cancelled,web
O006889,2,2026-05-21T23:21,C0071,P036,2,65000,0.0,cancelled,web
O006890,1,2026-05-21T13:49,C0469,P021,1,72000,0.0,completed,app
O006891,1,2026-05-21T18:10,C0479,P042,1,68000,0.2,completed,app
O006891,2,2026-05-21T18:10,C0479,P072,1,95000,0.0,completed,app
O006891,3,2026-05-21T18:10,C0479,P017,1,164400,0.4,completed,app
O006892,1,2026-05-21T17:43,C0566,P055,1,61599,0.3,completed,app
O006892,2,2026-05-21T17:43,C0566,P042,1,68000,0.2,completed,app
O006893,1,2026-05-21T18:11,C0166,P035,1,49000,0.0,completed,web
O006894,1,2026-05-21T12:25,C0089,P055,1,61599,0.3,completed,web
O006894,2,2026-05-21T12:25,C0089,P040,1,44000,0.0,completed,web
O006895,1,2026-05-21T13:33,C0167,P008,1,279000,0.0,completed,app
O006896,1,2026-05-21T12:06,C0099,P069,1,122000,0.0,completed,app
O006896,2,2026-05-21T12:06,C0099,P017,1,164400,0.4,completed,app
O006897,1,2026-05-21T16:57,C0267,P019,1,37000,0.0,completed,web
O006898,1,2026-05-21T16:32,C0383,P030,1,62000,0.0,completed,app
O006899,1,2026-05-21T17:59,C0077,P020,1,41000,0.0,returned,app
O006900,1,2026-05-21T15:32,C0333,P022,1,36000,0.0,completed,web
O006900,2,2026-05-21T15:32,C0333,P011,1,265000,0.0,completed,web
O006901,1,2026-05-21T15:12,C0206,P037,1,49000,0.0,returned,web
O006902,1,2026-05-21T08:29,C0146,P029,1,39000,0.0,completed,web
O006903,1,2026-05-22T13:40,C0085,P005,1,227000,0.0,completed,web
O006904,1,2026-05-22T10:20,C0094,P006,1,275000,0.0,cancelled,web
O006905,1,2026-05-22T18:30,C0544,P066,1,88000,0.2,completed,web
O006906,1,2026-05-22T09:12,C0350,P063,1,124000,0.0,returned,app
O006906,2,2026-05-22T09:12,C0350,P066,1,88000,0.2,returned,app
O006906,3,2026-05-22T09:12,C0350,P017,1,164400,0.4,returned,app
O006907,1,2026-05-22T19:47,C0049,P063,1,124000,0.0,returned,app
O006908,1,2026-05-22T22:20,C0024,P027,1,63000,0.0,completed,web
O006909,1,2026-05-22T13:10,C0595,P040,1,44000,0.0,completed,app
O006910,1,2026-05-22T15:11,C0480,P055,1,61599,0.3,completed,app
O006911,1,2026-05-22T14:02,C0155,P069,1,122000,0.0,completed,app
O006911,2,2026-05-22T14:02,C0155,P027,1,63000,0.0,completed,app
O006911,3,2026-05-22T14:02,C0155,P064,1,127000,0.0,completed,app
O006912,1,2026-05-22T19:10,C0333,P050,1,84000,0.0,completed,app
O006913,1,2026-05-22T16:43,C0115,P028,1,39000,0.0,returned,app
O006914,1,2026-05-22T15:03,C0154,P028,1,39000,0.0,completed,app
O006915,1,2026-05-22T18:57,C0352,P042,1,68000,0.2,cancelled,app
O006916,1,2026-05-22T12:51,C0552,P043,1,91000,0.0,cancelled,web
O006917,1,2026-05-22T15:28,C0042,P064,1,127000,0.0,completed,web
O006918,1,2026-05-22T22:18,C0600,P069,1,122000,0.0,returned,app
O006918,2,2026-05-22T22:18,C0600,P052,1,74000,0.0,returned,app
O006919,1,2026-05-22T18:49,C0047,P040,1,44000,0.0,completed,web
O006920,1,2026-05-22T15:59,C0600,P043,1,91000,0.0,completed,app
O006921,1,2026-05-22T16:01,C0564,P015,1,222000,0.0,completed,app
O006922,1,2026-05-22T15:27,C0515,P006,1,275000,0.0,completed,app
O006922,2,2026-05-22T15:27,C0515,P001,1,193000,0.0,completed,app
O006923,1,2026-05-22T08:33,C0186,P017,1,164400,0.4,completed,app
O006924,1,2026-05-22T14:11,C0240,P045,1,64000,0.0,completed,app
O006925,1,2026-05-22T11:58,C0430,P021,1,72000,0.0,completed,app
O006926,1,2026-05-22T19:26,C0479,P063,1,124000,0.0,completed,app
O006927,1,2026-05-22T18:05,C0570,P014,1,162400,0.2,completed,web
O006927,2,2026-05-22T18:05,C0570,P017,1,164400,0.4,completed,web
O006928,1,2026-05-22T16:59,C0130,P019,1,37000,0.0,completed,web
O006929,1,2026-05-22T13:46,C0079,P040,1,44000,0.0,completed,web
O006930,1,2026-05-22T15:42,C0429,P071,1,133000,0.0,returned,app
O006931,1,2026-05-22T12:45,C0418,P055,1,61599,0.3,completed,app
O006932,1,2026-05-22T16:24,C0086,P072,1,95000,0.0,completed,web
O006933,1,2026-05-22T16:04,C0443,P055,1,61599,0.3,completed,app
O006934,1,2026-05-22T10:59,C0058,P033,1,52000,0.2,cancelled,app
O006935,1,2026-05-22T19:12,C0469,P058,1,79200,0.2,returned,app
O006935,2,2026-05-22T19:12,C0469,P040,1,44000,0.0,returned,app
O006936,1,2026-05-22T16:58,C0506,P021,1,72000,0.0,completed,web
O006937,1,2026-05-22T13:50,C0326,P080,1,109000,0.0,completed,web
O006938,1,2026-05-22T13:29,C0265,P008,1,279000,0.0,returned,web
O006938,2,2026-05-22T13:29,C0265,P020,1,41000,0.0,returned,web
O006939,1,2026-05-22T19:07,C0221,P035,1,49000,0.0,completed,app
O006940,1,2026-05-22T20:05,C0375,P080,1,109000,0.0,returned,web
O006941,1,2026-05-22T18:58,C0135,P040,1,44000,0.0,completed,app
O006942,1,2026-05-22T22:44,C0360,P027,2,63000,0.0,completed,web
O006942,2,2026-05-22T22:44,C0360,P008,2,279000,0.0,completed,web
O006943,1,2026-05-22T17:40,C0519,P036,1,65000,0.0,completed,web
O006944,1,2026-05-22T21:25,C0213,P028,1,39000,0.0,completed,web
O006945,1,2026-05-22T10:28,C0469,P040,1,44000,0.0,completed,app
O006946,1,2026-05-22T11:20,C0123,P043,1,91000,0.0,completed,web
O006947,1,2026-05-22T14:56,C0145,P007,1,262000,0.0,completed,web
O006948,1,2026-05-22T12:15,C0479,P017,1,164400,0.4,returned,app
O006949,1,2026-05-22T13:03,C0477,P052,1,74000,0.0,completed,app
O006949,2,2026-05-22T13:03,C0477,P011,1,265000,0.0,completed,app
O006950,1,2026-05-22T05:37,C0275,P040,1,44000,0.0,completed,app
O006951,1,2026-05-22T14:45,C0325,P040,1,44000,0.0,completed,web
O006951,2,2026-05-22T14:45,C0325,P075,1,81000,0.0,completed,web
O006952,1,2026-05-22T10:15,C0493,P017,1,164400,0.4,completed,web
O006952,2,2026-05-22T10:15,C0493,P040,1,44000,0.0,completed,web
O006953,1,2026-05-23T15:02,C0325,P040,1,44000,0.0,completed,web
O006954,1,2026-05-23T16:35,C0313,P040,1,44000,0.0,completed,web
O006955,1,2026-05-23T17:42,C0190,P050,1,84000,0.0,completed,app
O006956,1,2026-05-23T05:39,C0146,P042,1,68000,0.2,completed,web
O006957,1,2026-05-23T21:12,C0052,P064,1,127000,0.0,completed,app
O006957,2,2026-05-23T21:12,C0052,P043,1,91000,0.0,completed,app
O006958,1,2026-05-23T13:15,C0325,P069,1,122000,0.0,completed,web
O006959,1,2026-05-23T10:05,C0406,P060,1,57399,0.3,completed,web
O006959,2,2026-05-23T10:05,C0406,P042,1,68000,0.2,completed,web
O006959,3,2026-05-23T10:05,C0406,P074,1,85600,0.2,completed,web
O006960,1,2026-05-23T12:23,C0010,P040,1,44000,0.0,completed,web
O006961,1,2026-05-23T14:26,C0530,P061,1,115000,0.0,completed,app
O006962,1,2026-05-23T16:43,C0240,P055,1,61599,0.3,returned,app
O006963,1,2026-05-23T20:24,C0325,P063,1,124000,0.0,completed,web
O006963,2,2026-05-23T20:24,C0325,P064,1,127000,0.0,completed,web
O006963,3,2026-05-23T20:24,C0325,P068,1,117000,0.0,completed,web
O006964,1,2026-05-23T13:05,C0509,P040,1,44000,0.0,completed,web
O006965,1,2026-05-23T12:37,C0430,P059,1,66500,0.3,completed,app
O006965,2,2026-05-23T12:37,C0430,P043,1,91000,0.0,completed,app
O006965,3,2026-05-23T12:37,C0430,P055,1,61599,0.3,completed,app
O006966,1,2026-05-23T14:15,C0038,P062,1,86000,0.0,completed,web
O006967,1,2026-05-23T17:45,C0240,P063,1,124000,0.0,completed,app
O006967,2,2026-05-23T17:45,C0240,P053,1,80000,0.2,completed,app
O006967,3,2026-05-23T17:45,C0240,P008,1,279000,0.0,completed,app
O006968,1,2026-05-23T10:21,C0294,P048,1,92000,0.0,completed,app
O006968,2,2026-05-23T10:21,C0294,P028,1,39000,0.0,completed,app
O006968,3,2026-05-23T10:21,C0294,P071,1,133000,0.0,completed,app
O006969,1,2026-05-23T16:09,C0479,P064,1,127000,0.0,cancelled,web
O006969,2,2026-05-23T16:09,C0479,P027,1,63000,0.0,cancelled,web
O006970,1,2026-05-23T18:13,C0250,P027,1,63000,0.0,completed,app
O006971,1,2026-05-23T12:00,C0469,P040,1,44000,0.0,completed,app
O006971,2,2026-05-23T12:00,C0469,P028,1,39000,0.0,completed,app
O006972,1,2026-05-23T14:17,C0566,P040,1,44000,0.0,completed,app
O006973,1,2026-05-23T16:16,C0596,P073,1,52500,0.3,completed,web
O006974,1,2026-05-23T13:35,C0209,P028,1,39000,0.0,completed,app
O006975,1,2026-05-23T17:40,C0282,P002,1,130400,0.2,completed,web
O006976,1,2026-05-23T18:30,C0057,P008,1,279000,0.0,completed,app
O006976,2,2026-05-23T18:30,C0057,P040,1,44000,0.0,completed,app
O006977,1,2026-05-23T10:23,C0325,P040,1,44000,0.0,completed,web
O006977,2,2026-05-23T10:23,C0325,P073,1,52500,0.3,completed,web
O006978,1,2026-05-23T12:02,C0538,P039,1,45000,0.0,completed,web
O006979,1,2026-05-23T21:46,C0327,P027,1,63000,0.0,completed,web
O006980,1,2026-05-23T12:21,C0274,P045,1,64000,0.0,completed,app
O006980,2,2026-05-23T12:21,C0274,P055,1,61599,0.3,completed,app
O006981,1,2026-05-23T16:33,C0108,P013,1,271000,0.0,cancelled,app
O006982,1,2026-05-23T21:57,C0595,P049,1,54600,0.3,completed,app
O006982,2,2026-05-23T21:57,C0595,P017,1,274000,0.0,completed,app
O006983,1,2026-05-23T23:14,C0595,P009,1,135800,0.3,completed,app
O006984,1,2026-05-23T13:26,C0209,P027,1,63000,0.0,completed,app
O006985,1,2026-05-23T12:41,C0515,P040,1,44000,0.0,completed,app
O006986,1,2026-05-23T05:32,C0192,P003,1,108800,0.2,completed,app
O006987,1,2026-05-23T12:16,C0443,P073,1,52500,0.3,completed,web
O006987,2,2026-05-23T12:16,C0443,P013,1,271000,0.0,completed,web
O006988,1,2026-05-23T16:24,C0283,P048,1,92000,0.0,completed,app
O006989,1,2026-05-23T17:44,C0477,P017,1,274000,0.0,completed,app
O006989,2,2026-05-23T17:44,C0477,P058,1,79200,0.2,completed,app
O006989,3,2026-05-23T17:44,C0477,P040,1,44000,0.0,completed,app
O006990,1,2026-05-23T22:16,C0386,P017,1,274000,0.0,completed,web
O006991,1,2026-05-23T10:17,C0300,P076,1,70700,0.3,completed,web
O006992,1,2026-05-23T19:17,C0526,P023,1,53000,0.0,completed,web
O006993,1,2026-05-23T16:18,C0127,P034,1,57000,0.0,completed,app
O006994,1,2026-05-23T18:31,C0564,P078,1,75600,0.3,completed,app
O006995,1,2026-05-23T18:52,C0388,P040,1,44000,0.0,completed,web
O006996,1,2026-05-23T14:49,C0383,P006,1,275000,0.0,completed,app
O006997,1,2026-05-23T10:15,C0146,P056,1,42700,0.3,completed,app
O006997,2,2026-05-23T10:15,C0146,P046,1,47200,0.2,completed,app
O006998,1,2026-05-23T15:26,C0352,P030,1,62000,0.0,completed,app
O006999,1,2026-05-23T14:37,C0131,P049,1,54600,0.3,cancelled,app
O006999,2,2026-05-23T14:37,C0131,P050,1,84000,0.0,cancelled,app
O007000,1,2026-05-23T17:08,C0545,P042,1,68000,0.2,completed,app
O007001,1,2026-05-23T14:12,C0052,P074,1,85600,0.2,completed,app
O007001,2,2026-05-23T14:12,C0052,P040,1,44000,0.0,completed,app
O007002,1,2026-05-23T16:51,C0274,P028,1,39000,0.0,completed,web
O007003,1,2026-05-23T19:51,C0297,P038,1,38000,0.0,completed,app
O007004,1,2026-05-23T12:21,C0455,P055,1,61599,0.3,completed,web
O007005,1,2026-05-23T09:22,C0463,P035,1,49000,0.0,completed,web
O007006,1,2026-05-23T21:08,C0564,P074,1,85600,0.2,returned,web
O007007,1,2026-05-23T12:59,C0058,P030,1,62000,0.0,completed,app
O007008,1,2026-05-23T17:41,C0435,P040,1,44000,0.0,completed,web
O007009,1,2026-05-23T08:10,C0404,P075,1,81000,0.0,completed,app
O007010,1,2026-05-23T16:14,C0321,P013,1,271000,0.0,completed,app
O007011,1,2026-05-23T04:41,C0051,P019,1,37000,0.0,completed,web
O007011,2,2026-05-23T04:41,C0051,P080,1,109000,0.0,completed,web
O007012,1,2026-05-24T17:17,C0411,P059,1,66500,0.3,completed,app
O007013,1,2026-05-24T09:30,C0429,P073,1,52500,0.3,completed,app
O007013,2,2026-05-24T09:30,C0429,P062,1,86000,0.0,completed,app
O007014,1,2026-05-24T16:21,C0430,P040,1,44000,0.0,completed,app
O007015,1,2026-05-24T16:21,C0317,P042,2,68000,0.2,completed,web
O007016,1,2026-05-24T16:24,C0246,P001,1,193000,0.0,completed,web
O007016,2,2026-05-24T16:24,C0246,P008,1,279000,0.0,completed,web
O007017,1,2026-05-24T09:28,C0596,P063,1,124000,0.0,completed,web
O007018,1,2026-05-24T23:53,C0463,P038,1,38000,0.0,completed,web
O007019,1,2026-05-24T11:26,C0109,P043,1,91000,0.0,completed,app
O007020,1,2026-05-24T16:31,C0580,P035,1,49000,0.0,completed,web
O007021,1,2026-05-24T16:32,C0451,P040,1,44000,0.0,completed,web
O007021,2,2026-05-24T16:32,C0451,P063,1,124000,0.0,completed,web
O007021,3,2026-05-24T16:32,C0451,P066,1,88000,0.2,completed,web
O007022,1,2026-05-24T12:46,C0010,P039,1,45000,0.0,completed,web
O007022,2,2026-05-24T12:46,C0010,P021,1,72000,0.0,completed,web
O007023,1,2026-05-24T14:49,C0282,P005,1,227000,0.0,completed,web
O007024,1,2026-05-24T13:52,C0282,P008,1,279000,0.0,completed,web
O007024,2,2026-05-24T13:52,C0282,P017,1,274000,0.0,completed,web
O007025,1,2026-05-24T07:56,C0371,P002,1,130400,0.2,completed,app
O007026,1,2026-05-24T12:45,C0033,P021,1,72000,0.0,completed,web
O007026,2,2026-05-24T12:45,C0033,P069,1,122000,0.0,completed,web
O007027,1,2026-05-24T13:21,C0313,P021,1,72000,0.0,completed,web
O007028,1,2026-05-24T13:53,C0335,P017,1,274000,0.0,completed,web
O007028,2,2026-05-24T13:53,C0335,P016,1,118299,0.3,completed,web
O007029,1,2026-05-24T12:50,C0447,P001,1,193000,0.0,completed,app
O007030,1,2026-05-24T18:00,C0109,P035,1,49000,0.0,completed,web
O007030,2,2026-05-24T18:00,C0109,P055,1,61599,0.3,completed,web
O007031,1,2026-05-24T14:14,C0068,P028,1,39000,0.0,completed,web
O007032,1,2026-05-24T20:21,C0406,P042,1,68000,0.2,completed,app
O007033,1,2026-05-24T19:25,C0456,P078,2,75600,0.3,completed,app
O007033,2,2026-05-24T19:25,C0456,P030,1,62000,0.0,completed,app
O007034,1,2026-05-24T14:29,C0240,P019,1,37000,0.0,completed,app
O007035,1,2026-05-24T07:42,C0373,P064,1,127000,0.0,completed,app
O007036,1,2026-05-24T14:53,C0066,P038,1,38000,0.0,completed,web
O007036,2,2026-05-24T14:53,C0066,P042,1,68000,0.2,completed,web
O007037,1,2026-05-24T13:51,C0279,P080,1,109000,0.0,completed,app
O007038,1,2026-05-24T21:25,C0451,P064,1,127000,0.0,completed,web
O007038,2,2026-05-24T21:25,C0451,P021,1,72000,0.0,completed,web
O007039,1,2026-05-24T16:04,C0113,P011,1,212000,0.2,completed,web
O007039,2,2026-05-24T16:04,C0113,P001,1,193000,0.0,completed,web
O007040,1,2026-05-24T16:20,C0357,P049,1,54600,0.3,completed,web
O007041,1,2026-05-24T18:37,C0430,P040,1,44000,0.0,completed,app
O007042,1,2026-05-24T12:31,C0167,P042,1,68000,0.2,returned,app
O007042,2,2026-05-24T12:31,C0167,P040,1,44000,0.0,returned,app
O007043,1,2026-05-24T20:14,C0357,P042,1,68000,0.2,completed,app
O007043,2,2026-05-24T20:14,C0357,P059,1,66500,0.3,completed,app
O007044,1,2026-05-24T14:38,C0180,P042,1,68000,0.2,completed,app
O007045,1,2026-05-24T18:39,C0109,P021,1,72000,0.0,completed,app
O007046,1,2026-05-24T15:41,C0130,P040,1,44000,0.0,completed,app
O007046,2,2026-05-24T15:41,C0130,P080,1,109000,0.0,completed,app
O007047,1,2026-05-24T17:53,C0155,P013,1,271000,0.0,completed,web
O007048,1,2026-05-24T20:34,C0365,P040,1,44000,0.0,completed,web
O007049,1,2026-05-24T11:21,C0261,P016,1,118299,0.3,completed,web
O007050,1,2026-05-24T09:33,C0205,P027,1,63000,0.0,completed,web
O007051,1,2026-05-24T13:17,C0448,P008,1,279000,0.0,completed,app
O007052,1,2026-05-24T19:13,C0489,P008,1,279000,0.0,completed,web
O007053,1,2026-05-24T16:28,C0429,P012,1,138000,0.0,completed,app
O007053,2,2026-05-24T16:28,C0429,P045,1,64000,0.0,completed,app
O007053,3,2026-05-24T16:28,C0429,P017,1,274000,0.0,completed,app
O007054,1,2026-05-24T17:55,C0148,P011,1,212000,0.2,returned,app
O007055,1,2026-05-24T12:03,C0190,P060,1,57399,0.3,completed,app
O007056,1,2026-05-24T12:48,C0479,P078,1,75600,0.3,completed,app
O007057,1,2026-05-24T04:53,C0001,P001,1,193000,0.0,completed,web
O007058,1,2026-05-24T15:36,C0357,P043,1,91000,0.0,completed,web
O007059,1,2026-05-24T08:44,C0598,P027,1,63000,0.0,completed,web
O007060,1,2026-05-24T17:34,C0259,P043,1,91000,0.0,completed,web
O007060,2,2026-05-24T17:34,C0259,P027,1,63000,0.0,completed,web
O007061,1,2026-05-24T15:40,C0249,P021,1,72000,0.0,completed,app
O007061,2,2026-05-24T15:40,C0249,P074,1,85600,0.2,completed,app
O007061,3,2026-05-24T15:40,C0249,P040,1,44000,0.0,completed,app
O007062,1,2026-05-24T12:28,C0465,P043,1,91000,0.0,completed,web
O007063,1,2026-05-24T23:05,C0277,P051,1,54600,0.3,completed,app
O007064,1,2026-05-24T20:31,C0569,P055,2,61599,0.3,completed,app
O007065,1,2026-05-24T11:23,C0335,P040,1,44000,0.0,completed,web
O007066,1,2026-05-24T17:38,C0089,P055,1,61599,0.3,cancelled,app
O007067,1,2026-05-24T15:59,C0283,P040,1,44000,0.0,completed,app
O007068,1,2026-05-24T11:39,C0596,P048,1,92000,0.0,returned,web
O007069,1,2026-05-24T20:15,C0504,P040,1,44000,0.0,completed,web
O007069,2,2026-05-24T20:15,C0504,P027,1,63000,0.0,completed,web
O007070,1,2026-05-24T10:39,C0146,P042,1,68000,0.2,completed,web
O007071,1,2026-05-24T10:58,C0089,P021,1,72000,0.0,completed,app
O007072,1,2026-05-25T11:07,C0570,P052,1,74000,0.0,completed,web
O007073,1,2026-05-25T15:00,C0463,P059,1,66500,0.3,completed,web
O007074,1,2026-05-25T10:04,C0451,P035,1,49000,0.0,completed,app
O007074,2,2026-05-25T10:04,C0451,P039,1,45000,0.0,completed,app
O007074,3,2026-05-25T10:04,C0451,P064,1,127000,0.0,completed,app
O007075,1,2026-05-25T15:11,C0183,P076,1,70700,0.3,completed,web
O007076,1,2026-05-25T18:01,C0383,P011,1,212000,0.2,completed,web
O007077,1,2026-05-25T14:04,C0153,P061,1,115000,0.0,completed,app
O007078,1,2026-05-25T09:31,C0096,P040,1,44000,0.0,completed,app
O007079,1,2026-05-25T17:16,C0577,P050,1,84000,0.0,completed,app
O007079,2,2026-05-25T17:16,C0577,P055,1,61599,0.3,completed,app
O007080,1,2026-05-25T14:57,C0421,P028,1,39000,0.0,completed,web
O007081,1,2026-05-25T14:58,C0005,P009,1,135800,0.3,completed,app
O007081,2,2026-05-25T14:58,C0005,P009,1,135800,0.3,completed,app
O007082,1,2026-05-25T13:53,C0113,P014,1,162400,0.2,completed,web
O007082,2,2026-05-25T13:53,C0113,P013,1,271000,0.0,completed,web
O007083,1,2026-05-25T18:05,C0130,P016,1,118299,0.3,completed,app
O007083,2,2026-05-25T18:05,C0130,P027,1,63000,0.0,completed,app
O007084,1,2026-05-25T08:27,C0564,P020,1,41000,0.0,completed,app
O007085,1,2026-05-25T10:15,C0434,P040,1,44000,0.0,completed,app
O007086,1,2026-05-25T13:08,C0595,P015,1,222000,0.0,completed,app
O007086,2,2026-05-25T13:08,C0595,P015,1,222000,0.0,completed,app
O007087,1,2026-05-25T15:12,C0259,P024,1,55000,0.0,returned,web
O007088,1,2026-05-25T03:36,C0018,P040,1,44000,0.0,completed,app
O007089,1,2026-05-25T16:44,C0133,P078,1,75600,0.3,completed,web
O007090,1,2026-05-25T14:07,C0436,P035,1,49000,0.0,completed,app
O007091,1,2026-05-25T15:37,C0335,P040,1,44000,0.0,completed,web
O007091,2,2026-05-25T15:37,C0335,P027,1,63000,0.0,completed,web
O007091,3,2026-05-25T15:37,C0335,P026,1,48000,0.0,completed,web
O007092,1,2026-05-25T18:05,C0154,P044,1,59499,0.3,completed,app
O007093,1,2026-05-25T16:56,C0199,P073,1,52500,0.3,completed,app
O007094,1,2026-05-25T10:56,C0541,P040,2,44000,0.0,completed,app
O007094,2,2026-05-25T10:56,C0541,P027,2,63000,0.0,completed,app
O007095,1,2026-05-25T16:54,C0336,P055,1,61599,0.3,completed,web
O007096,1,2026-05-25T14:38,C0005,P006,1,275000,0.0,completed,app
O007097,1,2026-05-25T15:08,C0330,P021,1,72000,0.0,cancelled,web
O007098,1,2026-05-25T17:47,C0425,P055,1,61599,0.3,completed,web
O007099,1,2026-05-25T11:05,C0220,P055,1,61599,0.3,returned,app
O007100,1,2026-05-25T19:04,C0171,P060,1,57399,0.3,completed,app
O007100,2,2026-05-25T19:04,C0171,P056,1,42700,0.3,completed,app
O007100,3,2026-05-25T19:04,C0171,P055,1,61599,0.3,completed,app
O007101,1,2026-05-25T19:12,C0424,P016,1,118299,0.3,returned,app
O007102,1,2026-05-25T08:47,C0208,P055,1,61599,0.3,cancelled,web
O007103,1,2026-05-25T09:26,C0082,P078,1,75600,0.3,completed,app
O007104,1,2026-05-25T13:04,C0001,P017,1,274000,0.0,completed,web
O007104,2,2026-05-25T13:04,C0001,P017,1,274000,0.0,completed,web
O007104,3,2026-05-25T13:04,C0001,P040,1,44000,0.0,completed,web
O007105,1,2026-05-25T13:17,C0366,P028,1,39000,0.0,completed,web
O007106,1,2026-05-25T17:25,C0246,P044,1,59499,0.3,completed,web
O007107,1,2026-05-25T17:23,C0570,P040,1,44000,0.0,completed,web
O007108,1,2026-05-25T15:13,C0453,P040,1,44000,0.0,cancelled,app
O007108,2,2026-05-25T15:13,C0453,P060,1,57399,0.3,cancelled,app
O007108,3,2026-05-25T15:13,C0453,P044,1,59499,0.3,cancelled,app
O007109,1,2026-05-25T17:06,C0228,P055,1,61599,0.3,completed,web
O007110,1,2026-05-25T20:00,C0283,P055,1,61599,0.3,completed,web
O007111,1,2026-05-25T12:22,C0550,P020,1,41000,0.0,completed,web
O007111,2,2026-05-25T12:22,C0550,P076,2,70700,0.3,completed,web
O007112,1,2026-05-25T19:55,C0587,P042,1,68000,0.2,completed,app
O007113,1,2026-05-25T12:27,C0093,P023,2,53000,0.0,completed,web
O007114,1,2026-05-25T13:15,C0515,P030,1,62000,0.0,completed,app
O007115,1,2026-05-26T16:35,C0528,P055,1,61599,0.3,completed,app
O007116,1,2026-05-26T09:24,C0249,P008,1,279000,0.0,cancelled,app
O007117,1,2026-05-26T17:10,C0350,P030,1,62000,0.0,completed,app
O007118,1,2026-05-26T13:07,C0495,P001,3,193000,0.0,completed,app
O007119,1,2026-05-26T18:58,C0496,P023,1,53000,0.0,completed,app
O007119,2,2026-05-26T18:58,C0496,P043,1,91000,0.0,completed,app
O007119,3,2026-05-26T18:58,C0496,P021,1,72000,0.0,completed,app
O007120,1,2026-05-26T10:57,C0129,P045,1,64000,0.0,completed,web
O007121,1,2026-05-26T19:51,C0471,P061,1,115000,0.0,completed,web
O007122,1,2026-05-26T19:42,C0058,P043,1,91000,0.0,completed,app
O007122,2,2026-05-26T19:42,C0058,P044,1,59499,0.3,completed,app
O007122,3,2026-05-26T19:42,C0058,P021,1,72000,0.0,completed,app
O007123,1,2026-05-26T06:51,C0463,P037,1,49000,0.0,completed,web
O007124,1,2026-05-26T16:37,C0358,P017,1,274000,0.0,completed,app
O007125,1,2026-05-26T09:08,C0577,P052,1,74000,0.0,completed,web
O007126,1,2026-05-26T17:45,C0068,P059,1,66500,0.3,completed,app
O007126,2,2026-05-26T17:45,C0068,P055,1,61599,0.3,completed,app
O007126,3,2026-05-26T17:45,C0068,P012,1,138000,0.0,completed,app
O007127,1,2026-05-26T10:41,C0283,P055,1,61599,0.3,completed,app
O007127,2,2026-05-26T10:41,C0283,P032,1,31499,0.3,completed,app
O007128,1,2026-05-26T14:35,C0090,P021,1,72000,0.0,completed,app
O007129,1,2026-05-26T15:14,C0174,P028,1,39000,0.0,completed,app
O007130,1,2026-05-26T07:18,C0271,P037,1,49000,0.0,completed,app
O007131,1,2026-05-26T21:05,C0447,P071,1,133000,0.0,completed,app
O007131,2,2026-05-26T21:05,C0447,P019,1,37000,0.0,completed,app
O007132,1,2026-05-26T11:22,C0441,P027,1,63000,0.0,completed,web
O007133,1,2026-05-26T09:13,C0350,P063,1,124000,0.0,completed,app
O007133,2,2026-05-26T09:13,C0350,P021,1,72000,0.0,completed,app
O007134,1,2026-05-26T11:05,C0151,P069,1,122000,0.0,completed,web
O007135,1,2026-05-26T20:42,C0575,P040,1,44000,0.0,completed,app
O007136,1,2026-05-26T20:23,C0213,P055,1,61599,0.3,returned,web
O007137,1,2026-05-26T11:41,C0397,P040,1,44000,0.0,completed,app
O007138,1,2026-05-26T09:02,C0569,P052,1,74000,0.0,returned,app
O007138,2,2026-05-26T09:02,C0569,P008,1,279000,0.0,returned,app
O007139,1,2026-05-26T10:57,C0130,P010,1,263000,0.0,completed,app
O007140,1,2026-05-26T11:13,C0103,P044,3,59499,0.3,completed,web
O007140,2,2026-05-26T11:13,C0103,P048,2,92000,0.0,completed,web
O007141,1,2026-05-26T11:55,C0190,P017,1,274000,0.0,returned,app
O007141,2,2026-05-26T11:55,C0190,P055,1,61599,0.3,returned,app
O007142,1,2026-05-26T13:58,C0515,P008,1,279000,0.0,cancelled,app
O007143,1,2026-05-26T21:35,C0140,P040,1,44000,0.0,completed,app
O007143,2,2026-05-26T21:35,C0140,P078,1,75600,0.3,completed,app
O007144,1,2026-05-26T15:58,C0373,P075,1,81000,0.0,completed,app
O007145,1,2026-05-26T07:45,C0044,P019,1,37000,0.0,completed,app
O007146,1,2026-05-26T17:26,C0053,P055,1,61599,0.3,completed,app
O007147,1,2026-05-26T17:24,C0155,P061,1,115000,0.0,completed,web
O007147,2,2026-05-26T17:24,C0155,P064,1,127000,0.0,completed,web
O007148,1,2026-05-26T18:39,C0186,P027,1,63000,0.0,completed,app
O007149,1,2026-05-26T12:44,C0556,P021,2,72000,0.0,completed,web
O007150,1,2026-05-26T14:59,C0001,P001,1,193000,0.0,completed,web
O007151,1,2026-05-26T15:43,C0479,P011,1,212000,0.2,completed,app
O007151,2,2026-05-26T15:43,C0479,P023,1,53000,0.0,completed,app
O007152,1,2026-05-26T06:33,C0386,P013,1,271000,0.0,completed,app
O007152,2,2026-05-26T06:33,C0386,P023,1,53000,0.0,completed,app
O007153,1,2026-05-26T17:47,C0240,P030,1,62000,0.0,completed,app
O007154,1,2026-05-26T19:48,C0406,P040,1,44000,0.0,completed,app
O007154,2,2026-05-26T19:48,C0406,P048,1,92000,0.0,completed,app
O007154,3,2026-05-26T19:48,C0406,P049,1,54600,0.3,completed,app
O007155,1,2026-05-26T15:30,C0425,P040,1,44000,0.0,completed,web
O007156,1,2026-05-26T08:34,C0481,P030,1,62000,0.0,completed,web
O007157,1,2026-05-26T17:25,C0139,P074,1,85600,0.2,completed,app
O007158,1,2026-05-26T07:50,C0182,P020,1,41000,0.0,returned,web
O007158,2,2026-05-26T07:50,C0182,P027,1,63000,0.0,returned,web
O007159,1,2026-05-26T10:11,C0383,P033,1,52000,0.2,completed,app
O007159,2,2026-05-26T10:11,C0383,P040,1,44000,0.0,completed,app
O007160,1,2026-05-26T19:27,C0526,P028,1,39000,0.0,completed,web
O007161,1,2026-05-26T14:42,C0164,P040,1,44000,0.0,completed,app
O007162,1,2026-05-26T23:43,C0129,P044,1,59499,0.3,completed,app
O007163,1,2026-05-26T17:17,C0062,P073,1,52500,0.3,completed,web
O007164,1,2026-05-26T06:26,C0113,P028,1,39000,0.0,completed,web
O007165,1,2026-05-26T11:55,C0041,P050,3,84000,0.0,completed,web
O007165,2,2026-05-26T11:55,C0041,P040,1,44000,0.0,completed,web
O007166,1,2026-05-26T17:07,C0008,P042,1,68000,0.2,completed,web
O007167,1,2026-05-26T17:51,C0148,P055,1,61599,0.3,completed,app
O007168,1,2026-05-26T19:04,C0566,P021,1,72000,0.0,completed,app
O007169,1,2026-05-27T15:05,C0250,P045,1,64000,0.0,completed,app
O007170,1,2026-05-27T23:56,C0249,P045,1,64000,0.0,completed,app
O007170,2,2026-05-27T23:56,C0249,P075,1,81000,0.0,completed,app
O007171,1,2026-05-27T15:56,C0010,P040,1,44000,0.0,cancelled,web
O007172,1,2026-05-27T07:23,C0077,P043,1,91000,0.0,completed,web
O007173,1,2026-05-27T18:54,C0383,P010,1,263000,0.0,completed,app
O007174,1,2026-05-27T12:04,C0140,P030,1,62000,0.0,completed,app
O007175,1,2026-05-27T20:23,C0406,P037,1,49000,0.0,completed,app
O007175,2,2026-05-27T20:23,C0406,P051,1,54600,0.3,completed,app
O007176,1,2026-05-27T13:00,C0333,P037,1,49000,0.0,completed,app
O007176,2,2026-05-27T13:00,C0333,P064,1,127000,0.0,completed,app
O007177,1,2026-05-27T21:38,C0089,P026,1,48000,0.0,completed,app
O007177,2,2026-05-27T21:38,C0089,P043,1,91000,0.0,completed,app
O007178,1,2026-05-27T15:56,C0129,P040,1,44000,0.0,completed,app
O007178,2,2026-05-27T15:56,C0129,P053,1,80000,0.2,completed,app
O007179,1,2026-05-27T16:57,C0001,P008,1,279000,0.0,completed,web
O007180,1,2026-05-27T23:54,C0011,P017,1,274000,0.0,returned,app
O007181,1,2026-05-27T14:23,C0055,P049,1,54600,0.3,completed,web
O007182,1,2026-05-27T09:36,C0565,P019,1,37000,0.0,completed,web
O007183,1,2026-05-27T12:30,C0221,P076,1,70700,0.3,completed,app
O007184,1,2026-05-27T18:52,C0511,P011,1,212000,0.2,completed,app
O007185,1,2026-05-27T13:40,C0330,P073,1,52500,0.3,completed,web
O007186,1,2026-05-27T13:35,C0522,P008,1,279000,0.0,cancelled,web
O007187,1,2026-05-27T09:45,C0033,P066,1,88000,0.2,completed,web
O007188,1,2026-05-27T15:27,C0570,P048,1,92000,0.0,completed,web
O007189,1,2026-05-27T13:06,C0438,P008,1,279000,0.0,cancelled,web
O007190,1,2026-05-27T20:01,C0077,P042,1,68000,0.2,completed,app
O007191,1,2026-05-27T16:58,C0566,P059,1,66500,0.3,cancelled,app
O007192,1,2026-05-27T06:14,C0234,P064,1,127000,0.0,completed,web
O007193,1,2026-05-27T12:14,C0325,P040,1,44000,0.0,completed,web
O007193,2,2026-05-27T12:14,C0325,P079,1,115000,0.0,completed,web
O007193,3,2026-05-27T12:14,C0325,P027,1,63000,0.0,completed,web
O007194,1,2026-05-27T16:15,C0335,P040,1,44000,0.0,completed,web
O007195,1,2026-05-27T11:58,C0526,P020,1,41000,0.0,completed,web
O007195,2,2026-05-27T11:58,C0526,P005,1,227000,0.0,completed,web
O007196,1,2026-05-27T17:03,C0192,P013,1,271000,0.0,cancelled,app
O007197,1,2026-05-27T17:06,C0577,P056,1,42700,0.3,completed,web
O007198,1,2026-05-27T08:00,C0564,P040,1,44000,0.0,completed,app
O007198,2,2026-05-27T08:00,C0564,P020,1,41000,0.0,completed,app
O007198,3,2026-05-27T08:00,C0564,P040,1,44000,0.0,completed,app
O007199,1,2026-05-27T13:31,C0293,P075,1,81000,0.0,completed,web
O007200,1,2026-05-27T11:51,C0112,P040,1,44000,0.0,completed,web
O007201,1,2026-05-27T13:31,C0355,P073,1,52500,0.3,completed,web
O007202,1,2026-05-27T16:57,C0247,P027,1,63000,0.0,completed,app
O007203,1,2026-05-27T09:54,C0335,P038,1,38000,0.0,completed,web
O007204,1,2026-05-27T11:36,C0186,P008,1,279000,0.0,completed,app
O007204,2,2026-05-27T11:36,C0186,P014,1,162400,0.2,completed,app
O007205,1,2026-05-27T09:29,C0113,P008,1,279000,0.0,completed,web
O007205,2,2026-05-27T09:29,C0113,P035,1,49000,0.0,completed,web
O007206,1,2026-05-27T17:21,C0438,P029,1,39000,0.0,completed,web
O007207,1,2026-05-27T16:17,C0481,P073,1,52500,0.3,cancelled,web
O007207,2,2026-05-27T16:17,C0481,P037,1,49000,0.0,cancelled,web
O007208,1,2026-05-27T16:37,C0057,P043,1,91000,0.0,completed,app
O007209,1,2026-05-27T11:38,C0111,P042,1,68000,0.2,completed,app
O007210,1,2026-05-27T13:55,C0577,P019,1,37000,0.0,completed,web
O007211,1,2026-05-27T08:10,C0401,P073,1,52500,0.3,completed,web
O007212,1,2026-05-27T13:15,C0493,P073,1,52500,0.3,completed,web
O007212,2,2026-05-27T13:15,C0493,P038,1,38000,0.0,completed,web
O007212,3,2026-05-27T13:15,C0493,P040,1,44000,0.0,completed,web
O007213,1,2026-05-28T12:05,C0182,P040,1,44000,0.0,completed,app
O007213,2,2026-05-28T12:05,C0182,P076,1,70700,0.3,completed,app
O007214,1,2026-05-28T11:22,C0033,P061,1,115000,0.0,completed,web
O007214,2,2026-05-28T11:22,C0033,P056,1,42700,0.3,completed,web
O007215,1,2026-05-28T15:07,C0386,P048,1,92000,0.0,cancelled,web
O007215,2,2026-05-28T15:07,C0386,P040,1,44000,0.0,cancelled,web
O007216,1,2026-05-28T14:58,C0018,P040,1,44000,0.0,returned,app
O007216,2,2026-05-28T14:58,C0018,P076,1,70700,0.3,returned,app
O007217,1,2026-05-28T16:32,C0513,P042,1,68000,0.2,returned,app
O007218,1,2026-05-28T12:46,C0282,P011,1,212000,0.2,completed,web
O007219,1,2026-05-28T16:01,C0325,P007,1,262000,0.0,completed,web
O007219,2,2026-05-28T16:01,C0325,P063,1,124000,0.0,completed,web
O007219,3,2026-05-28T16:01,C0325,P064,1,127000,0.0,completed,web
O007220,1,2026-05-28T19:31,C0526,P021,1,72000,0.0,completed,web
O007221,1,2026-05-28T11:06,C0206,P043,1,91000,0.0,completed,web
O007222,1,2026-05-28T16:02,C0034,P074,1,74900,0.3,cancelled,app
O007223,1,2026-05-28T15:50,C0294,P040,1,44000,0.0,completed,app
O007224,1,2026-05-28T17:57,C0463,P040,1,44000,0.0,completed,web
O007225,1,2026-05-28T18:54,C0113,P045,1,64000,0.0,completed,web
O007225,2,2026-05-28T18:54,C0113,P001,1,193000,0.0,completed,web
O007225,3,2026-05-28T18:54,C0113,P011,1,212000,0.2,completed,web
O007226,1,2026-05-28T19:18,C0100,P071,1,133000,0.0,completed,web
O007227,1,2026-05-28T10:25,C0100,P066,1,88000,0.2,completed,web
O007227,2,2026-05-28T10:25,C0100,P072,1,95000,0.0,completed,web
O007228,1,2026-05-28T15:46,C0418,P049,1,54600,0.3,completed,app
O007228,2,2026-05-28T15:46,C0418,P042,1,68000,0.2,completed,app
O007229,1,2026-05-28T13:26,C0455,P052,1,74000,0.0,completed,web
O007229,2,2026-05-28T13:26,C0455,P023,1,53000,0.0,completed,web
O007230,1,2026-05-28T15:34,C0205,P040,1,44000,0.0,completed,web
O007230,2,2026-05-28T15:34,C0205,P040,1,44000,0.0,completed,web
O007231,1,2026-05-28T14:30,C0405,P027,1,63000,0.0,completed,web
O007232,1,2026-05-28T10:20,C0131,P027,1,63000,0.0,completed,web
O007232,2,2026-05-28T10:20,C0131,P001,1,193000,0.0,completed,web
O007233,1,2026-05-28T17:13,C0418,P046,1,41300,0.3,completed,app
O007233,2,2026-05-28T17:13,C0418,P043,1,91000,0.0,completed,app
O007234,1,2026-05-28T20:37,C0087,P043,1,91000,0.0,completed,web
O007235,1,2026-05-28T14:18,C0459,P073,1,52500,0.3,completed,web
O007236,1,2026-05-28T14:04,C0100,P039,1,45000,0.0,completed,web
O007237,1,2026-05-28T15:02,C0173,P055,1,61599,0.3,completed,web
O007238,1,2026-05-28T22:44,C0282,P017,1,274000,0.0,completed,web
O007239,1,2026-05-28T13:38,C0470,P011,1,212000,0.2,completed,web
O007240,1,2026-05-28T16:48,C0146,P042,1,68000,0.2,completed,app
O007241,1,2026-05-28T13:13,C0259,P048,1,92000,0.0,completed,web
O007241,2,2026-05-28T13:13,C0259,P040,1,44000,0.0,completed,web
O007242,1,2026-05-28T19:48,C0252,P028,1,39000,0.0,completed,web
O007242,2,2026-05-28T19:48,C0252,P040,2,44000,0.0,completed,web
O007243,1,2026-05-28T12:43,C0186,P012,1,138000,0.0,completed,app
O007244,1,2026-05-28T18:27,C0265,P080,1,109000,0.0,completed,web
O007245,1,2026-05-28T12:27,C0496,P042,1,68000,0.2,completed,app
O007246,1,2026-05-28T14:47,C0313,P017,1,274000,0.0,completed,web
O007247,1,2026-05-28T07:13,C0250,P030,1,62000,0.0,completed,web
O007247,2,2026-05-28T07:13,C0250,P043,1,91000,0.0,completed,web
O007248,1,2026-05-28T16:56,C0123,P048,1,92000,0.0,completed,web
O007248,2,2026-05-28T16:56,C0123,P001,1,193000,0.0,completed,web
O007249,1,2026-05-28T08:56,C0294,P042,1,68000,0.2,completed,app
O007249,2,2026-05-28T08:56,C0294,P029,1,39000,0.0,completed,app
O007250,1,2026-05-28T10:33,C0419,P048,1,92000,0.0,completed,web
O007251,1,2026-05-28T14:00,C0489,P008,1,279000,0.0,completed,web
O007252,1,2026-05-28T21:50,C0271,P020,1,41000,0.0,completed,web
O007252,2,2026-05-28T21:50,C0271,P035,1,49000,0.0,completed,web
O007253,1,2026-05-28T19:52,C0304,P061,1,115000,0.0,completed,web
O007254,1,2026-05-28T19:48,C0325,P072,1,95000,0.0,completed,web
O007255,1,2026-05-28T14:03,C0215,P042,1,68000,0.2,completed,app
O007255,2,2026-05-28T14:03,C0215,P080,1,109000,0.0,completed,app
O007256,1,2026-05-28T09:29,C0447,P064,1,127000,0.0,completed,app
O007257,1,2026-05-28T13:37,C0502,P055,1,61599,0.3,completed,app
O007258,1,2026-05-28T16:21,C0149,P064,1,127000,0.0,completed,app
O007259,1,2026-05-28T16:05,C0250,P048,1,92000,0.0,completed,app
O007260,1,2026-05-28T17:15,C0259,P059,1,66500,0.3,completed,web
O007261,1,2026-05-29T16:16,C0146,P021,1,72000,0.0,completed,app
O007262,1,2026-05-29T11:29,C0160,P040,2,44000,0.0,completed,app
O007262,2,2026-05-29T11:29,C0160,P016,2,118299,0.3,completed,app
O007263,1,2026-05-29T14:13,C0448,P003,1,108800,0.2,completed,app
O007264,1,2026-05-29T17:26,C0033,P070,1,114000,0.0,completed,web
O007265,1,2026-05-29T13:53,C0481,P042,1,68000,0.2,completed,app
O007265,2,2026-05-29T13:53,C0481,P032,1,31499,0.3,completed,app
O007266,1,2026-05-29T10:20,C0182,P076,1,70700,0.3,completed,app
O007266,2,2026-05-29T10:20,C0182,P052,1,74000,0.0,completed,app
O007267,1,2026-05-29T14:27,C0469,P040,1,44000,0.0,completed,app
O007268,1,2026-05-29T07:06,C0142,P007,1,262000,0.0,completed,app
O007269,1,2026-05-29T17:10,C0259,P040,1,44000,0.0,completed,web
O007269,2,2026-05-29T17:10,C0259,P037,1,49000,0.0,completed,web
O007270,1,2026-05-29T14:02,C0304,P012,3,138000,0.0,completed,web
O007271,1,2026-05-29T17:34,C0044,P067,1,88000,0.2,completed,app
O007271,2,2026-05-29T17:34,C0044,P040,1,44000,0.0,completed,app
O007271,3,2026-05-29T17:34,C0044,P026,1,48000,0.0,completed,app
O007272,1,2026-05-29T18:41,C0356,P071,1,133000,0.0,completed,app
O007273,1,2026-05-29T19:04,C0383,P042,1,68000,0.2,returned,app
O007274,1,2026-05-29T20:06,C0046,P056,1,42700,0.3,completed,web
O007275,1,2026-05-29T17:23,C0100,P026,1,48000,0.0,completed,web
O007276,1,2026-05-29T15:09,C0181,P067,1,88000,0.2,completed,app
O007276,2,2026-05-29T15:09,C0181,P061,1,115000,0.0,completed,app
O007277,1,2026-05-29T06:54,C0429,P004,1,157000,0.0,completed,app
O007277,2,2026-05-29T06:54,C0429,P068,1,117000,0.0,completed,app
O007277,3,2026-05-29T06:54,C0429,P035,1,49000,0.0,completed,app
O007278,1,2026-05-29T11:42,C0572,P028,1,39000,0.0,completed,web
O007279,1,2026-05-29T14:41,C0353,P056,1,42700,0.3,completed,app
O007280,1,2026-05-29T11:54,C0274,P028,1,39000,0.0,completed,app
O007281,1,2026-05-29T21:13,C0181,P061,1,115000,0.0,completed,app
O007281,2,2026-05-29T21:13,C0181,P075,1,81000,0.0,completed,app
O007282,1,2026-05-29T08:00,C0100,P023,1,53000,0.0,cancelled,web
O007283,1,2026-05-29T16:50,C0451,P008,1,279000,0.0,completed,web
O007284,1,2026-05-29T09:24,C0001,P051,1,54600,0.3,completed,web
O007285,1,2026-05-29T16:21,C0453,P042,1,68000,0.2,cancelled,app
O007286,1,2026-05-29T13:06,C0572,P040,1,44000,0.0,completed,web
O007287,1,2026-05-29T16:55,C0131,P045,1,64000,0.0,completed,app
O007287,2,2026-05-29T16:55,C0131,P014,1,162400,0.2,completed,app
O007288,1,2026-05-29T14:41,C0001,P049,1,54600,0.3,completed,web
O007288,2,2026-05-29T14:41,C0001,P008,1,279000,0.0,completed,web
O007289,1,2026-05-29T19:53,C0426,P042,1,68000,0.2,completed,web
O007290,1,2026-05-29T13:15,C0295,P009,1,135800,0.3,cancelled,app
O007290,2,2026-05-29T13:15,C0295,P008,1,279000,0.0,cancelled,app
O007290,3,2026-05-29T13:15,C0295,P017,1,274000,0.0,cancelled,app
O007291,1,2026-05-29T12:12,C0300,P021,1,72000,0.0,completed,web
O007292,1,2026-05-29T12:52,C0249,P075,1,81000,0.0,completed,web
O007293,1,2026-05-29T14:57,C0325,P049,1,54600,0.3,completed,web
O007294,1,2026-05-29T17:41,C0274,P046,1,41300,0.3,completed,app
O007295,1,2026-05-29T18:36,C0479,P073,1,52500,0.3,completed,app
O007295,2,2026-05-29T18:36,C0479,P075,1,81000,0.0,completed,app
O007296,1,2026-05-29T14:45,C0492,P001,1,193000,0.0,completed,app
O007297,1,2026-05-29T15:43,C0140,P001,1,193000,0.0,returned,app
O007298,1,2026-05-29T10:44,C0515,P017,1,274000,0.0,completed,app
O007298,2,2026-05-29T10:44,C0515,P016,1,118299,0.3,completed,app
O007299,1,2026-05-29T16:06,C0335,P042,1,68000,0.2,completed,web
O007300,1,2026-05-29T13:16,C0321,P055,1,61599,0.3,completed,web
O007300,2,2026-05-29T13:16,C0321,P012,1,138000,0.0,completed,web
O007301,1,2026-05-29T15:25,C0239,P059,1,66500,0.3,completed,web
O007302,1,2026-05-29T09:46,C0271,P019,1,37000,0.0,completed,app
O007303,1,2026-05-29T10:00,C0218,P008,3,279000,0.0,completed,web
O007304,1,2026-05-29T12:31,C0240,P055,1,61599,0.3,completed,app
O007304,2,2026-05-29T12:31,C0240,P001,1,193000,0.0,completed,app
O007305,1,2026-05-29T08:26,C0461,P041,1,74000,0.0,completed,web
O007306,1,2026-05-29T14:53,C0213,P014,1,162400,0.2,completed,web
O007307,1,2026-05-30T17:50,C0182,P049,1,54600,0.3,completed,app
O007307,2,2026-05-30T17:50,C0182,P034,1,57000,0.0,completed,app
O007307,3,2026-05-30T17:50,C0182,P011,1,212000,0.2,completed,app
O007308,1,2026-05-30T18:13,C0544,P001,1,193000,0.0,completed,web
O007309,1,2026-05-30T14:19,C0136,P075,1,81000,0.0,completed,app
O007309,2,2026-05-30T14:19,C0136,P050,1,84000,0.0,completed,app
O007310,1,2026-05-30T16:33,C0056,P061,1,115000,0.0,completed,web
O007311,1,2026-05-30T13:16,C0005,P002,1,130400,0.2,completed,app
O007312,1,2026-05-30T18:11,C0110,P069,1,122000,0.0,completed,app
O007313,1,2026-05-30T14:27,C0240,P055,1,61599,0.3,completed,app
O007314,1,2026-05-30T08:10,C0163,P039,1,45000,0.0,completed,app
O007315,1,2026-05-30T06:02,C0171,P055,1,61599,0.3,completed,app
O007316,1,2026-05-30T16:49,C0178,P080,1,109000,0.0,returned,web
O007317,1,2026-05-30T18:18,C0438,P032,1,31499,0.3,completed,web
O007317,2,2026-05-30T18:18,C0438,P015,1,222000,0.0,completed,web
O007318,1,2026-05-30T10:12,C0271,P063,1,124000,0.0,completed,app
O007319,1,2026-05-30T10:25,C0404,P071,2,133000,0.0,completed,app
O007319,2,2026-05-30T10:25,C0404,P064,2,127000,0.0,completed,app
O007320,1,2026-05-30T17:37,C0218,P017,2,274000,0.0,completed,web
O007321,1,2026-05-30T13:55,C0001,P013,1,271000,0.0,completed,web
O007322,1,2026-05-30T12:02,C0271,P032,1,31499,0.3,completed,web
O007323,1,2026-05-30T22:30,C0186,P032,1,31499,0.3,completed,web
O007324,1,2026-05-30T16:38,C0358,P017,1,274000,0.0,completed,web
O007325,1,2026-05-30T16:11,C0010,P069,1,122000,0.0,completed,web
O007326,1,2026-05-30T15:24,C0291,P056,1,42700,0.3,completed,web
O007327,1,2026-05-30T19:22,C0026,P040,1,44000,0.0,completed,app
O007328,1,2026-05-30T10:51,C0297,P021,1,72000,0.0,completed,app
O007329,1,2026-05-30T09:27,C0209,P037,1,49000,0.0,completed,app
O007330,1,2026-05-30T17:02,C0182,P020,1,41000,0.0,returned,app
O007331,1,2026-05-30T15:59,C0502,P039,1,45000,0.0,completed,app
O007331,2,2026-05-30T15:59,C0502,P003,1,108800,0.2,completed,app
O007332,1,2026-05-30T19:55,C0349,P040,1,44000,0.0,completed,app
O007332,2,2026-05-30T19:55,C0349,P055,1,61599,0.3,completed,app
O007333,1,2026-05-30T19:41,C0155,P075,1,81000,0.0,completed,app
O007334,1,2026-05-30T05:21,C0587,P017,1,274000,0.0,completed,app
O007335,1,2026-05-30T21:03,C0001,P008,1,279000,0.0,completed,web
O007335,2,2026-05-30T21:03,C0001,P015,1,222000,0.0,completed,web
O007336,1,2026-05-30T15:49,C0470,P059,1,66500,0.3,completed,web
O007337,1,2026-05-30T13:26,C0057,P064,1,127000,0.0,completed,app
O007338,1,2026-05-30T12:07,C0196,P037,1,49000,0.0,returned,app
O007339,1,2026-05-30T14:36,C0259,P046,1,41300,0.3,completed,web
O007339,2,2026-05-30T14:36,C0259,P028,1,39000,0.0,completed,web
O007339,3,2026-05-30T14:36,C0259,P040,1,44000,0.0,completed,web
O007340,1,2026-05-30T11:10,C0265,P052,1,74000,0.0,completed,web
O007341,1,2026-05-30T20:19,C0183,P030,1,62000,0.0,completed,web
O007342,1,2026-05-30T16:22,C0146,P011,1,212000,0.2,completed,app
O007342,2,2026-05-30T16:22,C0146,P045,1,64000,0.0,completed,app
O007343,1,2026-05-30T12:27,C0131,P048,1,92000,0.0,completed,app
O007343,2,2026-05-30T12:27,C0131,P063,1,124000,0.0,completed,app
O007344,1,2026-05-30T11:45,C0127,P038,1,38000,0.0,completed,web
O007344,2,2026-05-30T11:45,C0127,P001,1,193000,0.0,completed,web
O007345,1,2026-05-30T19:49,C0057,P064,1,127000,0.0,completed,web
O007346,1,2026-05-30T20:46,C0066,P008,1,279000,0.0,completed,app
O007346,2,2026-05-30T20:46,C0066,P006,1,275000,0.0,completed,app
O007347,1,2026-05-30T14:34,C0451,P071,1,133000,0.0,completed,app
O007347,2,2026-05-30T14:34,C0451,P064,1,127000,0.0,completed,app
O007348,1,2026-05-30T15:12,C0195,P023,1,53000,0.0,returned,web
O007349,1,2026-05-30T20:44,C0100,P043,1,91000,0.0,completed,web
O007349,2,2026-05-30T20:44,C0100,P020,1,41000,0.0,completed,web
O007350,1,2026-05-30T15:07,C0443,P016,1,118299,0.3,completed,app
O007350,2,2026-05-30T15:07,C0443,P020,1,41000,0.0,completed,app
O007350,3,2026-05-30T15:07,C0443,P016,1,118299,0.3,completed,app
O007351,1,2026-05-30T11:22,C0005,P015,1,222000,0.0,returned,app
O007351,2,2026-05-30T11:22,C0005,P008,1,279000,0.0,returned,app
O007351,3,2026-05-30T11:22,C0005,P076,1,70700,0.3,returned,app
O007352,1,2026-05-30T15:08,C0217,P040,3,44000,0.0,returned,app
O007352,2,2026-05-30T15:08,C0217,P038,1,38000,0.0,returned,app
O007353,1,2026-05-30T17:44,C0417,P026,2,48000,0.0,completed,app
O007353,2,2026-05-30T17:44,C0417,P026,2,48000,0.0,completed,app
O007353,3,2026-05-30T17:44,C0417,P040,2,44000,0.0,completed,app
O007354,1,2026-05-30T14:02,C0492,P074,1,74900,0.3,completed,app
O007354,2,2026-05-30T14:02,C0492,P055,1,61599,0.3,completed,app
O007355,1,2026-05-30T14:57,C0456,P077,3,55200,0.2,completed,web
O007355,2,2026-05-30T14:57,C0456,P055,1,61599,0.3,completed,web
O007356,1,2026-05-30T12:21,C0492,P049,1,54600,0.3,completed,web
O007356,2,2026-05-30T12:21,C0492,P026,1,48000,0.0,completed,web
O007357,1,2026-05-30T17:07,C0418,P045,1,64000,0.0,completed,app
O007358,1,2026-05-30T08:04,C0559,P059,1,66500,0.3,completed,web
O007359,1,2026-05-30T16:40,C0146,P040,1,44000,0.0,completed,app
O007359,2,2026-05-30T16:40,C0146,P021,1,72000,0.0,completed,app
O007360,1,2026-05-30T12:11,C0271,P059,1,66500,0.3,completed,app
O007361,1,2026-05-30T08:09,C0411,P075,1,81000,0.0,completed,web
O007361,2,2026-05-30T08:09,C0411,P021,1,72000,0.0,completed,web
O007362,1,2026-05-30T12:53,C0176,P063,2,124000,0.0,completed,app
O007362,2,2026-05-30T12:53,C0176,P057,1,64399,0.3,completed,app
O007362,3,2026-05-30T12:53,C0176,P067,1,88000,0.2,completed,app
O007363,1,2026-05-31T16:48,C0493,P027,1,63000,0.0,completed,web
O007363,2,2026-05-31T16:48,C0493,P077,1,55200,0.2,completed,web
O007364,1,2026-05-31T11:18,C0066,P079,1,115000,0.0,completed,web
O007365,1,2026-05-31T19:35,C0570,P042,1,68000,0.2,completed,web
O007366,1,2026-05-31T13:07,C0360,P042,2,68000,0.2,completed,web
O007367,1,2026-05-31T09:15,C0055,P059,1,66500,0.3,completed,web
O007368,1,2026-05-31T22:19,C0537,P061,1,115000,0.0,completed,web
O007369,1,2026-05-31T20:46,C0453,P063,1,124000,0.0,completed,web
O007370,1,2026-05-31T16:26,C0043,P042,1,68000,0.2,completed,app
O007371,1,2026-05-31T20:28,C0335,P073,1,52500,0.3,completed,web
O007372,1,2026-05-31T15:58,C0052,P046,1,41300,0.3,completed,web
O007373,1,2026-05-31T14:44,C0068,P043,1,91000,0.0,completed,web
O007374,1,2026-05-31T16:51,C0058,P050,1,84000,0.0,completed,app
O007375,1,2026-05-31T13:25,C0486,P043,1,91000,0.0,completed,web
O007375,2,2026-05-31T13:25,C0486,P001,2,193000,0.0,completed,web
O007376,1,2026-05-31T15:36,C0247,P027,1,63000,0.0,completed,app
O007377,1,2026-05-31T11:03,C0071,P006,2,275000,0.0,completed,web
O007378,1,2026-05-31T16:53,C0182,P019,1,37000,0.0,completed,app
O007379,1,2026-05-31T11:57,C0068,P048,1,92000,0.0,completed,app
O007380,1,2026-05-31T13:21,C0477,P001,1,193000,0.0,completed,app
O007380,2,2026-05-31T13:21,C0477,P016,1,118299,0.3,completed,app
O007381,1,2026-05-31T15:30,C0383,P013,1,271000,0.0,completed,app
O007381,2,2026-05-31T15:30,C0383,P045,1,64000,0.0,completed,app
O007382,1,2026-05-31T13:54,C0123,P040,1,44000,0.0,completed,web
O007382,2,2026-05-31T13:54,C0123,P040,1,44000,0.0,completed,web
O007382,3,2026-05-31T13:54,C0123,P030,1,62000,0.0,completed,web
O007383,1,2026-05-31T21:35,C0453,P072,1,95000,0.0,completed,app
O007384,1,2026-05-31T14:29,C0077,P041,1,74000,0.0,completed,app
O007385,1,2026-05-31T09:49,C0333,P080,1,109000,0.0,returned,app
O007386,1,2026-05-31T10:28,C0582,P061,1,115000,0.0,completed,web
O007387,1,2026-05-31T16:16,C0406,P049,1,54600,0.3,completed,app
O007388,1,2026-05-31T12:30,C0123,P028,1,39000,0.0,completed,web
O007388,2,2026-05-31T12:30,C0123,P040,1,44000,0.0,completed,web
O007389,1,2026-05-31T10:20,C0155,P006,1,275000,0.0,completed,app
O007390,1,2026-05-31T16:55,C0017,P040,1,44000,0.0,completed,web
O007391,1,2026-05-31T12:12,C0577,P046,1,41300,0.3,completed,app
O007391,2,2026-05-31T12:12,C0577,P048,1,92000,0.0,completed,app
O007392,1,2026-05-31T14:06,C0083,P027,1,63000,0.0,returned,web
O007393,1,2026-05-31T11:05,C0587,P073,1,52500,0.3,completed,web
O007394,1,2026-05-31T16:02,C0090,P040,1,44000,0.0,completed,app
O007395,1,2026-05-31T13:58,C0072,P042,1,68000,0.2,cancelled,app
O007396,1,2026-05-31T14:44,C0277,P075,1,81000,0.0,completed,app
O007397,1,2026-05-31T17:20,C0577,P059,1,66500,0.3,completed,app
O007397,2,2026-05-31T17:20,C0577,P049,1,54600,0.3,completed,app
O007398,1,2026-05-31T15:20,C0033,P031,1,42000,0.3,completed,web
O007398,2,2026-05-31T15:20,C0033,P070,1,114000,0.0,completed,web
O007398,3,2026-05-31T15:20,C0033,P068,1,117000,0.0,completed,web
O007399,1,2026-05-31T20:33,C0130,P021,1,72000,0.0,completed,app
O007400,1,2026-05-31T14:31,C0198,P055,1,61599,0.3,completed,web
O007401,1,2026-05-31T14:05,C0567,P040,1,44000,0.0,completed,app
O007402,1,2026-05-31T14:51,C0579,P008,1,279000,0.0,completed,app
O007403,1,2026-05-31T18:27,C0113,P043,1,91000,0.0,completed,web
O007403,2,2026-05-31T18:27,C0113,P015,1,222000,0.0,completed,web
O007404,1,2026-05-31T16:21,C0018,P064,1,127000,0.0,completed,app
O007405,1,2026-05-31T15:52,C0346,P008,1,279000,0.0,completed,app
O007405,2,2026-05-31T15:52,C0346,P015,1,222000,0.0,completed,app
O007405,3,2026-05-31T15:52,C0346,P042,1,68000,0.2,completed,app
O007406,1,2026-05-31T18:54,C0494,P038,1,38000,0.0,completed,app
O007407,1,2026-05-31T04:51,C0283,P049,1,54600,0.3,completed,web
O007407,2,2026-05-31T04:51,C0283,P060,1,57399,0.3,completed,web
O007407,3,2026-05-31T04:51,C0283,P033,1,52000,0.2,completed,web
O007408,1,2026-05-31T22:40,C0443,P075,1,81000,0.0,completed,app
O007409,1,2026-05-31T11:44,C0458,P027,2,63000,0.0,completed,web
O007410,1,2026-05-31T23:00,C0214,P037,1,49000,0.0,completed,app
O007411,1,2026-05-31T07:54,C0499,P049,1,54600,0.3,completed,app
O007412,1,2026-05-31T11:43,C0186,P038,1,38000,0.0,completed,app
O007413,1,2026-05-31T12:03,C0554,P040,2,44000,0.0,completed,web
O007413,2,2026-05-31T12:03,C0554,P040,1,44000,0.0,completed,web
O007414,1,2026-05-31T13:06,C0481,P040,1,44000,0.0,completed,app
O007414,2,2026-05-31T13:06,C0481,P038,1,38000,0.0,completed,app
O007414,3,2026-05-31T13:06,C0481,P055,1,61599,0.3,completed,app
O007415,1,2026-05-31T13:03,C0192,P001,1,193000,0.0,returned,app
O007416,1,2026-05-31T13:31,C0572,P040,1,44000,0.0,completed,web
O007416,2,2026-05-31T13:31,C0572,P037,1,49000,0.0,completed,web
O007416,3,2026-05-31T13:31,C0572,P055,1,61599,0.3,completed,web
O007417,1,2026-05-31T14:10,C0350,P042,1,68000,0.2,completed,app
O007418,1,2026-06-01T13:49,C0350,P050,1,84000,0.0,completed,web
O007418,2,2026-06-01T13:49,C0350,P062,1,86000,0.0,completed,web
O007418,3,2026-06-01T13:49,C0350,P048,1,92000,0.0,completed,web
O007419,1,2026-06-01T17:45,C0123,P035,1,49000,0.0,returned,web
O007419,2,2026-06-01T17:45,C0123,P020,1,41000,0.0,returned,web
O007420,1,2026-06-01T14:12,C0100,P073,1,52500,0.3,completed,web
O007420,2,2026-06-01T14:12,C0100,P040,1,44000,0.0,completed,web
O007420,3,2026-06-01T14:12,C0100,P048,1,92000,0.0,completed,web
O007421,1,2026-06-01T19:48,C0558,P011,1,212000,0.2,completed,app
O007422,1,2026-06-01T16:37,C0600,P008,1,279000,0.0,completed,app
O007423,1,2026-06-01T12:32,C0313,P069,1,122000,0.0,completed,web
O007424,1,2026-06-01T14:01,C0455,P055,1,61599,0.3,completed,web
O007425,1,2026-06-01T17:05,C0406,P030,1,62000,0.0,completed,web
O007426,1,2026-06-01T16:20,C0234,P048,1,92000,0.0,completed,web
O007427,1,2026-06-01T13:20,C0089,P017,1,274000,0.0,completed,web
O007428,1,2026-06-01T14:14,C0441,P027,1,63000,0.0,completed,web
O007429,1,2026-06-01T17:14,C0277,P069,1,122000,0.0,completed,app
O007429,2,2026-06-01T17:14,C0277,P044,1,59499,0.3,completed,app
O007430,1,2026-06-01T16:25,C0545,P055,1,61599,0.3,completed,app
O007431,1,2026-06-01T09:03,C0005,P007,1,262000,0.0,completed,app
O007431,2,2026-06-01T09:03,C0005,P011,1,212000,0.2,completed,app
O007432,1,2026-06-01T13:10,C0110,P051,1,54600,0.3,completed,app
O007433,1,2026-06-01T15:43,C0053,P027,1,63000,0.0,completed,app
O007434,1,2026-06-01T15:28,C0156,P042,1,68000,0.2,completed,web
O007435,1,2026-06-01T18:48,C0052,P070,1,114000,0.0,completed,app
O007436,1,2026-06-01T15:13,C0127,P019,1,37000,0.0,completed,app
O007437,1,2026-06-01T16:41,C0271,P040,1,44000,0.0,returned,app
O007438,1,2026-06-01T21:17,C0418,P050,1,84000,0.0,completed,app
O007438,2,2026-06-01T21:17,C0418,P042,1,68000,0.2,completed,app
O007439,1,2026-06-01T15:08,C0275,P043,1,91000,0.0,cancelled,app
O007439,2,2026-06-01T15:08,C0275,P038,1,38000,0.0,cancelled,app
O007440,1,2026-06-01T16:36,C0451,P073,1,52500,0.3,completed,app
O007440,2,2026-06-01T16:36,C0451,P064,1,127000,0.0,completed,app
O007440,3,2026-06-01T16:36,C0451,P008,1,279000,0.0,completed,app
O007441,1,2026-06-01T12:26,C0024,P040,1,44000,0.0,completed,web
O007442,1,2026-06-01T16:42,C0545,P028,1,39000,0.0,completed,web
O007443,1,2026-06-01T20:36,C0447,P008,1,279000,0.0,completed,app
O007444,1,2026-06-01T13:29,C0589,P036,1,65000,0.0,completed,app
O007445,1,2026-06-01T18:45,C0112,P027,1,63000,0.0,completed,web
O007446,1,2026-06-01T11:05,C0335,P040,1,44000,0.0,completed,web
O007447,1,2026-06-01T11:38,C0136,P045,1,64000,0.0,completed,app
O007448,1,2026-06-01T15:49,C0005,P011,1,212000,0.2,completed,app
O007449,1,2026-06-01T12:52,C0481,P040,1,44000,0.0,completed,app
O007450,1,2026-06-01T06:43,C0240,P059,1,66500,0.3,completed,app
O007451,1,2026-06-01T11:50,C0451,P064,1,127000,0.0,completed,web
O007452,1,2026-06-01T15:34,C0350,P044,1,59499,0.3,completed,app
O007453,1,2026-06-01T18:11,C0190,P026,1,48000,0.0,returned,app
O007454,1,2026-06-01T11:28,C0438,P016,1,118299,0.3,completed,web
O007454,2,2026-06-01T11:28,C0438,P059,1,66500,0.3,completed,web
O007454,3,2026-06-01T11:28,C0438,P073,1,52500,0.3,completed,web
O007455,1,2026-06-01T23:26,C0249,P074,1,74900,0.3,completed,web
O007455,2,2026-06-01T23:26,C0249,P073,1,52500,0.3,completed,web
O007455,3,2026-06-01T23:26,C0249,P060,1,57399,0.3,completed,web
O007456,1,2026-06-01T13:52,C0153,P052,1,74000,0.0,completed,app
O007457,1,2026-06-02T16:46,C0068,P050,1,84000,0.0,completed,web
O007458,1,2026-06-02T09:01,C0051,P017,1,274000,0.0,completed,app
O007458,2,2026-06-02T09:01,C0051,P045,1,64000,0.0,completed,app
O007459,1,2026-06-02T16:18,C0335,P040,1,44000,0.0,completed,web
O007460,1,2026-06-02T13:44,C0040,P021,1,72000,0.0,completed,web
O007461,1,2026-06-02T13:33,C0282,P008,1,279000,0.0,completed,web
O007461,2,2026-06-02T13:33,C0282,P008,1,279000,0.0,completed,web
O007462,1,2026-06-02T20:51,C0214,P040,1,44000,0.0,completed,app
O007463,1,2026-06-02T11:24,C0414,P013,1,271000,0.0,completed,app
O007464,1,2026-06-02T08:07,C0173,P040,1,44000,0.0,completed,web
O007465,1,2026-06-02T08:54,C0325,P055,1,61599,0.3,completed,web
O007466,1,2026-06-02T18:22,C0453,P016,1,118299,0.3,completed,web
O007467,1,2026-06-02T09:51,C0357,P008,1,279000,0.0,completed,app
O007467,2,2026-06-02T09:51,C0357,P042,1,68000,0.2,completed,app
O007468,1,2026-06-02T18:21,C0214,P045,1,64000,0.0,completed,app
O007468,2,2026-06-02T18:21,C0214,P017,1,274000,0.0,completed,app
O007469,1,2026-06-02T10:21,C0499,P048,1,92000,0.0,returned,web
O007469,2,2026-06-02T10:21,C0499,P016,1,118299,0.3,returned,web
O007469,3,2026-06-02T10:21,C0499,P040,1,44000,0.0,returned,web
O007470,1,2026-06-02T19:29,C0447,P017,1,274000,0.0,completed,app
O007471,1,2026-06-02T14:23,C0467,P064,1,127000,0.0,completed,app
O007472,1,2026-06-02T14:48,C0089,P048,1,92000,0.0,completed,app
O007473,1,2026-06-02T11:07,C0099,P037,1,49000,0.0,completed,web
O007474,1,2026-06-02T07:22,C0136,P052,1,74000,0.0,completed,web
O007475,1,2026-06-02T20:00,C0249,P043,1,91000,0.0,completed,app
O007476,1,2026-06-02T18:42,C0123,P071,1,133000,0.0,completed,web
O007477,1,2026-06-02T13:14,C0459,P008,1,279000,0.0,completed,web
O007478,1,2026-06-02T14:38,C0587,P045,1,64000,0.0,completed,app
O007479,1,2026-06-02T17:49,C0083,P025,1,54000,0.0,completed,web
O007480,1,2026-06-02T11:09,C0163,P040,1,44000,0.0,completed,app
O007481,1,2026-06-02T17:52,C0386,P008,1,279000,0.0,returned,app
O007481,2,2026-06-02T17:52,C0386,P059,1,66500,0.3,returned,app
O007482,1,2026-06-02T11:49,C0217,P030,1,62000,0.0,completed,web
O007483,1,2026-06-02T11:48,C0077,P055,1,61599,0.3,completed,app
O007483,2,2026-06-02T11:48,C0077,P034,1,57000,0.0,completed,app
O007483,3,2026-06-02T11:48,C0077,P044,1,59499,0.3,completed,app
O007484,1,2026-06-02T14:04,C0110,P042,1,68000,0.2,completed,web
O007485,1,2026-06-02T06:52,C0454,P006,1,275000,0.0,returned,web
O007486,1,2026-06-02T12:47,C0493,P011,1,212000,0.2,completed,web
O007486,2,2026-06-02T12:47,C0493,P048,1,92000,0.0,completed,web
O007487,1,2026-06-02T12:15,C0249,P064,1,127000,0.0,completed,app
O007488,1,2026-06-02T16:45,C0346,P049,1,54600,0.3,completed,app
O007489,1,2026-06-02T15:00,C0436,P042,1,68000,0.2,completed,app
O007490,1,2026-06-02T22:12,C0297,P064,1,127000,0.0,completed,app
O007491,1,2026-06-02T19:47,C0108,P073,1,52500,0.3,completed,app
O007491,2,2026-06-02T19:47,C0108,P040,1,44000,0.0,completed,app
O007492,1,2026-06-02T17:51,C0359,P030,1,62000,0.0,completed,web
O007492,2,2026-06-02T17:51,C0359,P066,1,88000,0.2,completed,web
O007493,1,2026-06-02T11:06,C0450,P042,1,68000,0.2,completed,app
O007493,2,2026-06-02T11:06,C0450,P050,1,84000,0.0,completed,app
O007494,1,2026-06-02T14:08,C0008,P040,1,44000,0.0,cancelled,app
O007495,1,2026-06-02T18:40,C0109,P080,1,109000,0.0,completed,app
O007495,2,2026-06-02T18:40,C0109,P078,1,75600,0.3,completed,app
O007496,1,2026-06-02T10:17,C0214,P040,1,44000,0.0,completed,app
O007496,2,2026-06-02T10:17,C0214,P040,1,44000,0.0,completed,app
O007496,3,2026-06-02T10:17,C0214,P055,1,61599,0.3,completed,app
O007497,1,2026-06-02T12:28,C0275,P055,1,61599,0.3,completed,app
O007498,1,2026-06-02T13:03,C0521,P055,1,61599,0.3,completed,web
O007499,1,2026-06-02T10:34,C0057,P072,1,95000,0.0,completed,app
O007500,1,2026-06-02T18:03,C0061,P075,1,81000,0.0,completed,app
O007500,2,2026-06-02T18:03,C0061,P021,3,72000,0.0,completed,app
O007501,1,2026-06-02T09:02,C0267,P040,1,44000,0.0,completed,web
O007502,1,2026-06-03T19:22,C0545,P045,1,64000,0.0,completed,app
O007503,1,2026-06-03T18:59,C0321,P007,1,262000,0.0,completed,web
O007504,1,2026-06-03T17:21,C0188,P049,1,54600,0.3,completed,web
O007505,1,2026-06-03T19:34,C0436,P064,1,127000,0.0,returned,app
O007505,2,2026-06-03T19:34,C0436,P062,1,86000,0.0,returned,app
O007506,1,2026-06-03T11:51,C0375,P021,1,72000,0.0,completed,web
O007507,1,2026-06-03T17:51,C0595,P035,1,49000,0.0,completed,app
O007507,2,2026-06-03T17:51,C0595,P020,1,41000,0.0,completed,app
O007508,1,2026-06-03T13:59,C0277,P061,1,115000,0.0,completed,app
O007508,2,2026-06-03T13:59,C0277,P063,1,124000,0.0,completed,app
O007509,1,2026-06-03T17:27,C0163,P040,2,44000,0.0,completed,app
O007509,2,2026-06-03T17:27,C0163,P020,3,41000,0.0,completed,app
O007510,1,2026-06-03T15:46,C0438,P012,1,138000,0.0,completed,web
O007511,1,2026-06-03T11:45,C0330,P002,1,130400,0.2,returned,web
O007512,1,2026-06-03T13:21,C0424,P015,2,222000,0.0,completed,app
O007512,2,2026-06-03T13:21,C0424,P076,2,70700,0.3,completed,app
O007513,1,2026-06-03T14:41,C0096,P037,1,49000,0.0,completed,app
O007513,2,2026-06-03T14:41,C0096,P055,1,61599,0.3,completed,app
O007514,1,2026-06-03T19:57,C0108,P040,2,44000,0.0,completed,app
O007514,2,2026-06-03T19:57,C0108,P015,1,222000,0.0,completed,app
O007514,3,2026-06-03T19:57,C0108,P015,2,222000,0.0,completed,app
O007515,1,2026-06-03T17:25,C0400,P040,1,44000,0.0,completed,app
O007515,2,2026-06-03T17:25,C0400,P037,1,49000,0.0,completed,app
O007516,1,2026-06-03T18:20,C0451,P061,1,115000,0.0,completed,app
O007517,1,2026-06-03T11:39,C0383,P001,1,193000,0.0,completed,app
O007518,1,2026-06-03T14:51,C0463,P059,1,66500,0.3,completed,web
O007519,1,2026-06-03T20:20,C0520,P027,1,63000,0.0,completed,web
O007520,1,2026-06-03T15:34,C0074,P001,1,193000,0.0,cancelled,web
O007521,1,2026-06-03T20:34,C0551,P042,1,68000,0.2,completed,web
O007522,1,2026-06-03T16:04,C0179,P043,2,91000,0.0,completed,app
O007523,1,2026-06-03T15:06,C0096,P040,1,44000,0.0,completed,app
O007524,1,2026-06-03T19:26,C0110,P040,1,44000,0.0,cancelled,app
O007525,1,2026-06-03T19:59,C0424,P040,2,44000,0.0,returned,web
O007526,1,2026-06-03T11:41,C0346,P052,1,74000,0.0,completed,app
O007527,1,2026-06-03T06:32,C0227,P075,1,81000,0.0,completed,app
O007528,1,2026-06-03T16:04,C0220,P040,1,44000,0.0,completed,web
O007528,2,2026-06-03T16:04,C0220,P043,1,91000,0.0,completed,web
O007529,1,2026-06-03T16:04,C0492,P023,1,53000,0.0,completed,web
O007530,1,2026-06-03T16:58,C0236,P056,1,42700,0.3,completed,app
O007531,1,2026-06-03T20:47,C0148,P049,1,54600,0.3,completed,app
O007532,1,2026-06-03T15:25,C0140,P080,1,109000,0.0,returned,app
O007533,1,2026-06-03T13:21,C0312,P030,1,62000,0.0,returned,web
O007534,1,2026-06-03T18:09,C0214,P042,1,68000,0.2,completed,app
O007535,1,2026-06-03T23:31,C0467,P042,1,68000,0.2,completed,app
O007536,1,2026-06-03T20:59,C0567,P019,1,37000,0.0,completed,app
O007536,2,2026-06-03T20:59,C0567,P040,1,44000,0.0,completed,app
O007537,1,2026-06-03T12:53,C0178,P078,1,75600,0.3,completed,web
O007538,1,2026-06-03T19:00,C0153,P077,1,55200,0.2,completed,app
O007539,1,2026-06-03T10:17,C0123,P040,1,44000,0.0,completed,web
O007539,2,2026-06-03T10:17,C0123,P040,1,44000,0.0,completed,web
O007539,3,2026-06-03T10:17,C0123,P020,1,41000,0.0,completed,web
O007540,1,2026-06-03T10:30,C0386,P055,1,61599,0.3,completed,app
O007541,1,2026-06-03T07:51,C0451,P071,1,133000,0.0,completed,app
O007542,1,2026-06-04T19:06,C0274,P055,1,61599,0.3,completed,app
O007542,2,2026-06-04T19:06,C0274,P043,1,91000,0.0,completed,app
O007543,1,2026-06-04T16:57,C0196,P026,1,48000,0.0,completed,app
O007543,2,2026-06-04T16:57,C0196,P034,1,57000,0.0,completed,app
O007544,1,2026-06-04T07:30,C0559,P001,1,193000,0.0,completed,web
O007545,1,2026-06-04T12:24,C0089,P028,1,39000,0.0,completed,app
O007546,1,2026-06-04T20:25,C0212,P040,1,44000,0.0,completed,app
O007547,1,2026-06-04T23:38,C0451,P048,1,92000,0.0,completed,app
O007547,2,2026-06-04T23:38,C0451,P070,1,114000,0.0,completed,app
O007547,3,2026-06-04T23:38,C0451,P064,1,127000,0.0,completed,app
O007548,1,2026-06-04T11:18,C0033,P008,1,279000,0.0,completed,web
O007549,1,2026-06-04T13:12,C0190,P052,1,74000,0.0,completed,app
O007549,2,2026-06-04T13:12,C0190,P040,1,44000,0.0,completed,app
O007550,1,2026-06-04T10:39,C0401,P027,1,63000,0.0,completed,web
O007551,1,2026-06-04T15:31,C0429,P071,1,133000,0.0,completed,app
O007551,2,2026-06-04T15:31,C0429,P071,1,133000,0.0,completed,app
O007552,1,2026-06-04T16:07,C0213,P001,1,193000,0.0,completed,web
O007553,1,2026-06-04T12:33,C0182,P028,1,39000,0.0,completed,app
O007553,2,2026-06-04T12:33,C0182,P040,1,44000,0.0,completed,app
O007554,1,2026-06-04T11:42,C0214,P059,1,66500,0.3,completed,app
O007555,1,2026-06-04T14:50,C0372,P040,1,44000,0.0,cancelled,web
O007556,1,2026-06-04T07:46,C0523,P026,1,48000,0.0,completed,web
O007557,1,2026-06-04T11:51,C0482,P015,3,222000,0.0,returned,web
O007558,1,2026-06-04T21:49,C0221,P023,1,53000,0.0,completed,app
O007558,2,2026-06-04T21:49,C0221,P028,1,39000,0.0,completed,app
O007558,3,2026-06-04T21:49,C0221,P021,1,72000,0.0,completed,app
O007559,1,2026-06-04T13:18,C0521,P001,1,193000,0.0,completed,web
O007560,1,2026-06-04T20:04,C0430,P020,1,41000,0.0,completed,web
O007560,2,2026-06-04T20:04,C0430,P042,1,68000,0.2,completed,web
O007561,1,2026-06-04T18:26,C0558,P019,1,37000,0.0,completed,app
O007562,1,2026-06-04T09:26,C0277,P066,1,77000,0.3,completed,app
O007562,2,2026-06-04T09:26,C0277,P055,1,61599,0.3,completed,app
O007563,1,2026-06-04T12:52,C0109,P056,1,42700,0.3,returned,app
O007563,2,2026-06-04T12:52,C0109,P059,1,66500,0.3,returned,app
O007563,3,2026-06-04T12:52,C0109,P042,1,68000,0.2,returned,app
O007564,1,2026-06-04T15:17,C0106,P043,1,91000,0.0,completed,web
O007565,1,2026-06-04T11:08,C0434,P076,1,70700,0.3,completed,app
O007566,1,2026-06-04T05:01,C0515,P008,1,279000,0.0,completed,app
O007567,1,2026-06-04T16:58,C0564,P045,1,64000,0.0,completed,app
O007568,1,2026-06-04T15:16,C0325,P072,1,95000,0.0,completed,web
O007568,2,2026-06-04T15:16,C0325,P056,1,42700,0.3,completed,web
O007569,1,2026-06-04T15:03,C0327,P029,1,39000,0.0,completed,web
O007570,1,2026-06-04T17:24,C0493,P001,1,193000,0.0,completed,web
O007571,1,2026-06-04T18:42,C0296,P071,1,133000,0.0,completed,app
O007572,1,2026-06-04T20:30,C0501,P055,1,61599,0.3,returned,web
O007573,1,2026-06-04T14:27,C0566,P056,1,42700,0.3,cancelled,app
O007574,1,2026-06-04T18:02,C0249,P073,1,52500,0.3,completed,app
O007574,2,2026-06-04T18:02,C0249,P074,1,74900,0.3,completed,app
O007575,1,2026-06-04T16:22,C0469,P063,1,124000,0.0,completed,app
O007575,2,2026-06-04T16:22,C0469,P023,1,53000,0.0,completed,app
O007575,3,2026-06-04T16:22,C0469,P023,1,53000,0.0,completed,app
O007576,1,2026-06-04T07:44,C0570,P040,1,44000,0.0,completed,web
O007577,1,2026-06-04T12:21,C0502,P011,1,212000,0.2,returned,app
O007578,1,2026-06-04T10:19,C0406,P001,1,193000,0.0,completed,app
O007578,2,2026-06-04T10:19,C0406,P064,1,127000,0.0,completed,app
O007579,1,2026-06-04T19:40,C0151,P039,1,45000,0.0,completed,web
O007580,1,2026-06-04T11:16,C0335,P037,1,49000,0.0,completed,web
O007580,2,2026-06-04T11:16,C0335,P034,1,57000,0.0,completed,web
O007581,1,2026-06-04T18:57,C0282,P001,1,193000,0.0,completed,web
O007582,1,2026-06-04T10:36,C0221,P076,1,70700,0.3,completed,app
O007582,2,2026-06-04T10:36,C0221,P069,1,122000,0.0,completed,app
O007583,1,2026-06-04T11:57,C0493,P015,1,222000,0.0,returned,web
O007584,1,2026-06-05T12:38,C0230,P040,2,44000,0.0,completed,web
O007585,1,2026-06-05T10:50,C0294,P042,1,68000,0.2,completed,app
O007586,1,2026-06-05T12:48,C0275,P042,1,68000,0.2,completed,app
O007587,1,2026-06-05T21:58,C0355,P045,2,64000,0.0,completed,web
O007587,2,2026-06-05T21:58,C0355,P037,1,49000,0.0,completed,web
O007588,1,2026-06-05T15:54,C0429,P071,1,133000,0.0,completed,app
O007589,1,2026-06-05T14:43,C0068,P053,1,80000,0.2,completed,app
O007589,2,2026-06-05T14:43,C0068,P048,1,92000,0.0,completed,app
O007589,3,2026-06-05T14:43,C0068,P059,1,66500,0.3,completed,app
O007590,1,2026-06-05T17:47,C0383,P055,1,61599,0.3,completed,web
O007591,1,2026-06-05T19:35,C0283,P043,1,91000,0.0,completed,app
O007592,1,2026-06-05T17:11,C0153,P040,1,44000,0.0,returned,app
O007593,1,2026-06-05T23:13,C0188,P050,1,84000,0.0,completed,web
O007594,1,2026-06-05T16:22,C0181,P040,1,44000,0.0,completed,web
O007594,2,2026-06-05T16:22,C0181,P055,1,61599,0.3,completed,web
O007595,1,2026-06-05T13:57,C0283,P045,1,64000,0.0,completed,app
O007595,2,2026-06-05T13:57,C0283,P055,1,61599,0.3,completed,app
O007596,1,2026-06-05T15:51,C0515,P040,1,44000,0.0,completed,app
O007597,1,2026-06-05T09:36,C0089,P042,1,68000,0.2,completed,app
O007598,1,2026-06-05T20:25,C0274,P059,1,66500,0.3,cancelled,app
O007599,1,2026-06-05T17:24,C0599,P030,1,62000,0.0,completed,web
O007600,1,2026-06-05T17:32,C0502,P017,1,274000,0.0,completed,app
O007601,1,2026-06-05T16:43,C0453,P061,1,115000,0.0,completed,app
O007601,2,2026-06-05T16:43,C0453,P064,1,127000,0.0,completed,app
O007602,1,2026-06-05T10:30,C0494,P055,1,61599,0.3,completed,app
O007603,1,2026-06-05T18:02,C0196,P063,1,124000,0.0,completed,app
O007604,1,2026-06-05T17:08,C0411,P049,1,54600,0.3,completed,app
O007604,2,2026-06-05T17:08,C0411,P048,1,92000,0.0,completed,app
O007605,1,2026-06-05T20:41,C0477,P052,1,74000,0.0,completed,app
O007606,1,2026-06-05T18:18,C0299,P017,1,274000,0.0,completed,app
O007607,1,2026-06-05T20:27,C0487,P051,1,54600,0.3,cancelled,web
O007608,1,2026-06-05T19:07,C0156,P055,1,61599,0.3,completed,web
O007608,2,2026-06-05T19:07,C0156,P030,1,62000,0.0,completed,web
O007609,1,2026-06-05T17:00,C0595,P073,1,52500,0.3,completed,app
O007610,1,2026-06-05T15:23,C0136,P055,1,61599,0.3,completed,web
O007611,1,2026-06-05T08:39,C0250,P040,1,44000,0.0,completed,app
O007612,1,2026-06-05T12:41,C0179,P059,2,66500,0.3,completed,web
O007613,1,2026-06-05T13:32,C0418,P055,1,61599,0.3,completed,app
O007614,1,2026-06-05T14:51,C0335,P040,1,44000,0.0,completed,web
O007615,1,2026-06-05T10:50,C0110,P030,1,62000,0.0,completed,app
O007615,2,2026-06-05T10:50,C0110,P042,1,68000,0.2,completed,app
O007616,1,2026-06-05T10:05,C0044,P027,1,63000,0.0,completed,web
O007617,1,2026-06-05T12:18,C0249,P073,1,52500,0.3,completed,app
O007618,1,2026-06-05T20:43,C0479,P073,1,52500,0.3,completed,app
O007618,2,2026-06-05T20:43,C0479,P070,1,114000,0.0,completed,app
O007619,1,2026-06-05T06:34,C0447,P015,1,222000,0.0,completed,app
O007620,1,2026-06-05T10:28,C0335,P040,1,44000,0.0,completed,web
O007621,1,2026-06-05T13:22,C0167,P011,1,212000,0.2,completed,app
O007621,2,2026-06-05T13:22,C0167,P040,1,44000,0.0,completed,app
O007622,1,2026-06-05T10:17,C0006,P033,1,52000,0.2,completed,app
O007623,1,2026-06-05T09:51,C0421,P040,1,44000,0.0,completed,web
O007624,1,2026-06-05T19:26,C0011,P080,1,109000,0.0,completed,app
O007625,1,2026-06-05T13:32,C0133,P058,1,69300,0.3,completed,web
O007626,1,2026-06-05T13:13,C0171,P045,1,64000,0.0,completed,app
O007627,1,2026-06-05T11:33,C0455,P009,1,135800,0.3,completed,web
O007628,1,2026-06-05T16:37,C0499,P010,1,263000,0.0,completed,app
O007629,1,2026-06-05T22:05,C0240,P060,1,57399,0.3,completed,app
O007629,2,2026-06-05T22:05,C0240,P039,1,45000,0.0,completed,app
O007629,3,2026-06-05T22:05,C0240,P005,1,227000,0.0,completed,app
O007630,1,2026-06-05T14:53,C0461,P011,1,212000,0.2,completed,web
O007631,1,2026-06-05T17:32,C0206,P001,1,193000,0.0,completed,web
O007632,1,2026-06-05T15:48,C0127,P015,1,222000,0.0,completed,web
O007633,1,2026-06-05T09:50,C0368,P001,3,193000,0.0,completed,web
O007634,1,2026-06-05T09:51,C0463,P014,1,162400,0.2,completed,web
O007635,1,2026-06-05T11:41,C0375,P017,1,274000,0.0,completed,web
O007636,1,2026-06-05T20:09,C0595,P039,1,45000,0.0,completed,app
O007637,1,2026-06-06T14:54,C0155,P061,1,115000,0.0,completed,app
O007637,2,2026-06-06T14:54,C0155,P057,1,64399,0.3,completed,app
O007638,1,2026-06-06T16:30,C0097,P016,1,118299,0.3,completed,web
O007639,1,2026-06-06T15:33,C0275,P077,1,55200,0.2,completed,app
O007639,2,2026-06-06T15:33,C0275,P008,1,279000,0.0,completed,app
O007640,1,2026-06-06T15:42,C0545,P009,1,135800,0.3,completed,app
O007640,2,2026-06-06T15:42,C0545,P008,1,279000,0.0,completed,app
O007640,3,2026-06-06T15:42,C0545,P045,1,64000,0.0,completed,app
O007641,1,2026-06-06T11:49,C0274,P008,1,279000,0.0,completed,app
O007641,2,2026-06-06T11:49,C0274,P043,1,91000,0.0,completed,app
O007642,1,2026-06-06T19:47,C0221,P045,1,64000,0.0,cancelled,app
O007643,1,2026-06-06T14:09,C0436,P063,1,124000,0.0,completed,app
O007644,1,2026-06-06T15:37,C0501,P060,1,57399,0.3,completed,web
O007645,1,2026-06-06T17:24,C0433,P055,1,61599,0.3,completed,web
O007646,1,2026-06-06T10:49,C0096,P020,1,41000,0.0,completed,app
O007647,1,2026-06-06T16:37,C0579,P001,1,193000,0.0,completed,web
O007648,1,2026-06-06T12:56,C0180,P028,1,39000,0.0,completed,web
O007649,1,2026-06-06T15:59,C0295,P056,1,42700,0.3,completed,web
O007649,2,2026-06-06T15:59,C0295,P064,1,127000,0.0,completed,web
O007650,1,2026-06-06T17:23,C0124,P055,1,61599,0.3,completed,web
O007650,2,2026-06-06T17:23,C0124,P055,1,61599,0.3,completed,web
O007651,1,2026-06-06T18:45,C0182,P027,1,63000,0.0,completed,app
O007651,2,2026-06-06T18:45,C0182,P028,1,39000,0.0,completed,app
O007652,1,2026-06-06T13:05,C0018,P008,1,279000,0.0,cancelled,app
O007653,1,2026-06-06T11:12,C0480,P037,1,49000,0.0,completed,app
O007654,1,2026-06-06T13:32,C0403,P007,1,262000,0.0,completed,app
O007655,1,2026-06-06T11:43,C0562,P045,1,64000,0.0,completed,web
O007656,1,2026-06-06T11:55,C0146,P042,1,68000,0.2,completed,app
O007656,2,2026-06-06T11:55,C0146,P051,1,54600,0.3,completed,app
O007656,3,2026-06-06T11:55,C0146,P016,1,118299,0.3,completed,app
O007657,1,2026-06-06T20:31,C0247,P028,1,39000,0.0,completed,app
O007658,1,2026-06-06T20:39,C0221,P033,1,52000,0.2,completed,app
O007658,2,2026-06-06T20:39,C0221,P028,1,39000,0.0,completed,app
O007658,3,2026-06-06T20:39,C0221,P001,1,193000,0.0,completed,app
O007659,1,2026-06-06T12:15,C0430,P055,1,61599,0.3,completed,app
O007660,1,2026-06-06T15:51,C0149,P021,1,72000,0.0,completed,app
O007661,1,2026-06-06T09:31,C0453,P063,1,124000,0.0,completed,web
O007662,1,2026-06-06T10:23,C0277,P064,1,127000,0.0,completed,app
O007662,2,2026-06-06T10:23,C0277,P038,1,38000,0.0,completed,app
O007662,3,2026-06-06T10:23,C0277,P008,1,279000,0.0,completed,app
O007663,1,2026-06-06T06:19,C0595,P033,1,52000,0.2,returned,web
O007664,1,2026-06-06T13:27,C0325,P063,1,124000,0.0,completed,web
O007665,1,2026-06-06T11:14,C0283,P078,1,75600,0.3,completed,app
O007665,2,2026-06-06T11:14,C0283,P043,1,91000,0.0,completed,app
O007666,1,2026-06-06T13:09,C0100,P036,1,65000,0.0,completed,web
O007667,1,2026-06-06T10:25,C0429,P027,1,63000,0.0,returned,app
O007668,1,2026-06-06T14:20,C0240,P020,1,41000,0.0,completed,app
O007669,1,2026-06-06T17:17,C0215,P043,1,91000,0.0,completed,app
O007670,1,2026-06-06T17:03,C0455,P055,1,61599,0.3,completed,web
O007670,2,2026-06-06T17:03,C0455,P052,1,74000,0.0,completed,web
O007671,1,2026-06-06T14:27,C0361,P034,1,57000,0.0,completed,app
O007671,2,2026-06-06T14:27,C0361,P040,1,44000,0.0,completed,app
O007672,1,2026-06-06T06:51,C0113,P002,1,130400,0.2,completed,web
O007673,1,2026-06-06T09:11,C0339,P003,1,108800,0.2,completed,web
O007674,1,2026-06-06T18:29,C0346,P008,1,279000,0.0,completed,web
O007674,2,2026-06-06T18:29,C0346,P017,1,274000,0.0,completed,web
O007674,3,2026-06-06T18:29,C0346,P017,1,274000,0.0,completed,web
O007675,1,2026-06-06T21:47,C0294,P073,1,52500,0.3,completed,web
O007676,1,2026-06-06T14:49,C0279,P032,1,31499,0.3,completed,app
O007676,2,2026-06-06T14:49,C0279,P016,1,118299,0.3,completed,app
O007677,1,2026-06-06T07:07,C0190,P057,1,64399,0.3,completed,app
O007678,1,2026-06-06T17:30,C0545,P052,1,74000,0.0,completed,app
O007679,1,2026-06-06T15:29,C0070,P077,1,55200,0.2,completed,web
O007680,1,2026-06-06T12:00,C0566,P045,1,64000,0.0,completed,app
O007680,2,2026-06-06T12:00,C0566,P055,1,61599,0.3,completed,app
O007681,1,2026-06-06T16:15,C0556,P038,2,38000,0.0,completed,app
O007682,1,2026-06-06T13:42,C0515,P069,1,122000,0.0,completed,app
O007682,2,2026-06-06T13:42,C0515,P030,1,62000,0.0,completed,app
O007683,1,2026-06-06T14:57,C0173,P073,1,52500,0.3,completed,web
O007684,1,2026-06-06T15:30,C0143,P021,1,72000,0.0,completed,app
O007685,1,2026-06-06T14:17,C0008,P075,1,81000,0.0,completed,web
O007686,1,2026-06-06T12:05,C0360,P028,2,39000,0.0,completed,web
O007686,2,2026-06-06T12:05,C0360,P040,2,44000,0.0,completed,web
O007686,3,2026-06-06T12:05,C0360,P036,2,65000,0.0,completed,web
O007687,1,2026-06-06T14:05,C0463,P021,1,72000,0.0,completed,web
O007687,2,2026-06-06T14:05,C0463,P073,1,52500,0.3,completed,web
O007688,1,2026-06-06T17:22,C0052,P040,1,44000,0.0,completed,app
O007688,2,2026-06-06T17:22,C0052,P026,1,48000,0.0,completed,app
O007688,3,2026-06-06T17:22,C0052,P021,1,72000,0.0,completed,app
O007689,1,2026-06-06T14:54,C0188,P030,1,62000,0.0,completed,web
O007689,2,2026-06-06T14:54,C0188,P023,1,53000,0.0,completed,web
O007690,1,2026-06-06T16:40,C0026,P027,1,63000,0.0,completed,app
O007691,1,2026-06-06T07:33,C0563,P026,1,48000,0.0,completed,web
O007692,1,2026-06-06T15:12,C0295,P028,1,39000,0.0,completed,app
O007693,1,2026-06-06T16:47,C0277,P040,1,44000,0.0,completed,app
O007694,1,2026-06-06T19:51,C0220,P073,1,52500,0.3,completed,app
O007695,1,2026-06-06T20:20,C0170,P080,1,109000,0.0,returned,app
O007696,1,2026-06-06T17:20,C0418,P073,1,52500,0.3,completed,app
O007696,2,2026-06-06T17:20,C0418,P038,1,38000,0.0,completed,app
O007696,3,2026-06-06T17:20,C0418,P030,1,62000,0.0,completed,app
O007697,1,2026-06-06T14:05,C0477,P035,1,49000,0.0,completed,app
O007698,1,2026-06-06T17:34,C0018,P029,1,39000,0.0,completed,app
O007698,2,2026-06-06T17:34,C0018,P021,1,72000,0.0,completed,app
O007699,1,2026-06-06T19:59,C0577,P073,1,52500,0.3,completed,app
O007700,1,2026-06-07T13:16,C0467,P017,1,274000,0.0,completed,app
O007701,1,2026-06-07T17:51,C0246,P017,1,274000,0.0,completed,web
O007702,1,2026-06-07T06:39,C0124,P073,1,52500,0.3,completed,app
O007703,1,2026-06-07T19:25,C0044,P046,1,41300,0.3,completed,app
O007703,2,2026-06-07T19:25,C0044,P061,1,115000,0.0,completed,app
O007704,1,2026-06-07T17:09,C0482,P006,2,275000,0.0,completed,web
O007704,2,2026-06-07T17:09,C0482,P008,1,279000,0.0,completed,web
O007705,1,2026-06-07T10:10,C0167,P012,1,138000,0.0,completed,app
O007706,1,2026-06-07T10:32,C0544,P061,1,115000,0.0,completed,web
O007706,2,2026-06-07T10:32,C0544,P067,3,88000,0.2,completed,web
O007707,1,2026-06-07T17:38,C0385,P049,1,54600,0.3,completed,web
O007708,1,2026-06-07T16:15,C0333,P060,1,57399,0.3,completed,app
O007709,1,2026-06-07T15:31,C0186,P014,1,162400,0.2,completed,app
O007710,1,2026-06-07T16:39,C0451,P008,1,279000,0.0,returned,app
O007711,1,2026-06-07T13:18,C0146,P027,1,63000,0.0,cancelled,app
O007711,2,2026-06-07T13:18,C0146,P055,1,61599,0.3,cancelled,app
O007712,1,2026-06-07T22:52,C0109,P042,1,68000,0.2,completed,app
O007712,2,2026-06-07T22:52,C0109,P075,1,81000,0.0,completed,app
O007712,3,2026-06-07T22:52,C0109,P038,1,38000,0.0,completed,app
O007713,1,2026-06-07T16:28,C0214,P043,1,91000,0.0,completed,app
O007714,1,2026-06-07T16:07,C0052,P064,1,127000,0.0,completed,app
O007715,1,2026-06-07T18:04,C0249,P080,1,109000,0.0,completed,app
O007715,2,2026-06-07T18:04,C0249,P073,1,52500,0.3,completed,app
O007716,1,2026-06-07T04:28,C0110,P056,1,42700,0.3,completed,app
O007716,2,2026-06-07T04:28,C0110,P042,1,68000,0.2,completed,app
O007717,1,2026-06-07T15:33,C0295,P066,1,77000,0.3,completed,web
O007718,1,2026-06-07T14:23,C0411,P055,1,61599,0.3,completed,app
O007719,1,2026-06-07T11:17,C0296,P052,1,74000,0.0,completed,app
O007720,1,2026-06-07T17:52,C0199,P075,1,81000,0.0,completed,app
O007721,1,2026-06-07T14:21,C0409,P047,1,58000,0.0,completed,app
O007722,1,2026-06-07T10:11,C0469,P030,1,62000,0.0,completed,app
O007723,1,2026-06-07T18:39,C0108,P003,3,108800,0.2,completed,app
O007723,2,2026-06-07T18:39,C0108,P020,3,41000,0.0,completed,app
O007723,3,2026-06-07T18:39,C0108,P017,2,274000,0.0,completed,app
O007724,1,2026-06-07T11:10,C0249,P079,1,115000,0.0,completed,app
O007724,2,2026-06-07T11:10,C0249,P075,1,81000,0.0,completed,app
O007725,1,2026-06-07T13:37,C0502,P060,1,57399,0.3,completed,app
O007725,2,2026-06-07T13:37,C0502,P001,1,193000,0.0,completed,app
O007726,1,2026-06-07T12:54,C0153,P001,1,193000,0.0,completed,web
O007726,2,2026-06-07T12:54,C0153,P017,1,274000,0.0,completed,web
O007727,1,2026-06-07T19:52,C0033,P055,1,61599,0.3,cancelled,web
O007728,1,2026-06-07T11:51,C0271,P028,1,39000,0.0,completed,app
O007728,2,2026-06-07T11:51,C0271,P040,1,44000,0.0,completed,app
O007728,3,2026-06-07T11:51,C0271,P040,1,44000,0.0,completed,app
O007729,1,2026-06-07T13:14,C0453,P070,1,114000,0.0,completed,web
O007730,1,2026-06-07T12:30,C0155,P021,1,72000,0.0,completed,app
O007731,1,2026-06-07T08:59,C0062,P001,1,193000,0.0,completed,app
O007732,1,2026-06-07T15:54,C0472,P057,1,64399,0.3,completed,app
O007733,1,2026-06-07T16:46,C0250,P037,1,49000,0.0,completed,app
O007733,2,2026-06-07T16:46,C0250,P025,1,54000,0.0,completed,app
O007733,3,2026-06-07T16:46,C0250,P026,1,48000,0.0,completed,app
O007734,1,2026-06-07T20:44,C0429,P026,1,48000,0.0,completed,web
O007735,1,2026-06-07T21:25,C0577,P021,1,72000,0.0,returned,app
O007735,2,2026-06-07T21:25,C0577,P055,1,61599,0.3,returned,app
O007735,3,2026-06-07T21:25,C0577,P019,1,37000,0.0,returned,app
O007736,1,2026-06-07T15:20,C0479,P020,1,41000,0.0,completed,app
O007737,1,2026-06-07T13:33,C0595,P038,1,38000,0.0,completed,web
O007738,1,2026-06-07T13:07,C0221,P040,1,44000,0.0,completed,app
O007739,1,2026-06-07T13:20,C0093,P040,1,44000,0.0,completed,web
O007740,1,2026-06-07T12:38,C0089,P019,1,37000,0.0,completed,app
O007740,2,2026-06-07T12:38,C0089,P045,1,64000,0.0,completed,app
O007741,1,2026-06-07T11:27,C0110,P042,1,68000,0.2,completed,app
O007742,1,2026-06-07T21:17,C0071,P021,3,72000,0.0,returned,web
O007742,2,2026-06-07T21:17,C0071,P042,2,68000,0.2,returned,web
O007742,3,2026-06-07T21:17,C0071,P045,1,64000,0.0,returned,web
O007743,1,2026-06-07T18:02,C0460,P006,1,275000,0.0,returned,app
O007744,1,2026-06-07T19:33,C0545,P048,1,92000,0.0,completed,app
O007745,1,2026-06-07T10:09,C0149,P017,1,274000,0.0,completed,app
O007746,1,2026-06-07T15:45,C0153,P052,1,74000,0.0,returned,app
O007747,1,2026-06-07T21:38,C0479,P051,1,54600,0.3,completed,app
O007748,1,2026-06-07T13:32,C0501,P025,1,54000,0.0,completed,web
O007749,1,2026-06-07T15:29,C0346,P013,1,271000,0.0,completed,web
O007750,1,2026-06-07T15:17,C0411,P055,1,61599,0.3,completed,app
O007751,1,2026-06-07T18:22,C0279,P058,1,69300,0.3,completed,web
O007752,1,2026-06-07T09:26,C0186,P014,1,162400,0.2,completed,app
O007753,1,2026-06-07T09:36,C0430,P043,1,91000,0.0,completed,app
O007754,1,2026-06-07T05:40,C0068,P044,1,59499,0.3,completed,web
O007754,2,2026-06-07T05:40,C0068,P053,1,80000,0.2,completed,web
O007755,1,2026-06-07T13:04,C0469,P040,1,44000,0.0,completed,app
O007755,2,2026-06-07T13:04,C0469,P011,1,212000,0.2,completed,app
O007756,1,2026-06-07T09:59,C0451,P028,1,39000,0.0,cancelled,app
O007757,1,2026-06-07T06:37,C0005,P040,1,44000,0.0,completed,app
O007757,2,2026-06-07T06:37,C0005,P030,1,62000,0.0,completed,app
O007758,1,2026-06-07T12:22,C0136,P040,1,44000,0.0,completed,web
O007758,2,2026-06-07T12:22,C0136,P040,1,44000,0.0,completed,web
O007759,1,2026-06-07T15:15,C0068,P037,1,49000,0.0,completed,app
O007760,1,2026-06-07T12:56,C0008,P073,1,52500,0.3,completed,web
O007761,1,2026-06-08T08:59,C0361,P019,1,37000,0.0,completed,app
O007761,2,2026-06-08T08:59,C0361,P044,1,59499,0.3,completed,app
O007762,1,2026-06-08T13:46,C0005,P075,1,81000,0.0,completed,web
O007762,2,2026-06-08T13:46,C0005,P033,1,45500,0.3,completed,web
O007762,3,2026-06-08T13:46,C0005,P016,1,118299,0.3,completed,web
O007763,1,2026-06-08T06:10,C0587,P006,1,275000,0.0,completed,app
O007763,2,2026-06-08T06:10,C0587,P050,1,84000,0.0,completed,app
O007764,1,2026-06-08T11:34,C0477,P059,1,66500,0.3,completed,web
O007765,1,2026-06-08T14:31,C0400,P059,1,66500,0.3,completed,web
O007765,2,2026-06-08T14:31,C0400,P038,1,38000,0.0,completed,web
O007766,1,2026-06-08T09:53,C0114,P071,1,133000,0.0,completed,app
O007766,2,2026-06-08T09:53,C0114,P008,1,279000,0.0,completed,app
O007767,1,2026-06-08T14:16,C0299,P073,1,52500,0.3,completed,app
O007768,1,2026-06-08T18:35,C0129,P045,1,64000,0.0,completed,web
O007769,1,2026-06-08T18:04,C0361,P055,1,61599,0.3,completed,app
O007769,2,2026-06-08T18:04,C0361,P056,1,42700,0.3,completed,app
O007770,1,2026-06-08T19:03,C0566,P019,1,37000,0.0,completed,app
O007771,1,2026-06-08T12:30,C0044,P045,1,64000,0.0,cancelled,app
O007772,1,2026-06-08T17:00,C0579,P016,1,118299,0.3,completed,app
O007772,2,2026-06-08T17:00,C0579,P017,1,274000,0.0,completed,app
O007772,3,2026-06-08T17:00,C0579,P038,1,38000,0.0,completed,app
O007773,1,2026-06-08T13:23,C0489,P007,1,262000,0.0,completed,web
O007773,2,2026-06-08T13:23,C0489,P008,1,279000,0.0,completed,web
O007774,1,2026-06-08T10:13,C0171,P028,1,39000,0.0,completed,app
O007775,1,2026-06-08T12:49,C0515,P017,1,274000,0.0,completed,app
O007776,1,2026-06-08T09:59,C0482,P006,1,275000,0.0,completed,web
O007777,1,2026-06-08T20:47,C0018,P029,1,39000,0.0,completed,app
O007777,2,2026-06-08T20:47,C0018,P040,1,44000,0.0,completed,app
O007778,1,2026-06-08T14:38,C0382,P008,1,279000,0.0,completed,web
O007779,1,2026-06-08T15:54,C0057,P061,1,115000,0.0,completed,app
O007780,1,2026-06-08T23:46,C0458,P008,2,279000,0.0,completed,web
O007780,2,2026-06-08T23:46,C0458,P055,2,61599,0.3,completed,web
O007781,1,2026-06-08T18:50,C0274,P044,1,59499,0.3,completed,app
O007782,1,2026-06-08T10:27,C0453,P062,1,86000,0.0,completed,web
O007782,2,2026-06-08T10:27,C0453,P020,1,41000,0.0,completed,web
O007783,1,2026-06-08T10:52,C0124,P059,1,66500,0.3,completed,app
O007784,1,2026-06-08T03:08,C0500,P029,1,39000,0.0,completed,app
O007785,1,2026-06-08T16:53,C0407,P074,1,74900,0.3,completed,web
O007786,1,2026-06-08T16:06,C0295,P064,1,127000,0.0,completed,app
O007787,1,2026-06-08T13:44,C0188,P043,1,91000,0.0,completed,web
O007788,1,2026-06-08T20:44,C0600,P048,1,92000,0.0,completed,app
O007789,1,2026-06-08T13:35,C0417,P023,1,53000,0.0,completed,app
O007790,1,2026-06-08T05:24,C0559,P055,1,61599,0.3,completed,web
O007791,1,2026-06-08T14:30,C0333,P023,1,53000,0.0,completed,app
O007792,1,2026-06-08T11:42,C0172,P028,1,39000,0.0,completed,web
O007793,1,2026-06-08T11:59,C0188,P066,1,77000,0.3,returned,web
O007794,1,2026-06-08T16:43,C0504,P077,1,55200,0.2,completed,web
O007795,1,2026-06-08T06:37,C0438,P048,1,92000,0.0,completed,web
O007796,1,2026-06-08T07:58,C0204,P040,1,44000,0.0,completed,web
O007797,1,2026-06-08T15:44,C0499,P052,1,74000,0.0,completed,app
O007798,1,2026-06-08T11:59,C0283,P058,1,69300,0.3,completed,app
O007798,2,2026-06-08T11:59,C0283,P040,1,44000,0.0,completed,app
O007799,1,2026-06-08T08:51,C0357,P043,1,91000,0.0,completed,app
O007800,1,2026-06-08T16:49,C0213,P075,1,81000,0.0,completed,web
O007801,1,2026-06-08T13:39,C0400,P040,1,44000,0.0,completed,app
O007801,2,2026-06-08T13:39,C0400,P020,1,41000,0.0,completed,app
O007801,3,2026-06-08T13:39,C0400,P021,1,72000,0.0,completed,app
O007802,1,2026-06-08T08:13,C0383,P027,1,63000,0.0,returned,app
O007803,1,2026-06-08T21:53,C0258,P040,1,44000,0.0,completed,web
O007804,1,2026-06-08T09:12,C0188,P053,1,80000,0.2,completed,web
O007805,1,2026-06-08T11:27,C0044,P026,1,48000,0.0,completed,app
O007805,2,2026-06-08T11:27,C0044,P040,1,44000,0.0,completed,app
O007806,1,2026-06-08T18:30,C0446,P039,1,45000,0.0,completed,app
O007807,1,2026-06-08T15:39,C0513,P029,1,39000,0.0,completed,web
O007808,1,2026-06-08T17:40,C0110,P070,1,114000,0.0,completed,app
O007809,1,2026-06-08T16:55,C0469,P038,1,38000,0.0,completed,app
O007810,1,2026-06-09T14:26,C0577,P059,1,66500,0.3,completed,web
O007810,2,2026-06-09T14:26,C0577,P055,1,61599,0.3,completed,web
O007811,1,2026-06-09T10:09,C0496,P008,1,279000,0.0,completed,app
O007811,2,2026-06-09T10:09,C0496,P040,1,44000,0.0,completed,app
O007812,1,2026-06-09T18:29,C0383,P008,1,279000,0.0,completed,app
O007812,2,2026-06-09T18:29,C0383,P061,1,115000,0.0,completed,app
O007812,3,2026-06-09T18:29,C0383,P007,1,262000,0.0,completed,app
O007813,1,2026-06-09T15:49,C0477,P049,1,54600,0.3,returned,app
O007813,2,2026-06-09T15:49,C0477,P049,1,54600,0.3,returned,app
O007814,1,2026-06-09T13:29,C0486,P030,1,62000,0.0,completed,web
O007814,2,2026-06-09T13:29,C0486,P059,1,66500,0.3,completed,web
O007815,1,2026-06-09T19:19,C0259,P042,1,68000,0.2,completed,web
O007816,1,2026-06-09T21:39,C0115,P055,1,61599,0.3,completed,app
O007817,1,2026-06-09T12:56,C0455,P042,1,68000,0.2,completed,web
O007818,1,2026-06-09T23:18,C0033,P040,1,44000,0.0,completed,web
O007819,1,2026-06-09T18:07,C0303,P076,1,70700,0.3,completed,web
O007820,1,2026-06-09T11:46,C0328,P042,1,68000,0.2,completed,web
O007821,1,2026-06-09T16:09,C0567,P007,1,262000,0.0,completed,web
O007822,1,2026-06-09T16:22,C0279,P027,1,63000,0.0,completed,app
O007822,2,2026-06-09T16:22,C0279,P002,1,130400,0.2,completed,app
O007823,1,2026-06-09T23:37,C0052,P064,1,127000,0.0,completed,app
O007824,1,2026-06-09T09:47,C0333,P030,1,62000,0.0,completed,app
O007824,2,2026-06-09T09:47,C0333,P057,1,64399,0.3,completed,app
O007825,1,2026-06-09T21:52,C0515,P011,1,212000,0.2,completed,web
O007825,2,2026-06-09T21:52,C0515,P008,1,279000,0.0,completed,web
O007826,1,2026-06-09T12:24,C0148,P017,1,274000,0.0,completed,app
O007827,1,2026-06-09T14:05,C0320,P069,1,122000,0.0,completed,app
O007828,1,2026-06-09T15:36,C0554,P040,1,44000,0.0,completed,web
O007829,1,2026-06-09T14:41,C0406,P065,1,83300,0.3,cancelled,app
O007830,1,2026-06-09T12:08,C0438,P057,1,64399,0.3,completed,web
O007830,2,2026-06-09T12:08,C0438,P006,1,275000,0.0,completed,web
O007831,1,2026-06-09T15:35,C0190,P063,1,124000,0.0,completed,web
O007831,2,2026-06-09T15:35,C0190,P055,1,61599,0.3,completed,web
O007832,1,2026-06-09T14:48,C0302,P028,1,39000,0.0,completed,web
O007833,1,2026-06-09T20:13,C0206,P076,1,70700,0.3,completed,web
O007833,2,2026-06-09T20:13,C0206,P043,1,91000,0.0,completed,web
O007834,1,2026-06-09T15:51,C0033,P063,1,124000,0.0,completed,web
O007834,2,2026-06-09T15:51,C0033,P061,1,115000,0.0,completed,web
O007835,1,2026-06-09T08:51,C0477,P045,1,64000,0.0,completed,app
O007835,2,2026-06-09T08:51,C0477,P055,1,61599,0.3,completed,app
O007836,1,2026-06-09T03:55,C0001,P080,1,109000,0.0,completed,web
O007837,1,2026-06-09T14:05,C0179,P060,1,57399,0.3,completed,web
O007838,1,2026-06-09T15:50,C0325,P040,1,44000,0.0,completed,web
O007839,1,2026-06-09T11:03,C0099,P040,1,44000,0.0,completed,app
O007839,2,2026-06-09T11:03,C0099,P064,1,127000,0.0,completed,app
O007839,3,2026-06-09T11:03,C0099,P040,1,44000,0.0,completed,app
O007840,1,2026-06-09T13:10,C0346,P040,1,44000,0.0,completed,app
O007841,1,2026-06-09T16:27,C0420,P056,1,42700,0.3,completed,web
O007842,1,2026-06-09T22:02,C0322,P030,1,62000,0.0,completed,app
O007843,1,2026-06-09T17:07,C0221,P071,1,133000,0.0,completed,app
O007844,1,2026-06-09T13:21,C0279,P064,1,127000,0.0,returned,web
O007845,1,2026-06-09T16:03,C0515,P040,1,44000,0.0,completed,app
O007846,1,2026-06-09T15:00,C0400,P040,1,44000,0.0,completed,app
O007847,1,2026-06-09T12:05,C0196,P040,1,44000,0.0,completed,app
O007847,2,2026-06-09T12:05,C0196,P021,1,72000,0.0,completed,app
O007848,1,2026-06-09T19:13,C0044,P040,1,44000,0.0,completed,app
O007848,2,2026-06-09T19:13,C0044,P042,1,68000,0.2,completed,app
O007849,1,2026-06-09T12:29,C0001,P074,1,74900,0.3,completed,web
O007849,2,2026-06-09T12:29,C0001,P028,1,39000,0.0,completed,web
O007850,1,2026-06-09T20:30,C0482,P076,1,70700,0.3,completed,web
O007851,1,2026-06-09T13:36,C0397,P040,1,44000,0.0,completed,app
O007851,2,2026-06-09T13:36,C0397,P037,1,49000,0.0,completed,app
O007852,1,2026-06-09T16:29,C0120,P051,1,54600,0.3,completed,app
O007853,1,2026-06-09T15:55,C0093,P040,3,44000,0.0,completed,web
O007854,1,2026-06-09T19:04,C0582,P040,1,44000,0.0,completed,web
O007855,1,2026-06-09T15:25,C0587,P051,1,54600,0.3,completed,app
O007856,1,2026-06-09T16:28,C0174,P040,1,44000,0.0,completed,app
O007857,1,2026-06-10T11:49,C0240,P074,1,74900,0.3,completed,app
O007857,2,2026-06-10T11:49,C0240,P015,1,222000,0.0,completed,app
O007858,1,2026-06-10T13:46,C0164,P005,1,227000,0.0,cancelled,app
O007859,1,2026-06-10T23:08,C0308,P078,1,75600,0.3,completed,web
O007860,1,2026-06-10T11:45,C0430,P055,1,61599,0.3,completed,app
O007861,1,2026-06-10T12:31,C0493,P008,1,279000,0.0,completed,web
O007861,2,2026-06-10T12:31,C0493,P003,1,95200,0.3,completed,web
O007861,3,2026-06-10T12:31,C0493,P001,1,193000,0.0,completed,web
O007862,1,2026-06-10T17:10,C0502,P009,1,135800,0.3,completed,app
O007863,1,2026-06-10T18:36,C0600,P042,1,68000,0.2,completed,app
O007864,1,2026-06-10T07:09,C0274,P042,1,68000,0.2,cancelled,app
O007864,2,2026-06-10T07:09,C0274,P055,1,61599,0.3,cancelled,app
O007864,3,2026-06-10T07:09,C0274,P045,1,64000,0.0,cancelled,app
O007865,1,2026-06-10T19:49,C0526,P020,1,41000,0.0,completed,web
O007866,1,2026-06-10T14:58,C0206,P019,1,37000,0.0,completed,web
O007866,2,2026-06-10T14:58,C0206,P071,1,133000,0.0,completed,web
O007867,1,2026-06-10T12:02,C0564,P005,1,227000,0.0,completed,web
O007868,1,2026-06-10T11:05,C0346,P013,1,271000,0.0,completed,app
O007868,2,2026-06-10T11:05,C0346,P001,1,193000,0.0,completed,app
O007869,1,2026-06-10T11:18,C0526,P013,1,271000,0.0,completed,web
O007870,1,2026-06-10T11:14,C0242,P061,1,115000,0.0,completed,web
O007871,1,2026-06-10T13:06,C0110,P040,1,44000,0.0,completed,app
O007872,1,2026-06-10T17:34,C0274,P069,1,122000,0.0,completed,app
O007873,1,2026-06-10T13:56,C0346,P045,1,64000,0.0,returned,web
O007874,1,2026-06-10T15:05,C0130,P040,1,44000,0.0,completed,app
O007875,1,2026-06-10T12:03,C0247,P038,1,38000,0.0,completed,app
O007876,1,2026-06-10T13:40,C0492,P073,1,52500,0.3,completed,app
O007877,1,2026-06-10T16:26,C0450,P043,1,91000,0.0,completed,web
O007877,2,2026-06-10T16:26,C0450,P023,1,53000,0.0,completed,web
O007877,3,2026-06-10T16:26,C0450,P028,1,39000,0.0,completed,web
O007878,1,2026-06-10T12:53,C0569,P042,3,68000,0.2,completed,app
O007879,1,2026-06-10T14:31,C0589,P042,1,68000,0.2,completed,app
O007879,2,2026-06-10T14:31,C0589,P027,1,63000,0.0,completed,app
O007880,1,2026-06-10T17:47,C0214,P016,1,118299,0.3,completed,app
O007881,1,2026-06-10T14:12,C0387,P008,1,279000,0.0,completed,web
O007882,1,2026-06-10T15:29,C0265,P010,1,263000,0.0,completed,web
O007883,1,2026-06-10T21:12,C0077,P052,1,74000,0.0,completed,app
O007884,1,2026-06-10T11:48,C0148,P008,1,279000,0.0,completed,app
O007885,1,2026-06-10T20:39,C0469,P028,1,39000,0.0,completed,web
O007886,1,2026-06-10T17:31,C0595,P042,1,68000,0.2,completed,app
O007886,2,2026-06-10T17:31,C0595,P039,1,45000,0.0,completed,app
O007887,1,2026-06-10T10:39,C0259,P011,1,212000,0.2,completed,web
O007888,1,2026-06-10T14:10,C0452,P072,1,95000,0.0,completed,web
O007889,1,2026-06-10T17:48,C0192,P008,1,279000,0.0,completed,app
O007890,1,2026-06-10T23:33,C0463,P042,1,68000,0.2,completed,web
O007891,1,2026-06-10T14:45,C0192,P008,1,279000,0.0,completed,app
O007892,1,2026-06-10T18:18,C0051,P042,1,68000,0.2,completed,app
O007893,1,2026-06-10T07:09,C0235,P029,1,39000,0.0,completed,app
O007894,1,2026-06-10T08:17,C0192,P078,1,75600,0.3,completed,app
O007895,1,2026-06-10T11:42,C0279,P055,1,61599,0.3,completed,app
O007896,1,2026-06-10T05:23,C0188,P042,1,68000,0.2,completed,web
O007896,2,2026-06-10T05:23,C0188,P055,1,61599,0.3,completed,web
O007897,1,2026-06-10T12:38,C0411,P069,1,122000,0.0,completed,app
O007897,2,2026-06-10T12:38,C0411,P042,1,68000,0.2,completed,app
O007897,3,2026-06-10T12:38,C0411,P042,1,68000,0.2,completed,app
O007898,1,2026-06-10T19:20,C0386,P057,1,64399,0.3,completed,app
O007899,1,2026-06-10T22:19,C0279,P042,1,68000,0.2,completed,web
O007900,1,2026-06-10T16:25,C0489,P071,1,133000,0.0,completed,web
O007901,1,2026-06-10T17:59,C0153,P040,1,44000,0.0,completed,app
O007901,2,2026-06-10T17:59,C0153,P076,1,70700,0.3,completed,app
O007902,1,2026-06-10T14:13,C0192,P076,1,70700,0.3,completed,web
O007902,2,2026-06-10T14:13,C0192,P080,1,109000,0.0,completed,web
O007902,3,2026-06-10T14:13,C0192,P074,1,74900,0.3,completed,web
O007903,1,2026-06-10T08:09,C0113,P045,1,64000,0.0,completed,web
O007904,1,2026-06-10T11:45,C0098,P040,1,44000,0.0,completed,app
O007905,1,2026-06-10T16:20,C0190,P077,1,55200,0.2,completed,app
O007905,2,2026-06-10T16:20,C0190,P042,1,68000,0.2,completed,app
O007906,1,2026-06-10T14:31,C0283,P055,1,61599,0.3,completed,app
O007907,1,2026-06-10T17:26,C0182,P020,1,41000,0.0,completed,app
O007908,1,2026-06-10T09:03,C0265,P078,1,75600,0.3,completed,web
O007908,2,2026-06-10T09:03,C0265,P055,1,61599,0.3,completed,web
O007909,1,2026-06-10T13:16,C0469,P038,1,38000,0.0,cancelled,web
O007909,2,2026-06-10T13:16,C0469,P056,1,42700,0.3,cancelled,web
O007910,1,2026-06-10T23:23,C0357,P055,1,61599,0.3,completed,app
O007911,1,2026-06-10T06:45,C0438,P040,1,44000,0.0,completed,web
O007912,1,2026-06-10T19:22,C0188,P040,1,44000,0.0,returned,web
O007912,2,2026-06-10T19:22,C0188,P042,1,68000,0.2,returned,web
O007913,1,2026-06-10T14:40,C0077,P071,1,133000,0.0,completed,app
O007913,2,2026-06-10T14:40,C0077,P077,1,55200,0.2,completed,app
O007914,1,2026-06-10T17:52,C0447,P066,1,77000,0.3,completed,web
O007915,1,2026-06-10T13:03,C0053,P077,1,55200,0.2,completed,web
O007916,1,2026-06-11T15:11,C0240,P040,1,44000,0.0,completed,app
O007916,2,2026-06-11T15:11,C0240,P042,1,68000,0.2,completed,app
O007917,1,2026-06-11T12:46,C0265,P030,1,62000,0.0,returned,web
O007918,1,2026-06-11T10:33,C0114,P048,1,92000,0.0,completed,app
O007918,2,2026-06-11T10:33,C0114,P011,1,212000,0.2,completed,app
O007919,1,2026-06-11T22:56,C0477,P036,1,65000,0.0,completed,app
O007919,2,2026-06-11T22:56,C0477,P061,1,115000,0.0,completed,app
O007919,3,2026-06-11T22:56,C0477,P059,1,66500,0.3,completed,app
O007920,1,2026-06-11T11:47,C0330,P073,1,52500,0.3,completed,web
O007921,1,2026-06-11T06:25,C0051,P080,1,109000,0.0,completed,web
O007922,1,2026-06-11T15:46,C0190,P060,1,57399,0.3,completed,web
O007923,1,2026-06-11T23:06,C0472,P013,1,271000,0.0,completed,app
O007924,1,2026-06-11T17:57,C0057,P017,1,274000,0.0,completed,app
O007924,2,2026-06-11T17:57,C0057,P029,1,39000,0.0,completed,app
O007925,1,2026-06-11T16:22,C0190,P055,1,61599,0.3,completed,app
O007926,1,2026-06-11T11:36,C0400,P040,1,44000,0.0,completed,web
O007926,2,2026-06-11T11:36,C0400,P040,1,44000,0.0,completed,web
O007927,1,2026-06-11T20:51,C0164,P023,1,53000,0.0,completed,app
O007927,2,2026-06-11T20:51,C0164,P028,1,39000,0.0,completed,app
O007927,3,2026-06-11T20:51,C0164,P064,1,127000,0.0,completed,app
O007928,1,2026-06-11T20:05,C0090,P023,1,53000,0.0,completed,app
O007929,1,2026-06-11T17:31,C0066,P009,1,135800,0.3,completed,web
O007929,2,2026-06-11T17:31,C0066,P017,1,274000,0.0,completed,web
O007929,3,2026-06-11T17:31,C0066,P017,1,274000,0.0,completed,web
O007930,1,2026-06-11T16:44,C0570,P055,1,61599,0.3,completed,web
O007931,1,2026-06-11T08:59,C0240,P032,1,31499,0.3,completed,web
O007932,1,2026-06-11T14:32,C0496,P040,1,44000,0.0,completed,app
O007933,1,2026-06-11T13:54,C0316,P071,1,133000,0.0,completed,web
O007934,1,2026-06-11T14:22,C0250,P040,1,44000,0.0,completed,web
O007934,2,2026-06-11T14:22,C0250,P042,1,68000,0.2,completed,web
O007935,1,2026-06-11T12:52,C0098,P020,1,41000,0.0,completed,app
O007936,1,2026-06-11T16:53,C0188,P056,1,42700,0.3,completed,web
O007936,2,2026-06-11T16:53,C0188,P042,1,68000,0.2,completed,web
O007937,1,2026-06-11T15:30,C0429,P027,1,63000,0.0,completed,app
O007938,1,2026-06-11T18:13,C0262,P021,2,72000,0.0,completed,app
O007939,1,2026-06-11T07:50,C0494,P039,3,45000,0.0,returned,app
O007940,1,2026-06-11T18:55,C0129,P053,1,80000,0.2,completed,app
O007940,2,2026-06-11T18:55,C0129,P052,1,74000,0.0,completed,app
O007941,1,2026-06-11T16:51,C0259,P027,1,63000,0.0,completed,web
O007941,2,2026-06-11T16:51,C0259,P034,1,57000,0.0,completed,web
O007942,1,2026-06-11T15:44,C0214,P048,1,92000,0.0,completed,app
O007942,2,2026-06-11T15:44,C0214,P043,1,91000,0.0,completed,app
O007943,1,2026-06-11T11:56,C0357,P061,1,115000,0.0,completed,app
O007943,2,2026-06-11T11:56,C0357,P051,1,54600,0.3,completed,app
O007944,1,2026-06-11T10:33,C0443,P078,1,75600,0.3,completed,app
O007945,1,2026-06-11T09:51,C0275,P037,1,49000,0.0,completed,app
O007946,1,2026-06-11T14:06,C0489,P001,1,193000,0.0,completed,web
O007946,2,2026-06-11T14:06,C0489,P008,1,279000,0.0,completed,web
O007947,1,2026-06-11T14:07,C0320,P042,1,68000,0.2,completed,app
O007948,1,2026-06-11T13:27,C0600,P045,1,64000,0.0,completed,app
O007949,1,2026-06-11T10:42,C0200,P028,1,39000,0.0,completed,web
O007950,1,2026-06-11T16:15,C0325,P071,1,133000,0.0,completed,web
O007951,1,2026-06-11T12:37,C0321,P001,1,193000,0.0,completed,app
O007951,2,2026-06-11T12:37,C0321,P073,1,52500,0.3,completed,app
O007951,3,2026-06-11T12:37,C0321,P040,1,44000,0.0,completed,app
O007952,1,2026-06-11T10:42,C0070,P073,1,52500,0.3,cancelled,web
O007953,1,2026-06-11T17:32,C0415,P064,1,127000,0.0,completed,web
O007953,2,2026-06-11T17:32,C0415,P020,1,41000,0.0,completed,web
O007953,3,2026-06-11T17:32,C0415,P061,1,115000,0.0,completed,web
O007954,1,2026-06-11T18:03,C0577,P036,1,65000,0.0,completed,app
O007955,1,2026-06-11T17:03,C0357,P064,1,127000,0.0,completed,app
O007956,1,2026-06-11T16:57,C0492,P062,1,86000,0.0,completed,app
O007956,2,2026-06-11T16:57,C0492,P044,1,59499,0.3,completed,app
O007957,1,2026-06-11T10:08,C0057,P040,1,44000,0.0,completed,app
O007958,1,2026-06-11T16:55,C0299,P073,1,52500,0.3,completed,app
O007959,1,2026-06-11T19:36,C0358,P043,1,91000,0.0,returned,web
O007960,1,2026-06-11T11:03,C0436,P049,1,54600,0.3,completed,app
O007961,1,2026-06-11T14:15,C0450,P040,1,44000,0.0,completed,app
O007962,1,2026-06-11T20:21,C0325,P064,1,127000,0.0,completed,web
O007962,2,2026-06-11T20:21,C0325,P080,1,109000,0.0,completed,web
O007963,1,2026-06-12T14:25,C0022,P011,1,212000,0.2,completed,web
O007964,1,2026-06-12T07:55,C0057,P061,1,115000,0.0,completed,web
O007965,1,2026-06-12T10:32,C0361,P055,1,61599,0.3,returned,web
O007965,2,2026-06-12T10:32,C0361,P023,1,53000,0.0,returned,web
O007966,1,2026-06-12T21:37,C0302,P028,1,39000,0.0,completed,app
O007967,1,2026-06-12T22:39,C0469,P020,1,41000,0.0,completed,app
O007967,2,2026-06-12T22:39,C0469,P064,1,127000,0.0,completed,app
O007967,3,2026-06-12T22:39,C0469,P020,1,41000,0.0,completed,app
O007968,1,2026-06-12T11:50,C0279,P040,1,44000,0.0,completed,app
O007969,1,2026-06-12T15:04,C0545,P071,1,133000,0.0,completed,app
O007969,2,2026-06-12T15:04,C0545,P045,1,64000,0.0,completed,app
O007969,3,2026-06-12T15:04,C0545,P073,1,52500,0.3,completed,app
O007970,1,2026-06-12T19:26,C0167,P039,1,45000,0.0,completed,app
O007971,1,2026-06-12T17:00,C0051,P055,1,61599,0.3,completed,app
O007972,1,2026-06-12T08:17,C0123,P055,1,61599,0.3,completed,web
O007973,1,2026-06-12T13:34,C0196,P061,1,115000,0.0,completed,app
O007973,2,2026-06-12T13:34,C0196,P037,1,49000,0.0,completed,app
O007974,1,2026-06-12T18:59,C0096,P055,1,61599,0.3,completed,app
O007975,1,2026-06-12T14:17,C0001,P017,1,274000,0.0,cancelled,web
O007975,2,2026-06-12T14:17,C0001,P013,1,271000,0.0,cancelled,web
O007975,3,2026-06-12T14:17,C0001,P017,1,274000,0.0,cancelled,web
O007976,1,2026-06-12T12:52,C0592,P019,1,37000,0.0,completed,web
O007977,1,2026-06-12T15:28,C0482,P012,1,138000,0.0,completed,web
O007978,1,2026-06-12T14:12,C0148,P007,1,262000,0.0,completed,web
O007979,1,2026-06-12T17:30,C0368,P043,3,91000,0.0,completed,web
O007980,1,2026-06-12T11:55,C0214,P042,1,68000,0.2,completed,app
O007980,2,2026-06-12T11:55,C0214,P048,1,92000,0.0,completed,app
O007981,1,2026-06-12T09:25,C0457,P078,1,75600,0.3,completed,web
O007982,1,2026-06-12T20:04,C0058,P040,1,44000,0.0,completed,web
O007983,1,2026-06-12T07:21,C0597,P061,1,115000,0.0,completed,web
O007984,1,2026-06-12T06:49,C0274,P040,1,44000,0.0,completed,app
O007984,2,2026-06-12T06:49,C0274,P059,1,66500,0.3,completed,app
O007985,1,2026-06-12T13:40,C0089,P021,1,72000,0.0,completed,web
O007986,1,2026-06-12T14:14,C0001,P040,1,44000,0.0,completed,web
O007987,1,2026-06-12T10:30,C0127,P026,1,48000,0.0,completed,web
O007987,2,2026-06-12T10:30,C0127,P027,1,63000,0.0,completed,web
O007988,1,2026-06-12T16:05,C0183,P040,1,44000,0.0,completed,web
O007989,1,2026-06-12T18:05,C0302,P008,1,279000,0.0,completed,app
O007990,1,2026-06-12T14:17,C0220,P046,1,41300,0.3,completed,app
O007990,2,2026-06-12T14:17,C0220,P043,1,91000,0.0,completed,app
O007991,1,2026-06-12T17:48,C0249,P073,1,52500,0.3,completed,app
O007992,1,2026-06-12T15:30,C0066,P003,1,95200,0.3,completed,app
O007993,1,2026-06-12T12:12,C0282,P001,1,193000,0.0,completed,web
O007993,2,2026-06-12T12:12,C0282,P013,1,271000,0.0,completed,web
O007994,1,2026-06-12T14:42,C0569,P021,2,72000,0.0,completed,web
O007995,1,2026-06-12T16:11,C0438,P016,1,118299,0.3,completed,web
O007996,1,2026-06-12T11:30,C0240,P017,1,274000,0.0,returned,web
O007996,2,2026-06-12T11:30,C0240,P042,1,68000,0.2,returned,web
O007997,1,2026-06-12T14:43,C0393,P037,1,49000,0.0,returned,web
O007998,1,2026-06-12T15:45,C0274,P030,1,62000,0.0,completed,app
O007999,1,2026-06-12T13:39,C0279,P062,1,86000,0.0,completed,app
O008000,1,2026-06-12T16:54,C0418,P043,1,91000,0.0,completed,app
O008001,1,2026-06-12T14:15,C0079,P021,1,72000,0.0,completed,web
O008002,1,2026-06-12T22:33,C0321,P035,1,49000,0.0,completed,app
O008002,2,2026-06-12T22:33,C0321,P051,1,54600,0.3,completed,app
O008003,1,2026-06-12T13:33,C0146,P074,1,74900,0.3,completed,app
O008004,1,2026-06-12T20:24,C0295,P077,1,55200,0.2,completed,app
O008005,1,2026-06-12T12:27,C0183,P073,1,52500,0.3,completed,web
O008006,1,2026-06-12T10:01,C0572,P026,1,48000,0.0,completed,web
O008007,1,2026-06-12T09:38,C0206,P011,1,212000,0.2,completed,web
O008008,1,2026-06-12T10:26,C0386,P008,1,279000,0.0,completed,web
O008008,2,2026-06-12T10:26,C0386,P008,1,279000,0.0,completed,web
O008009,1,2026-06-12T20:39,C0265,P037,1,49000,0.0,completed,web
O008010,1,2026-06-12T11:30,C0190,P062,1,86000,0.0,completed,web
O008011,1,2026-06-12T07:33,C0327,P037,1,49000,0.0,completed,web
O008012,1,2026-06-12T13:36,C0283,P042,1,68000,0.2,completed,web
O008012,2,2026-06-12T13:36,C0283,P071,1,133000,0.0,completed,web
O008013,1,2026-06-12T08:29,C0406,P043,1,91000,0.0,completed,app
O008013,2,2026-06-12T08:29,C0406,P033,1,45500,0.3,completed,app
O008014,1,2026-06-12T13:28,C0044,P033,1,45500,0.3,completed,web
O008014,2,2026-06-12T13:28,C0044,P066,1,77000,0.3,completed,web
O008014,3,2026-06-12T13:28,C0044,P037,1,49000,0.0,completed,web
O008015,1,2026-06-12T10:39,C0499,P059,1,66500,0.3,completed,app
O008015,2,2026-06-12T10:39,C0499,P071,1,133000,0.0,completed,app
O008016,1,2026-06-12T15:41,C0057,P071,1,133000,0.0,returned,app
O008016,2,2026-06-12T15:41,C0057,P021,1,72000,0.0,returned,app
O008017,1,2026-06-12T16:04,C0595,P042,1,68000,0.2,completed,app
O008018,1,2026-06-12T12:53,C0455,P056,1,42700,0.3,completed,web
O008018,2,2026-06-12T12:53,C0455,P059,1,66500,0.3,completed,web
O008019,1,2026-06-13T06:04,C0541,P021,1,72000,0.0,completed,app
O008020,1,2026-06-13T15:43,C0479,P070,1,114000,0.0,completed,app
O008020,2,2026-06-13T15:43,C0479,P017,1,274000,0.0,completed,app
O008021,1,2026-06-13T15:10,C0441,P020,1,41000,0.0,completed,web
O008022,1,2026-06-13T23:01,C0582,P043,1,91000,0.0,cancelled,app
O008023,1,2026-06-13T21:32,C0167,P037,1,49000,0.0,completed,app
O008024,1,2026-06-13T19:54,C0537,P015,1,222000,0.0,returned,web
O008025,1,2026-06-13T16:39,C0581,P037,1,49000,0.0,completed,app
O008026,1,2026-06-13T10:57,C0130,P040,1,44000,0.0,completed,web
O008026,2,2026-06-13T10:57,C0130,P017,1,274000,0.0,completed,web
O008027,1,2026-06-13T20:44,C0214,P033,1,45500,0.3,completed,app
O008028,1,2026-06-13T14:06,C0333,P055,1,61599,0.3,completed,app
O008029,1,2026-06-13T15:17,C0577,P051,1,54600,0.3,cancelled,web
O008030,1,2026-06-13T15:41,C0434,P038,1,38000,0.0,cancelled,app
O008031,1,2026-06-13T10:00,C0418,P055,1,61599,0.3,completed,app
O008031,2,2026-06-13T10:00,C0418,P017,1,274000,0.0,completed,app
O008032,1,2026-06-13T18:34,C0164,P059,1,66500,0.3,completed,app
O008032,2,2026-06-13T18:34,C0164,P027,1,63000,0.0,completed,app
O008033,1,2026-06-13T19:26,C0136,P053,1,70000,0.3,completed,web
O008033,2,2026-06-13T19:26,C0136,P008,1,279000,0.0,completed,web
O008033,3,2026-06-13T19:26,C0136,P061,1,115000,0.0,completed,web
O008034,1,2026-06-13T19:56,C0123,P008,1,279000,0.0,completed,web
O008035,1,2026-06-13T18:46,C0221,P030,1,62000,0.0,completed,app
O008036,1,2026-06-13T15:12,C0250,P055,1,61599,0.3,completed,app
O008037,1,2026-06-13T02:54,C0218,P016,2,118299,0.3,completed,web
O008038,1,2026-06-13T17:15,C0033,P075,1,81000,0.0,completed,web
O008038,2,2026-06-13T17:15,C0033,P073,1,52500,0.3,completed,web
O008039,1,2026-06-13T14:08,C0171,P055,1,61599,0.3,completed,web
O008040,1,2026-06-13T15:23,C0271,P055,1,61599,0.3,returned,app
O008040,2,2026-06-13T15:23,C0271,P030,1,62000,0.0,returned,app
O008041,1,2026-06-13T11:44,C0435,P017,1,274000,0.0,completed,web
O008042,1,2026-06-13T13:12,C0515,P008,1,279000,0.0,completed,app
O008043,1,2026-06-13T17:27,C0465,P070,1,114000,0.0,completed,app
O008044,1,2026-06-13T14:12,C0570,P042,1,68000,0.2,completed,web
O008045,1,2026-06-13T14:06,C0138,P055,1,61599,0.3,completed,web
O008046,1,2026-06-13T08:30,C0513,P008,1,279000,0.0,completed,app
O008047,1,2026-06-13T16:00,C0504,P042,1,68000,0.2,completed,app
O008048,1,2026-06-13T14:31,C0469,P010,1,263000,0.0,returned,app
O008048,2,2026-06-13T14:31,C0469,P011,1,212000,0.2,returned,app
O008048,3,2026-06-13T14:31,C0469,P027,1,63000,0.0,returned,app
O008049,1,2026-06-13T12:57,C0001,P052,1,74000,0.0,completed,web
O008050,1,2026-06-13T22:14,C0418,P040,1,44000,0.0,returned,app
O008051,1,2026-06-13T16:27,C0383,P078,1,75600,0.3,completed,app
O008051,2,2026-06-13T16:27,C0383,P017,1,274000,0.0,completed,app
O008052,1,2026-06-13T20:25,C0038,P028,1,39000,0.0,completed,web
O008053,1,2026-06-13T15:02,C0190,P023,1,53000,0.0,completed,app
O008054,1,2026-06-13T13:57,C0188,P055,1,61599,0.3,completed,web
O008055,1,2026-06-13T12:57,C0123,P064,1,127000,0.0,completed,web
O008056,1,2026-06-13T09:36,C0479,P071,1,133000,0.0,completed,app
O008057,1,2026-06-13T12:35,C0294,P049,1,54600,0.3,completed,app
O008057,2,2026-06-13T12:35,C0294,P040,1,44000,0.0,completed,app
O008058,1,2026-06-13T15:36,C0564,P076,1,70700,0.3,completed,app
O008059,1,2026-06-13T20:58,C0124,P052,1,74000,0.0,completed,web
O008060,1,2026-06-13T11:21,C0279,P017,1,274000,0.0,completed,app
O008060,2,2026-06-13T11:21,C0279,P040,1,44000,0.0,completed,app
O008060,3,2026-06-13T11:21,C0279,P010,1,263000,0.0,completed,app
O008061,1,2026-06-13T09:31,C0123,P023,1,53000,0.0,completed,web
O008062,1,2026-06-13T10:19,C0249,P073,1,52500,0.3,completed,app
O008063,1,2026-06-13T09:34,C0336,P021,1,72000,0.0,completed,web
O008064,1,2026-06-13T15:09,C0443,P079,1,115000,0.0,completed,app
O008065,1,2026-06-13T09:52,C0421,P027,1,63000,0.0,completed,web
O008066,1,2026-06-13T13:12,C0110,P044,1,59499,0.3,completed,app
O008067,1,2026-06-13T16:33,C0234,P055,1,61599,0.3,completed,web
O008068,1,2026-06-13T23:35,C0398,P055,2,61599,0.3,returned,web
O008068,2,2026-06-13T23:35,C0398,P020,2,41000,0.0,returned,web
O008069,1,2026-06-13T18:51,C0110,P043,1,91000,0.0,completed,web
O008070,1,2026-06-13T16:02,C0388,P038,1,38000,0.0,cancelled,web
O008071,1,2026-06-13T13:40,C0015,P080,1,109000,0.0,completed,web
O008072,1,2026-06-13T17:10,C0005,P032,1,31499,0.3,completed,app
O008073,1,2026-06-13T22:25,C0293,P027,1,63000,0.0,completed,web
O008074,1,2026-06-13T14:47,C0587,P043,1,91000,0.0,completed,app
O008075,1,2026-06-13T18:29,C0146,P045,1,64000,0.0,completed,web
O008075,2,2026-06-13T18:29,C0146,P055,1,61599,0.3,completed,web
O008076,1,2026-06-13T09:22,C0158,P030,1,62000,0.0,completed,app
O008077,1,2026-06-13T01:42,C0556,P040,1,44000,0.0,completed,app
O008077,2,2026-06-13T01:42,C0556,P028,2,39000,0.0,completed,app
O008078,1,2026-06-13T13:52,C0089,P055,1,61599,0.3,completed,app
O008078,2,2026-06-13T13:52,C0089,P020,1,41000,0.0,completed,app
O008078,3,2026-06-13T13:52,C0089,P042,1,68000,0.2,completed,app
O008079,1,2026-06-13T18:12,C0108,P064,1,127000,0.0,completed,app
O008080,1,2026-06-13T18:13,C0127,P040,1,44000,0.0,returned,app
O008081,1,2026-06-13T13:52,C0577,P040,1,44000,0.0,completed,app
O008081,2,2026-06-13T13:52,C0577,P021,1,72000,0.0,completed,app
O008082,1,2026-06-13T14:42,C0295,P061,1,115000,0.0,completed,app
O008083,1,2026-06-13T15:58,C0123,P073,1,52500,0.3,completed,web
O008084,1,2026-06-13T16:30,C0124,P032,1,31499,0.3,completed,app
O008085,1,2026-06-13T13:41,C0450,P071,1,133000,0.0,completed,app
O008086,1,2026-06-13T15:33,C0406,P020,1,41000,0.0,completed,app
O008086,2,2026-06-13T15:33,C0406,P073,1,52500,0.3,completed,app
O008087,1,2026-06-14T15:02,C0240,P055,1,61599,0.3,completed,app
O008088,1,2026-06-14T14:01,C0567,P011,1,212000,0.2,completed,web
O008088,2,2026-06-14T14:01,C0567,P049,1,54600,0.3,completed,web
O008089,1,2026-06-14T14:54,C0271,P001,1,193000,0.0,completed,app
O008089,2,2026-06-14T14:54,C0271,P037,1,49000,0.0,completed,app
O008090,1,2026-06-14T23:10,C0249,P052,1,74000,0.0,completed,app
O008091,1,2026-06-14T17:10,C0140,P075,1,81000,0.0,completed,app
O008091,2,2026-06-14T17:10,C0140,P059,1,66500,0.3,completed,app
O008092,1,2026-06-14T21:13,C0438,P071,1,133000,0.0,completed,web
O008092,2,2026-06-14T21:13,C0438,P008,1,279000,0.0,completed,web
O008092,3,2026-06-14T21:13,C0438,P043,1,91000,0.0,completed,web
O008093,1,2026-06-14T08:54,C0190,P042,1,68000,0.2,completed,app
O008093,2,2026-06-14T08:54,C0190,P003,1,95200,0.3,completed,app
O008093,3,2026-06-14T08:54,C0190,P076,1,70700,0.3,completed,app
O008094,1,2026-06-14T18:31,C0551,P040,1,44000,0.0,completed,web
O008095,1,2026-06-14T18:50,C0570,P055,1,61599,0.3,completed,web
O008095,2,2026-06-14T18:50,C0570,P027,1,63000,0.0,completed,web
O008096,1,2026-06-14T18:43,C0349,P043,3,91000,0.0,completed,app
O008097,1,2026-06-14T11:08,C0308,P042,1,68000,0.2,completed,web
O008098,1,2026-06-14T18:51,C0186,P006,1,275000,0.0,completed,app
O008098,2,2026-06-14T18:51,C0186,P045,1,64000,0.0,completed,app
O008099,1,2026-06-14T17:04,C0091,P040,1,44000,0.0,completed,web
O008100,1,2026-06-14T13:04,C0403,P055,1,61599,0.3,completed,app
O008101,1,2026-06-14T07:36,C0293,P008,1,279000,0.0,completed,web
O008102,1,2026-06-14T13:11,C0500,P020,1,41000,0.0,completed,app
O008103,1,2026-06-14T13:49,C0529,P026,1,48000,0.0,completed,web
O008104,1,2026-06-14T15:26,C0283,P055,1,61599,0.3,cancelled,app
O008104,2,2026-06-14T15:26,C0283,P055,1,61599,0.3,cancelled,app
O008104,3,2026-06-14T15:26,C0283,P048,1,92000,0.0,cancelled,app
O008105,1,2026-06-14T14:39,C0047,P001,2,193000,0.0,completed,web
O008105,2,2026-06-14T14:39,C0047,P043,2,91000,0.0,completed,web
O008106,1,2026-06-14T16:42,C0477,P055,1,61599,0.3,completed,app
O008106,2,2026-06-14T16:42,C0477,P052,1,74000,0.0,completed,app
O008107,1,2026-06-14T19:24,C0495,P053,2,70000,0.3,completed,app
O008108,1,2026-06-14T15:08,C0272,P066,1,77000,0.3,cancelled,web
O008109,1,2026-06-14T11:17,C0155,P064,1,127000,0.0,completed,web
O008110,1,2026-06-14T13:18,C0265,P063,1,124000,0.0,completed,web
O008110,2,2026-06-14T13:18,C0265,P017,1,274000,0.0,completed,web
O008110,3,2026-06-14T13:18,C0265,P014,1,162400,0.2,completed,web
O008111,1,2026-06-14T16:23,C0401,P037,1,49000,0.0,completed,web
O008112,1,2026-06-14T23:21,C0275,P078,1,75600,0.3,completed,app
O008113,1,2026-06-14T08:17,C0250,P028,1,39000,0.0,completed,app
O008113,2,2026-06-14T08:17,C0250,P020,1,41000,0.0,completed,app
O008114,1,2026-06-14T16:55,C0299,P064,1,127000,0.0,completed,app
O008114,2,2026-06-14T16:55,C0299,P055,1,61599,0.3,completed,app
O008114,3,2026-06-14T16:55,C0299,P075,1,81000,0.0,completed,app
O008115,1,2026-06-14T15:40,C0130,P017,1,274000,0.0,cancelled,app
O008115,2,2026-06-14T15:40,C0130,P028,1,39000,0.0,cancelled,app
O008115,3,2026-06-14T15:40,C0130,P008,1,279000,0.0,cancelled,app
O008116,1,2026-06-14T14:23,C0595,P049,1,54600,0.3,completed,app
O008117,1,2026-06-14T13:13,C0015,P078,3,75600,0.3,completed,web
O008118,1,2026-06-14T09:48,C0489,P001,1,193000,0.0,returned,web
O008118,2,2026-06-14T09:48,C0489,P016,1,118299,0.3,returned,web
O008118,3,2026-06-14T09:48,C0489,P077,1,55200,0.2,returned,web
O008119,1,2026-06-14T07:39,C0268,P059,1,66500,0.3,completed,app
O008120,1,2026-06-14T07:47,C0293,P010,1,263000,0.0,returned,web
O008121,1,2026-06-14T15:05,C0424,P001,1,193000,0.0,completed,web
O008122,1,2026-06-14T18:15,C0583,P040,1,44000,0.0,returned,app
O008122,2,2026-06-14T18:15,C0583,P061,1,115000,0.0,returned,app
O008123,1,2026-06-14T08:51,C0186,P040,1,44000,0.0,completed,app
O008124,1,2026-06-14T21:29,C0383,P066,1,77000,0.3,completed,app
O008125,1,2026-06-14T11:02,C0180,P023,1,53000,0.0,completed,web
O008126,1,2026-06-14T17:35,C0570,P057,1,64399,0.3,completed,web
O008127,1,2026-06-14T19:34,C0325,P070,1,114000,0.0,returned,web
O008127,2,2026-06-14T19:34,C0325,P040,1,44000,0.0,returned,web
O008128,1,2026-06-14T16:11,C0096,P055,1,61599,0.3,completed,app
O008128,2,2026-06-14T16:11,C0096,P040,1,44000,0.0,completed,app
O008129,1,2026-06-14T19:10,C0335,P020,1,41000,0.0,completed,web
O008129,2,2026-06-14T19:10,C0335,P073,1,52500,0.3,completed,web
O008130,1,2026-06-14T12:56,C0242,P052,1,74000,0.0,returned,web
O008131,1,2026-06-14T20:07,C0403,P055,1,61599,0.3,completed,app
O008132,1,2026-06-14T09:25,C0492,P055,1,61599,0.3,completed,web
O008132,2,2026-06-14T09:25,C0492,P043,1,91000,0.0,completed,web
O008133,1,2026-06-14T16:11,C0306,P040,1,44000,0.0,completed,app
O008134,1,2026-06-14T10:20,C0402,P037,1,49000,0.0,completed,web
O008135,1,2026-06-14T10:44,C0250,P027,1,63000,0.0,completed,app
O008136,1,2026-06-14T16:08,C0579,P056,1,42700,0.3,completed,app
O008136,2,2026-06-14T16:08,C0579,P063,1,124000,0.0,completed,app
O008136,3,2026-06-14T16:08,C0579,P055,1,61599,0.3,completed,app
O008137,1,2026-06-14T21:06,C0275,P040,1,44000,0.0,completed,app
O008138,1,2026-06-14T14:50,C0333,P043,1,91000,0.0,completed,app
O008138,2,2026-06-14T14:50,C0333,P045,1,64000,0.0,completed,app
O008139,1,2026-06-14T17:05,C0572,P059,1,66500,0.3,completed,web
O008140,1,2026-06-14T17:46,C0450,P061,1,115000,0.0,completed,app
O008141,1,2026-06-14T11:24,C0311,P059,1,66500,0.3,completed,web
O008142,1,2026-06-14T14:19,C0499,P047,1,58000,0.0,completed,app
O008143,1,2026-06-14T13:21,C0277,P064,1,127000,0.0,completed,app
O008143,2,2026-06-14T13:21,C0277,P064,1,127000,0.0,completed,app
O008143,3,2026-06-14T13:21,C0277,P049,1,54600,0.3,completed,app
O008144,1,2026-06-14T20:34,C0153,P055,1,61599,0.3,completed,app
O008144,2,2026-06-14T20:34,C0153,P033,1,45500,0.3,completed,app
O008145,1,2026-06-14T23:46,C0577,P054,1,50000,0.0,completed,web
O008145,2,2026-06-14T23:46,C0577,P043,1,91000,0.0,completed,web
O008146,1,2026-06-15T15:59,C0156,P008,1,279000,0.0,completed,web
O008147,1,2026-06-15T14:49,C0005,P009,1,135800,0.3,completed,app
O008147,2,2026-06-15T14:49,C0005,P001,1,193000,0.0,completed,app
O008148,1,2026-06-15T10:32,C0481,P040,1,44000,0.0,completed,web
O008148,2,2026-06-15T10:32,C0481,P050,1,84000,0.0,completed,web
O008149,1,2026-06-15T12:34,C0274,P055,1,61599,0.3,cancelled,web
O008150,1,2026-06-15T19:54,C0061,P050,2,84000,0.0,completed,app
O008151,1,2026-06-15T13:08,C0100,P052,1,74000,0.0,completed,web
O008151,2,2026-06-15T13:08,C0100,P036,1,65000,0.0,completed,web
O008152,1,2026-06-15T19:59,C0335,P021,1,72000,0.0,completed,web
O008152,2,2026-06-15T19:59,C0335,P037,1,49000,0.0,completed,web
O008153,1,2026-06-15T09:37,C0131,P064,1,127000,0.0,completed,app
O008154,1,2026-06-15T09:36,C0005,P001,1,193000,0.0,cancelled,app
O008155,1,2026-06-15T11:02,C0279,P016,1,118299,0.3,completed,app
O008156,1,2026-06-15T09:25,C0069,P040,1,44000,0.0,completed,web
O008157,1,2026-06-15T13:56,C0400,P055,1,61599,0.3,cancelled,app
O008157,2,2026-06-15T13:56,C0400,P040,1,44000,0.0,cancelled,app
O008158,1,2026-06-15T17:03,C0140,P078,1,75600,0.3,completed,app
O008159,1,2026-06-15T17:14,C0313,P065,1,83300,0.3,completed,web
O008160,1,2026-06-15T16:32,C0033,P038,1,38000,0.0,completed,web
O008160,2,2026-06-15T16:32,C0033,P071,1,133000,0.0,completed,web
O008161,1,2026-06-15T12:59,C0550,P008,3,279000,0.0,completed,web
O008162,1,2026-06-15T18:43,C0335,P073,1,52500,0.3,completed,web
O008163,1,2026-06-15T16:11,C0443,P077,1,55200,0.2,completed,web
O008164,1,2026-06-15T13:18,C0127,P040,1,44000,0.0,completed,web
O008165,1,2026-06-15T11:54,C0249,P074,1,74900,0.3,completed,app
O008166,1,2026-06-15T16:28,C0114,P052,1,74000,0.0,completed,app
O008166,2,2026-06-15T16:28,C0114,P045,1,64000,0.0,completed,app
O008167,1,2026-06-15T03:05,C0412,P029,1,39000,0.0,completed,web
O008168,1,2026-06-15T09:08,C0346,P033,1,45500,0.3,completed,app
O008169,1,2026-06-15T16:08,C0489,P008,1,279000,0.0,completed,web
O008169,2,2026-06-15T16:08,C0489,P070,1,114000,0.0,completed,web
O008170,1,2026-06-15T14:19,C0492,P008,1,279000,0.0,completed,web
O008171,1,2026-06-15T17:15,C0453,P059,1,66500,0.3,completed,app
O008171,2,2026-06-15T17:15,C0453,P056,1,42700,0.3,completed,app
O008172,1,2026-06-15T15:27,C0282,P042,1,68000,0.2,completed,web
O008172,2,2026-06-15T15:27,C0282,P005,1,227000,0.0,completed,web
O008172,3,2026-06-15T15:27,C0282,P040,1,44000,0.0,completed,web
O008173,1,2026-06-15T12:51,C0335,P021,1,72000,0.0,completed,web
O008174,1,2026-06-15T14:39,C0582,P059,1,66500,0.3,completed,app
O008175,1,2026-06-15T13:09,C0304,P070,1,114000,0.0,completed,web
O008176,1,2026-06-15T18:21,C0077,P048,1,92000,0.0,completed,web
O008177,1,2026-06-15T15:33,C0283,P042,1,68000,0.2,completed,app
O008178,1,2026-06-15T14:04,C0113,P042,1,68000,0.2,completed,web
O008179,1,2026-06-15T08:44,C0385,P040,1,44000,0.0,completed,web
O008180,1,2026-06-15T10:50,C0153,P032,1,31499,0.3,completed,app
O008181,1,2026-06-15T21:34,C0541,P048,2,92000,0.0,completed,web
O008181,2,2026-06-15T21:34,C0541,P040,1,44000,0.0,completed,web
O008182,1,2026-06-15T17:20,C0310,P060,1,57399,0.3,completed,app
O008183,1,2026-06-15T16:05,C0589,P042,1,68000,0.2,completed,app
O008183,2,2026-06-15T16:05,C0589,P049,1,54600,0.3,completed,app
O008184,1,2026-06-15T10:32,C0400,P040,1,44000,0.0,completed,app
O008184,2,2026-06-15T10:32,C0400,P042,1,68000,0.2,completed,app
O008185,1,2026-06-15T12:14,C0572,P049,1,54600,0.3,completed,web
O008185,2,2026-06-15T12:14,C0572,P052,1,74000,0.0,completed,web
O008185,3,2026-06-15T12:14,C0572,P071,1,133000,0.0,completed,web
O008186,1,2026-06-15T14:08,C0147,P055,1,61599,0.3,completed,web
O008187,1,2026-06-15T18:28,C0147,P060,1,57399,0.3,completed,web
O008188,1,2026-06-15T15:39,C0046,P055,1,61599,0.3,completed,web
O008189,1,2026-06-15T09:53,C0356,P064,1,127000,0.0,completed,app
O008190,1,2026-06-15T18:49,C0417,P052,3,74000,0.0,cancelled,app
O008191,1,2026-06-16T10:07,C0381,P032,1,31499,0.3,cancelled,web
O008192,1,2026-06-16T12:02,C0113,P052,1,74000,0.0,completed,web
O008192,2,2026-06-16T12:02,C0113,P008,1,279000,0.0,completed,web
O008193,1,2026-06-16T16:07,C0279,P008,1,279000,0.0,completed,app
O008194,1,2026-06-16T13:13,C0435,P055,1,61599,0.3,completed,web
O008195,1,2026-06-16T12:42,C0492,P016,1,118299,0.3,completed,app
O008196,1,2026-06-16T17:09,C0577,P055,1,61599,0.3,cancelled,app
O008197,1,2026-06-16T18:29,C0488,P042,1,68000,0.2,completed,web
O008198,1,2026-06-16T14:40,C0299,P055,1,61599,0.3,cancelled,web
O008198,2,2026-06-16T14:40,C0299,P042,1,68000,0.2,cancelled,web
O008199,1,2026-06-16T10:35,C0268,P001,1,193000,0.0,completed,app
O008200,1,2026-06-16T10:24,C0205,P012,2,138000,0.0,completed,app
O008201,1,2026-06-16T06:35,C0411,P055,1,61599,0.3,completed,app
O008201,2,2026-06-16T06:35,C0411,P055,1,61599,0.3,completed,app
O008202,1,2026-06-16T13:27,C0232,P043,1,91000,0.0,completed,app
O008203,1,2026-06-16T10:30,C0051,P011,1,212000,0.2,completed,app
O008203,2,2026-06-16T10:30,C0051,P008,1,279000,0.0,completed,app
O008203,3,2026-06-16T10:30,C0051,P017,1,274000,0.0,completed,app
O008204,1,2026-06-16T13:05,C0515,P064,1,127000,0.0,completed,app
O008204,2,2026-06-16T13:05,C0515,P016,1,118299,0.3,completed,app
O008204,3,2026-06-16T13:05,C0515,P055,1,61599,0.3,completed,app
O008205,1,2026-06-16T13:54,C0382,P071,1,133000,0.0,completed,web
O008206,1,2026-06-16T08:19,C0479,P032,1,31499,0.3,completed,app
O008207,1,2026-06-16T15:26,C0240,P055,1,61599,0.3,completed,app
O008207,2,2026-06-16T15:26,C0240,P063,1,124000,0.0,completed,app
O008208,1,2026-06-16T18:50,C0068,P002,1,130400,0.2,completed,app
O008208,2,2026-06-16T18:50,C0068,P043,1,91000,0.0,completed,app
O008208,3,2026-06-16T18:50,C0068,P056,1,42700,0.3,completed,app
O008209,1,2026-06-16T13:06,C0214,P055,1,61599,0.3,completed,app
O008210,1,2026-06-16T17:55,C0589,P040,1,44000,0.0,cancelled,app
O008211,1,2026-06-16T20:11,C0417,P035,2,49000,0.0,completed,app
O008212,1,2026-06-16T11:21,C0346,P010,1,263000,0.0,completed,web
O008213,1,2026-06-16T13:45,C0150,P045,1,64000,0.0,completed,web
O008214,1,2026-06-16T13:11,C0438,P015,1,222000,0.0,returned,web
O008215,1,2026-06-16T14:54,C0597,P061,1,115000,0.0,completed,web
O008216,1,2026-06-16T17:58,C0347,P073,1,52500,0.3,completed,app
O008217,1,2026-06-16T11:55,C0123,P027,1,63000,0.0,cancelled,web
O008218,1,2026-06-16T12:01,C0567,P055,1,61599,0.3,completed,app
O008218,2,2026-06-16T12:01,C0567,P070,1,114000,0.0,completed,app
O008218,3,2026-06-16T12:01,C0567,P019,1,37000,0.0,completed,app
O008219,1,2026-06-16T18:18,C0563,P040,1,44000,0.0,cancelled,app
O008220,1,2026-06-16T09:31,C0435,P025,1,54000,0.0,completed,web
O008221,1,2026-06-16T12:43,C0131,P048,1,92000,0.0,completed,app
O008222,1,2026-06-16T18:53,C0595,P028,1,39000,0.0,completed,app
O008222,2,2026-06-16T18:53,C0595,P055,1,61599,0.3,completed,app
O008223,1,2026-06-16T18:51,C0477,P071,1,133000,0.0,completed,app
O008223,2,2026-06-16T18:51,C0477,P047,1,58000,0.0,completed,app
O008224,1,2026-06-16T10:59,C0572,P040,1,44000,0.0,completed,web
O008224,2,2026-06-16T10:59,C0572,P027,1,63000,0.0,completed,web
O008224,3,2026-06-16T10:59,C0572,P043,1,91000,0.0,completed,web
O008225,1,2026-06-16T12:38,C0271,P027,1,63000,0.0,completed,web
O008226,1,2026-06-16T17:42,C0582,P079,1,115000,0.0,completed,web
O008227,1,2026-06-16T14:03,C0010,P026,1,48000,0.0,completed,web
O008228,1,2026-06-16T19:02,C0087,P045,1,64000,0.0,completed,web
O008229,1,2026-06-16T15:34,C0353,P042,1,68000,0.2,completed,app
O008230,1,2026-06-16T08:01,C0099,P036,1,65000,0.0,completed,app
O008231,1,2026-06-16T12:50,C0051,P061,1,115000,0.0,completed,app
O008232,1,2026-06-17T20:16,C0148,P027,1,63000,0.0,completed,app
O008233,1,2026-06-17T12:43,C0526,P072,1,95000,0.0,completed,web
O008233,2,2026-06-17T12:43,C0526,P055,1,61599,0.3,completed,web
O008234,1,2026-06-17T13:33,C0386,P003,1,95200,0.3,completed,app
O008235,1,2026-06-17T19:02,C0170,P045,1,64000,0.0,completed,app
O008236,1,2026-06-17T16:28,C0068,P061,1,115000,0.0,completed,web
O008236,2,2026-06-17T16:28,C0068,P028,1,39000,0.0,completed,web
O008237,1,2026-06-17T12:13,C0171,P055,1,61599,0.3,completed,app
O008237,2,2026-06-17T12:13,C0171,P080,1,109000,0.0,completed,app
O008238,1,2026-06-17T16:49,C0262,P008,3,279000,0.0,completed,app
O008239,1,2026-06-17T19:23,C0479,P078,1,75600,0.3,completed,app
O008239,2,2026-06-17T19:23,C0479,P040,1,44000,0.0,completed,app
O008240,1,2026-06-17T22:05,C0564,P043,1,91000,0.0,completed,app
O008240,2,2026-06-17T22:05,C0564,P066,1,77000,0.3,completed,app
O008241,1,2026-06-17T16:14,C0355,P074,1,74900,0.3,completed,web
O008241,2,2026-06-17T16:14,C0355,P043,2,91000,0.0,completed,web
O008242,1,2026-06-17T17:29,C0146,P056,1,42700,0.3,completed,app
O008242,2,2026-06-17T17:29,C0146,P001,1,193000,0.0,completed,app
O008242,3,2026-06-17T17:29,C0146,P045,1,64000,0.0,completed,app
O008243,1,2026-06-17T09:10,C0570,P043,1,91000,0.0,completed,web
O008243,2,2026-06-17T09:10,C0570,P073,1,52500,0.3,completed,web
O008244,1,2026-06-17T13:48,C0206,P042,1,68000,0.2,completed,web
O008244,2,2026-06-17T13:48,C0206,P008,1,279000,0.0,completed,web
O008245,1,2026-06-17T20:19,C0393,P021,1,72000,0.0,completed,app
O008246,1,2026-06-17T08:22,C0005,P001,1,193000,0.0,completed,app
O008247,1,2026-06-17T14:09,C0215,P060,1,57399,0.3,completed,app
O008248,1,2026-06-17T23:50,C0499,P008,1,279000,0.0,completed,app
O008249,1,2026-06-17T12:02,C0499,P052,1,74000,0.0,completed,app
O008250,1,2026-06-17T07:49,C0496,P021,1,72000,0.0,completed,web
O008250,2,2026-06-17T07:49,C0496,P020,1,41000,0.0,completed,web
O008251,1,2026-06-17T17:02,C0587,P017,1,274000,0.0,completed,app
O008252,1,2026-06-17T12:36,C0213,P080,1,109000,0.0,completed,web
O008253,1,2026-06-17T10:55,C0429,P071,1,133000,0.0,completed,app
O008254,1,2026-06-17T16:46,C0221,P040,1,44000,0.0,completed,app
O008254,2,2026-06-17T16:46,C0221,P040,1,44000,0.0,completed,app
O008255,1,2026-06-17T18:08,C0001,P040,1,44000,0.0,completed,web
O008255,2,2026-06-17T18:08,C0001,P001,1,193000,0.0,completed,web
O008256,1,2026-06-17T18:16,C0171,P043,1,91000,0.0,completed,web
O008256,2,2026-06-17T18:16,C0171,P055,1,61599,0.3,completed,web
O008256,3,2026-06-17T18:16,C0171,P061,1,115000,0.0,completed,web
O008257,1,2026-06-17T12:01,C0308,P055,1,61599,0.3,completed,web
O008258,1,2026-06-17T13:59,C0539,P043,1,91000,0.0,completed,web
O008259,1,2026-06-17T16:51,C0054,P067,1,88000,0.2,completed,web
O008260,1,2026-06-17T14:53,C0196,P042,1,68000,0.2,completed,app
O008261,1,2026-06-17T16:58,C0380,P076,1,70700,0.3,cancelled,web
O008262,1,2026-06-17T20:05,C0190,P062,1,86000,0.0,completed,app
O008263,1,2026-06-17T16:12,C0435,P077,1,55200,0.2,completed,web
O008264,1,2026-06-17T15:41,C0545,P027,1,63000,0.0,completed,app
O008264,2,2026-06-17T15:41,C0545,P073,1,52500,0.3,completed,app
O008265,1,2026-06-17T13:25,C0188,P015,1,222000,0.0,completed,web
O008266,1,2026-06-17T15:57,C0136,P001,1,193000,0.0,completed,app
O008267,1,2026-06-17T14:20,C0600,P063,1,124000,0.0,completed,app
O008267,2,2026-06-17T14:20,C0600,P021,1,72000,0.0,completed,app
O008268,1,2026-06-17T16:04,C0557,P015,1,222000,0.0,completed,app
O008269,1,2026-06-17T14:17,C0436,P071,1,133000,0.0,completed,app
O008270,1,2026-06-17T10:46,C0279,P069,1,122000,0.0,completed,app
O008271,1,2026-06-17T15:28,C0045,P061,1,115000,0.0,completed,web
O008272,1,2026-06-17T21:53,C0451,P064,1,127000,0.0,completed,app
O008273,1,2026-06-17T13:49,C0186,P073,1,52500,0.3,completed,app
O008274,1,2026-06-17T13:12,C0061,P028,2,39000,0.0,completed,app
O008275,1,2026-06-17T10:18,C0573,P040,2,44000,0.0,completed,web
O008276,1,2026-06-17T10:02,C0196,P040,1,44000,0.0,completed,app
O008276,2,2026-06-17T10:02,C0196,P038,1,38000,0.0,completed,app
O008276,3,2026-06-17T10:02,C0196,P040,1,44000,0.0,completed,app
O008277,1,2026-06-17T16:07,C0459,P066,1,77000,0.3,completed,web
O008278,1,2026-06-17T14:59,C0386,P073,1,52500,0.3,completed,app
O008279,1,2026-06-18T18:49,C0496,P040,1,44000,0.0,completed,app
O008280,1,2026-06-18T16:37,C0271,P038,1,38000,0.0,completed,app
O008281,1,2026-06-18T15:44,C0253,P064,1,127000,0.0,completed,app
O008282,1,2026-06-18T16:00,C0114,P038,1,38000,0.0,completed,app
O008282,2,2026-06-18T16:00,C0114,P010,1,263000,0.0,completed,app
O008283,1,2026-06-18T13:08,C0499,P055,1,61599,0.3,completed,app
O008283,2,2026-06-18T13:08,C0499,P043,1,91000,0.0,completed,app
O008283,3,2026-06-18T13:08,C0499,P080,1,109000,0.0,completed,app
O008284,1,2026-06-18T15:06,C0411,P043,1,91000,0.0,cancelled,app
O008285,1,2026-06-18T18:39,C0393,P048,1,92000,0.0,completed,app
O008286,1,2026-06-18T14:17,C0259,P032,1,31499,0.3,completed,web
O008287,1,2026-06-18T13:43,C0450,P055,1,61599,0.3,cancelled,web
O008287,2,2026-06-18T13:43,C0450,P043,1,91000,0.0,cancelled,web
O008288,1,2026-06-18T12:48,C0346,P011,1,212000,0.2,completed,web
O008289,1,2026-06-18T10:24,C0204,P064,1,127000,0.0,completed,web
O008290,1,2026-06-18T13:17,C0351,P075,1,81000,0.0,completed,web
O008291,1,2026-06-18T16:22,C0353,P001,1,193000,0.0,completed,app
O008292,1,2026-06-18T19:37,C0113,P030,1,62000,0.0,completed,web
O008292,2,2026-06-18T19:37,C0113,P027,1,63000,0.0,completed,web
O008293,1,2026-06-18T13:46,C0279,P001,1,193000,0.0,completed,app
O008293,2,2026-06-18T13:46,C0279,P055,1,61599,0.3,completed,app
O008294,1,2026-06-18T07:04,C0110,P049,1,54600,0.3,completed,web
O008295,1,2026-06-18T12:24,C0053,P035,1,49000,0.0,completed,web
O008295,2,2026-06-18T12:24,C0053,P040,1,44000,0.0,completed,web
O008295,3,2026-06-18T12:24,C0053,P066,1,77000,0.3,completed,web
O008296,1,2026-06-18T12:28,C0159,P040,1,44000,0.0,completed,web
O008297,1,2026-06-18T19:34,C0478,P055,1,61599,0.3,completed,web
O008298,1,2026-06-18T18:07,C0283,P043,1,91000,0.0,completed,app
O008299,1,2026-06-18T13:29,C0265,P001,1,193000,0.0,completed,web
O008299,2,2026-06-18T13:29,C0265,P016,1,118299,0.3,completed,web
O008300,1,2026-06-18T09:34,C0334,P037,1,49000,0.0,completed,web
O008301,1,2026-06-18T15:14,C0452,P061,1,115000,0.0,completed,web
O008302,1,2026-06-18T09:06,C0429,P063,1,124000,0.0,completed,web
O008303,1,2026-06-18T20:02,C0463,P042,1,68000,0.2,completed,web
O008304,1,2026-06-18T12:02,C0010,P019,1,37000,0.0,completed,web
O008305,1,2026-06-18T20:16,C0271,P040,1,44000,0.0,completed,app
O008305,2,2026-06-18T20:16,C0271,P020,1,41000,0.0,completed,app
O008306,1,2026-06-18T16:15,C0167,P020,1,41000,0.0,completed,web
O008307,1,2026-06-18T11:12,C0579,P016,1,118299,0.3,cancelled,app
O008307,2,2026-06-18T11:12,C0579,P001,1,193000,0.0,cancelled,app
O008308,1,2026-06-18T12:42,C0005,P008,1,279000,0.0,completed,app
O008309,1,2026-06-18T13:52,C0018,P040,1,44000,0.0,completed,web
O008309,2,2026-06-18T13:52,C0018,P078,1,75600,0.3,completed,web
O008310,1,2026-06-18T14:55,C0383,P008,1,279000,0.0,completed,app
O008311,1,2026-06-18T22:13,C0151,P055,1,61599,0.3,completed,app
O008312,1,2026-06-18T16:29,C0406,P048,1,92000,0.0,completed,app
O008313,1,2026-06-18T15:53,C0123,P039,1,45000,0.0,completed,web
O008313,2,2026-06-18T15:53,C0123,P055,1,61599,0.3,completed,web
O008314,1,2026-06-18T13:23,C0171,P055,1,61599,0.3,completed,app
O008315,1,2026-06-18T17:46,C0418,P075,1,81000,0.0,completed,app
O008315,2,2026-06-18T17:46,C0418,P046,1,41300,0.3,completed,app
O008316,1,2026-06-18T18:33,C0100,P028,1,39000,0.0,returned,web
O008317,1,2026-06-18T18:17,C0333,P045,1,64000,0.0,completed,app
O008317,2,2026-06-18T18:17,C0333,P019,1,37000,0.0,completed,app
O008318,1,2026-06-18T09:43,C0130,P055,1,61599,0.3,completed,app
O008318,2,2026-06-18T09:43,C0130,P001,1,193000,0.0,completed,app
O008319,1,2026-06-18T12:42,C0188,P051,1,54600,0.3,completed,web
O008320,1,2026-06-18T15:18,C0113,P078,1,75600,0.3,completed,web
O008320,2,2026-06-18T15:18,C0113,P062,1,86000,0.0,completed,web
O008321,1,2026-06-18T21:25,C0277,P062,1,86000,0.0,completed,app
O008321,2,2026-06-18T21:25,C0277,P020,1,41000,0.0,completed,app
O008322,1,2026-06-18T10:10,C0417,P073,1,52500,0.3,completed,app
O008323,1,2026-06-18T14:57,C0052,P071,1,133000,0.0,completed,app
O008324,1,2026-06-18T12:32,C0126,P056,1,42700,0.3,completed,app
O008325,1,2026-06-18T19:57,C0477,P055,1,61599,0.3,completed,app
O008326,1,2026-06-19T13:50,C0182,P064,1,127000,0.0,completed,app
O008327,1,2026-06-19T16:17,C0155,P055,1,61599,0.3,completed,app
O008328,1,2026-06-19T15:11,C0116,P042,1,68000,0.2,completed,web
O008329,1,2026-06-19T12:00,C0571,P064,1,127000,0.0,completed,web
O008330,1,2026-06-19T09:19,C0129,P057,1,64399,0.3,completed,web
O008330,2,2026-06-19T09:19,C0129,P045,1,64000,0.0,completed,web
O008331,1,2026-06-19T13:52,C0477,P059,1,66500,0.3,completed,app
O008332,1,2026-06-19T07:19,C0495,P008,3,279000,0.0,cancelled,app
O008333,1,2026-06-19T16:19,C0320,P028,1,39000,0.0,completed,web
O008334,1,2026-06-19T15:05,C0279,P008,1,279000,0.0,completed,app
O008335,1,2026-06-19T12:29,C0294,P022,1,36000,0.0,cancelled,app
O008336,1,2026-06-19T17:05,C0110,P055,1,61599,0.3,completed,app
O008337,1,2026-06-19T15:24,C0001,P073,1,52500,0.3,completed,web
O008337,2,2026-06-19T15:24,C0001,P027,1,63000,0.0,completed,web
O008338,1,2026-06-19T06:02,C0209,P040,1,44000,0.0,completed,web
O008339,1,2026-06-19T16:44,C0089,P011,1,212000,0.2,completed,app
O008340,1,2026-06-19T15:48,C0249,P009,1,135800,0.3,completed,app
O008341,1,2026-06-19T18:50,C0155,P068,1,117000,0.0,cancelled,web
O008342,1,2026-06-19T14:23,C0337,P040,1,44000,0.0,completed,app
O008343,1,2026-06-19T11:49,C0209,P037,1,49000,0.0,completed,app
O008343,2,2026-06-19T11:49,C0209,P055,1,61599,0.3,completed,app
O008344,1,2026-06-19T07:39,C0526,P055,1,61599,0.3,completed,web
O008345,1,2026-06-19T19:11,C0221,P027,1,63000,0.0,completed,app
O008346,1,2026-06-19T16:20,C0386,P045,1,64000,0.0,returned,app
O008346,2,2026-06-19T16:20,C0386,P037,1,49000,0.0,returned,app
O008347,1,2026-06-19T11:42,C0052,P040,1,44000,0.0,cancelled,app
O008348,1,2026-06-19T16:15,C0361,P045,1,64000,0.0,completed,app
O008348,2,2026-06-19T16:15,C0361,P043,1,91000,0.0,completed,app
O008349,1,2026-06-19T20:13,C0005,P023,1,53000,0.0,cancelled,app
O008349,2,2026-06-19T20:13,C0005,P008,1,279000,0.0,cancelled,app
O008349,3,2026-06-19T20:13,C0005,P001,1,193000,0.0,cancelled,app
O008350,1,2026-06-19T15:01,C0215,P051,1,54600,0.3,completed,app
O008350,2,2026-06-19T15:01,C0215,P049,1,54600,0.3,completed,app
O008350,3,2026-06-19T15:01,C0215,P026,1,48000,0.0,completed,app
O008351,1,2026-06-19T13:58,C0526,P028,1,39000,0.0,completed,web
O008351,2,2026-06-19T13:58,C0526,P033,1,45500,0.3,completed,web
O008352,1,2026-06-19T16:50,C0462,P040,1,44000,0.0,completed,app
O008353,1,2026-06-19T14:54,C0587,P003,1,95200,0.3,returned,app
O008353,2,2026-06-19T14:54,C0587,P019,1,37000,0.0,returned,app
O008354,1,2026-06-19T13:33,C0214,P052,1,74000,0.0,completed,web
O008355,1,2026-06-19T14:42,C0450,P055,1,61599,0.3,completed,web
O008356,1,2026-06-19T12:43,C0003,P017,1,274000,0.0,completed,app
O008357,1,2026-06-19T10:15,C0309,P013,1,271000,0.0,completed,web
O008358,1,2026-06-19T09:27,C0209,P040,1,44000,0.0,completed,app
O008358,2,2026-06-19T09:27,C0209,P040,1,44000,0.0,completed,app
O008359,1,2026-06-19T16:51,C0515,P080,1,109000,0.0,completed,web
O008360,1,2026-06-19T14:42,C0575,P042,1,68000,0.2,returned,app
O008361,1,2026-06-19T14:47,C0018,P037,1,49000,0.0,completed,app
O008362,1,2026-06-19T11:37,C0294,P008,1,279000,0.0,completed,app
O008362,2,2026-06-19T11:37,C0294,P001,1,193000,0.0,completed,app
O008363,1,2026-06-19T14:14,C0493,P040,1,44000,0.0,completed,web
O008364,1,2026-06-19T16:50,C0011,P021,1,72000,0.0,completed,app
O008364,2,2026-06-19T16:50,C0011,P071,1,133000,0.0,completed,app
O008364,3,2026-06-19T16:50,C0011,P078,1,75600,0.3,completed,app
O008365,1,2026-06-19T15:59,C0053,P027,1,63000,0.0,completed,web
O008365,2,2026-06-19T15:59,C0053,P038,1,38000,0.0,completed,web
O008366,1,2026-06-19T10:47,C0406,P051,1,54600,0.3,completed,app
O008367,1,2026-06-19T12:22,C0250,P027,1,63000,0.0,completed,app
O008368,1,2026-06-19T15:32,C0335,P068,1,117000,0.0,completed,web
O008369,1,2026-06-19T20:34,C0184,P021,1,72000,0.0,completed,app
O008370,1,2026-06-19T17:33,C0218,P007,1,262000,0.0,completed,web
O008371,1,2026-06-19T14:58,C0566,P053,1,70000,0.3,completed,app
O008372,1,2026-06-19T14:51,C0438,P017,1,274000,0.0,completed,web
O008372,2,2026-06-19T14:51,C0438,P073,1,52500,0.3,completed,web
O008373,1,2026-06-19T23:07,C0451,P015,1,222000,0.0,completed,app
O008374,1,2026-06-19T17:29,C0471,P064,1,127000,0.0,completed,web
O008375,1,2026-06-19T05:12,C0089,P029,1,39000,0.0,completed,web
O008376,1,2026-06-19T19:18,C0136,P040,1,44000,0.0,completed,app
O008377,1,2026-06-19T13:56,C0001,P039,1,45000,0.0,returned,web
O008377,2,2026-06-19T13:56,C0001,P038,1,38000,0.0,returned,web
O008378,1,2026-06-19T13:54,C0410,P053,1,70000,0.3,completed,web
O008379,1,2026-06-19T16:14,C0477,P047,1,58000,0.0,completed,app
O008380,1,2026-06-19T12:02,C0101,P076,1,70700,0.3,completed,app
O008381,1,2026-06-19T20:21,C0124,P055,1,61599,0.3,completed,web
O008381,2,2026-06-19T20:21,C0124,P075,1,81000,0.0,completed,web
O008382,1,2026-06-19T14:00,C0182,P040,1,44000,0.0,completed,app
O008383,1,2026-06-20T16:28,C0005,P038,1,38000,0.0,completed,app
O008383,2,2026-06-20T16:28,C0005,P064,1,127000,0.0,completed,app
O008384,1,2026-06-20T17:44,C0577,P052,1,74000,0.0,completed,app
O008385,1,2026-06-20T11:23,C0579,P002,1,114100,0.3,completed,app
O008385,2,2026-06-20T11:23,C0579,P012,1,138000,0.0,completed,app
O008386,1,2026-06-20T19:48,C0057,P064,1,127000,0.0,completed,web
O008386,2,2026-06-20T19:48,C0057,P072,1,95000,0.0,completed,web
O008387,1,2026-06-20T13:09,C0058,P037,1,49000,0.0,completed,app
O008387,2,2026-06-20T13:09,C0058,P028,1,39000,0.0,completed,app
O008388,1,2026-06-20T19:18,C0240,P056,1,42700,0.3,completed,app
O008389,1,2026-06-20T13:16,C0282,P001,1,193000,0.0,completed,web
O008390,1,2026-06-20T17:15,C0329,P011,1,212000,0.2,completed,app
O008391,1,2026-06-20T21:34,C0502,P019,1,37000,0.0,completed,app
O008392,1,2026-06-20T20:20,C0355,P055,2,61599,0.3,cancelled,web
O008392,2,2026-06-20T20:20,C0355,P042,1,59499,0.3,cancelled,web
O008393,1,2026-06-20T11:09,C0430,P017,1,274000,0.0,completed,app
O008394,1,2026-06-20T19:02,C0403,P055,1,61599,0.3,completed,app
O008394,2,2026-06-20T19:02,C0403,P006,1,275000,0.0,completed,app
O008394,3,2026-06-20T19:02,C0403,P009,1,135800,0.3,completed,app
O008395,1,2026-06-20T14:55,C0146,P030,1,62000,0.0,completed,app
O008396,1,2026-06-20T17:54,C0383,P008,1,279000,0.0,completed,app
O008396,2,2026-06-20T17:54,C0383,P005,1,227000,0.0,completed,app
O008397,1,2026-06-20T14:28,C0186,P017,1,274000,0.0,completed,app
O008398,1,2026-06-20T23:03,C0091,P078,1,75600,0.3,completed,web
O008399,1,2026-06-20T12:05,C0515,P078,1,75600,0.3,completed,app
O008400,1,2026-06-20T17:45,C0455,P040,1,44000,0.0,completed,web
O008401,1,2026-06-20T22:41,C0582,P006,1,275000,0.0,completed,web
O008402,1,2026-06-20T10:27,C0057,P069,1,122000,0.0,completed,app
O008403,1,2026-06-20T12:28,C0109,P055,1,61599,0.3,completed,app
O008404,1,2026-06-20T17:52,C0457,P080,1,109000,0.0,completed,web
O008405,1,2026-06-20T10:58,C0564,P062,1,86000,0.0,completed,app
O008405,2,2026-06-20T10:58,C0564,P055,1,61599,0.3,completed,app
O008406,1,2026-06-20T23:07,C0583,P069,1,122000,0.0,completed,web
O008406,2,2026-06-20T23:07,C0583,P040,1,44000,0.0,completed,web
O008406,3,2026-06-20T23:07,C0583,P071,1,133000,0.0,completed,web
O008407,1,2026-06-20T13:58,C0455,P059,1,66500,0.3,completed,web
O008407,2,2026-06-20T13:58,C0455,P043,1,91000,0.0,completed,web
O008408,1,2026-06-20T12:43,C0455,P042,1,59499,0.3,completed,web
O008409,1,2026-06-20T12:52,C0146,P030,1,62000,0.0,completed,web
O008409,2,2026-06-20T12:52,C0146,P055,1,61599,0.3,completed,web
O008410,1,2026-06-20T13:52,C0479,P064,1,127000,0.0,completed,app
O008410,2,2026-06-20T13:52,C0479,P064,1,127000,0.0,completed,app
O008411,1,2026-06-20T12:52,C0096,P021,1,72000,0.0,returned,app
O008411,2,2026-06-20T12:52,C0096,P038,1,38000,0.0,returned,app
O008411,3,2026-06-20T12:52,C0096,P040,1,44000,0.0,returned,app
O008412,1,2026-06-20T13:05,C0033,P064,1,127000,0.0,completed,web
O008413,1,2026-06-20T22:43,C0213,P015,1,222000,0.0,completed,web
O008413,2,2026-06-20T22:43,C0213,P038,1,38000,0.0,completed,web
O008414,1,2026-06-20T16:19,C0126,P076,1,70700,0.3,completed,app
O008415,1,2026-06-20T14:26,C0283,P017,1,274000,0.0,completed,app
O008416,1,2026-06-20T17:30,C0051,P073,1,52500,0.3,completed,app
O008417,1,2026-06-20T12:09,C0218,P024,1,55000,0.0,completed,web
O008417,2,2026-06-20T12:09,C0218,P040,2,44000,0.0,completed,web
O008418,1,2026-06-20T08:58,C0121,P019,1,37000,0.0,completed,web
O008419,1,2026-06-20T16:56,C0285,P064,1,127000,0.0,returned,app
O008420,1,2026-06-20T15:55,C0438,P017,1,274000,0.0,completed,web
O008420,2,2026-06-20T15:55,C0438,P011,1,212000,0.2,completed,web
O008421,1,2026-06-20T16:01,C0477,P036,1,65000,0.0,completed,app
O008421,2,2026-06-20T16:01,C0477,P055,1,61599,0.3,completed,app
O008422,1,2026-06-20T11:13,C0250,P028,1,39000,0.0,completed,web
O008423,1,2026-06-20T13:49,C0140,P074,1,74900,0.3,completed,app
O008424,1,2026-06-20T10:31,C0123,P039,1,45000,0.0,completed,web
O008424,2,2026-06-20T10:31,C0123,P008,1,279000,0.0,completed,web
O008425,1,2026-06-20T16:21,C0283,P057,1,64399,0.3,completed,app
O008425,2,2026-06-20T16:21,C0283,P055,1,61599,0.3,completed,app
O008426,1,2026-06-20T13:24,C0140,P040,1,44000,0.0,completed,app
O008427,1,2026-06-20T11:07,C0333,P040,1,44000,0.0,completed,web
O008427,2,2026-06-20T11:07,C0333,P042,1,59499,0.3,completed,web
O008427,3,2026-06-20T11:07,C0333,P040,1,44000,0.0,completed,web
O008428,1,2026-06-20T11:33,C0206,P040,1,44000,0.0,completed,web
O008429,1,2026-06-20T18:46,C0131,P001,1,193000,0.0,completed,app
O008430,1,2026-06-20T15:20,C0275,P055,1,61599,0.3,completed,app
O008431,1,2026-06-20T10:14,C0294,P040,1,44000,0.0,completed,app
O008431,2,2026-06-20T10:14,C0294,P071,1,133000,0.0,completed,app
O008432,1,2026-06-20T13:43,C0429,P008,1,279000,0.0,completed,app
O008433,1,2026-06-20T10:58,C0181,P034,1,57000,0.0,completed,app
O008434,1,2026-06-20T20:42,C0163,P061,1,115000,0.0,cancelled,app
O008435,1,2026-06-20T12:31,C0127,P020,1,41000,0.0,completed,app
O008435,2,2026-06-20T12:31,C0127,P021,1,72000,0.0,completed,app
O008436,1,2026-06-20T18:41,C0026,P017,1,274000,0.0,completed,app
O008437,1,2026-06-20T18:32,C0436,P040,1,44000,0.0,completed,app
O008438,1,2026-06-20T13:12,C0246,P076,1,70700,0.3,completed,web
O008438,2,2026-06-20T13:12,C0246,P028,1,39000,0.0,completed,web
O008439,1,2026-06-20T13:10,C0184,P075,1,81000,0.0,returned,app
O008440,1,2026-06-20T12:02,C0109,P066,1,77000,0.3,completed,app
O008441,1,2026-06-20T10:05,C0575,P028,1,39000,0.0,completed,app
O008442,1,2026-06-20T13:18,C0594,P028,1,39000,0.0,cancelled,app
O008443,1,2026-06-20T08:57,C0579,P028,1,39000,0.0,completed,app
O008443,2,2026-06-20T08:57,C0579,P040,1,44000,0.0,completed,app
O008444,1,2026-06-21T16:00,C0214,P042,1,59499,0.3,completed,app
O008444,2,2026-06-21T16:00,C0214,P056,1,42700,0.3,completed,app
O008445,1,2026-06-21T21:13,C0240,P043,1,91000,0.0,completed,app
O008445,2,2026-06-21T21:13,C0240,P043,1,91000,0.0,completed,app
O008446,1,2026-06-21T09:34,C0537,P043,1,91000,0.0,completed,web
O008447,1,2026-06-21T12:27,C0595,P040,1,44000,0.0,completed,app
O008448,1,2026-06-21T16:22,C0417,P055,3,61599,0.3,completed,app
O008448,2,2026-06-21T16:22,C0417,P042,2,59499,0.3,completed,app
O008448,3,2026-06-21T16:22,C0417,P049,1,54600,0.3,completed,app
O008449,1,2026-06-21T17:23,C0411,P066,1,77000,0.3,completed,web
O008449,2,2026-06-21T17:23,C0411,P048,1,92000,0.0,completed,web
O008450,1,2026-06-21T18:10,C0277,P071,1,133000,0.0,completed,app
O008450,2,2026-06-21T18:10,C0277,P065,1,83300,0.3,completed,app
O008451,1,2026-06-21T14:20,C0570,P042,1,59499,0.3,completed,web
O008452,1,2026-06-21T16:27,C0089,P072,1,95000,0.0,completed,app
O008453,1,2026-06-21T14:31,C0220,P030,1,62000,0.0,returned,app
O008454,1,2026-06-21T15:22,C0467,P062,1,86000,0.0,completed,app
O008455,1,2026-06-21T22:18,C0277,P064,1,127000,0.0,completed,app
O008455,2,2026-06-21T22:18,C0277,P044,1,59499,0.3,completed,app
O008456,1,2026-06-21T04:09,C0600,P055,1,61599,0.3,completed,app
O008456,2,2026-06-21T04:09,C0600,P046,1,41300,0.3,completed,app
O008457,1,2026-06-21T17:50,C0114,P028,1,39000,0.0,completed,app
O008458,1,2026-06-21T11:05,C0100,P078,1,75600,0.3,completed,web
O008458,2,2026-06-21T11:05,C0100,P072,1,95000,0.0,completed,web
O008459,1,2026-06-21T16:36,C0318,P044,1,59499,0.3,completed,app
O008460,1,2026-06-21T19:18,C0481,P020,1,41000,0.0,completed,web
O008460,2,2026-06-21T19:18,C0481,P028,1,39000,0.0,completed,web
O008461,1,2026-06-21T12:32,C0458,P022,1,36000,0.0,completed,web
O008462,1,2026-06-21T16:55,C0011,P040,1,44000,0.0,completed,app
O008463,1,2026-06-21T23:48,C0279,P007,1,262000,0.0,completed,app
O008464,1,2026-06-21T19:34,C0455,P050,1,84000,0.0,completed,web
O008465,1,2026-06-21T13:16,C0182,P038,1,38000,0.0,completed,app
O008466,1,2026-06-21T08:06,C0595,P020,1,41000,0.0,completed,web
O008466,2,2026-06-21T08:06,C0595,P040,1,44000,0.0,completed,web
O008466,3,2026-06-21T08:06,C0595,P028,1,39000,0.0,completed,web
O008467,1,2026-06-21T10:41,C0418,P012,1,138000,0.0,completed,app
O008468,1,2026-06-21T10:40,C0600,P055,1,61599,0.3,completed,app
O008469,1,2026-06-21T14:18,C0258,P027,1,63000,0.0,completed,web
O008470,1,2026-06-21T16:47,C0192,P039,1,45000,0.0,completed,app
O008471,1,2026-06-21T16:19,C0577,P055,1,61599,0.3,completed,app
O008472,1,2026-06-21T19:47,C0121,P055,1,61599,0.3,completed,web
O008473,1,2026-06-21T15:47,C0366,P040,1,44000,0.0,cancelled,web
O008474,1,2026-06-21T12:15,C0146,P049,1,54600,0.3,completed,app
O008475,1,2026-06-21T14:54,C0186,P009,1,135800,0.3,completed,app
O008476,1,2026-06-21T14:47,C0400,P027,1,63000,0.0,completed,web
O008477,1,2026-06-21T13:19,C0320,P011,1,212000,0.2,completed,app
O008478,1,2026-06-21T14:22,C0570,P044,1,59499,0.3,completed,web
O008479,1,2026-06-21T18:52,C0131,P055,1,61599,0.3,completed,web
O008479,2,2026-06-21T18:52,C0131,P005,1,227000,0.0,completed,web
O008480,1,2026-06-21T18:01,C0400,P029,1,39000,0.0,completed,app
O008481,1,2026-06-21T18:40,C0397,P027,1,63000,0.0,completed,app
O008481,2,2026-06-21T18:40,C0397,P021,1,72000,0.0,completed,app
O008482,1,2026-06-21T18:47,C0190,P052,1,74000,0.0,completed,app
O008483,1,2026-06-21T15:18,C0279,P004,1,157000,0.0,completed,app
O008484,1,2026-06-21T09:45,C0220,P055,1,61599,0.3,completed,app
O008485,1,2026-06-21T16:19,C0502,P040,1,44000,0.0,completed,web
O008485,2,2026-06-21T16:19,C0502,P020,1,41000,0.0,completed,web
O008486,1,2026-06-21T16:06,C0209,P013,1,271000,0.0,cancelled,app
O008486,2,2026-06-21T16:06,C0209,P034,1,57000,0.0,cancelled,app
O008487,1,2026-06-21T16:55,C0112,P049,1,54600,0.3,completed,web
O008488,1,2026-06-21T18:42,C0311,P055,1,61599,0.3,completed,web
O008489,1,2026-06-21T07:44,C0339,P052,1,74000,0.0,completed,app
O008490,1,2026-06-21T19:02,C0361,P049,1,54600,0.3,completed,web
O008491,1,2026-06-21T14:28,C0249,P043,1,91000,0.0,completed,app
O008491,2,2026-06-21T14:28,C0249,P036,1,65000,0.0,completed,app
O008491,3,2026-06-21T14:28,C0249,P055,1,61599,0.3,completed,app
O008492,1,2026-06-21T16:15,C0259,P021,1,72000,0.0,completed,web
O008492,2,2026-06-21T16:15,C0259,P028,1,39000,0.0,completed,web
O008493,1,2026-06-21T08:09,C0423,P040,1,44000,0.0,completed,web
O008494,1,2026-06-21T16:29,C0136,P055,1,61599,0.3,completed,app
O008495,1,2026-06-21T13:41,C0240,P048,1,92000,0.0,completed,web
O008496,1,2026-06-21T16:11,C0400,P072,1,95000,0.0,completed,app
O008496,2,2026-06-21T16:11,C0400,P029,1,39000,0.0,completed,app
O008497,1,2026-06-21T17:39,C0068,P060,1,57399,0.3,completed,app
O008497,2,2026-06-21T17:39,C0068,P059,1,66500,0.3,completed,app
O008498,1,2026-06-21T15:39,C0467,P040,1,44000,0.0,completed,web
O008499,1,2026-06-21T16:27,C0426,P059,1,66500,0.3,completed,web
O008500,1,2026-06-21T23:40,C0066,P010,1,263000,0.0,completed,app
O008501,1,2026-06-21T10:03,C0110,P043,1,91000,0.0,completed,web
O008501,2,2026-06-21T10:03,C0110,P042,1,59499,0.3,completed,web
O008502,1,2026-06-21T20:03,C0265,P037,1,49000,0.0,completed,web
O008503,1,2026-06-21T23:59,C0258,P073,1,52500,0.3,completed,web
O008504,1,2026-06-21T15:21,C0277,P064,1,127000,0.0,completed,app
O008504,2,2026-06-21T15:21,C0277,P069,1,122000,0.0,completed,app
O008505,1,2026-06-21T14:49,C0186,P008,1,279000,0.0,completed,web
O008506,1,2026-06-21T11:06,C0277,P003,1,95200,0.3,completed,web
O008506,2,2026-06-21T11:06,C0277,P043,1,91000,0.0,completed,web
O008507,1,2026-06-21T17:57,C0259,P073,1,52500,0.3,completed,web
O008507,2,2026-06-21T17:57,C0259,P043,1,91000,0.0,completed,web
O008508,1,2026-06-21T17:02,C0182,P040,1,44000,0.0,completed,app
O008509,1,2026-06-21T15:10,C0582,P027,1,63000,0.0,completed,app
O008510,1,2026-06-21T13:37,C0277,P077,1,55200,0.2,completed,app
O008511,1,2026-06-21T14:18,C0467,P052,1,74000,0.0,completed,app
O008511,2,2026-06-21T14:18,C0467,P008,1,279000,0.0,completed,app
O008512,1,2026-06-21T16:18,C0587,P017,1,274000,0.0,completed,app
O008512,2,2026-06-21T16:18,C0587,P077,1,55200,0.2,completed,app
O008513,1,2026-06-21T16:18,C0041,P055,1,61599,0.3,completed,web
O008514,1,2026-06-22T07:36,C0494,P008,1,279000,0.0,completed,app
O008514,2,2026-06-22T07:36,C0494,P040,3,44000,0.0,completed,app
O008515,1,2026-06-22T12:43,C0504,P079,1,115000,0.0,completed,web
O008515,2,2026-06-22T12:43,C0504,P017,1,274000,0.0,completed,web
O008516,1,2026-06-22T13:13,C0295,P061,1,115000,0.0,completed,app
O008516,2,2026-06-22T13:13,C0295,P028,1,39000,0.0,completed,app
O008517,1,2026-06-22T14:39,C0033,P066,1,77000,0.3,returned,web
O008518,1,2026-06-22T15:00,C0261,P050,1,84000,0.0,completed,web
O008519,1,2026-06-22T17:37,C0386,P047,1,58000,0.0,completed,web
O008520,1,2026-06-22T17:42,C0146,P055,1,61599,0.3,completed,app
O008520,2,2026-06-22T17:42,C0146,P043,1,91000,0.0,completed,app
O008520,3,2026-06-22T17:42,C0146,P026,1,48000,0.0,completed,app
O008521,1,2026-06-22T17:30,C0403,P040,1,44000,0.0,completed,app
O008521,2,2026-06-22T17:30,C0403,P037,1,49000,0.0,completed,app
O008521,3,2026-06-22T17:30,C0403,P017,1,274000,0.0,completed,app
O008522,1,2026-06-22T12:01,C0333,P053,1,70000,0.3,completed,web
O008523,1,2026-06-22T15:16,C0089,P055,1,61599,0.3,completed,app
O008523,2,2026-06-22T15:16,C0089,P055,1,61599,0.3,completed,app
O008524,1,2026-06-22T14:18,C0576,P028,1,39000,0.0,completed,app
O008525,1,2026-06-22T17:12,C0018,P040,1,44000,0.0,completed,app
O008526,1,2026-06-22T19:40,C0153,P037,1,49000,0.0,completed,app
O008527,1,2026-06-22T14:45,C0098,P033,1,45500,0.3,completed,web
O008528,1,2026-06-22T11:50,C0182,P028,1,39000,0.0,completed,web
O008529,1,2026-06-22T13:37,C0430,P042,1,59499,0.3,cancelled,web
O008530,1,2026-06-22T19:00,C0173,P043,1,91000,0.0,completed,web
O008531,1,2026-06-22T17:12,C0001,P032,1,31499,0.3,returned,web
O008532,1,2026-06-22T14:25,C0164,P040,1,44000,0.0,completed,app
O008533,1,2026-06-22T12:53,C0182,P014,1,142100,0.3,completed,app
O008534,1,2026-06-22T09:23,C0279,P040,1,44000,0.0,completed,app
O008535,1,2026-06-22T16:07,C0451,P020,1,41000,0.0,completed,app
O008535,2,2026-06-22T16:07,C0451,P043,1,91000,0.0,completed,app
O008536,1,2026-06-22T20:48,C0181,P064,1,127000,0.0,completed,app
O008537,1,2026-06-22T09:41,C0164,P064,1,127000,0.0,completed,web
O008538,1,2026-06-22T17:43,C0333,P055,1,61599,0.3,completed,app
O008539,1,2026-06-22T13:06,C0479,P019,1,37000,0.0,completed,app
O008539,2,2026-06-22T13:06,C0479,P069,1,122000,0.0,completed,app
O008540,1,2026-06-22T18:07,C0595,P023,1,53000,0.0,completed,app
O008541,1,2026-06-22T14:31,C0153,P039,1,45000,0.0,completed,app
O008542,1,2026-06-22T19:39,C0207,P008,1,279000,0.0,completed,web
O008543,1,2026-06-22T17:26,C0113,P014,1,142100,0.3,returned,web
O008544,1,2026-06-22T17:49,C0206,P009,1,135800,0.3,completed,web
O008544,2,2026-06-22T17:49,C0206,P038,1,38000,0.0,completed,web
O008544,3,2026-06-22T17:49,C0206,P010,1,263000,0.0,completed,web
O008545,1,2026-06-22T11:20,C0373,P006,1,275000,0.0,cancelled,web
O008546,1,2026-06-22T17:08,C0388,P040,1,44000,0.0,completed,web
O008547,1,2026-06-22T10:35,C0512,P027,1,63000,0.0,completed,app
O008548,1,2026-06-22T08:18,C0077,P057,1,64399,0.3,completed,app
O008548,2,2026-06-22T08:18,C0077,P055,1,61599,0.3,completed,app
O008549,1,2026-06-22T17:47,C0294,P040,1,44000,0.0,completed,app
O008550,1,2026-06-22T14:46,C0350,P059,1,66500,0.3,completed,app
O008550,2,2026-06-22T14:46,C0350,P072,1,95000,0.0,completed,app
O008550,3,2026-06-22T14:46,C0350,P001,1,193000,0.0,completed,app
O008551,1,2026-06-22T20:23,C0274,P055,1,61599,0.3,completed,app
O008551,2,2026-06-22T20:23,C0274,P008,1,279000,0.0,completed,app
O008552,1,2026-06-22T20:32,C0277,P013,1,271000,0.0,completed,app
O008552,2,2026-06-22T20:32,C0277,P036,1,65000,0.0,completed,app
O008553,1,2026-06-22T09:09,C0074,P055,1,61599,0.3,completed,web
O008554,1,2026-06-22T13:03,C0412,P017,1,274000,0.0,returned,web
O008555,1,2026-06-22T18:42,C0240,P052,1,74000,0.0,completed,web
O008555,2,2026-06-22T18:42,C0240,P055,1,61599,0.3,completed,web
O008556,1,2026-06-22T15:35,C0265,P040,1,44000,0.0,completed,web
O008557,1,2026-06-22T17:47,C0502,P037,1,49000,0.0,returned,app
O008558,1,2026-06-22T10:08,C0209,P020,1,41000,0.0,completed,app
O008558,2,2026-06-22T10:08,C0209,P052,1,74000,0.0,completed,app
O008559,1,2026-06-22T17:24,C0296,P072,1,95000,0.0,completed,app
O008560,1,2026-06-22T14:22,C0167,P040,1,44000,0.0,completed,app
O008561,1,2026-06-22T15:53,C0481,P035,1,49000,0.0,completed,web
O008561,2,2026-06-22T15:53,C0481,P024,1,55000,0.0,completed,web
O008562,1,2026-06-22T20:37,C0220,P027,1,63000,0.0,completed,app
O008563,1,2026-06-22T15:44,C0182,P020,1,41000,0.0,completed,app
O008564,1,2026-06-22T20:50,C0434,P040,1,44000,0.0,completed,app
O008565,1,2026-06-22T17:43,C0024,P057,1,64399,0.3,completed,web
O008566,1,2026-06-22T20:21,C0136,P076,1,70700,0.3,completed,app
O008566,2,2026-06-22T20:21,C0136,P073,1,52500,0.3,completed,app
O008566,3,2026-06-22T20:21,C0136,P073,1,52500,0.3,completed,app
O008567,1,2026-06-23T19:34,C0167,P055,1,61599,0.3,returned,app
O008567,2,2026-06-23T19:34,C0167,P040,1,44000,0.0,returned,app
O008567,3,2026-06-23T19:34,C0167,P069,1,122000,0.0,returned,app
O008568,1,2026-06-23T12:03,C0458,P074,2,74900,0.3,completed,web
O008568,2,2026-06-23T12:03,C0458,P070,1,114000,0.0,completed,web
O008568,3,2026-06-23T12:03,C0458,P042,3,59499,0.3,completed,web
O008569,1,2026-06-23T10:16,C0175,P058,1,69300,0.3,completed,web
O008570,1,2026-06-23T12:04,C0521,P013,1,271000,0.0,completed,web
O008571,1,2026-06-23T12:05,C0150,P055,1,61599,0.3,completed,web
O008572,1,2026-06-23T11:31,C0406,P069,1,122000,0.0,completed,web
O008572,2,2026-06-23T11:31,C0406,P017,1,274000,0.0,completed,web
O008573,1,2026-06-23T20:42,C0307,P038,1,38000,0.0,completed,web
O008574,1,2026-06-23T14:51,C0559,P001,1,193000,0.0,cancelled,web
O008575,1,2026-06-23T15:18,C0299,P059,1,66500,0.3,completed,app
O008575,2,2026-06-23T15:18,C0299,P030,1,62000,0.0,completed,app
O008576,1,2026-06-23T10:27,C0206,P008,1,279000,0.0,completed,web
O008577,1,2026-06-23T16:05,C0312,P021,1,72000,0.0,completed,web
O008578,1,2026-06-23T21:51,C0397,P023,1,53000,0.0,completed,app
O008579,1,2026-06-23T15:08,C0455,P043,1,91000,0.0,completed,web
O008580,1,2026-06-23T16:29,C0239,P052,1,74000,0.0,completed,web
O008581,1,2026-06-23T17:29,C0550,P014,2,142100,0.3,completed,web
O008582,1,2026-06-23T16:43,C0148,P006,1,275000,0.0,completed,app
O008582,2,2026-06-23T16:43,C0148,P001,1,193000,0.0,completed,app
O008582,3,2026-06-23T16:43,C0148,P015,1,222000,0.0,completed,app
O008583,1,2026-06-23T18:07,C0077,P055,1,61599,0.3,completed,web
O008583,2,2026-06-23T18:07,C0077,P055,1,61599,0.3,completed,web
O008584,1,2026-06-23T11:32,C0271,P021,1,72000,0.0,completed,app
O008584,2,2026-06-23T11:32,C0271,P064,1,127000,0.0,completed,app
O008585,1,2026-06-23T23:30,C0450,P043,1,91000,0.0,completed,app
O008586,1,2026-06-23T18:59,C0179,P049,3,54600,0.3,completed,app
O008587,1,2026-06-23T12:25,C0398,P008,1,279000,0.0,completed,app
O008588,1,2026-06-23T15:59,C0112,P071,1,133000,0.0,completed,web
O008589,1,2026-06-23T10:25,C0333,P042,1,59499,0.3,completed,web
O008590,1,2026-06-23T15:40,C0596,P064,1,127000,0.0,completed,web
O008591,1,2026-06-23T12:55,C0418,P055,1,61599,0.3,completed,web
O008592,1,2026-06-23T14:29,C0500,P037,1,49000,0.0,completed,app
O008593,1,2026-06-23T18:00,C0006,P009,1,135800,0.3,completed,app
O008594,1,2026-06-23T10:26,C0420,P063,1,124000,0.0,cancelled,web
O008595,1,2026-06-23T17:40,C0157,P064,1,127000,0.0,completed,web
O008596,1,2026-06-23T20:23,C0418,P055,1,61599,0.3,cancelled,web
O008597,1,2026-06-23T21:32,C0110,P055,1,61599,0.3,completed,app
O008598,1,2026-06-23T14:59,C0595,P034,1,57000,0.0,completed,app
O008599,1,2026-06-23T23:07,C0600,P040,1,44000,0.0,completed,app
O008599,2,2026-06-23T23:07,C0600,P055,1,61599,0.3,completed,app
O008600,1,2026-06-23T13:01,C0295,P040,1,44000,0.0,returned,app
O008601,1,2026-06-23T21:17,C0383,P001,1,193000,0.0,completed,app
O008602,1,2026-06-23T13:00,C0545,P073,1,52500,0.3,completed,app
O008603,1,2026-06-23T13:06,C0283,P040,1,44000,0.0,completed,app
O008603,2,2026-06-23T13:06,C0283,P055,1,61599,0.3,completed,app
O008604,1,2026-06-23T12:37,C0206,P040,1,44000,0.0,completed,web
O008605,1,2026-06-23T14:44,C0579,P040,1,44000,0.0,completed,app
O008606,1,2026-06-23T12:00,C0033,P061,1,115000,0.0,completed,web
O008606,2,2026-06-23T12:00,C0033,P071,1,133000,0.0,completed,web
O008606,3,2026-06-23T12:00,C0033,P029,1,39000,0.0,completed,web
O008607,1,2026-06-23T17:45,C0282,P073,1,52500,0.3,completed,web
O008607,2,2026-06-23T17:45,C0282,P033,1,45500,0.3,completed,web
O008608,1,2026-06-23T19:29,C0570,P029,1,39000,0.0,completed,web
O008609,1,2026-06-23T14:35,C0325,P064,1,127000,0.0,completed,web
O008610,1,2026-06-23T20:28,C0279,P036,1,65000,0.0,completed,app
O008611,1,2026-06-23T20:38,C0471,P079,1,115000,0.0,completed,web
O008612,1,2026-06-23T11:48,C0274,P038,1,38000,0.0,completed,app
O008613,1,2026-06-23T17:47,C0353,P039,1,45000,0.0,completed,app
O008613,2,2026-06-23T17:47,C0353,P021,1,72000,0.0,completed,app
O008614,1,2026-06-23T14:11,C0101,P027,1,63000,0.0,completed,app
O008615,1,2026-06-24T14:37,C0109,P029,1,39000,0.0,returned,app
O008615,2,2026-06-24T14:37,C0109,P055,1,61599,0.3,returned,app
O008616,1,2026-06-24T13:17,C0115,P055,1,61599,0.3,completed,app
O008617,1,2026-06-24T17:44,C0011,P055,1,61599,0.3,returned,app
O008617,2,2026-06-24T17:44,C0011,P019,1,37000,0.0,returned,app
O008617,3,2026-06-24T17:44,C0011,P043,1,91000,0.0,returned,app
O008618,1,2026-06-24T11:08,C0230,P030,2,62000,0.0,completed,web
O008619,1,2026-06-24T15:21,C0080,P033,1,45500,0.3,completed,app
O008620,1,2026-06-24T16:19,C0463,P055,1,61599,0.3,completed,web
O008621,1,2026-06-24T08:11,C0459,P013,1,271000,0.0,completed,web
O008622,1,2026-06-24T18:25,C0473,P052,1,74000,0.0,completed,web
O008623,1,2026-06-24T16:56,C0010,P040,1,44000,0.0,completed,web
O008624,1,2026-06-24T13:28,C0579,P008,1,279000,0.0,completed,app
O008624,2,2026-06-24T13:28,C0579,P055,1,61599,0.3,completed,app
O008624,3,2026-06-24T13:28,C0579,P028,1,39000,0.0,completed,app
O008625,1,2026-06-24T12:46,C0436,P067,1,88000,0.2,completed,app
O008625,2,2026-06-24T12:46,C0436,P053,1,70000,0.3,completed,app
O008626,1,2026-06-24T20:49,C0123,P021,1,72000,0.0,completed,web
O008627,1,2026-06-24T15:20,C0577,P037,1,49000,0.0,completed,app
O008627,2,2026-06-24T15:20,C0577,P049,1,54600,0.3,completed,app
O008628,1,2026-06-24T11:30,C0495,P052,3,74000,0.0,completed,web
O008629,1,2026-06-24T06:02,C0186,P001,1,193000,0.0,completed,app
O008629,2,2026-06-24T06:02,C0186,P061,1,115000,0.0,completed,app
O008630,1,2026-06-24T15:43,C0357,P045,1,64000,0.0,completed,app
O008631,1,2026-06-24T12:59,C0357,P040,1,44000,0.0,returned,web
O008632,1,2026-06-24T11:49,C0595,P042,1,59499,0.3,completed,app
O008633,1,2026-06-24T16:11,C0163,P011,2,185500,0.3,completed,app
O008634,1,2026-06-24T15:06,C0124,P040,1,44000,0.0,completed,app
O008635,1,2026-06-24T12:50,C0350,P066,1,77000,0.3,completed,app
O008635,2,2026-06-24T12:50,C0350,P061,1,115000,0.0,completed,app
O008636,1,2026-06-24T09:53,C0423,P055,1,61599,0.3,completed,web
O008637,1,2026-06-24T13:16,C0330,P074,1,74900,0.3,completed,web
O008638,1,2026-06-24T20:55,C0018,P049,1,54600,0.3,completed,app
O008639,1,2026-06-24T12:06,C0442,P001,1,193000,0.0,completed,web
O008640,1,2026-06-24T17:20,C0213,P040,1,44000,0.0,completed,web
O008640,2,2026-06-24T17:20,C0213,P080,1,109000,0.0,completed,web
O008641,1,2026-06-24T11:42,C0057,P066,1,77000,0.3,completed,web
O008641,2,2026-06-24T11:42,C0057,P045,1,64000,0.0,completed,web
O008642,1,2026-06-24T15:38,C0493,P009,1,135800,0.3,completed,web
O008642,2,2026-06-24T15:38,C0493,P055,1,61599,0.3,completed,web
O008643,1,2026-06-24T09:31,C0477,P055,1,61599,0.3,completed,app
O008643,2,2026-06-24T09:31,C0477,P055,1,61599,0.3,completed,app
O008644,1,2026-06-24T14:37,C0010,P028,1,39000,0.0,completed,web
O008645,1,2026-06-24T22:05,C0444,P011,1,185500,0.3,completed,web
O008646,1,2026-06-24T15:28,C0482,P008,1,279000,0.0,completed,web
O008646,2,2026-06-24T15:28,C0482,P080,1,109000,0.0,completed,web
O008647,1,2026-06-24T13:35,C0011,P040,1,44000,0.0,completed,app
O008647,2,2026-06-24T13:35,C0011,P040,1,44000,0.0,completed,app
O008648,1,2026-06-24T17:28,C0577,P060,1,57399,0.3,completed,app
O008648,2,2026-06-24T17:28,C0577,P042,1,59499,0.3,completed,app
O008648,3,2026-06-24T17:28,C0577,P044,1,59499,0.3,completed,app
O008649,1,2026-06-24T18:41,C0040,P039,3,45000,0.0,completed,web
O008649,2,2026-06-24T18:41,C0040,P040,2,44000,0.0,completed,web
O008650,1,2026-06-24T12:20,C0502,P017,1,274000,0.0,completed,web
O008650,2,2026-06-24T12:20,C0502,P042,1,59499,0.3,completed,web
O008651,1,2026-06-24T13:14,C0468,P053,1,70000,0.3,completed,web
O008652,1,2026-06-24T15:30,C0504,P076,1,70700,0.3,completed,app
O008653,1,2026-06-24T12:23,C0351,P069,2,122000,0.0,completed,web
O008654,1,2026-06-24T16:19,C0217,P021,2,72000,0.0,completed,web
O008655,1,2026-06-24T13:13,C0294,P021,1,72000,0.0,completed,app
O008656,1,2026-06-24T12:14,C0295,P040,1,44000,0.0,completed,app
O008657,1,2026-06-24T15:12,C0232,P056,1,42700,0.3,completed,app
O008658,1,2026-06-24T21:48,C0010,P040,1,44000,0.0,completed,web
O008659,1,2026-06-24T23:39,C0500,P042,1,59499,0.3,completed,app
O008660,1,2026-06-24T15:32,C0282,P055,1,61599,0.3,completed,web
O008660,2,2026-06-24T15:32,C0282,P027,1,63000,0.0,completed,web
O008661,1,2026-06-24T07:20,C0361,P056,1,42700,0.3,completed,web
O008662,1,2026-06-24T13:37,C0265,P011,1,185500,0.3,completed,web
O008663,1,2026-06-24T14:50,C0250,P043,1,91000,0.0,completed,app
O008664,1,2026-06-24T22:05,C0527,P049,1,54600,0.3,completed,web
O008665,1,2026-06-24T20:37,C0451,P068,1,117000,0.0,completed,web
O008666,1,2026-06-24T10:06,C0057,P051,1,54600,0.3,completed,app
O008666,2,2026-06-24T10:06,C0057,P073,1,52500,0.3,completed,app
O008666,3,2026-06-24T10:06,C0057,P055,1,61599,0.3,completed,app
O008667,1,2026-06-24T16:42,C0555,P040,1,44000,0.0,completed,web
O008668,1,2026-06-24T17:14,C0444,P045,1,64000,0.0,completed,web
O008669,1,2026-06-24T12:25,C0353,P039,1,45000,0.0,completed,app
O008670,1,2026-06-24T13:14,C0430,P080,1,109000,0.0,completed,app
O008670,2,2026-06-24T13:14,C0430,P037,1,49000,0.0,completed,app
O008671,1,2026-06-25T13:02,C0188,P055,1,61599,0.3,completed,web
O008672,1,2026-06-25T13:28,C0421,P011,1,185500,0.3,completed,web
O008673,1,2026-06-25T13:21,C0350,P069,1,122000,0.0,completed,app
O008673,2,2026-06-25T13:21,C0350,P064,1,127000,0.0,completed,app
O008674,1,2026-06-25T12:51,C0470,P043,1,91000,0.0,completed,web
O008675,1,2026-06-25T14:37,C0447,P001,1,193000,0.0,completed,app
O008675,2,2026-06-25T14:37,C0447,P061,1,115000,0.0,completed,app
O008676,1,2026-06-25T10:43,C0295,P028,1,39000,0.0,completed,app
O008676,2,2026-06-25T10:43,C0295,P045,1,64000,0.0,completed,app
O008677,1,2026-06-25T15:47,C0242,P050,1,84000,0.0,completed,web
O008678,1,2026-06-25T14:49,C0522,P073,1,52500,0.3,cancelled,web
O008679,1,2026-06-25T17:25,C0383,P008,1,279000,0.0,completed,app
O008680,1,2026-06-25T13:47,C0530,P080,1,109000,0.0,completed,web
O008681,1,2026-06-25T15:16,C0183,P076,1,70700,0.3,completed,web
O008682,1,2026-06-25T14:17,C0005,P051,1,54600,0.3,completed,app
O008683,1,2026-06-25T13:30,C0335,P027,1,63000,0.0,completed,web
O008684,1,2026-06-25T16:05,C0081,P017,1,274000,0.0,completed,web
O008685,1,2026-06-25T10:24,C0350,P045,1,64000,0.0,completed,app
O008686,1,2026-06-25T22:07,C0467,P080,1,109000,0.0,completed,app
O008687,1,2026-06-25T23:00,C0316,P055,1,61599,0.3,completed,web
O008688,1,2026-06-25T16:27,C0227,P019,1,37000,0.0,completed,app
O008689,1,2026-06-25T13:37,C0206,P001,1,193000,0.0,completed,web
O008690,1,2026-06-25T23:07,C0153,P040,1,44000,0.0,completed,web
O008691,1,2026-06-25T18:37,C0279,P009,1,135800,0.3,completed,app
O008692,1,2026-06-25T20:45,C0438,P001,1,193000,0.0,completed,web
O008692,2,2026-06-25T20:45,C0438,P005,1,227000,0.0,completed,web
O008693,1,2026-06-25T17:23,C0113,P040,1,44000,0.0,completed,web
O008693,2,2026-06-25T17:23,C0113,P027,1,63000,0.0,completed,web
O008694,1,2026-06-25T10:36,C0283,P051,1,54600,0.3,completed,app
O008694,2,2026-06-25T10:36,C0283,P055,1,61599,0.3,completed,app
O008695,1,2026-06-25T10:34,C0209,P040,1,44000,0.0,cancelled,app
O008696,1,2026-06-25T18:49,C0274,P045,1,64000,0.0,completed,app
O008697,1,2026-06-25T11:47,C0469,P028,1,39000,0.0,completed,app
O008698,1,2026-06-25T13:39,C0515,P013,1,271000,0.0,completed,app
O008699,1,2026-06-25T23:03,C0146,P055,1,61599,0.3,completed,app
O008700,1,2026-06-25T09:27,C0541,P055,2,61599,0.3,completed,app
O008700,2,2026-06-25T09:27,C0541,P055,3,61599,0.3,completed,app
O008701,1,2026-06-25T12:13,C0566,P043,1,91000,0.0,returned,app
O008702,1,2026-06-25T11:09,C0072,P055,1,61599,0.3,completed,app
O008703,1,2026-06-25T13:07,C0397,P020,1,41000,0.0,returned,web
O008704,1,2026-06-25T23:51,C0457,P078,1,75600,0.3,returned,web
O008705,1,2026-06-25T12:08,C0271,P023,1,53000,0.0,completed,app
O008705,2,2026-06-25T12:08,C0271,P075,1,81000,0.0,completed,app
O008705,3,2026-06-25T12:08,C0271,P027,1,63000,0.0,completed,app
O008706,1,2026-06-25T11:46,C0543,P055,1,61599,0.3,completed,app
O008707,1,2026-06-25T12:29,C0438,P001,1,193000,0.0,completed,web
O008707,2,2026-06-25T12:29,C0438,P057,1,64399,0.3,completed,web
O008708,1,2026-06-25T17:28,C0001,P052,1,74000,0.0,returned,web
O008708,2,2026-06-25T17:28,C0001,P055,1,61599,0.3,returned,web
O008709,1,2026-06-25T10:10,C0469,P028,1,39000,0.0,completed,web
O008710,1,2026-06-25T12:53,C0502,P027,1,63000,0.0,completed,app
O008710,2,2026-06-25T12:53,C0502,P058,1,69300,0.3,completed,app
O008711,1,2026-06-25T14:12,C0489,P040,1,44000,0.0,completed,web
O008712,1,2026-06-25T14:49,C0275,P059,1,66500,0.3,completed,app
O008713,1,2026-06-25T16:05,C0214,P043,1,91000,0.0,completed,web
O008714,1,2026-06-25T11:34,C0077,P043,1,91000,0.0,completed,web
O008715,1,2026-06-25T10:02,C0283,P030,1,62000,0.0,completed,app
O008716,1,2026-06-26T11:45,C0430,P042,1,59499,0.3,completed,web
O008717,1,2026-06-26T18:07,C0480,P009,1,135800,0.3,completed,app
O008718,1,2026-06-26T16:40,C0427,P064,1,127000,0.0,completed,web
O008719,1,2026-06-26T23:58,C0447,P038,1,38000,0.0,completed,web
O008719,2,2026-06-26T23:58,C0447,P078,1,75600,0.3,completed,web
O008720,1,2026-06-26T20:59,C0504,P060,1,57399,0.3,completed,app
O008720,2,2026-06-26T20:59,C0504,P075,1,81000,0.0,completed,app
O008721,1,2026-06-26T16:33,C0279,P008,1,279000,0.0,completed,app
O008722,1,2026-06-26T15:28,C0153,P032,1,31499,0.3,completed,app
O008723,1,2026-06-26T19:39,C0180,P040,1,44000,0.0,completed,app
O008724,1,2026-06-26T14:18,C0153,P074,1,74900,0.3,completed,app
O008725,1,2026-06-26T05:28,C0196,P080,1,109000,0.0,completed,app
O008726,1,2026-06-26T07:44,C0454,P001,1,193000,0.0,completed,web
O008727,1,2026-06-26T16:25,C0423,P037,1,49000,0.0,cancelled,web
O008728,1,2026-06-26T17:07,C0186,P060,1,57399,0.3,completed,app
O008728,2,2026-06-26T17:07,C0186,P026,1,48000,0.0,completed,app
O008729,1,2026-06-26T12:19,C0502,P040,1,44000,0.0,completed,web
O008730,1,2026-06-26T13:13,C0463,P021,1,72000,0.0,completed,web
O008730,2,2026-06-26T13:13,C0463,P076,1,70700,0.3,completed,web
O008731,1,2026-06-26T11:00,C0099,P017,1,274000,0.0,completed,web
O008731,2,2026-06-26T11:00,C0099,P027,1,63000,0.0,completed,web
O008732,1,2026-06-26T15:32,C0129,P042,1,59499,0.3,completed,web
O008733,1,2026-06-26T19:57,C0123,P040,1,44000,0.0,completed,web
O008734,1,2026-06-26T11:23,C0205,P027,2,63000,0.0,completed,web
O008735,1,2026-06-26T11:39,C0479,P045,1,64000,0.0,completed,app
O008736,1,2026-06-26T13:45,C0018,P026,1,48000,0.0,completed,web
O008736,2,2026-06-26T13:45,C0018,P032,1,31499,0.3,completed,web
O008737,1,2026-06-26T09:48,C0341,P042,1,59499,0.3,completed,app
O008738,1,2026-06-26T13:39,C0156,P055,2,61599,0.3,completed,web
O008738,2,2026-06-26T13:39,C0156,P048,1,92000,0.0,completed,web
O008739,1,2026-06-26T19:34,C0294,P019,1,37000,0.0,completed,app
O008740,1,2026-06-26T19:08,C0283,P042,1,59499,0.3,completed,app
O008741,1,2026-06-26T17:22,C0564,P062,1,86000,0.0,completed,app
O008742,1,2026-06-26T15:40,C0447,P003,1,95200,0.3,completed,app
O008742,2,2026-06-26T15:40,C0447,P012,1,138000,0.0,completed,app
O008743,1,2026-06-26T19:49,C0164,P055,1,61599,0.3,completed,app
O008743,2,2026-06-26T19:49,C0164,P040,1,44000,0.0,completed,app
O008744,1,2026-06-26T08:48,C0265,P006,1,275000,0.0,completed,web
O008745,1,2026-06-26T17:45,C0477,P032,1,31499,0.3,completed,app
O008746,1,2026-06-26T14:38,C0076,P020,1,41000,0.0,completed,app
O008747,1,2026-06-26T10:56,C0139,P034,1,57000,0.0,completed,app
O008748,1,2026-06-26T14:29,C0418,P042,1,59499,0.3,completed,app
O008749,1,2026-06-26T13:26,C0154,P008,1,279000,0.0,completed,app
O008750,1,2026-06-26T14:17,C0355,P042,1,59499,0.3,completed,web
O008750,2,2026-06-26T14:17,C0355,P055,1,61599,0.3,completed,web
O008751,1,2026-06-26T15:51,C0424,P001,2,193000,0.0,completed,app
O008751,2,2026-06-26T15:51,C0424,P036,1,65000,0.0,completed,app
O008752,1,2026-06-26T21:00,C0567,P027,1,63000,0.0,completed,web
O008753,1,2026-06-26T14:06,C0564,P069,1,122000,0.0,completed,web
O008754,1,2026-06-26T13:26,C0123,P036,1,65000,0.0,completed,web
O008754,2,2026-06-26T13:26,C0123,P049,1,54600,0.3,completed,web
O008755,1,2026-06-26T15:29,C0186,P008,1,279000,0.0,completed,web
O008755,2,2026-06-26T15:29,C0186,P038,1,38000,0.0,completed,web
O008755,3,2026-06-26T15:29,C0186,P040,1,44000,0.0,completed,web
O008756,1,2026-06-26T14:36,C0570,P043,1,91000,0.0,completed,web
O008756,2,2026-06-26T14:36,C0570,P043,1,91000,0.0,completed,web
O008757,1,2026-06-26T19:04,C0084,P042,1,59499,0.3,returned,web
O008758,1,2026-06-26T13:15,C0271,P028,1,39000,0.0,completed,app
O008758,2,2026-06-26T13:15,C0271,P060,1,57399,0.3,completed,app
O008759,1,2026-06-26T15:49,C0492,P005,1,227000,0.0,completed,app
O008760,1,2026-06-26T12:21,C0447,P008,1,279000,0.0,completed,web
O008761,1,2026-06-26T20:46,C0477,P042,1,59499,0.3,completed,app
O008762,1,2026-06-26T11:30,C0214,P038,1,38000,0.0,completed,web
O008763,1,2026-06-26T15:49,C0583,P066,1,77000,0.3,completed,app
O008764,1,2026-06-26T20:27,C0077,P043,1,91000,0.0,completed,app
O008765,1,2026-06-26T08:14,C0153,P028,1,39000,0.0,returned,app
O008766,1,2026-06-26T13:54,C0333,P055,1,61599,0.3,completed,web
O008767,1,2026-06-26T12:11,C0192,P013,1,271000,0.0,completed,app
O008767,2,2026-06-26T12:11,C0192,P066,1,77000,0.3,completed,app
O008768,1,2026-06-26T13:01,C0443,P008,1,279000,0.0,completed,app
O008768,2,2026-06-26T13:01,C0443,P078,1,75600,0.3,completed,app
O008769,1,2026-06-26T19:40,C0577,P055,1,61599,0.3,completed,app
O008770,1,2026-06-26T09:11,C0418,P055,1,61599,0.3,completed,app
O008770,2,2026-06-26T09:11,C0418,P020,1,41000,0.0,completed,app
O008770,3,2026-06-26T09:11,C0418,P040,1,44000,0.0,completed,app
O008771,1,2026-06-26T09:22,C0206,P055,1,61599,0.3,completed,web
O008772,1,2026-06-26T10:08,C0265,P040,1,44000,0.0,completed,web
O008773,1,2026-06-26T14:25,C0018,P019,1,37000,0.0,completed,web
O008774,1,2026-06-26T20:46,C0051,P038,1,38000,0.0,completed,app
O008775,1,2026-06-26T18:29,C0355,P049,1,54600,0.3,completed,web
O008775,2,2026-06-26T18:29,C0355,P073,3,52500,0.3,completed,web
O008776,1,2026-06-26T17:57,C0148,P055,1,61599,0.3,completed,app
O008776,2,2026-06-26T17:57,C0148,P040,1,44000,0.0,completed,app
O008777,1,2026-06-27T16:22,C0566,P055,1,61599,0.3,returned,app
O008777,2,2026-06-27T16:22,C0566,P042,1,59499,0.3,returned,app
O008778,1,2026-06-27T12:54,C0401,P066,1,77000,0.3,returned,web
O008779,1,2026-06-27T16:32,C0033,P064,1,127000,0.0,completed,web
O008780,1,2026-06-27T12:51,C0081,P012,1,138000,0.0,completed,web
O008781,1,2026-06-27T14:19,C0565,P017,1,274000,0.0,completed,web
O008782,1,2026-06-27T10:06,C0526,P040,1,44000,0.0,completed,web
O008782,2,2026-06-27T10:06,C0526,P040,1,44000,0.0,completed,web
O008782,3,2026-06-27T10:06,C0526,P028,1,39000,0.0,completed,web
O008783,1,2026-06-27T13:09,C0550,P008,1,279000,0.0,completed,web
O008783,2,2026-06-27T13:09,C0550,P003,1,95200,0.3,completed,web
O008784,1,2026-06-27T17:35,C0248,P059,1,66500,0.3,completed,app
O008785,1,2026-06-27T16:05,C0283,P049,1,54600,0.3,returned,web
O008785,2,2026-06-27T16:05,C0283,P037,1,49000,0.0,returned,web
O008786,1,2026-06-27T11:24,C0274,P042,1,59499,0.3,completed,app
O008787,1,2026-06-27T20:26,C0296,P061,1,115000,0.0,completed,app
O008788,1,2026-06-27T08:51,C0283,P053,1,70000,0.3,completed,app
O008789,1,2026-06-27T12:36,C0186,P001,1,193000,0.0,completed,app
O008790,1,2026-06-27T19:36,C0515,P055,1,61599,0.3,completed,app
O008791,1,2026-06-27T19:24,C0391,P032,1,31499,0.3,completed,web
O008792,1,2026-06-27T18:20,C0040,P055,1,61599,0.3,completed,web
O008793,1,2026-06-27T15:12,C0371,P080,1,109000,0.0,completed,web
O008793,2,2026-06-27T15:12,C0371,P075,1,81000,0.0,completed,web
O008793,3,2026-06-27T15:12,C0371,P077,2,55200,0.2,completed,web
O008794,1,2026-06-27T15:47,C0099,P055,1,61599,0.3,completed,app
O008794,2,2026-06-27T15:47,C0099,P015,1,222000,0.0,completed,app
O008795,1,2026-06-27T13:38,C0248,P055,1,61599,0.3,completed,web
O008796,1,2026-06-27T06:24,C0112,P033,1,45500,0.3,completed,web
O008797,1,2026-06-27T11:51,C0325,P040,1,44000,0.0,completed,web
O008797,2,2026-06-27T11:51,C0325,P080,1,109000,0.0,completed,web
O008797,3,2026-06-27T11:51,C0325,P070,1,114000,0.0,completed,web
O008798,1,2026-06-27T16:28,C0074,P028,1,39000,0.0,completed,web
O008799,1,2026-06-27T18:30,C0287,P056,1,42700,0.3,completed,app
O008800,1,2026-06-27T14:11,C0429,P080,1,109000,0.0,completed,web
O008800,2,2026-06-27T14:11,C0429,P063,1,124000,0.0,completed,web
O008801,1,2026-06-27T10:05,C0467,P028,1,39000,0.0,completed,app
O008802,1,2026-06-27T16:52,C0033,P055,1,61599,0.3,completed,web
O008803,1,2026-06-27T18:41,C0214,P008,1,279000,0.0,completed,app
O008804,1,2026-06-27T16:08,C0589,P055,1,61599,0.3,completed,web
O008805,1,2026-06-27T20:07,C0246,P008,1,279000,0.0,completed,web
O008805,2,2026-06-27T20:07,C0246,P008,1,279000,0.0,completed,web
O008805,3,2026-06-27T20:07,C0246,P013,1,271000,0.0,completed,web
O008806,1,2026-06-27T14:52,C0123,P045,1,64000,0.0,completed,web
O008806,2,2026-06-27T14:52,C0123,P027,1,63000,0.0,completed,web
O008807,1,2026-06-27T18:01,C0515,P016,1,118299,0.3,completed,app
O008807,2,2026-06-27T18:01,C0515,P008,1,279000,0.0,completed,app
O008808,1,2026-06-27T10:04,C0279,P014,1,142100,0.3,completed,app
O008809,1,2026-06-27T13:26,C0580,P040,1,44000,0.0,completed,web
O008810,1,2026-06-27T09:39,C0544,P032,2,31499,0.3,completed,web
O008811,1,2026-06-27T04:57,C0343,P077,1,55200,0.2,completed,web
O008812,1,2026-06-27T14:32,C0558,P011,1,185500,0.3,completed,app
O008813,1,2026-06-27T23:32,C0100,P037,1,49000,0.0,completed,web
O008814,1,2026-06-27T19:28,C0582,P051,1,54600,0.3,completed,app
O008814,2,2026-06-27T19:28,C0582,P055,1,61599,0.3,completed,app
O008815,1,2026-06-27T11:06,C0479,P058,1,69300,0.3,completed,app
O008816,1,2026-06-27T15:46,C0444,P055,1,61599,0.3,completed,web
O008817,1,2026-06-27T12:11,C0577,P055,1,61599,0.3,completed,web
O008818,1,2026-06-27T05:21,C0481,P042,1,59499,0.3,completed,app
O008818,2,2026-06-27T05:21,C0481,P004,1,157000,0.0,completed,app
O008819,1,2026-06-27T16:45,C0595,P028,1,39000,0.0,completed,app
O008820,1,2026-06-27T16:36,C0122,P015,1,222000,0.0,completed,web
O008821,1,2026-06-27T17:57,C0300,P019,1,37000,0.0,completed,web
O008822,1,2026-06-27T12:55,C0206,P040,1,44000,0.0,completed,web
O008823,1,2026-06-27T15:15,C0325,P029,1,39000,0.0,completed,web
O008823,2,2026-06-27T15:15,C0325,P043,1,91000,0.0,completed,web
O008823,3,2026-06-27T15:15,C0325,P027,1,63000,0.0,completed,web
O008824,1,2026-06-27T15:43,C0246,P030,1,62000,0.0,completed,web
O008824,2,2026-06-27T15:43,C0246,P030,1,62000,0.0,completed,web
O008825,1,2026-06-27T13:27,C0146,P043,1,91000,0.0,completed,app
O008826,1,2026-06-27T22:38,C0499,P055,1,61599,0.3,completed,app
O008827,1,2026-06-27T10:56,C0554,P031,1,42000,0.3,completed,web
O008828,1,2026-06-27T13:04,C0099,P021,1,72000,0.0,completed,app
O008828,2,2026-06-27T13:04,C0099,P028,1,39000,0.0,completed,app
O008829,1,2026-06-27T17:25,C0046,P077,1,55200,0.2,completed,web
O008830,1,2026-06-27T15:10,C0326,P073,1,52500,0.3,completed,web
O008831,1,2026-06-27T21:36,C0559,P055,1,61599,0.3,completed,web
O008832,1,2026-06-27T13:23,C0335,P028,1,39000,0.0,completed,web
O008833,1,2026-06-27T12:35,C0448,P038,1,38000,0.0,completed,web
O008834,1,2026-06-27T19:28,C0220,P059,1,66500,0.3,completed,app
O008835,1,2026-06-27T14:43,C0354,P055,1,61599,0.3,completed,web
O008836,1,2026-06-27T12:27,C0513,P027,1,63000,0.0,completed,app
O008837,1,2026-06-27T16:22,C0089,P055,1,61599,0.3,completed,app
O008837,2,2026-06-27T16:22,C0089,P027,1,63000,0.0,completed,app
O008837,3,2026-06-27T16:22,C0089,P055,1,61599,0.3,completed,app
O008838,1,2026-06-27T15:51,C0100,P030,1,62000,0.0,completed,web
O008839,1,2026-06-27T09:00,C0526,P040,1,44000,0.0,completed,web
O008839,2,2026-06-27T09:00,C0526,P073,1,52500,0.3,completed,web
O008840,1,2026-06-27T21:02,C0417,P040,1,44000,0.0,completed,app
O008840,2,2026-06-27T21:02,C0417,P055,3,61599,0.3,completed,app
O008841,1,2026-06-28T21:58,C0153,P038,1,38000,0.0,completed,app
O008841,2,2026-06-28T21:58,C0153,P040,1,44000,0.0,completed,app
O008842,1,2026-06-28T15:32,C0100,P026,1,48000,0.0,completed,web
O008843,1,2026-06-28T12:39,C0325,P019,1,37000,0.0,completed,web
O008843,2,2026-06-28T12:39,C0325,P063,1,124000,0.0,completed,web
O008844,1,2026-06-28T04:35,C0430,P063,1,124000,0.0,completed,app
O008845,1,2026-06-28T10:14,C0418,P043,1,91000,0.0,completed,app
O008845,2,2026-06-28T10:14,C0418,P055,1,61599,0.3,completed,app
O008846,1,2026-06-28T13:43,C0477,P055,1,61599,0.3,returned,app
O008846,2,2026-06-28T13:43,C0477,P042,1,59499,0.3,returned,app
O008847,1,2026-06-28T14:27,C0583,P061,1,115000,0.0,completed,app
O008848,1,2026-06-28T13:28,C0291,P055,1,61599,0.3,completed,app
O008849,1,2026-06-28T15:25,C0089,P060,1,57399,0.3,completed,web
O008850,1,2026-06-28T14:35,C0429,P072,1,95000,0.0,completed,web
O008850,2,2026-06-28T14:35,C0429,P061,1,115000,0.0,completed,web
O008851,1,2026-06-28T14:09,C0283,P055,1,61599,0.3,completed,app
O008852,1,2026-06-28T19:01,C0240,P049,1,54600,0.3,completed,web
O008852,2,2026-06-28T19:01,C0240,P020,1,41000,0.0,completed,web
O008853,1,2026-06-28T18:49,C0450,P015,1,222000,0.0,completed,web
O008853,2,2026-06-28T18:49,C0450,P027,1,63000,0.0,completed,web
O008854,1,2026-06-28T13:05,C0398,P017,1,274000,0.0,completed,app
O008855,1,2026-06-28T21:03,C0333,P054,1,50000,0.0,completed,app
O008856,1,2026-06-28T13:30,C0391,P026,1,48000,0.0,completed,web
O008857,1,2026-06-28T12:59,C0005,P009,1,135800,0.3,completed,app
O008858,1,2026-06-28T14:24,C0499,P037,1,49000,0.0,cancelled,web
O008859,1,2026-06-28T11:55,C0113,P008,1,279000,0.0,completed,web
O008859,2,2026-06-28T11:55,C0113,P080,1,109000,0.0,completed,web
O008860,1,2026-06-28T13:43,C0123,P027,1,63000,0.0,returned,web
O008861,1,2026-06-28T23:42,C0436,P064,1,127000,0.0,completed,web
O008861,2,2026-06-28T23:42,C0436,P066,1,77000,0.3,completed,web
O008862,1,2026-06-28T11:47,C0057,P028,1,39000,0.0,completed,web
O008862,2,2026-06-28T11:47,C0057,P073,1,52500,0.3,completed,web
O008863,1,2026-06-28T15:11,C0190,P073,1,52500,0.3,completed,app
O008863,2,2026-06-28T15:11,C0190,P042,1,59499,0.3,completed,app
O008864,1,2026-06-28T17:46,C0494,P038,2,38000,0.0,completed,web
O008865,1,2026-06-28T15:29,C0477,P043,1,91000,0.0,completed,app
O008866,1,2026-06-28T12:22,C0411,P058,1,69300,0.3,completed,web
O008866,2,2026-06-28T12:22,C0411,P043,1,91000,0.0,completed,web
O008867,1,2026-06-28T22:14,C0181,P032,1,31499,0.3,completed,app
O008868,1,2026-06-28T12:54,C0469,P035,1,49000,0.0,returned,app
O008869,1,2026-06-28T21:48,C0299,P055,1,61599,0.3,completed,web
O008869,2,2026-06-28T21:48,C0299,P068,1,117000,0.0,completed,web
O008870,1,2026-06-28T23:03,C0467,P011,1,185500,0.3,completed,app
O008871,1,2026-06-28T16:39,C0566,P002,1,114100,0.3,completed,app
O008871,2,2026-06-28T16:39,C0566,P026,1,48000,0.0,completed,app
O008872,1,2026-06-28T15:33,C0325,P040,1,44000,0.0,completed,web
O008872,2,2026-06-28T15:33,C0325,P030,1,62000,0.0,completed,web
O008873,1,2026-06-28T11:11,C0600,P076,1,70700,0.3,returned,app
O008873,2,2026-06-28T11:11,C0600,P049,1,54600,0.3,returned,app
O008873,3,2026-06-28T11:11,C0600,P060,1,57399,0.3,returned,app
O008874,1,2026-06-28T13:51,C0502,P073,1,52500,0.3,returned,app
O008875,1,2026-06-28T18:38,C0279,P047,1,58000,0.0,completed,app
O008876,1,2026-06-28T15:26,C0321,P040,1,44000,0.0,completed,web
O008876,2,2026-06-28T15:26,C0321,P011,1,185500,0.3,completed,web
O008877,1,2026-06-28T17:21,C0438,P055,1,61599,0.3,completed,web
O008877,2,2026-06-28T17:21,C0438,P011,1,185500,0.3,completed,web
O008878,1,2026-06-28T13:47,C0294,P040,1,44000,0.0,completed,app
O008878,2,2026-06-28T13:47,C0294,P050,1,84000,0.0,completed,app
O008879,1,2026-06-28T19:07,C0179,P023,1,53000,0.0,completed,app
O008880,1,2026-06-28T15:15,C0110,P043,1,91000,0.0,completed,app
O008881,1,2026-06-28T12:34,C0192,P001,1,193000,0.0,completed,web
O008882,1,2026-06-28T13:00,C0265,P042,1,59499,0.3,completed,web
O008883,1,2026-06-28T23:36,C0475,P020,1,41000,0.0,cancelled,app
O008884,1,2026-06-28T22:13,C0160,P011,2,185500,0.3,completed,app
O008885,1,2026-06-28T13:44,C0100,P033,1,45500,0.3,completed,web
O008886,1,2026-06-28T23:26,C0049,P020,1,41000,0.0,completed,app
O008887,1,2026-06-28T08:47,C0089,P055,1,61599,0.3,completed,web
O008887,2,2026-06-28T08:47,C0089,P043,1,91000,0.0,completed,web
O008888,1,2026-06-28T08:31,C0167,P028,1,39000,0.0,completed,web
O008888,2,2026-06-28T08:31,C0167,P040,1,44000,0.0,completed,web
O008889,1,2026-06-28T15:41,C0430,P024,1,55000,0.0,completed,app
O008890,1,2026-06-28T13:31,C0477,P040,1,44000,0.0,cancelled,app
O008891,1,2026-06-28T17:34,C0564,P001,1,193000,0.0,completed,app
O008891,2,2026-06-28T17:34,C0564,P075,1,81000,0.0,completed,app
O008892,1,2026-06-28T13:48,C0299,P011,1,185500,0.3,completed,web
O008893,1,2026-06-28T11:20,C0113,P004,1,157000,0.0,completed,web
O008894,1,2026-06-28T11:15,C0451,P037,1,49000,0.0,completed,web
O008894,2,2026-06-28T11:15,C0451,P022,1,36000,0.0,completed,web
O008894,3,2026-06-28T11:15,C0451,P020,1,41000,0.0,completed,web
O008895,1,2026-06-29T16:42,C0493,P043,1,91000,0.0,returned,web
O008896,1,2026-06-29T15:14,C0096,P040,1,44000,0.0,completed,app
O008897,1,2026-06-29T10:02,C0502,P013,1,271000,0.0,completed,app
O008898,1,2026-06-29T19:45,C0153,P030,1,62000,0.0,completed,app
O008898,2,2026-06-29T19:45,C0153,P020,1,41000,0.0,completed,app
O008899,1,2026-06-29T14:39,C0272,P010,1,263000,0.0,completed,web
O008900,1,2026-06-29T09:15,C0346,P017,1,274000,0.0,completed,app
O008901,1,2026-06-29T19:34,C0051,P006,1,275000,0.0,completed,app
O008902,1,2026-06-29T15:23,C0515,P042,1,59499,0.3,completed,app
O008903,1,2026-06-29T15:45,C0515,P001,1,193000,0.0,completed,app
O008903,2,2026-06-29T15:45,C0515,P055,1,61599,0.3,completed,app
O008904,1,2026-06-29T14:02,C0386,P055,1,61599,0.3,cancelled,app
O008905,1,2026-06-29T15:30,C0214,P026,1,48000,0.0,completed,app
O008905,2,2026-06-29T15:30,C0214,P060,1,57399,0.3,completed,app
O008906,1,2026-06-29T12:11,C0265,P071,1,133000,0.0,completed,web
O008906,2,2026-06-29T12:11,C0265,P021,1,72000,0.0,completed,web
O008907,1,2026-06-29T16:31,C0463,P055,1,61599,0.3,completed,web
O008907,2,2026-06-29T16:31,C0463,P055,1,61599,0.3,completed,web
O008908,1,2026-06-29T17:15,C0184,P034,1,57000,0.0,completed,app
O008909,1,2026-06-29T10:58,C0113,P069,1,122000,0.0,completed,web
O008910,1,2026-06-29T15:44,C0214,P039,1,45000,0.0,completed,app
O008911,1,2026-06-29T21:43,C0498,P038,1,38000,0.0,completed,web
O008912,1,2026-06-29T06:55,C0209,P034,1,57000,0.0,completed,app
O008913,1,2026-06-29T16:08,C0077,P053,1,70000,0.3,completed,app
O008914,1,2026-06-29T23:05,C0018,P072,1,95000,0.0,completed,app
O008915,1,2026-06-29T11:37,C0596,P078,1,75600,0.3,returned,web
O008916,1,2026-06-29T18:03,C0057,P063,1,124000,0.0,completed,app
O008917,1,2026-06-29T14:19,C0124,P030,1,62000,0.0,completed,app
O008917,2,2026-06-29T14:19,C0124,P055,1,61599,0.3,completed,app
O008918,1,2026-06-29T14:30,C0001,P073,1,52500,0.3,completed,web
O008918,2,2026-06-29T14:30,C0001,P042,1,59499,0.3,completed,web
O008919,1,2026-06-29T10:36,C0130,P059,1,66500,0.3,returned,app
O008920,1,2026-06-29T13:31,C0209,P039,1,45000,0.0,completed,app
O008921,1,2026-06-29T02:55,C0196,P021,1,72000,0.0,completed,app
O008922,1,2026-06-29T14:52,C0057,P043,1,91000,0.0,completed,app
O008922,2,2026-06-29T14:52,C0057,P055,1,61599,0.3,completed,app
O008923,1,2026-06-29T14:38,C0587,P075,1,81000,0.0,completed,app
O008923,2,2026-06-29T14:38,C0587,P080,1,109000,0.0,completed,app
O008923,3,2026-06-29T14:38,C0587,P039,1,45000,0.0,completed,app
O008924,1,2026-06-29T16:54,C0135,P055,1,61599,0.3,completed,app
O008925,1,2026-06-29T09:08,C0489,P055,1,61599,0.3,completed,web
O008925,2,2026-06-29T09:08,C0489,P055,1,61599,0.3,completed,web
O008926,1,2026-06-29T11:08,C0432,P030,1,62000,0.0,completed,web
O008927,1,2026-06-29T11:19,C0052,P056,1,42700,0.3,cancelled,web
O008927,2,2026-06-29T11:19,C0052,P066,1,77000,0.3,cancelled,web
O008928,1,2026-06-29T16:59,C0361,P043,1,91000,0.0,completed,app
O008929,1,2026-06-29T20:24,C0265,P042,1,59499,0.3,cancelled,web
O008929,2,2026-06-29T20:24,C0265,P055,1,61599,0.3,cancelled,web
O008930,1,2026-06-29T22:39,C0022,P019,1,37000,0.0,completed,web
O008931,1,2026-06-29T16:28,C0496,P040,1,44000,0.0,completed,app
O008931,2,2026-06-29T16:28,C0496,P060,1,57399,0.3,completed,app
O008932,1,2026-06-29T22:07,C0011,P040,1,44000,0.0,completed,app
O008932,2,2026-06-29T22:07,C0011,P055,1,61599,0.3,completed,app
O008932,3,2026-06-29T22:07,C0011,P055,1,61599,0.3,completed,app
O008933,1,2026-06-29T14:32,C0474,P052,1,74000,0.0,completed,web
O008934,1,2026-06-29T21:12,C0210,P070,1,114000,0.0,completed,web
O008935,1,2026-06-29T07:18,C0566,P053,1,70000,0.3,completed,app
O008936,1,2026-06-29T16:52,C0113,P048,1,92000,0.0,completed,web
O008937,1,2026-06-29T18:15,C0240,P055,1,61599,0.3,completed,app
O008937,2,2026-06-29T18:15,C0240,P051,1,54600,0.3,completed,app
O008937,3,2026-06-29T18:15,C0240,P046,1,41300,0.3,completed,app
O008938,1,2026-06-29T10:39,C0278,P073,1,52500,0.3,completed,web
O008939,1,2026-06-29T17:28,C0335,P052,1,74000,0.0,completed,web
O008939,2,2026-06-29T17:28,C0335,P044,1,59499,0.3,completed,web
O008939,3,2026-06-29T17:28,C0335,P055,1,61599,0.3,completed,web
O008940,1,2026-06-30T09:48,C0093,P040,1,44000,0.0,completed,web
O008940,2,2026-06-30T09:48,C0093,P040,1,44000,0.0,completed,web
O008941,1,2026-06-30T16:12,C0504,P042,1,59499,0.3,completed,web
O008942,1,2026-06-30T10:11,C0214,P055,1,61599,0.3,completed,app
O008942,2,2026-06-30T10:11,C0214,P055,1,61599,0.3,completed,app
O008942,3,2026-06-30T10:11,C0214,P056,1,42700,0.3,completed,app
O008943,1,2026-06-30T21:06,C0229,P051,1,54600,0.3,completed,web
O008944,1,2026-06-30T11:37,C0077,P055,1,61599,0.3,completed,app
O008944,2,2026-06-30T11:37,C0077,P028,1,39000,0.0,completed,app
O008945,1,2026-06-30T15:53,C0153,P021,1,72000,0.0,completed,app
O008945,2,2026-06-30T15:53,C0153,P010,1,263000,0.0,completed,app
O008946,1,2026-06-30T14:26,C0469,P040,1,44000,0.0,completed,app
O008946,2,2026-06-30T14:26,C0469,P040,1,44000,0.0,completed,app
O008946,3,2026-06-30T14:26,C0469,P055,1,61599,0.3,completed,app
O008947,1,2026-06-30T16:27,C0257,P028,1,39000,0.0,completed,web
O008948,1,2026-06-30T09:06,C0350,P064,1,127000,0.0,completed,web
O008948,2,2026-06-30T09:06,C0350,P066,1,77000,0.3,completed,web
O008949,1,2026-06-30T16:47,C0398,P073,1,52500,0.3,completed,app
O008949,2,2026-06-30T16:47,C0398,P043,1,91000,0.0,completed,app
O008949,3,2026-06-30T16:47,C0398,P008,1,279000,0.0,completed,app
O008950,1,2026-06-30T16:33,C0192,P055,1,61599,0.3,completed,app
O008951,1,2026-06-30T21:40,C0311,P074,1,74900,0.3,returned,web
O008952,1,2026-06-30T19:38,C0429,P064,1,127000,0.0,completed,app
O008953,1,2026-06-30T10:23,C0113,P010,1,263000,0.0,completed,web
O008954,1,2026-06-30T14:08,C0099,P048,1,92000,0.0,completed,app
O008955,1,2026-06-30T16:20,C0074,P017,1,274000,0.0,completed,web
O008956,1,2026-06-30T12:34,C0068,P021,1,72000,0.0,completed,app
O008956,2,2026-06-30T12:34,C0068,P055,1,61599,0.3,completed,app
O008957,1,2026-06-30T22:21,C0386,P055,1,61599,0.3,completed,app
O008958,1,2026-06-30T19:42,C0181,P049,1,54600,0.3,completed,app
O008959,1,2026-06-30T17:12,C0479,P055,1,61599,0.3,completed,app
O008960,1,2026-06-30T21:57,C0411,P028,1,39000,0.0,returned,app
O008960,2,2026-06-30T21:57,C0411,P055,1,61599,0.3,returned,app
O008961,1,2026-06-30T14:07,C0005,P013,1,271000,0.0,completed,app
O008962,1,2026-06-30T12:48,C0436,P071,1,133000,0.0,completed,app
O008962,2,2026-06-30T12:48,C0436,P063,1,124000,0.0,completed,app
O008963,1,2026-06-30T13:06,C0496,P042,1,59499,0.3,completed,app
O008964,1,2026-06-30T14:02,C0283,P028,1,39000,0.0,returned,web
O008964,2,2026-06-30T14:02,C0283,P048,1,92000,0.0,returned,web
O008965,1,2026-06-30T18:02,C0430,P055,1,61599,0.3,completed,app
O008965,2,2026-06-30T18:02,C0430,P027,1,63000,0.0,completed,app
O008966,1,2026-06-30T19:50,C0052,P043,1,91000,0.0,completed,web
O008967,1,2026-06-30T08:54,C0283,P055,1,61599,0.3,completed,app
O008968,1,2026-06-30T16:20,C0221,P076,1,70700,0.3,completed,app
O008968,2,2026-06-30T16:20,C0221,P020,1,41000,0.0,completed,app
O008969,1,2026-06-30T15:16,C0317,P048,3,92000,0.0,completed,web
O008969,2,2026-06-30T15:16,C0317,P055,1,61599,0.3,completed,web
O008970,1,2026-06-30T07:37,C0493,P040,1,44000,0.0,completed,web
O008971,1,2026-06-30T11:14,C0164,P028,1,39000,0.0,completed,app
O008972,1,2026-06-30T16:05,C0397,P042,1,59499,0.3,completed,app
O008973,1,2026-06-30T15:51,C0074,P001,1,193000,0.0,completed,web
O008974,1,2026-06-30T11:20,C0285,P069,1,122000,0.0,completed,app
O008975,1,2026-06-30T10:27,C0231,P026,1,48000,0.0,returned,app
O008976,1,2026-06-30T17:56,C0089,P042,1,59499,0.3,completed,app
O008977,1,2026-06-30T07:58,C0371,P030,3,62000,0.0,completed,app
O008977,2,2026-06-30T07:58,C0371,P055,1,61599,0.3,completed,app
O008978,1,2026-06-30T15:43,C0123,P026,1,48000,0.0,completed,web
O008979,1,2026-06-30T05:08,C0272,P037,1,49000,0.0,completed,web
O008980,1,2026-06-30T13:25,C0526,P055,1,61599,0.3,completed,web
O008981,1,2026-06-30T17:26,C0294,P021,1,72000,0.0,completed,app
O008981,2,2026-06-30T17:26,C0294,P028,1,39000,0.0,completed,app
O008981,3,2026-06-30T17:26,C0294,P040,1,44000,0.0,completed,app
O008982,1,2026-06-30T12:15,C0337,P055,1,61599,0.3,completed,web
O008983,1,2026-06-30T15:56,C0018,P040,1,44000,0.0,completed,app
O008984,1,2026-06-30T19:03,C0483,P055,1,61599,0.3,completed,web
