product_id,date,list_price,discount_rate,sale_price
P001,2026-01-01,193000,0.0,193000
P001,2026-01-02,193000,0.0,193000
P001,2026-01-03,193000,0.0,193000
P001,2026-01-04,193000,0.0,193000
P001,2026-01-05,193000,0.0,193000
P001,2026-01-06,193000,0.0,193000
P001,2026-01-07,193000,0.0,193000
P001,2026-01-08,193000,0.0,193000
P001,2026-01-09,193000,0.0,193000
P001,2026-01-10,193000,0.0,193000
P001,2026-01-11,193000,0.0,193000
P001,2026-01-12,193000,0.0,193000
P001,2026-01-13,193000,0.0,193000
P001,2026-01-14,193000,0.0,193000
P001,2026-01-15,193000,0.0,193000
P001,2026-01-16,193000,0.0,193000
P001,2026-01-17,193000,0.0,193000
P001,2026-01-18,193000,0.0,193000
P001,2026-01-19,193000,0.0,193000
P001,2026-01-20,193000,0.0,193000
P001,2026-01-21,193000,0.0,193000
P001,2026-01-22,193000,0.0,193000
P001,2026-01-23,193000,0.0,193000
P001,2026-01-24,193000,0.0,193000
P001,2026-01-25,193000,0.0,193000
P001,2026-01-26,193000,0.0,193000
P001,2026-01-27,193000,0.0,193000
P001,2026-01-28,193000,0.0,193000
P001,2026-01-29,193000,0.0,193000
P001,2026-01-30,193000,0.0,193000
P001,2026-01-31,193000,0.0,193000
P001,2026-02-01,193000,0.0,193000
P001,2026-02-02,193000,0.0,193000
P001,2026-02-03,193000,0.0,193000
P001,2026-02-04,193000,0.0,193000
P001,2026-02-05,193000,0.0,193000
P001,2026-02-06,193000,0.0,193000
P001,2026-02-07,193000,0.0,193000
P001,2026-02-08,193000,0.0,193000
P001,2026-02-09,193000,0.0,193000
P001,2026-02-10,193000,0.0,193000
P001,2026-02-11,193000,0.0,193000
P001,2026-02-12,193000,0.0,193000
P001,2026-02-13,193000,0.0,193000
P001,2026-02-14,193000,0.0,193000
P001,2026-02-15,193000,0.0,193000
P001,2026-02-16,193000,0.0,193000
P001,2026-02-17,193000,0.0,193000
P001,2026-02-18,193000,0.0,193000
P001,2026-02-19,193000,0.0,193000
P001,2026-02-20,193000,0.0,193000
P001,2026-02-21,193000,0.0,193000
P001,2026-02-22,193000,0.0,193000
P001,2026-02-23,193000,0.0,193000
P001,2026-02-24,193000,0.0,193000
P001,2026-02-25,193000,0.0,193000
P001,2026-02-26,193000,0.0,193000
P001,2026-02-27,193000,0.0,193000
P001,2026-02-28,193000,0.0,193000
P001,2026-03-01,193000,0.0,193000
P001,2026-03-02,193000,0.0,193000
P001,2026-03-03,193000,0.0,193000
P001,2026-03-04,193000,0.0,193000
P001,2026-03-05,193000,0.0,193000
P001,2026-03-06,193000,0.0,193000
P001,2026-03-07,193000,0.0,193000
P001,2026-03-08,193000,0.0,193000
P001,2026-03-09,193000,0.0,193000
P001,2026-03-10,193000,0.0,193000
P001,2026-03-11,193000,0.0,193000
P001,2026-03-12,193000,0.0,193000
P001,2026-03-13,193000,0.0,193000
P001,2026-03-14,193000,0.0,193000
P001,2026-03-15,193000,0.0,193000
P001,2026-03-16,193000,0.0,193000
P001,2026-03-17,193000,0.0,193000
P001,2026-03-18,193000,0.0,193000
P001,2026-03-19,193000,0.0,193000
P001,2026-03-20,193000,0.0,193000
P001,2026-03-21,193000,0.0,193000
P001,2026-03-22,193000,0.0,193000
P001,2026-03-23,193000,0.0,193000
P001,2026-03-24,193000,0.0,193000
P001,2026-03-25,193000,0.0,193000
P001,2026-03-26,193000,0.0,193000
P001,2026-03-27,193000,0.0,193000
P001,2026-03-28,193000,0.0,193000
P001,2026-03-29,193000,0.0,193000
P001,2026-03-30,193000,0.0,193000
P001,2026-03-31,193000,0.0,193000
P001,2026-04-01,193000,0.0,193000
P001,2026-04-02,193000,0.0,193000
P001,2026-04-03,193000,0.0,193000
P001,2026-04-04,193000,0.0,193000
P001,2026-04-05,193000,0.0,193000
P001,2026-04-06,193000,0.0,193000
P001,2026-04-07,193000,0.0,193000
P001,2026-04-08,193000,0.0,193000
P001,2026-04-09,193000,0.0,193000
P001,2026-04-10,193000,0.0,193000
P001,2026-04-11,193000,0.0,193000
P001,2026-04-12,193000,0.0,193000
P001,2026-04-13,193000,0.0,193000
P001,2026-04-14,193000,0.0,193000
P001,2026-04-15,193000,0.0,193000
P001,2026-04-16,193000,0.0,193000
P001,2026-04-17,193000,0.0,193000
P001,2026-04-18,193000,0.0,193000
P001,2026-04-19,193000,0.0,193000
P001,2026-04-20,193000,0.0,193000
P001,2026-04-21,193000,0.0,193000
P001,2026-04-22,193000,0.0,193000
P001,2026-04-23,193000,0.0,193000
P001,2026-04-24,193000,0.0,193000
P001,2026-04-25,193000,0.0,193000
P001,2026-04-26,193000,0.0,193000
P001,2026-04-27,193000,0.0,193000
P001,2026-04-28,193000,0.0,193000
P001,2026-04-29,193000,0.0,193000
P001,2026-04-30,193000,0.0,193000
P001,2026-05-01,193000,0.0,193000
P001,2026-05-02,193000,0.0,193000
P001,2026-05-03,193000,0.0,193000
P001,2026-05-04,193000,0.0,193000
P001,2026-05-05,193000,0.0,193000
P001,2026-05-06,193000,0.0,193000
P001,2026-05-07,193000,0.0,193000
P001,2026-05-08,193000,0.0,193000
P001,2026-05-09,193000,0.0,193000
P001,2026-05-10,193000,0.0,193000
P001,2026-05-11,193000,0.0,193000
P001,2026-05-12,193000,0.0,193000
P001,2026-05-13,193000,0.0,193000
P001,2026-05-14,193000,0.0,193000
P001,2026-05-15,193000,0.0,193000
P001,2026-05-16,193000,0.0,193000
P001,2026-05-17,193000,0.0,193000
P001,2026-05-18,193000,0.0,193000
P001,2026-05-19,193000,0.0,193000
P001,2026-05-20,193000,0.0,193000
P001,2026-05-21,193000,0.0,193000
P001,2026-05-22,193000,0.0,193000
P001,2026-05-23,193000,0.0,193000
P001,2026-05-24,193000,0.0,193000
P001,2026-05-25,193000,0.0,193000
P001,2026-05-26,193000,0.0,193000
P001,2026-05-27,193000,0.0,193000
P001,2026-05-28,193000,0.0,193000
P001,2026-05-29,193000,0.0,193000
P001,2026-05-30,193000,0.0,193000
P001,2026-05-31,193000,0.0,193000
P001,2026-06-01,193000,0.0,193000
P001,2026-06-02,193000,0.0,193000
P001,2026-06-03,193000,0.0,193000
P001,2026-06-04,193000,0.0,193000
P001,2026-06-05,193000,0.0,193000
P001,2026-06-06,193000,0.0,193000
P001,2026-06-07,193000,0.0,193000
P001,2026-06-08,193000,0.0,193000
P001,2026-06-09,193000,0.0,193000
P001,2026-06-10,193000,0.0,193000
P001,2026-06-11,193000,0.0,193000
P001,2026-06-12,193000,0.0,193000
P001,2026-06-13,193000,0.0,193000
P001,2026-06-14,193000,0.0,193000
P001,2026-06-15,193000,0.0,193000
P001,2026-06-16,193000,0.0,193000
P001,2026-06-17,193000,0.0,193000
P001,2026-06-18,193000,0.0,193000
P001,2026-06-19,193000,0.0,193000
P001,2026-06-20,193000,0.0,193000
P001,2026-06-21,193000,0.0,193000
P001,2026-06-22,193000,0.0,193000
P001,2026-06-23,193000,0.0,193000
P001,2026-06-24,193000,0.0,193000
P001,2026-06-25,193000,0.0,193000
P001,2026-06-26,193000,0.0,193000
P001,2026-06-27,193000,0.0,193000
P001,2026-06-28,193000,0.0,193000
P001,2026-06-29,193000,0.0,193000
P001,2026-06-30,193000,0.0,193000
P002,2026-01-01,163000,0.0,163000
P002,2026-01-02,163000,0.0,163000
P002,2026-01-03,163000,0.0,163000
P002,2026-01-04,163000,0.0,163000
P002,2026-01-05,163000,0.0,163000
P002,2026-01-06,163000,0.0,163000
P002,2026-01-07,163000,0.0,163000
P002,2026-01-08,163000,0.0,163000
P002,2026-01-09,163000,0.0,163000
P002,2026-01-10,163000,0.0,163000
P002,2026-01-11,163000,0.0,163000
P002,2026-01-12,163000,0.0,163000
P002,2026-01-13,163000,0.0,163000
P002,2026-01-14,163000,0.0,163000
P002,2026-01-15,163000,0.0,163000
P002,2026-01-16,163000,0.0,163000
P002,2026-01-17,163000,0.0,163000
P002,2026-01-18,163000,0.0,163000
P002,2026-01-19,163000,0.0,163000
P002,2026-01-20,163000,0.0,163000
P002,2026-01-21,163000,0.0,163000
P002,2026-01-22,163000,0.0,163000
P002,2026-01-23,163000,0.0,163000
P002,2026-01-24,163000,0.0,163000
P002,2026-01-25,163000,0.0,163000
P002,2026-01-26,163000,0.0,163000
P002,2026-01-27,163000,0.0,163000
P002,2026-01-28,163000,0.0,163000
P002,2026-01-29,163000,0.0,163000
P002,2026-01-30,163000,0.0,163000
P002,2026-01-31,163000,0.0,163000
P002,2026-02-01,163000,0.0,163000
P002,2026-02-02,163000,0.0,163000
P002,2026-02-03,163000,0.0,163000
P002,2026-02-04,163000,0.0,163000
P002,2026-02-05,163000,0.0,163000
P002,2026-02-06,163000,0.0,163000
P002,2026-02-07,163000,0.0,163000
P002,2026-02-08,163000,0.0,163000
P002,2026-02-09,163000,0.0,163000
P002,2026-02-10,163000,0.0,163000
P002,2026-02-11,163000,0.0,163000
P002,2026-02-12,163000,0.0,163000
P002,2026-02-13,163000,0.0,163000
P002,2026-02-14,163000,0.0,163000
P002,2026-02-15,163000,0.0,163000
P002,2026-02-16,163000,0.0,163000
P002,2026-02-17,163000,0.0,163000
P002,2026-02-18,163000,0.0,163000
P002,2026-02-19,163000,0.0,163000
P002,2026-02-20,163000,0.0,163000
P002,2026-02-21,163000,0.0,163000
P002,2026-02-22,163000,0.0,163000
P002,2026-02-23,163000,0.0,163000
P002,2026-02-24,163000,0.0,163000
P002,2026-02-25,163000,0.0,163000
P002,2026-02-26,163000,0.0,163000
P002,2026-02-27,163000,0.0,163000
P002,2026-02-28,163000,0.0,163000
P002,2026-03-01,163000,0.0,163000
P002,2026-03-02,163000,0.0,163000
P002,2026-03-03,163000,0.0,163000
P002,2026-03-04,163000,0.0,163000
P002,2026-03-05,163000,0.0,163000
P002,2026-03-06,163000,0.0,163000
P002,2026-03-07,163000,0.0,163000
P002,2026-03-08,163000,0.0,163000
P002,2026-03-09,163000,0.0,163000
P002,2026-03-10,163000,0.0,163000
P002,2026-03-11,163000,0.0,163000
P002,2026-03-12,163000,0.0,163000
P002,2026-03-13,163000,0.0,163000
P002,2026-03-14,163000,0.0,163000
P002,2026-03-15,163000,0.0,163000
P002,2026-03-16,163000,0.0,163000
P002,2026-03-17,163000,0.0,163000
P002,2026-03-18,163000,0.0,163000
P002,2026-03-19,163000,0.0,163000
P002,2026-03-20,163000,0.0,163000
P002,2026-03-21,163000,0.0,163000
P002,2026-03-22,163000,0.0,163000
P002,2026-03-23,163000,0.0,163000
P002,2026-03-24,163000,0.0,163000
P002,2026-03-25,163000,0.0,163000
P002,2026-03-26,163000,0.0,163000
P002,2026-03-27,163000,0.0,163000
P002,2026-03-28,163000,0.0,163000
P002,2026-03-29,163000,0.0,163000
P002,2026-03-30,163000,0.0,163000
P002,2026-03-31,163000,0.0,163000
P002,2026-04-01,163000,0.0,163000
P002,2026-04-02,163000,0.0,163000
P002,2026-04-03,163000,0.0,163000
P002,2026-04-04,163000,0.0,163000
P002,2026-04-05,163000,0.0,163000
P002,2026-04-06,163000,0.0,163000
P002,2026-04-07,163000,0.0,163000
P002,2026-04-08,163000,0.0,163000
P002,2026-04-09,163000,0.0,163000
P002,2026-04-10,163000,0.0,163000
P002,2026-04-11,163000,0.0,163000
P002,2026-04-12,163000,0.0,163000
P002,2026-04-13,163000,0.0,163000
P002,2026-04-14,163000,0.0,163000
P002,2026-04-15,163000,0.0,163000
P002,2026-04-16,163000,0.0,163000
P002,2026-04-17,163000,0.0,163000
P002,2026-04-18,163000,0.0,163000
P002,2026-04-19,163000,0.0,163000
P002,2026-04-20,163000,0.0,163000
P002,2026-04-21,163000,0.0,163000
P002,2026-04-22,163000,0.0,163000
P002,2026-04-23,163000,0.0,163000
P002,2026-04-24,163000,0.0,163000
P002,2026-04-25,163000,0.0,163000
P002,2026-04-26,163000,0.0,163000
P002,2026-04-27,163000,0.0,163000
P002,2026-04-28,163000,0.0,163000
P002,2026-04-29,163000,0.0,163000
P002,2026-04-30,163000,0.0,163000
P002,2026-05-01,163000,0.0,163000
P002,2026-05-02,163000,0.0,163000
P002,2026-05-03,163000,0.0,163000
P002,2026-05-04,163000,0.0,163000
P002,2026-05-05,163000,0.0,163000
P002,2026-05-06,163000,0.0,163000
P002,2026-05-07,163000,0.0,163000
P002,2026-05-08,163000,0.0,163000
P002,2026-05-09,163000,0.0,163000
P002,2026-05-10,163000,0.0,163000
P002,2026-05-11,163000,0.0,163000
P002,2026-05-12,163000,0.0,163000
P002,2026-05-13,163000,0.0,163000
P002,2026-05-14,163000,0.0,163000
P002,2026-05-15,163000,0.0,163000
P002,2026-05-16,163000,0.0,163000
P002,2026-05-17,163000,0.0,163000
P002,2026-05-18,163000,0.0,163000
P002,2026-05-19,163000,0.2,130400
P002,2026-05-20,163000,0.2,130400
P002,2026-05-21,163000,0.2,130400
P002,2026-05-22,163000,0.2,130400
P002,2026-05-23,163000,0.2,130400
P002,2026-05-24,163000,0.2,130400
P002,2026-05-25,163000,0.2,130400
P002,2026-05-26,163000,0.2,130400
P002,2026-05-27,163000,0.2,130400
P002,2026-05-28,163000,0.2,130400
P002,2026-05-29,163000,0.2,130400
P002,2026-05-30,163000,0.2,130400
P002,2026-05-31,163000,0.2,130400
P002,2026-06-01,163000,0.2,130400
P002,2026-06-02,163000,0.2,130400
P002,2026-06-03,163000,0.2,130400
P002,2026-06-04,163000,0.2,130400
P002,2026-06-05,163000,0.2,130400
P002,2026-06-06,163000,0.2,130400
P002,2026-06-07,163000,0.2,130400
P002,2026-06-08,163000,0.2,130400
P002,2026-06-09,163000,0.2,130400
P002,2026-06-10,163000,0.2,130400
P002,2026-06-11,163000,0.2,130400
P002,2026-06-12,163000,0.2,130400
P002,2026-06-13,163000,0.2,130400
P002,2026-06-14,163000,0.2,130400
P002,2026-06-15,163000,0.2,130400
P002,2026-06-16,163000,0.2,130400
P002,2026-06-17,163000,0.2,130400
P002,2026-06-18,163000,0.3,114100
P002,2026-06-19,163000,0.3,114100
P002,2026-06-20,163000,0.3,114100
P002,2026-06-21,163000,0.3,114100
P002,2026-06-22,163000,0.3,114100
P002,2026-06-23,163000,0.3,114100
P002,2026-06-24,163000,0.3,114100
P002,2026-06-25,163000,0.3,114100
P002,2026-06-26,163000,0.3,114100
P002,2026-06-27,163000,0.3,114100
P002,2026-06-28,163000,0.3,114100
P002,2026-06-29,163000,0.3,114100
P002,2026-06-30,163000,0.3,114100
P003,2026-01-01,136000,0.0,136000
P003,2026-01-02,136000,0.0,136000
P003,2026-01-03,136000,0.0,136000
P003,2026-01-04,136000,0.0,136000
P003,2026-01-05,136000,0.0,136000
P003,2026-01-06,136000,0.0,136000
P003,2026-01-07,136000,0.0,136000
P003,2026-01-08,136000,0.0,136000
P003,2026-01-09,136000,0.0,136000
P003,2026-01-10,136000,0.0,136000
P003,2026-01-11,136000,0.0,136000
P003,2026-01-12,136000,0.0,136000
P003,2026-01-13,136000,0.0,136000
P003,2026-01-14,136000,0.0,136000
P003,2026-01-15,136000,0.0,136000
P003,2026-01-16,136000,0.0,136000
P003,2026-01-17,136000,0.0,136000
P003,2026-01-18,136000,0.0,136000
P003,2026-01-19,136000,0.0,136000
P003,2026-01-20,136000,0.0,136000
P003,2026-01-21,136000,0.0,136000
P003,2026-01-22,136000,0.0,136000
P003,2026-01-23,136000,0.0,136000
P003,2026-01-24,136000,0.0,136000
P003,2026-01-25,136000,0.0,136000
P003,2026-01-26,136000,0.0,136000
P003,2026-01-27,136000,0.0,136000
P003,2026-01-28,136000,0.0,136000
P003,2026-01-29,136000,0.0,136000
P003,2026-01-30,136000,0.0,136000
P003,2026-01-31,136000,0.0,136000
P003,2026-02-01,136000,0.0,136000
P003,2026-02-02,136000,0.0,136000
P003,2026-02-03,136000,0.0,136000
P003,2026-02-04,136000,0.0,136000
P003,2026-02-05,136000,0.0,136000
P003,2026-02-06,136000,0.0,136000
P003,2026-02-07,136000,0.0,136000
P003,2026-02-08,136000,0.0,136000
P003,2026-02-09,136000,0.0,136000
P003,2026-02-10,136000,0.0,136000
P003,2026-02-11,136000,0.0,136000
P003,2026-02-12,136000,0.0,136000
P003,2026-02-13,136000,0.0,136000
P003,2026-02-14,136000,0.0,136000
P003,2026-02-15,136000,0.0,136000
P003,2026-02-16,136000,0.0,136000
P003,2026-02-17,136000,0.0,136000
P003,2026-02-18,136000,0.0,136000
P003,2026-02-19,136000,0.0,136000
P003,2026-02-20,136000,0.0,136000
P003,2026-02-21,136000,0.0,136000
P003,2026-02-22,136000,0.0,136000
P003,2026-02-23,136000,0.0,136000
P003,2026-02-24,136000,0.0,136000
P003,2026-02-25,136000,0.0,136000
P003,2026-02-26,136000,0.0,136000
P003,2026-02-27,136000,0.0,136000
P003,2026-02-28,136000,0.0,136000
P003,2026-03-01,136000,0.0,136000
P003,2026-03-02,136000,0.0,136000
P003,2026-03-03,136000,0.0,136000
P003,2026-03-04,136000,0.0,136000
P003,2026-03-05,136000,0.0,136000
P003,2026-03-06,136000,0.0,136000
P003,2026-03-07,136000,0.0,136000
P003,2026-03-08,136000,0.0,136000
P003,2026-03-09,136000,0.0,136000
P003,2026-03-10,136000,0.0,136000
P003,2026-03-11,136000,0.0,136000
P003,2026-03-12,136000,0.0,136000
P003,2026-03-13,136000,0.0,136000
P003,2026-03-14,136000,0.0,136000
P003,2026-03-15,136000,0.0,136000
P003,2026-03-16,136000,0.0,136000
P003,2026-03-17,136000,0.0,136000
P003,2026-03-18,136000,0.0,136000
P003,2026-03-19,136000,0.0,136000
P003,2026-03-20,136000,0.0,136000
P003,2026-03-21,136000,0.0,136000
P003,2026-03-22,136000,0.0,136000
P003,2026-03-23,136000,0.0,136000
P003,2026-03-24,136000,0.0,136000
P003,2026-03-25,136000,0.0,136000
P003,2026-03-26,136000,0.0,136000
P003,2026-03-27,136000,0.0,136000
P003,2026-03-28,136000,0.0,136000
P003,2026-03-29,136000,0.0,136000
P003,2026-03-30,136000,0.0,136000
P003,2026-03-31,136000,0.0,136000
P003,2026-04-01,136000,0.0,136000
P003,2026-04-02,136000,0.0,136000
P003,2026-04-03,136000,0.0,136000
P003,2026-04-04,136000,0.0,136000
P003,2026-04-05,136000,0.0,136000
P003,2026-04-06,136000,0.0,136000
P003,2026-04-07,136000,0.0,136000
P003,2026-04-08,136000,0.0,136000
P003,2026-04-09,136000,0.0,136000
P003,2026-04-10,136000,0.0,136000
P003,2026-04-11,136000,0.0,136000
P003,2026-04-12,136000,0.0,136000
P003,2026-04-13,136000,0.0,136000
P003,2026-04-14,136000,0.0,136000
P003,2026-04-15,136000,0.0,136000
P003,2026-04-16,136000,0.0,136000
P003,2026-04-17,136000,0.0,136000
P003,2026-04-18,136000,0.0,136000
P003,2026-04-19,136000,0.0,136000
P003,2026-04-20,136000,0.0,136000
P003,2026-04-21,136000,0.0,136000
P003,2026-04-22,136000,0.0,136000
P003,2026-04-23,136000,0.0,136000
P003,2026-04-24,136000,0.0,136000
P003,2026-04-25,136000,0.0,136000
P003,2026-04-26,136000,0.0,136000
P003,2026-04-27,136000,0.0,136000
P003,2026-04-28,136000,0.0,136000
P003,2026-04-29,136000,0.0,136000
P003,2026-04-30,136000,0.0,136000
P003,2026-05-01,136000,0.0,136000
P003,2026-05-02,136000,0.0,136000
P003,2026-05-03,136000,0.0,136000
P003,2026-05-04,136000,0.0,136000
P003,2026-05-05,136000,0.0,136000
P003,2026-05-06,136000,0.0,136000
P003,2026-05-07,136000,0.0,136000
P003,2026-05-08,136000,0.0,136000
P003,2026-05-09,136000,0.0,136000
P003,2026-05-10,136000,0.2,108800
P003,2026-05-11,136000,0.2,108800
P003,2026-05-12,136000,0.2,108800
P003,2026-05-13,136000,0.2,108800
P003,2026-05-14,136000,0.2,108800
P003,2026-05-15,136000,0.2,108800
P003,2026-05-16,136000,0.2,108800
P003,2026-05-17,136000,0.2,108800
P003,2026-05-18,136000,0.2,108800
P003,2026-05-19,136000,0.2,108800
P003,2026-05-20,136000,0.2,108800
P003,2026-05-21,136000,0.2,108800
P003,2026-05-22,136000,0.2,108800
P003,2026-05-23,136000,0.2,108800
P003,2026-05-24,136000,0.2,108800
P003,2026-05-25,136000,0.2,108800
P003,2026-05-26,136000,0.2,108800
P003,2026-05-27,136000,0.2,108800
P003,2026-05-28,136000,0.2,108800
P003,2026-05-29,136000,0.2,108800
P003,2026-05-30,136000,0.2,108800
P003,2026-05-31,136000,0.2,108800
P003,2026-06-01,136000,0.2,108800
P003,2026-06-02,136000,0.2,108800
P003,2026-06-03,136000,0.2,108800
P003,2026-06-04,136000,0.2,108800
P003,2026-06-05,136000,0.2,108800
P003,2026-06-06,136000,0.2,108800
P003,2026-06-07,136000,0.2,108800
P003,2026-06-08,136000,0.2,108800
P003,2026-06-09,136000,0.3,95200
P003,2026-06-10,136000,0.3,95200
P003,2026-06-11,136000,0.3,95200
P003,2026-06-12,136000,0.3,95200
P003,2026-06-13,136000,0.3,95200
P003,2026-06-14,136000,0.3,95200
P003,2026-06-15,136000,0.3,95200
P003,2026-06-16,136000,0.3,95200
P003,2026-06-17,136000,0.3,95200
P003,2026-06-18,136000,0.3,95200
P003,2026-06-19,136000,0.3,95200
P003,2026-06-20,136000,0.3,95200
P003,2026-06-21,136000,0.3,95200
P003,2026-06-22,136000,0.3,95200
P003,2026-06-23,136000,0.3,95200
P003,2026-06-24,136000,0.3,95200
P003,2026-06-25,136000,0.3,95200
P003,2026-06-26,136000,0.3,95200
P003,2026-06-27,136000,0.3,95200
P003,2026-06-28,136000,0.3,95200
P003,2026-06-29,136000,0.3,95200
P003,2026-06-30,136000,0.3,95200
P004,2026-01-01,157000,0.0,157000
P004,2026-01-02,157000,0.0,157000
P004,2026-01-03,157000,0.0,157000
P004,2026-01-04,157000,0.0,157000
P004,2026-01-05,157000,0.0,157000
P004,2026-01-06,157000,0.0,157000
P004,2026-01-07,157000,0.0,157000
P004,2026-01-08,157000,0.0,157000
P004,2026-01-09,157000,0.0,157000
P004,2026-01-10,157000,0.0,157000
P004,2026-01-11,157000,0.0,157000
P004,2026-01-12,157000,0.0,157000
P004,2026-01-13,157000,0.0,157000
P004,2026-01-14,157000,0.0,157000
P004,2026-01-15,157000,0.0,157000
P004,2026-01-16,157000,0.0,157000
P004,2026-01-17,157000,0.0,157000
P004,2026-01-18,157000,0.0,157000
P004,2026-01-19,157000,0.0,157000
P004,2026-01-20,157000,0.0,157000
P004,2026-01-21,157000,0.0,157000
P004,2026-01-22,157000,0.0,157000
P004,2026-01-23,157000,0.0,157000
P004,2026-01-24,157000,0.0,157000
P004,2026-01-25,157000,0.0,157000
P004,2026-01-26,157000,0.0,157000
P004,2026-01-27,157000,0.0,157000
P004,2026-01-28,157000,0.0,157000
P004,2026-01-29,157000,0.0,157000
P004,2026-01-30,157000,0.0,157000
P004,2026-01-31,157000,0.0,157000
P004,2026-02-01,157000,0.0,157000
P004,2026-02-02,157000,0.0,157000
P004,2026-02-03,157000,0.0,157000
P004,2026-02-04,157000,0.0,157000
P004,2026-02-05,157000,0.0,157000
P004,2026-02-06,157000,0.0,157000
P004,2026-02-07,157000,0.0,157000
P004,2026-02-08,157000,0.0,157000
P004,2026-02-09,157000,0.0,157000
P004,2026-02-10,157000,0.0,157000
P004,2026-02-11,157000,0.0,157000
P004,2026-02-12,157000,0.0,157000
P004,2026-02-13,157000,0.0,157000
P004,2026-02-14,157000,0.0,157000
P004,2026-02-15,157000,0.0,157000
P004,2026-02-16,157000,0.0,157000
P004,2026-02-17,157000,0.0,157000
P004,2026-02-18,157000,0.0,157000
P004,2026-02-19,157000,0.0,157000
P004,2026-02-20,157000,0.0,157000
P004,2026-02-21,157000,0.0,157000
P004,2026-02-22,157000,0.0,157000
P004,2026-02-23,157000,0.0,157000
P004,2026-02-24,157000,0.0,157000
P004,2026-02-25,157000,0.0,157000
P004,2026-02-26,157000,0.0,157000
P004,2026-02-27,157000,0.0,157000
P004,2026-02-28,157000,0.0,157000
P004,2026-03-01,157000,0.0,157000
P004,2026-03-02,157000,0.0,157000
P004,2026-03-03,157000,0.0,157000
P004,2026-03-04,157000,0.0,157000
P004,2026-03-05,157000,0.0,157000
P004,2026-03-06,157000,0.0,157000
P004,2026-03-07,157000,0.0,157000
P004,2026-03-08,157000,0.0,157000
P004,2026-03-09,157000,0.0,157000
P004,2026-03-10,157000,0.0,157000
P004,2026-03-11,157000,0.0,157000
P004,2026-03-12,157000,0.0,157000
P004,2026-03-13,157000,0.0,157000
P004,2026-03-14,157000,0.0,157000
P004,2026-03-15,157000,0.0,157000
P004,2026-03-16,157000,0.0,157000
P004,2026-03-17,157000,0.0,157000
P004,2026-03-18,157000,0.0,157000
P004,2026-03-19,157000,0.0,157000
P004,2026-03-20,157000,0.0,157000
P004,2026-03-21,157000,0.0,157000
P004,2026-03-22,157000,0.0,157000
P004,2026-03-23,157000,0.0,157000
P004,2026-03-24,157000,0.0,157000
P004,2026-03-25,157000,0.0,157000
P004,2026-03-26,157000,0.0,157000
P004,2026-03-27,157000,0.0,157000
P004,2026-03-28,157000,0.0,157000
P004,2026-03-29,157000,0.0,157000
P004,2026-03-30,157000,0.0,157000
P004,2026-03-31,157000,0.0,157000
P004,2026-04-01,157000,0.0,157000
P004,2026-04-02,157000,0.0,157000
P004,2026-04-03,157000,0.0,157000
P004,2026-04-04,157000,0.0,157000
P004,2026-04-05,157000,0.0,157000
P004,2026-04-06,157000,0.0,157000
P004,2026-04-07,157000,0.0,157000
P004,2026-04-08,157000,0.0,157000
P004,2026-04-09,157000,0.0,157000
P004,2026-04-10,157000,0.0,157000
P004,2026-04-11,157000,0.0,157000
P004,2026-04-12,157000,0.0,157000
P004,2026-04-13,157000,0.0,157000
P004,2026-04-14,157000,0.0,157000
P004,2026-04-15,157000,0.0,157000
P004,2026-04-16,157000,0.0,157000
P004,2026-04-17,157000,0.0,157000
P004,2026-04-18,157000,0.0,157000
P004,2026-04-19,157000,0.0,157000
P004,2026-04-20,157000,0.0,157000
P004,2026-04-21,157000,0.0,157000
P004,2026-04-22,157000,0.0,157000
P004,2026-04-23,157000,0.0,157000
P004,2026-04-24,157000,0.0,157000
P004,2026-04-25,157000,0.0,157000
P004,2026-04-26,157000,0.0,157000
P004,2026-04-27,157000,0.0,157000
P004,2026-04-28,157000,0.0,157000
P004,2026-04-29,157000,0.0,157000
P004,2026-04-30,157000,0.0,157000
P004,2026-05-01,157000,0.0,157000
P004,2026-05-02,157000,0.0,157000
P004,2026-05-03,157000,0.0,157000
P004,2026-05-04,157000,0.0,157000
P004,2026-05-05,157000,0.0,157000
P004,2026-05-06,157000,0.0,157000
P004,2026-05-07,157000,0.0,157000
P004,2026-05-08,157000,0.0,157000
P004,2026-05-09,157000,0.0,157000
P004,2026-05-10,157000,0.0,157000
P004,2026-05-11,157000,0.0,157000
P004,2026-05-12,157000,0.0,157000
P004,2026-05-13,157000,0.0,157000
P004,2026-05-14,157000,0.0,157000
P004,2026-05-15,157000,0.0,157000
P004,2026-05-16,157000,0.0,157000
P004,2026-05-17,157000,0.0,157000
P004,2026-05-18,157000,0.0,157000
P004,2026-05-19,157000,0.0,157000
P004,2026-05-20,157000,0.0,157000
P004,2026-05-21,157000,0.0,157000
P004,2026-05-22,157000,0.0,157000
P004,2026-05-23,157000,0.0,157000
P004,2026-05-24,157000,0.0,157000
P004,2026-05-25,157000,0.0,157000
P004,2026-05-26,157000,0.0,157000
P004,2026-05-27,157000,0.0,157000
P004,2026-05-28,157000,0.0,157000
P004,2026-05-29,157000,0.0,157000
P004,2026-05-30,157000,0.0,157000
P004,2026-05-31,157000,0.0,157000
P004,2026-06-01,157000,0.0,157000
P004,2026-06-02,157000,0.0,157000
P004,2026-06-03,157000,0.0,157000
P004,2026-06-04,157000,0.0,157000
P004,2026-06-05,157000,0.0,157000
P004,2026-06-06,157000,0.0,157000
P004,2026-06-07,157000,0.0,157000
P004,2026-06-08,157000,0.0,157000
P004,2026-06-09,157000,0.0,157000
P004,2026-06-10,157000,0.0,157000
P004,2026-06-11,157000,0.0,157000
P004,2026-06-12,157000,0.0,157000
P004,2026-06-13,157000,0.0,157000
P004,2026-06-14,157000,0.0,157000
P004,2026-06-15,157000,0.0,157000
P004,2026-06-16,157000,0.0,157000
P004,2026-06-17,157000,0.0,157000
P004,2026-06-18,157000,0.0,157000
P004,2026-06-19,157000,0.0,157000
P004,2026-06-20,157000,0.0,157000
P004,2026-06-21,157000,0.0,157000
P004,2026-06-22,157000,0.0,157000
P004,2026-06-23,157000,0.0,157000
P004,2026-06-24,157000,0.0,157000
P004,2026-06-25,157000,0.0,157000
P004,2026-06-26,157000,0.0,157000
P004,2026-06-27,157000,0.0,157000
P004,2026-06-28,157000,0.0,157000
P004,2026-06-29,157000,0.0,157000
P004,2026-06-30,157000,0.0,157000
P005,2026-01-01,227000,0.0,227000
P005,2026-01-02,227000,0.0,227000
P005,2026-01-03,227000,0.0,227000
P005,2026-01-04,227000,0.0,227000
P005,2026-01-05,227000,0.0,227000
P005,2026-01-06,227000,0.0,227000
P005,2026-01-07,227000,0.0,227000
P005,2026-01-08,227000,0.0,227000
P005,2026-01-09,227000,0.0,227000
P005,2026-01-10,227000,0.0,227000
P005,2026-01-11,227000,0.0,227000
P005,2026-01-12,227000,0.0,227000
P005,2026-01-13,227000,0.0,227000
P005,2026-01-14,227000,0.0,227000
P005,2026-01-15,227000,0.0,227000
P005,2026-01-16,227000,0.0,227000
P005,2026-01-17,227000,0.0,227000
P005,2026-01-18,227000,0.0,227000
P005,2026-01-19,227000,0.0,227000
P005,2026-01-20,227000,0.0,227000
P005,2026-01-21,227000,0.0,227000
P005,2026-01-22,227000,0.0,227000
P005,2026-01-23,227000,0.0,227000
P005,2026-01-24,227000,0.0,227000
P005,2026-01-25,227000,0.0,227000
P005,2026-01-26,227000,0.0,227000
P005,2026-01-27,227000,0.0,227000
P005,2026-01-28,227000,0.0,227000
P005,2026-01-29,227000,0.0,227000
P005,2026-01-30,227000,0.0,227000
P005,2026-01-31,227000,0.0,227000
P005,2026-02-01,227000,0.0,227000
P005,2026-02-02,227000,0.0,227000
P005,2026-02-03,227000,0.0,227000
P005,2026-02-04,227000,0.0,227000
P005,2026-02-05,227000,0.0,227000
P005,2026-02-06,227000,0.0,227000
P005,2026-02-07,227000,0.0,227000
P005,2026-02-08,227000,0.0,227000
P005,2026-02-09,227000,0.0,227000
P005,2026-02-10,227000,0.0,227000
P005,2026-02-11,227000,0.0,227000
P005,2026-02-12,227000,0.0,227000
P005,2026-02-13,227000,0.0,227000
P005,2026-02-14,227000,0.0,227000
P005,2026-02-15,227000,0.0,227000
P005,2026-02-16,227000,0.0,227000
P005,2026-02-17,227000,0.0,227000
P005,2026-02-18,227000,0.0,227000
P005,2026-02-19,227000,0.0,227000
P005,2026-02-20,227000,0.0,227000
P005,2026-02-21,227000,0.0,227000
P005,2026-02-22,227000,0.0,227000
P005,2026-02-23,227000,0.0,227000
P005,2026-02-24,227000,0.0,227000
P005,2026-02-25,227000,0.0,227000
P005,2026-02-26,227000,0.0,227000
P005,2026-02-27,227000,0.0,227000
P005,2026-02-28,227000,0.0,227000
P005,2026-03-01,227000,0.0,227000
P005,2026-03-02,227000,0.0,227000
P005,2026-03-03,227000,0.0,227000
P005,2026-03-04,227000,0.0,227000
P005,2026-03-05,227000,0.0,227000
P005,2026-03-06,227000,0.0,227000
P005,2026-03-07,227000,0.0,227000
P005,2026-03-08,227000,0.0,227000
P005,2026-03-09,227000,0.0,227000
P005,2026-03-10,227000,0.0,227000
P005,2026-03-11,227000,0.0,227000
P005,2026-03-12,227000,0.0,227000
P005,2026-03-13,227000,0.0,227000
P005,2026-03-14,227000,0.0,227000
P005,2026-03-15,227000,0.0,227000
P005,2026-03-16,227000,0.0,227000
P005,2026-03-17,227000,0.0,227000
P005,2026-03-18,227000,0.0,227000
P005,2026-03-19,227000,0.0,227000
P005,2026-03-20,227000,0.0,227000
P005,2026-03-21,227000,0.0,227000
P005,2026-03-22,227000,0.0,227000
P005,2026-03-23,227000,0.0,227000
P005,2026-03-24,227000,0.0,227000
P005,2026-03-25,227000,0.0,227000
P005,2026-03-26,227000,0.0,227000
P005,2026-03-27,227000,0.0,227000
P005,2026-03-28,227000,0.0,227000
P005,2026-03-29,227000,0.0,227000
P005,2026-03-30,227000,0.0,227000
P005,2026-03-31,227000,0.0,227000
P005,2026-04-01,227000,0.0,227000
P005,2026-04-02,227000,0.0,227000
P005,2026-04-03,227000,0.0,227000
P005,2026-04-04,227000,0.0,227000
P005,2026-04-05,227000,0.0,227000
P005,2026-04-06,227000,0.0,227000
P005,2026-04-07,227000,0.0,227000
P005,2026-04-08,227000,0.0,227000
P005,2026-04-09,227000,0.0,227000
P005,2026-04-10,227000,0.0,227000
P005,2026-04-11,227000,0.0,227000
P005,2026-04-12,227000,0.0,227000
P005,2026-04-13,227000,0.0,227000
P005,2026-04-14,227000,0.0,227000
P005,2026-04-15,227000,0.0,227000
P005,2026-04-16,227000,0.0,227000
P005,2026-04-17,227000,0.0,227000
P005,2026-04-18,227000,0.0,227000
P005,2026-04-19,227000,0.0,227000
P005,2026-04-20,227000,0.0,227000
P005,2026-04-21,227000,0.0,227000
P005,2026-04-22,227000,0.0,227000
P005,2026-04-23,227000,0.0,227000
P005,2026-04-24,227000,0.0,227000
P005,2026-04-25,227000,0.0,227000
P005,2026-04-26,227000,0.0,227000
P005,2026-04-27,227000,0.0,227000
P005,2026-04-28,227000,0.0,227000
P005,2026-04-29,227000,0.0,227000
P005,2026-04-30,227000,0.0,227000
P005,2026-05-01,227000,0.0,227000
P005,2026-05-02,227000,0.0,227000
P005,2026-05-03,227000,0.0,227000
P005,2026-05-04,227000,0.0,227000
P005,2026-05-05,227000,0.0,227000
P005,2026-05-06,227000,0.0,227000
P005,2026-05-07,227000,0.0,227000
P005,2026-05-08,227000,0.0,227000
P005,2026-05-09,227000,0.0,227000
P005,2026-05-10,227000,0.0,227000
P005,2026-05-11,227000,0.0,227000
P005,2026-05-12,227000,0.0,227000
P005,2026-05-13,227000,0.0,227000
P005,2026-05-14,227000,0.0,227000
P005,2026-05-15,227000,0.0,227000
P005,2026-05-16,227000,0.0,227000
P005,2026-05-17,227000,0.0,227000
P005,2026-05-18,227000,0.0,227000
P005,2026-05-19,227000,0.0,227000
P005,2026-05-20,227000,0.0,227000
P005,2026-05-21,227000,0.0,227000
P005,2026-05-22,227000,0.0,227000
P005,2026-05-23,227000,0.0,227000
P005,2026-05-24,227000,0.0,227000
P005,2026-05-25,227000,0.0,227000
P005,2026-05-26,227000,0.0,227000
P005,2026-05-27,227000,0.0,227000
P005,2026-05-28,227000,0.0,227000
P005,2026-05-29,227000,0.0,227000
P005,2026-05-30,227000,0.0,227000
P005,2026-05-31,227000,0.0,227000
P005,2026-06-01,227000,0.0,227000
P005,2026-06-02,227000,0.0,227000
P005,2026-06-03,227000,0.0,227000
P005,2026-06-04,227000,0.0,227000
P005,2026-06-05,227000,0.0,227000
P005,2026-06-06,227000,0.0,227000
P005,2026-06-07,227000,0.0,227000
P005,2026-06-08,227000,0.0,227000
P005,2026-06-09,227000,0.0,227000
P005,2026-06-10,227000,0.0,227000
P005,2026-06-11,227000,0.0,227000
P005,2026-06-12,227000,0.0,227000
P005,2026-06-13,227000,0.0,227000
P005,2026-06-14,227000,0.0,227000
P005,2026-06-15,227000,0.0,227000
P005,2026-06-16,227000,0.0,227000
P005,2026-06-17,227000,0.0,227000
P005,2026-06-18,227000,0.0,227000
P005,2026-06-19,227000,0.0,227000
P005,2026-06-20,227000,0.0,227000
P005,2026-06-21,227000,0.0,227000
P005,2026-06-22,227000,0.0,227000
P005,2026-06-23,227000,0.0,227000
P005,2026-06-24,227000,0.0,227000
P005,2026-06-25,227000,0.0,227000
P005,2026-06-26,227000,0.0,227000
P005,2026-06-27,227000,0.0,227000
P005,2026-06-28,227000,0.0,227000
P005,2026-06-29,227000,0.0,227000
P005,2026-06-30,227000,0.0,227000
P006,2026-01-01,275000,0.0,275000
P006,2026-01-02,275000,0.0,275000
P006,2026-01-03,275000,0.0,275000
P006,2026-01-04,275000,0.0,275000
P006,2026-01-05,275000,0.0,275000
P006,2026-01-06,275000,0.0,275000
P006,2026-01-07,275000,0.0,275000
P006,2026-01-08,275000,0.0,275000
P006,2026-01-09,275000,0.0,275000
P006,2026-01-10,275000,0.0,275000
P006,2026-01-11,275000,0.0,275000
P006,2026-01-12,275000,0.0,275000
P006,2026-01-13,275000,0.0,275000
P006,2026-01-14,275000,0.0,275000
P006,2026-01-15,275000,0.0,275000
P006,2026-01-16,275000,0.0,275000
P006,2026-01-17,275000,0.0,275000
P006,2026-01-18,275000,0.0,275000
P006,2026-01-19,275000,0.0,275000
P006,2026-01-20,275000,0.0,275000
P006,2026-01-21,275000,0.0,275000
P006,2026-01-22,275000,0.0,275000
P006,2026-01-23,275000,0.0,275000
P006,2026-01-24,275000,0.0,275000
P006,2026-01-25,275000,0.0,275000
P006,2026-01-26,275000,0.0,275000
P006,2026-01-27,275000,0.0,275000
P006,2026-01-28,275000,0.0,275000
P006,2026-01-29,275000,0.0,275000
P006,2026-01-30,275000,0.0,275000
P006,2026-01-31,275000,0.0,275000
P006,2026-02-01,275000,0.0,275000
P006,2026-02-02,275000,0.0,275000
P006,2026-02-03,275000,0.0,275000
P006,2026-02-04,275000,0.0,275000
P006,2026-02-05,275000,0.0,275000
P006,2026-02-06,275000,0.0,275000
P006,2026-02-07,275000,0.0,275000
P006,2026-02-08,275000,0.0,275000
P006,2026-02-09,275000,0.0,275000
P006,2026-02-10,275000,0.0,275000
P006,2026-02-11,275000,0.0,275000
P006,2026-02-12,275000,0.0,275000
P006,2026-02-13,275000,0.0,275000
P006,2026-02-14,275000,0.0,275000
P006,2026-02-15,275000,0.0,275000
P006,2026-02-16,275000,0.0,275000
P006,2026-02-17,275000,0.0,275000
P006,2026-02-18,275000,0.0,275000
P006,2026-02-19,275000,0.0,275000
P006,2026-02-20,275000,0.0,275000
P006,2026-02-21,275000,0.0,275000
P006,2026-02-22,275000,0.0,275000
P006,2026-02-23,275000,0.0,275000
P006,2026-02-24,275000,0.0,275000
P006,2026-02-25,275000,0.0,275000
P006,2026-02-26,275000,0.0,275000
P006,2026-02-27,275000,0.0,275000
P006,2026-02-28,275000,0.0,275000
P006,2026-03-01,275000,0.0,275000
P006,2026-03-02,275000,0.0,275000
P006,2026-03-03,275000,0.0,275000
P006,2026-03-04,275000,0.0,275000
P006,2026-03-05,275000,0.0,275000
P006,2026-03-06,275000,0.0,275000
P006,2026-03-07,275000,0.0,275000
P006,2026-03-08,275000,0.0,275000
P006,2026-03-09,275000,0.0,275000
P006,2026-03-10,275000,0.0,275000
P006,2026-03-11,275000,0.0,275000
P006,2026-03-12,275000,0.0,275000
P006,2026-03-13,275000,0.0,275000
P006,2026-03-14,275000,0.0,275000
P006,2026-03-15,275000,0.0,275000
P006,2026-03-16,275000,0.0,275000
P006,2026-03-17,275000,0.0,275000
P006,2026-03-18,275000,0.0,275000
P006,2026-03-19,275000,0.0,275000
P006,2026-03-20,275000,0.0,275000
P006,2026-03-21,275000,0.0,275000
P006,2026-03-22,275000,0.0,275000
P006,2026-03-23,275000,0.0,275000
P006,2026-03-24,275000,0.0,275000
P006,2026-03-25,275000,0.0,275000
P006,2026-03-26,275000,0.0,275000
P006,2026-03-27,275000,0.0,275000
P006,2026-03-28,275000,0.0,275000
P006,2026-03-29,275000,0.0,275000
P006,2026-03-30,275000,0.0,275000
P006,2026-03-31,275000,0.0,275000
P006,2026-04-01,275000,0.0,275000
P006,2026-04-02,275000,0.0,275000
P006,2026-04-03,275000,0.0,275000
P006,2026-04-04,275000,0.0,275000
P006,2026-04-05,275000,0.0,275000
P006,2026-04-06,275000,0.0,275000
P006,2026-04-07,275000,0.0,275000
P006,2026-04-08,275000,0.0,275000
P006,2026-04-09,275000,0.0,275000
P006,2026-04-10,275000,0.0,275000
P006,2026-04-11,275000,0.0,275000
P006,2026-04-12,275000,0.0,275000
P006,2026-04-13,275000,0.0,275000
P006,2026-04-14,275000,0.0,275000
P006,2026-04-15,275000,0.0,275000
P006,2026-04-16,275000,0.0,275000
P006,2026-04-17,275000,0.0,275000
P006,2026-04-18,275000,0.0,275000
P006,2026-04-19,275000,0.0,275000
P006,2026-04-20,275000,0.0,275000
P006,2026-04-21,275000,0.0,275000
P006,2026-04-22,275000,0.0,275000
P006,2026-04-23,275000,0.0,275000
P006,2026-04-24,275000,0.0,275000
P006,2026-04-25,275000,0.0,275000
P006,2026-04-26,275000,0.0,275000
P006,2026-04-27,275000,0.0,275000
P006,2026-04-28,275000,0.0,275000
P006,2026-04-29,275000,0.0,275000
P006,2026-04-30,275000,0.0,275000
P006,2026-05-01,275000,0.0,275000
P006,2026-05-02,275000,0.0,275000
P006,2026-05-03,275000,0.0,275000
P006,2026-05-04,275000,0.0,275000
P006,2026-05-05,275000,0.0,275000
P006,2026-05-06,275000,0.0,275000
P006,2026-05-07,275000,0.0,275000
P006,2026-05-08,275000,0.0,275000
P006,2026-05-09,275000,0.0,275000
P006,2026-05-10,275000,0.0,275000
P006,2026-05-11,275000,0.0,275000
P006,2026-05-12,275000,0.0,275000
P006,2026-05-13,275000,0.0,275000
P006,2026-05-14,275000,0.0,275000
P006,2026-05-15,275000,0.0,275000
P006,2026-05-16,275000,0.0,275000
P006,2026-05-17,275000,0.0,275000
P006,2026-05-18,275000,0.0,275000
P006,2026-05-19,275000,0.0,275000
P006,2026-05-20,275000,0.0,275000
P006,2026-05-21,275000,0.0,275000
P006,2026-05-22,275000,0.0,275000
P006,2026-05-23,275000,0.0,275000
P006,2026-05-24,275000,0.0,275000
P006,2026-05-25,275000,0.0,275000
P006,2026-05-26,275000,0.0,275000
P006,2026-05-27,275000,0.0,275000
P006,2026-05-28,275000,0.0,275000
P006,2026-05-29,275000,0.0,275000
P006,2026-05-30,275000,0.0,275000
P006,2026-05-31,275000,0.0,275000
P006,2026-06-01,275000,0.0,275000
P006,2026-06-02,275000,0.0,275000
P006,2026-06-03,275000,0.0,275000
P006,2026-06-04,275000,0.0,275000
P006,2026-06-05,275000,0.0,275000
P006,2026-06-06,275000,0.0,275000
P006,2026-06-07,275000,0.0,275000
P006,2026-06-08,275000,0.0,275000
P006,2026-06-09,275000,0.0,275000
P006,2026-06-10,275000,0.0,275000
P006,2026-06-11,275000,0.0,275000
P006,2026-06-12,275000,0.0,275000
P006,2026-06-13,275000,0.0,275000
P006,2026-06-14,275000,0.0,275000
P006,2026-06-15,275000,0.0,275000
P006,2026-06-16,275000,0.0,275000
P006,2026-06-17,275000,0.0,275000
P006,2026-06-18,275000,0.0,275000
P006,2026-06-19,275000,0.0,275000
P006,2026-06-20,275000,0.0,275000
P006,2026-06-21,275000,0.0,275000
P006,2026-06-22,275000,0.0,275000
P006,2026-06-23,275000,0.0,275000
P006,2026-06-24,275000,0.0,275000
P006,2026-06-25,275000,0.0,275000
P006,2026-06-26,275000,0.0,275000
P006,2026-06-27,275000,0.0,275000
P006,2026-06-28,275000,0.0,275000
P006,2026-06-29,275000,0.0,275000
P006,2026-06-30,275000,0.0,275000
P007,2026-01-01,262000,0.0,262000
P007,2026-01-02,262000,0.0,262000
P007,2026-01-03,262000,0.0,262000
P007,2026-01-04,262000,0.0,262000
P007,2026-01-05,262000,0.0,262000
P007,2026-01-06,262000,0.0,262000
P007,2026-01-07,262000,0.0,262000
P007,2026-01-08,262000,0.0,262000
P007,2026-01-09,262000,0.0,262000
P007,2026-01-10,262000,0.0,262000
P007,2026-01-11,262000,0.0,262000
P007,2026-01-12,262000,0.0,262000
P007,2026-01-13,262000,0.0,262000
P007,2026-01-14,262000,0.0,262000
P007,2026-01-15,262000,0.0,262000
P007,2026-01-16,262000,0.0,262000
P007,2026-01-17,262000,0.0,262000
P007,2026-01-18,262000,0.0,262000
P007,2026-01-19,262000,0.0,262000
P007,2026-01-20,262000,0.0,262000
P007,2026-01-21,262000,0.0,262000
P007,2026-01-22,262000,0.0,262000
P007,2026-01-23,262000,0.0,262000
P007,2026-01-24,262000,0.0,262000
P007,2026-01-25,262000,0.0,262000
P007,2026-01-26,262000,0.0,262000
P007,2026-01-27,262000,0.0,262000
P007,2026-01-28,262000,0.0,262000
P007,2026-01-29,262000,0.0,262000
P007,2026-01-30,262000,0.0,262000
P007,2026-01-31,262000,0.0,262000
P007,2026-02-01,262000,0.0,262000
P007,2026-02-02,262000,0.0,262000
P007,2026-02-03,262000,0.0,262000
P007,2026-02-04,262000,0.0,262000
P007,2026-02-05,262000,0.0,262000
P007,2026-02-06,262000,0.0,262000
P007,2026-02-07,262000,0.0,262000
P007,2026-02-08,262000,0.0,262000
P007,2026-02-09,262000,0.0,262000
P007,2026-02-10,262000,0.0,262000
P007,2026-02-11,262000,0.0,262000
P007,2026-02-12,262000,0.0,262000
P007,2026-02-13,262000,0.0,262000
P007,2026-02-14,262000,0.0,262000
P007,2026-02-15,262000,0.0,262000
P007,2026-02-16,262000,0.0,262000
P007,2026-02-17,262000,0.0,262000
P007,2026-02-18,262000,0.0,262000
P007,2026-02-19,262000,0.0,262000
P007,2026-02-20,262000,0.0,262000
P007,2026-02-21,262000,0.0,262000
P007,2026-02-22,262000,0.0,262000
P007,2026-02-23,262000,0.0,262000
P007,2026-02-24,262000,0.0,262000
P007,2026-02-25,262000,0.0,262000
P007,2026-02-26,262000,0.0,262000
P007,2026-02-27,262000,0.0,262000
P007,2026-02-28,262000,0.0,262000
P007,2026-03-01,262000,0.0,262000
P007,2026-03-02,262000,0.0,262000
P007,2026-03-03,262000,0.0,262000
P007,2026-03-04,262000,0.0,262000
P007,2026-03-05,262000,0.0,262000
P007,2026-03-06,262000,0.0,262000
P007,2026-03-07,262000,0.0,262000
P007,2026-03-08,262000,0.0,262000
P007,2026-03-09,262000,0.0,262000
P007,2026-03-10,262000,0.0,262000
P007,2026-03-11,262000,0.0,262000
P007,2026-03-12,262000,0.0,262000
P007,2026-03-13,262000,0.0,262000
P007,2026-03-14,262000,0.0,262000
P007,2026-03-15,262000,0.0,262000
P007,2026-03-16,262000,0.0,262000
P007,2026-03-17,262000,0.0,262000
P007,2026-03-18,262000,0.0,262000
P007,2026-03-19,262000,0.0,262000
P007,2026-03-20,262000,0.0,262000
P007,2026-03-21,262000,0.0,262000
P007,2026-03-22,262000,0.0,262000
P007,2026-03-23,262000,0.0,262000
P007,2026-03-24,262000,0.0,262000
P007,2026-03-25,262000,0.0,262000
P007,2026-03-26,262000,0.0,262000
P007,2026-03-27,262000,0.0,262000
P007,2026-03-28,262000,0.0,262000
P007,2026-03-29,262000,0.0,262000
P007,2026-03-30,262000,0.0,262000
P007,2026-03-31,262000,0.0,262000
P007,2026-04-01,262000,0.0,262000
P007,2026-04-02,262000,0.0,262000
P007,2026-04-03,262000,0.0,262000
P007,2026-04-04,262000,0.0,262000
P007,2026-04-05,262000,0.0,262000
P007,2026-04-06,262000,0.0,262000
P007,2026-04-07,262000,0.0,262000
P007,2026-04-08,262000,0.0,262000
P007,2026-04-09,262000,0.0,262000
P007,2026-04-10,262000,0.0,262000
P007,2026-04-11,262000,0.0,262000
P007,2026-04-12,262000,0.0,262000
P007,2026-04-13,262000,0.0,262000
P007,2026-04-14,262000,0.0,262000
P007,2026-04-15,262000,0.0,262000
P007,2026-04-16,262000,0.0,262000
P007,2026-04-17,262000,0.0,262000
P007,2026-04-18,262000,0.0,262000
P007,2026-04-19,262000,0.0,262000
P007,2026-04-20,262000,0.0,262000
P007,2026-04-21,262000,0.0,262000
P007,2026-04-22,262000,0.0,262000
P007,2026-04-23,262000,0.0,262000
P007,2026-04-24,262000,0.0,262000
P007,2026-04-25,262000,0.0,262000
P007,2026-04-26,262000,0.0,262000
P007,2026-04-27,262000,0.0,262000
P007,2026-04-28,262000,0.0,262000
P007,2026-04-29,262000,0.0,262000
P007,2026-04-30,262000,0.0,262000
P007,2026-05-01,262000,0.0,262000
P007,2026-05-02,262000,0.0,262000
P007,2026-05-03,262000,0.0,262000
P007,2026-05-04,262000,0.0,262000
P007,2026-05-05,262000,0.0,262000
P007,2026-05-06,262000,0.0,262000
P007,2026-05-07,262000,0.0,262000
P007,2026-05-08,262000,0.0,262000
P007,2026-05-09,262000,0.0,262000
P007,2026-05-10,262000,0.0,262000
P007,2026-05-11,262000,0.0,262000
P007,2026-05-12,262000,0.0,262000
P007,2026-05-13,262000,0.0,262000
P007,2026-05-14,262000,0.0,262000
P007,2026-05-15,262000,0.0,262000
P007,2026-05-16,262000,0.0,262000
P007,2026-05-17,262000,0.0,262000
P007,2026-05-18,262000,0.0,262000
P007,2026-05-19,262000,0.0,262000
P007,2026-05-20,262000,0.0,262000
P007,2026-05-21,262000,0.0,262000
P007,2026-05-22,262000,0.0,262000
P007,2026-05-23,262000,0.0,262000
P007,2026-05-24,262000,0.0,262000
P007,2026-05-25,262000,0.0,262000
P007,2026-05-26,262000,0.0,262000
P007,2026-05-27,262000,0.0,262000
P007,2026-05-28,262000,0.0,262000
P007,2026-05-29,262000,0.0,262000
P007,2026-05-30,262000,0.0,262000
P007,2026-05-31,262000,0.0,262000
P007,2026-06-01,262000,0.0,262000
P007,2026-06-02,262000,0.0,262000
P007,2026-06-03,262000,0.0,262000
P007,2026-06-04,262000,0.0,262000
P007,2026-06-05,262000,0.0,262000
P007,2026-06-06,262000,0.0,262000
P007,2026-06-07,262000,0.0,262000
P007,2026-06-08,262000,0.0,262000
P007,2026-06-09,262000,0.0,262000
P007,2026-06-10,262000,0.0,262000
P007,2026-06-11,262000,0.0,262000
P007,2026-06-12,262000,0.0,262000
P007,2026-06-13,262000,0.0,262000
P007,2026-06-14,262000,0.0,262000
P007,2026-06-15,262000,0.0,262000
P007,2026-06-16,262000,0.0,262000
P007,2026-06-17,262000,0.0,262000
P007,2026-06-18,262000,0.0,262000
P007,2026-06-19,262000,0.0,262000
P007,2026-06-20,262000,0.0,262000
P007,2026-06-21,262000,0.0,262000
P007,2026-06-22,262000,0.0,262000
P007,2026-06-23,262000,0.0,262000
P007,2026-06-24,262000,0.0,262000
P007,2026-06-25,262000,0.0,262000
P007,2026-06-26,262000,0.0,262000
P007,2026-06-27,262000,0.0,262000
P007,2026-06-28,262000,0.0,262000
P007,2026-06-29,262000,0.0,262000
P007,2026-06-30,262000,0.0,262000
P008,2026-01-01,279000,0.0,279000
P008,2026-01-02,279000,0.0,279000
P008,2026-01-03,279000,0.0,279000
P008,2026-01-04,279000,0.0,279000
P008,2026-01-05,279000,0.0,279000
P008,2026-01-06,279000,0.0,279000
P008,2026-01-07,279000,0.0,279000
P008,2026-01-08,279000,0.0,279000
P008,2026-01-09,279000,0.0,279000
P008,2026-01-10,279000,0.0,279000
P008,2026-01-11,279000,0.0,279000
P008,2026-01-12,279000,0.0,279000
P008,2026-01-13,279000,0.0,279000
P008,2026-01-14,279000,0.0,279000
P008,2026-01-15,279000,0.0,279000
P008,2026-01-16,279000,0.0,279000
P008,2026-01-17,279000,0.0,279000
P008,2026-01-18,279000,0.0,279000
P008,2026-01-19,279000,0.0,279000
P008,2026-01-20,279000,0.0,279000
P008,2026-01-21,279000,0.0,279000
P008,2026-01-22,279000,0.0,279000
P008,2026-01-23,279000,0.0,279000
P008,2026-01-24,279000,0.0,279000
P008,2026-01-25,279000,0.0,279000
P008,2026-01-26,279000,0.0,279000
P008,2026-01-27,279000,0.0,279000
P008,2026-01-28,279000,0.0,279000
P008,2026-01-29,279000,0.0,279000
P008,2026-01-30,279000,0.0,279000
P008,2026-01-31,279000,0.0,279000
P008,2026-02-01,279000,0.0,279000
P008,2026-02-02,279000,0.0,279000
P008,2026-02-03,279000,0.0,279000
P008,2026-02-04,279000,0.0,279000
P008,2026-02-05,279000,0.0,279000
P008,2026-02-06,279000,0.0,279000
P008,2026-02-07,279000,0.0,279000
P008,2026-02-08,279000,0.0,279000
P008,2026-02-09,279000,0.0,279000
P008,2026-02-10,279000,0.0,279000
P008,2026-02-11,279000,0.0,279000
P008,2026-02-12,279000,0.0,279000
P008,2026-02-13,279000,0.0,279000
P008,2026-02-14,279000,0.0,279000
P008,2026-02-15,279000,0.0,279000
P008,2026-02-16,279000,0.0,279000
P008,2026-02-17,279000,0.0,279000
P008,2026-02-18,279000,0.0,279000
P008,2026-02-19,279000,0.0,279000
P008,2026-02-20,279000,0.0,279000
P008,2026-02-21,279000,0.0,279000
P008,2026-02-22,279000,0.0,279000
P008,2026-02-23,279000,0.0,279000
P008,2026-02-24,279000,0.0,279000
P008,2026-02-25,279000,0.0,279000
P008,2026-02-26,279000,0.0,279000
P008,2026-02-27,279000,0.0,279000
P008,2026-02-28,279000,0.0,279000
P008,2026-03-01,279000,0.0,279000
P008,2026-03-02,279000,0.0,279000
P008,2026-03-03,279000,0.0,279000
P008,2026-03-04,279000,0.0,279000
P008,2026-03-05,279000,0.0,279000
P008,2026-03-06,279000,0.0,279000
P008,2026-03-07,279000,0.0,279000
P008,2026-03-08,279000,0.0,279000
P008,2026-03-09,279000,0.0,279000
P008,2026-03-10,279000,0.0,279000
P008,2026-03-11,279000,0.0,279000
P008,2026-03-12,279000,0.0,279000
P008,2026-03-13,279000,0.0,279000
P008,2026-03-14,279000,0.0,279000
P008,2026-03-15,279000,0.0,279000
P008,2026-03-16,279000,0.0,279000
P008,2026-03-17,279000,0.0,279000
P008,2026-03-18,279000,0.0,279000
P008,2026-03-19,279000,0.0,279000
P008,2026-03-20,279000,0.0,279000
P008,2026-03-21,279000,0.0,279000
P008,2026-03-22,279000,0.0,279000
P008,2026-03-23,279000,0.0,279000
P008,2026-03-24,279000,0.0,279000
P008,2026-03-25,279000,0.0,279000
P008,2026-03-26,279000,0.0,279000
P008,2026-03-27,279000,0.0,279000
P008,2026-03-28,279000,0.0,279000
P008,2026-03-29,279000,0.0,279000
P008,2026-03-30,279000,0.0,279000
P008,2026-03-31,279000,0.0,279000
P008,2026-04-01,279000,0.0,279000
P008,2026-04-02,279000,0.0,279000
P008,2026-04-03,279000,0.0,279000
P008,2026-04-04,279000,0.0,279000
P008,2026-04-05,279000,0.0,279000
P008,2026-04-06,279000,0.0,279000
P008,2026-04-07,279000,0.0,279000
P008,2026-04-08,279000,0.0,279000
P008,2026-04-09,279000,0.0,279000
P008,2026-04-10,279000,0.0,279000
P008,2026-04-11,279000,0.0,279000
P008,2026-04-12,279000,0.0,279000
P008,2026-04-13,279000,0.0,279000
P008,2026-04-14,279000,0.0,279000
P008,2026-04-15,279000,0.0,279000
P008,2026-04-16,279000,0.0,279000
P008,2026-04-17,279000,0.0,279000
P008,2026-04-18,279000,0.0,279000
P008,2026-04-19,279000,0.0,279000
P008,2026-04-20,279000,0.0,279000
P008,2026-04-21,279000,0.0,279000
P008,2026-04-22,279000,0.0,279000
P008,2026-04-23,279000,0.0,279000
P008,2026-04-24,279000,0.0,279000
P008,2026-04-25,279000,0.0,279000
P008,2026-04-26,279000,0.0,279000
P008,2026-04-27,279000,0.0,279000
P008,2026-04-28,279000,0.0,279000
P008,2026-04-29,279000,0.0,279000
P008,2026-04-30,279000,0.0,279000
P008,2026-05-01,279000,0.0,279000
P008,2026-05-02,279000,0.0,279000
P008,2026-05-03,279000,0.0,279000
P008,2026-05-04,279000,0.0,279000
P008,2026-05-05,279000,0.0,279000
P008,2026-05-06,279000,0.0,279000
P008,2026-05-07,279000,0.0,279000
P008,2026-05-08,279000,0.0,279000
P008,2026-05-09,279000,0.0,279000
P008,2026-05-10,279000,0.0,279000
P008,2026-05-11,279000,0.0,279000
P008,2026-05-12,279000,0.0,279000
P008,2026-05-13,279000,0.0,279000
P008,2026-05-14,279000,0.0,279000
P008,2026-05-15,279000,0.0,279000
P008,2026-05-16,279000,0.0,279000
P008,2026-05-17,279000,0.0,279000
P008,2026-05-18,279000,0.0,279000
P008,2026-05-19,279000,0.0,279000
P008,2026-05-20,279000,0.0,279000
P008,2026-05-21,279000,0.0,279000
P008,2026-05-22,279000,0.0,279000
P008,2026-05-23,279000,0.0,279000
P008,2026-05-24,279000,0.0,279000
P008,2026-05-25,279000,0.0,279000
P008,2026-05-26,279000,0.0,279000
P008,2026-05-27,279000,0.0,279000
P008,2026-05-28,279000,0.0,279000
P008,2026-05-29,279000,0.0,279000
P008,2026-05-30,279000,0.0,279000
P008,2026-05-31,279000,0.0,279000
P008,2026-06-01,279000,0.0,279000
P008,2026-06-02,279000,0.0,279000
P008,2026-06-03,279000,0.0,279000
P008,2026-06-04,279000,0.0,279000
P008,2026-06-05,279000,0.0,279000
P008,2026-06-06,279000,0.0,279000
P008,2026-06-07,279000,0.0,279000
P008,2026-06-08,279000,0.0,279000
P008,2026-06-09,279000,0.0,279000
P008,2026-06-10,279000,0.0,279000
P008,2026-06-11,279000,0.0,279000
P008,2026-06-12,279000,0.0,279000
P008,2026-06-13,279000,0.0,279000
P008,2026-06-14,279000,0.0,279000
P008,2026-06-15,279000,0.0,279000
P008,2026-06-16,279000,0.0,279000
P008,2026-06-17,279000,0.0,279000
P008,2026-06-18,279000,0.0,279000
P008,2026-06-19,279000,0.0,279000
P008,2026-06-20,279000,0.0,279000
P008,2026-06-21,279000,0.0,279000
P008,2026-06-22,279000,0.0,279000
P008,2026-06-23,279000,0.0,279000
P008,2026-06-24,279000,0.0,279000
P008,2026-06-25,279000,0.0,279000
P008,2026-06-26,279000,0.0,279000
P008,2026-06-27,279000,0.0,279000
P008,2026-06-28,279000,0.0,279000
P008,2026-06-29,279000,0.0,279000
P008,2026-06-30,279000,0.0,279000
P009,2026-01-01,194000,0.0,194000
P009,2026-01-02,194000,0.0,194000
P009,2026-01-03,194000,0.0,194000
P009,2026-01-04,194000,0.0,194000
P009,2026-01-05,194000,0.0,194000
P009,2026-01-06,194000,0.0,194000
P009,2026-01-07,194000,0.0,194000
P009,2026-01-08,194000,0.0,194000
P009,2026-01-09,194000,0.0,194000
P009,2026-01-10,194000,0.0,194000
P009,2026-01-11,194000,0.0,194000
P009,2026-01-12,194000,0.0,194000
P009,2026-01-13,194000,0.0,194000
P009,2026-01-14,194000,0.0,194000
P009,2026-01-15,194000,0.0,194000
P009,2026-01-16,194000,0.0,194000
P009,2026-01-17,194000,0.0,194000
P009,2026-01-18,194000,0.0,194000
P009,2026-01-19,194000,0.0,194000
P009,2026-01-20,194000,0.0,194000
P009,2026-01-21,194000,0.0,194000
P009,2026-01-22,194000,0.0,194000
P009,2026-01-23,194000,0.0,194000
P009,2026-01-24,194000,0.0,194000
P009,2026-01-25,194000,0.0,194000
P009,2026-01-26,194000,0.0,194000
P009,2026-01-27,194000,0.0,194000
P009,2026-01-28,194000,0.0,194000
P009,2026-01-29,194000,0.0,194000
P009,2026-01-30,194000,0.0,194000
P009,2026-01-31,194000,0.0,194000
P009,2026-02-01,194000,0.0,194000
P009,2026-02-02,194000,0.0,194000
P009,2026-02-03,194000,0.0,194000
P009,2026-02-04,194000,0.0,194000
P009,2026-02-05,194000,0.0,194000
P009,2026-02-06,194000,0.0,194000
P009,2026-02-07,194000,0.0,194000
P009,2026-02-08,194000,0.0,194000
P009,2026-02-09,194000,0.0,194000
P009,2026-02-10,194000,0.0,194000
P009,2026-02-11,194000,0.0,194000
P009,2026-02-12,194000,0.0,194000
P009,2026-02-13,194000,0.0,194000
P009,2026-02-14,194000,0.0,194000
P009,2026-02-15,194000,0.0,194000
P009,2026-02-16,194000,0.0,194000
P009,2026-02-17,194000,0.0,194000
P009,2026-02-18,194000,0.0,194000
P009,2026-02-19,194000,0.0,194000
P009,2026-02-20,194000,0.0,194000
P009,2026-02-21,194000,0.0,194000
P009,2026-02-22,194000,0.0,194000
P009,2026-02-23,194000,0.0,194000
P009,2026-02-24,194000,0.0,194000
P009,2026-02-25,194000,0.0,194000
P009,2026-02-26,194000,0.0,194000
P009,2026-02-27,194000,0.0,194000
P009,2026-02-28,194000,0.0,194000
P009,2026-03-01,194000,0.0,194000
P009,2026-03-02,194000,0.0,194000
P009,2026-03-03,194000,0.0,194000
P009,2026-03-04,194000,0.0,194000
P009,2026-03-05,194000,0.0,194000
P009,2026-03-06,194000,0.0,194000
P009,2026-03-07,194000,0.0,194000
P009,2026-03-08,194000,0.0,194000
P009,2026-03-09,194000,0.0,194000
P009,2026-03-10,194000,0.0,194000
P009,2026-03-11,194000,0.0,194000
P009,2026-03-12,194000,0.0,194000
P009,2026-03-13,194000,0.0,194000
P009,2026-03-14,194000,0.0,194000
P009,2026-03-15,194000,0.0,194000
P009,2026-03-16,194000,0.0,194000
P009,2026-03-17,194000,0.0,194000
P009,2026-03-18,194000,0.0,194000
P009,2026-03-19,194000,0.0,194000
P009,2026-03-20,194000,0.0,194000
P009,2026-03-21,194000,0.0,194000
P009,2026-03-22,194000,0.0,194000
P009,2026-03-23,194000,0.0,194000
P009,2026-03-24,194000,0.0,194000
P009,2026-03-25,194000,0.0,194000
P009,2026-03-26,194000,0.0,194000
P009,2026-03-27,194000,0.0,194000
P009,2026-03-28,194000,0.0,194000
P009,2026-03-29,194000,0.0,194000
P009,2026-03-30,194000,0.0,194000
P009,2026-03-31,194000,0.0,194000
P009,2026-04-01,194000,0.0,194000
P009,2026-04-02,194000,0.0,194000
P009,2026-04-03,194000,0.0,194000
P009,2026-04-04,194000,0.0,194000
P009,2026-04-05,194000,0.0,194000
P009,2026-04-06,194000,0.0,194000
P009,2026-04-07,194000,0.0,194000
P009,2026-04-08,194000,0.0,194000
P009,2026-04-09,194000,0.0,194000
P009,2026-04-10,194000,0.0,194000
P009,2026-04-11,194000,0.0,194000
P009,2026-04-12,194000,0.0,194000
P009,2026-04-13,194000,0.0,194000
P009,2026-04-14,194000,0.0,194000
P009,2026-04-15,194000,0.0,194000
P009,2026-04-16,194000,0.0,194000
P009,2026-04-17,194000,0.0,194000
P009,2026-04-18,194000,0.0,194000
P009,2026-04-19,194000,0.0,194000
P009,2026-04-20,194000,0.0,194000
P009,2026-04-21,194000,0.2,155200
P009,2026-04-22,194000,0.2,155200
P009,2026-04-23,194000,0.2,155200
P009,2026-04-24,194000,0.2,155200
P009,2026-04-25,194000,0.2,155200
P009,2026-04-26,194000,0.2,155200
P009,2026-04-27,194000,0.2,155200
P009,2026-04-28,194000,0.2,155200
P009,2026-04-29,194000,0.2,155200
P009,2026-04-30,194000,0.2,155200
P009,2026-05-01,194000,0.2,155200
P009,2026-05-02,194000,0.2,155200
P009,2026-05-03,194000,0.2,155200
P009,2026-05-04,194000,0.2,155200
P009,2026-05-05,194000,0.2,155200
P009,2026-05-06,194000,0.2,155200
P009,2026-05-07,194000,0.2,155200
P009,2026-05-08,194000,0.2,155200
P009,2026-05-09,194000,0.2,155200
P009,2026-05-10,194000,0.2,155200
P009,2026-05-11,194000,0.2,155200
P009,2026-05-12,194000,0.2,155200
P009,2026-05-13,194000,0.2,155200
P009,2026-05-14,194000,0.2,155200
P009,2026-05-15,194000,0.2,155200
P009,2026-05-16,194000,0.2,155200
P009,2026-05-17,194000,0.2,155200
P009,2026-05-18,194000,0.2,155200
P009,2026-05-19,194000,0.2,155200
P009,2026-05-20,194000,0.2,155200
P009,2026-05-21,194000,0.3,135800
P009,2026-05-22,194000,0.3,135800
P009,2026-05-23,194000,0.3,135800
P009,2026-05-24,194000,0.3,135800
P009,2026-05-25,194000,0.3,135800
P009,2026-05-26,194000,0.3,135800
P009,2026-05-27,194000,0.3,135800
P009,2026-05-28,194000,0.3,135800
P009,2026-05-29,194000,0.3,135800
P009,2026-05-30,194000,0.3,135800
P009,2026-05-31,194000,0.3,135800
P009,2026-06-01,194000,0.3,135800
P009,2026-06-02,194000,0.3,135800
P009,2026-06-03,194000,0.3,135800
P009,2026-06-04,194000,0.3,135800
P009,2026-06-05,194000,0.3,135800
P009,2026-06-06,194000,0.3,135800
P009,2026-06-07,194000,0.3,135800
P009,2026-06-08,194000,0.3,135800
P009,2026-06-09,194000,0.3,135800
P009,2026-06-10,194000,0.3,135800
P009,2026-06-11,194000,0.3,135800
P009,2026-06-12,194000,0.3,135800
P009,2026-06-13,194000,0.3,135800
P009,2026-06-14,194000,0.3,135800
P009,2026-06-15,194000,0.3,135800
P009,2026-06-16,194000,0.3,135800
P009,2026-06-17,194000,0.3,135800
P009,2026-06-18,194000,0.3,135800
P009,2026-06-19,194000,0.3,135800
P009,2026-06-20,194000,0.3,135800
P009,2026-06-21,194000,0.3,135800
P009,2026-06-22,194000,0.3,135800
P009,2026-06-23,194000,0.3,135800
P009,2026-06-24,194000,0.3,135800
P009,2026-06-25,194000,0.3,135800
P009,2026-06-26,194000,0.3,135800
P009,2026-06-27,194000,0.3,135800
P009,2026-06-28,194000,0.3,135800
P009,2026-06-29,194000,0.3,135800
P009,2026-06-30,194000,0.3,135800
P010,2026-01-01,263000,0.0,263000
P010,2026-01-02,263000,0.0,263000
P010,2026-01-03,263000,0.0,263000
P010,2026-01-04,263000,0.0,263000
P010,2026-01-05,263000,0.0,263000
P010,2026-01-06,263000,0.0,263000
P010,2026-01-07,263000,0.0,263000
P010,2026-01-08,263000,0.0,263000
P010,2026-01-09,263000,0.0,263000
P010,2026-01-10,263000,0.0,263000
P010,2026-01-11,263000,0.0,263000
P010,2026-01-12,263000,0.0,263000
P010,2026-01-13,263000,0.0,263000
P010,2026-01-14,263000,0.0,263000
P010,2026-01-15,263000,0.0,263000
P010,2026-01-16,263000,0.0,263000
P010,2026-01-17,263000,0.0,263000
P010,2026-01-18,263000,0.0,263000
P010,2026-01-19,263000,0.0,263000
P010,2026-01-20,263000,0.0,263000
P010,2026-01-21,263000,0.0,263000
P010,2026-01-22,263000,0.0,263000
P010,2026-01-23,263000,0.0,263000
P010,2026-01-24,263000,0.0,263000
P010,2026-01-25,263000,0.0,263000
P010,2026-01-26,263000,0.0,263000
P010,2026-01-27,263000,0.0,263000
P010,2026-01-28,263000,0.0,263000
P010,2026-01-29,263000,0.0,263000
P010,2026-01-30,263000,0.0,263000
P010,2026-01-31,263000,0.0,263000
P010,2026-02-01,263000,0.0,263000
P010,2026-02-02,263000,0.0,263000
P010,2026-02-03,263000,0.0,263000
P010,2026-02-04,263000,0.0,263000
P010,2026-02-05,263000,0.0,263000
P010,2026-02-06,263000,0.0,263000
P010,2026-02-07,263000,0.0,263000
P010,2026-02-08,263000,0.0,263000
P010,2026-02-09,263000,0.0,263000
P010,2026-02-10,263000,0.0,263000
P010,2026-02-11,263000,0.0,263000
P010,2026-02-12,263000,0.0,263000
P010,2026-02-13,263000,0.0,263000
P010,2026-02-14,263000,0.0,263000
P010,2026-02-15,263000,0.0,263000
P010,2026-02-16,263000,0.0,263000
P010,2026-02-17,263000,0.0,263000
P010,2026-02-18,263000,0.0,263000
P010,2026-02-19,263000,0.0,263000
P010,2026-02-20,263000,0.0,263000
P010,2026-02-21,263000,0.0,263000
P010,2026-02-22,263000,0.0,263000
P010,2026-02-23,263000,0.0,263000
P010,2026-02-24,263000,0.0,263000
P010,2026-02-25,263000,0.0,263000
P010,2026-02-26,263000,0.0,263000
P010,2026-02-27,263000,0.0,263000
P010,2026-02-28,263000,0.0,263000
P010,2026-03-01,263000,0.0,263000
P010,2026-03-02,263000,0.0,263000
P010,2026-03-03,263000,0.0,263000
P010,2026-03-04,263000,0.0,263000
P010,2026-03-05,263000,0.0,263000
P010,2026-03-06,263000,0.0,263000
P010,2026-03-07,263000,0.0,263000
P010,2026-03-08,263000,0.0,263000
P010,2026-03-09,263000,0.0,263000
P010,2026-03-10,263000,0.0,263000
P010,2026-03-11,263000,0.0,263000
P010,2026-03-12,263000,0.0,263000
P010,2026-03-13,263000,0.0,263000
P010,2026-03-14,263000,0.0,263000
P010,2026-03-15,263000,0.0,263000
P010,2026-03-16,263000,0.0,263000
P010,2026-03-17,263000,0.0,263000
P010,2026-03-18,263000,0.0,263000
P010,2026-03-19,263000,0.0,263000
P010,2026-03-20,263000,0.0,263000
P010,2026-03-21,263000,0.0,263000
P010,2026-03-22,263000,0.0,263000
P010,2026-03-23,263000,0.0,263000
P010,2026-03-24,263000,0.0,263000
P010,2026-03-25,263000,0.0,263000
P010,2026-03-26,263000,0.0,263000
P010,2026-03-27,263000,0.0,263000
P010,2026-03-28,263000,0.0,263000
P010,2026-03-29,263000,0.0,263000
P010,2026-03-30,263000,0.0,263000
P010,2026-03-31,263000,0.0,263000
P010,2026-04-01,263000,0.0,263000
P010,2026-04-02,263000,0.0,263000
P010,2026-04-03,263000,0.0,263000
P010,2026-04-04,263000,0.0,263000
P010,2026-04-05,263000,0.0,263000
P010,2026-04-06,263000,0.0,263000
P010,2026-04-07,263000,0.0,263000
P010,2026-04-08,263000,0.0,263000
P010,2026-04-09,263000,0.0,263000
P010,2026-04-10,263000,0.0,263000
P010,2026-04-11,263000,0.0,263000
P010,2026-04-12,263000,0.0,263000
P010,2026-04-13,263000,0.0,263000
P010,2026-04-14,263000,0.0,263000
P010,2026-04-15,263000,0.0,263000
P010,2026-04-16,263000,0.0,263000
P010,2026-04-17,263000,0.0,263000
P010,2026-04-18,263000,0.0,263000
P010,2026-04-19,263000,0.0,263000
P010,2026-04-20,263000,0.0,263000
P010,2026-04-21,263000,0.0,263000
P010,2026-04-22,263000,0.0,263000
P010,2026-04-23,263000,0.0,263000
P010,2026-04-24,263000,0.0,263000
P010,2026-04-25,263000,0.0,263000
P010,2026-04-26,263000,0.0,263000
P010,2026-04-27,263000,0.0,263000
P010,2026-04-28,263000,0.0,263000
P010,2026-04-29,263000,0.0,263000
P010,2026-04-30,263000,0.0,263000
P010,2026-05-01,263000,0.0,263000
P010,2026-05-02,263000,0.0,263000
P010,2026-05-03,263000,0.0,263000
P010,2026-05-04,263000,0.0,263000
P010,2026-05-05,263000,0.0,263000
P010,2026-05-06,263000,0.0,263000
P010,2026-05-07,263000,0.0,263000
P010,2026-05-08,263000,0.0,263000
P010,2026-05-09,263000,0.0,263000
P010,2026-05-10,263000,0.0,263000
P010,2026-05-11,263000,0.0,263000
P010,2026-05-12,263000,0.0,263000
P010,2026-05-13,263000,0.0,263000
P010,2026-05-14,263000,0.0,263000
P010,2026-05-15,263000,0.0,263000
P010,2026-05-16,263000,0.0,263000
P010,2026-05-17,263000,0.0,263000
P010,2026-05-18,263000,0.0,263000
P010,2026-05-19,263000,0.0,263000
P010,2026-05-20,263000,0.0,263000
P010,2026-05-21,263000,0.0,263000
P010,2026-05-22,263000,0.0,263000
P010,2026-05-23,263000,0.0,263000
P010,2026-05-24,263000,0.0,263000
P010,2026-05-25,263000,0.0,263000
P010,2026-05-26,263000,0.0,263000
P010,2026-05-27,263000,0.0,263000
P010,2026-05-28,263000,0.0,263000
P010,2026-05-29,263000,0.0,263000
P010,2026-05-30,263000,0.0,263000
P010,2026-05-31,263000,0.0,263000
P010,2026-06-01,263000,0.0,263000
P010,2026-06-02,263000,0.0,263000
P010,2026-06-03,263000,0.0,263000
P010,2026-06-04,263000,0.0,263000
P010,2026-06-05,263000,0.0,263000
P010,2026-06-06,263000,0.0,263000
P010,2026-06-07,263000,0.0,263000
P010,2026-06-08,263000,0.0,263000
P010,2026-06-09,263000,0.0,263000
P010,2026-06-10,263000,0.0,263000
P010,2026-06-11,263000,0.0,263000
P010,2026-06-12,263000,0.0,263000
P010,2026-06-13,263000,0.0,263000
P010,2026-06-14,263000,0.0,263000
P010,2026-06-15,263000,0.0,263000
P010,2026-06-16,263000,0.0,263000
P010,2026-06-17,263000,0.0,263000
P010,2026-06-18,263000,0.0,263000
P010,2026-06-19,263000,0.0,263000
P010,2026-06-20,263000,0.0,263000
P010,2026-06-21,263000,0.0,263000
P010,2026-06-22,263000,0.0,263000
P010,2026-06-23,263000,0.0,263000
P010,2026-06-24,263000,0.0,263000
P010,2026-06-25,263000,0.0,263000
P010,2026-06-26,263000,0.0,263000
P010,2026-06-27,263000,0.0,263000
P010,2026-06-28,263000,0.0,263000
P010,2026-06-29,263000,0.0,263000
P010,2026-06-30,263000,0.0,263000
P011,2026-01-01,265000,0.0,265000
P011,2026-01-02,265000,0.0,265000
P011,2026-01-03,265000,0.0,265000
P011,2026-01-04,265000,0.0,265000
P011,2026-01-05,265000,0.0,265000
P011,2026-01-06,265000,0.0,265000
P011,2026-01-07,265000,0.0,265000
P011,2026-01-08,265000,0.0,265000
P011,2026-01-09,265000,0.0,265000
P011,2026-01-10,265000,0.0,265000
P011,2026-01-11,265000,0.0,265000
P011,2026-01-12,265000,0.0,265000
P011,2026-01-13,265000,0.0,265000
P011,2026-01-14,265000,0.0,265000
P011,2026-01-15,265000,0.0,265000
P011,2026-01-16,265000,0.0,265000
P011,2026-01-17,265000,0.0,265000
P011,2026-01-18,265000,0.0,265000
P011,2026-01-19,265000,0.0,265000
P011,2026-01-20,265000,0.0,265000
P011,2026-01-21,265000,0.0,265000
P011,2026-01-22,265000,0.0,265000
P011,2026-01-23,265000,0.0,265000
P011,2026-01-24,265000,0.0,265000
P011,2026-01-25,265000,0.0,265000
P011,2026-01-26,265000,0.0,265000
P011,2026-01-27,265000,0.0,265000
P011,2026-01-28,265000,0.0,265000
P011,2026-01-29,265000,0.0,265000
P011,2026-01-30,265000,0.0,265000
P011,2026-01-31,265000,0.0,265000
P011,2026-02-01,265000,0.0,265000
P011,2026-02-02,265000,0.0,265000
P011,2026-02-03,265000,0.0,265000
P011,2026-02-04,265000,0.0,265000
P011,2026-02-05,265000,0.0,265000
P011,2026-02-06,265000,0.0,265000
P011,2026-02-07,265000,0.0,265000
P011,2026-02-08,265000,0.0,265000
P011,2026-02-09,265000,0.0,265000
P011,2026-02-10,265000,0.0,265000
P011,2026-02-11,265000,0.0,265000
P011,2026-02-12,265000,0.0,265000
P011,2026-02-13,265000,0.0,265000
P011,2026-02-14,265000,0.0,265000
P011,2026-02-15,265000,0.0,265000
P011,2026-02-16,265000,0.0,265000
P011,2026-02-17,265000,0.0,265000
P011,2026-02-18,265000,0.0,265000
P011,2026-02-19,265000,0.0,265000
P011,2026-02-20,265000,0.0,265000
P011,2026-02-21,265000,0.0,265000
P011,2026-02-22,265000,0.0,265000
P011,2026-02-23,265000,0.0,265000
P011,2026-02-24,265000,0.0,265000
P011,2026-02-25,265000,0.0,265000
P011,2026-02-26,265000,0.0,265000
P011,2026-02-27,265000,0.0,265000
P011,2026-02-28,265000,0.0,265000
P011,2026-03-01,265000,0.0,265000
P011,2026-03-02,265000,0.0,265000
P011,2026-03-03,265000,0.0,265000
P011,2026-03-04,265000,0.0,265000
P011,2026-03-05,265000,0.0,265000
P011,2026-03-06,265000,0.0,265000
P011,2026-03-07,265000,0.0,265000
P011,2026-03-08,265000,0.0,265000
P011,2026-03-09,265000,0.0,265000
P011,2026-03-10,265000,0.0,265000
P011,2026-03-11,265000,0.0,265000
P011,2026-03-12,265000,0.0,265000
P011,2026-03-13,265000,0.0,265000
P011,2026-03-14,265000,0.0,265000
P011,2026-03-15,265000,0.0,265000
P011,2026-03-16,265000,0.0,265000
P011,2026-03-17,265000,0.0,265000
P011,2026-03-18,265000,0.0,265000
P011,2026-03-19,265000,0.0,265000
P011,2026-03-20,265000,0.0,265000
P011,2026-03-21,265000,0.0,265000
P011,2026-03-22,265000,0.0,265000
P011,2026-03-23,265000,0.0,265000
P011,2026-03-24,265000,0.0,265000
P011,2026-03-25,265000,0.0,265000
P011,2026-03-26,265000,0.0,265000
P011,2026-03-27,265000,0.0,265000
P011,2026-03-28,265000,0.0,265000
P011,2026-03-29,265000,0.0,265000
P011,2026-03-30,265000,0.0,265000
P011,2026-03-31,265000,0.0,265000
P011,2026-04-01,265000,0.0,265000
P011,2026-04-02,265000,0.0,265000
P011,2026-04-03,265000,0.0,265000
P011,2026-04-04,265000,0.0,265000
P011,2026-04-05,265000,0.0,265000
P011,2026-04-06,265000,0.0,265000
P011,2026-04-07,265000,0.0,265000
P011,2026-04-08,265000,0.0,265000
P011,2026-04-09,265000,0.0,265000
P011,2026-04-10,265000,0.0,265000
P011,2026-04-11,265000,0.0,265000
P011,2026-04-12,265000,0.0,265000
P011,2026-04-13,265000,0.0,265000
P011,2026-04-14,265000,0.0,265000
P011,2026-04-15,265000,0.0,265000
P011,2026-04-16,265000,0.0,265000
P011,2026-04-17,265000,0.0,265000
P011,2026-04-18,265000,0.0,265000
P011,2026-04-19,265000,0.0,265000
P011,2026-04-20,265000,0.0,265000
P011,2026-04-21,265000,0.0,265000
P011,2026-04-22,265000,0.0,265000
P011,2026-04-23,265000,0.0,265000
P011,2026-04-24,265000,0.0,265000
P011,2026-04-25,265000,0.0,265000
P011,2026-04-26,265000,0.0,265000
P011,2026-04-27,265000,0.0,265000
P011,2026-04-28,265000,0.0,265000
P011,2026-04-29,265000,0.0,265000
P011,2026-04-30,265000,0.0,265000
P011,2026-05-01,265000,0.0,265000
P011,2026-05-02,265000,0.0,265000
P011,2026-05-03,265000,0.0,265000
P011,2026-05-04,265000,0.0,265000
P011,2026-05-05,265000,0.0,265000
P011,2026-05-06,265000,0.0,265000
P011,2026-05-07,265000,0.0,265000
P011,2026-05-08,265000,0.0,265000
P011,2026-05-09,265000,0.0,265000
P011,2026-05-10,265000,0.0,265000
P011,2026-05-11,265000,0.0,265000
P011,2026-05-12,265000,0.0,265000
P011,2026-05-13,265000,0.0,265000
P011,2026-05-14,265000,0.0,265000
P011,2026-05-15,265000,0.0,265000
P011,2026-05-16,265000,0.0,265000
P011,2026-05-17,265000,0.0,265000
P011,2026-05-18,265000,0.0,265000
P011,2026-05-19,265000,0.0,265000
P011,2026-05-20,265000,0.0,265000
P011,2026-05-21,265000,0.0,265000
P011,2026-05-22,265000,0.0,265000
P011,2026-05-23,265000,0.2,212000
P011,2026-05-24,265000,0.2,212000
P011,2026-05-25,265000,0.2,212000
P011,2026-05-26,265000,0.2,212000
P011,2026-05-27,265000,0.2,212000
P011,2026-05-28,265000,0.2,212000
P011,2026-05-29,265000,0.2,212000
P011,2026-05-30,265000,0.2,212000
P011,2026-05-31,265000,0.2,212000
P011,2026-06-01,265000,0.2,212000
P011,2026-06-02,265000,0.2,212000
P011,2026-06-03,265000,0.2,212000
P011,2026-06-04,265000,0.2,212000
P011,2026-06-05,265000,0.2,212000
P011,2026-06-06,265000,0.2,212000
P011,2026-06-07,265000,0.2,212000
P011,2026-06-08,265000,0.2,212000
P011,2026-06-09,265000,0.2,212000
P011,2026-06-10,265000,0.2,212000
P011,2026-06-11,265000,0.2,212000
P011,2026-06-12,265000,0.2,212000
P011,2026-06-13,265000,0.2,212000
P011,2026-06-14,265000,0.2,212000
P011,2026-06-15,265000,0.2,212000
P011,2026-06-16,265000,0.2,212000
P011,2026-06-17,265000,0.2,212000
P011,2026-06-18,265000,0.2,212000
P011,2026-06-19,265000,0.2,212000
P011,2026-06-20,265000,0.2,212000
P011,2026-06-21,265000,0.2,212000
P011,2026-06-22,265000,0.3,185500
P011,2026-06-23,265000,0.3,185500
P011,2026-06-24,265000,0.3,185500
P011,2026-06-25,265000,0.3,185500
P011,2026-06-26,265000,0.3,185500
P011,2026-06-27,265000,0.3,185500
P011,2026-06-28,265000,0.3,185500
P011,2026-06-29,265000,0.3,185500
P011,2026-06-30,265000,0.3,185500
P012,2026-01-01,138000,0.0,138000
P012,2026-01-02,138000,0.0,138000
P012,2026-01-03,138000,0.0,138000
P012,2026-01-04,138000,0.0,138000
P012,2026-01-05,138000,0.0,138000
P012,2026-01-06,138000,0.0,138000
P012,2026-01-07,138000,0.0,138000
P012,2026-01-08,138000,0.0,138000
P012,2026-01-09,138000,0.0,138000
P012,2026-01-10,138000,0.0,138000
P012,2026-01-11,138000,0.0,138000
P012,2026-01-12,138000,0.0,138000
P012,2026-01-13,138000,0.0,138000
P012,2026-01-14,138000,0.0,138000
P012,2026-01-15,138000,0.0,138000
P012,2026-01-16,138000,0.0,138000
P012,2026-01-17,138000,0.0,138000
P012,2026-01-18,138000,0.0,138000
P012,2026-01-19,138000,0.0,138000
P012,2026-01-20,138000,0.0,138000
P012,2026-01-21,138000,0.0,138000
P012,2026-01-22,138000,0.0,138000
P012,2026-01-23,138000,0.0,138000
P012,2026-01-24,138000,0.0,138000
P012,2026-01-25,138000,0.0,138000
P012,2026-01-26,138000,0.0,138000
P012,2026-01-27,138000,0.0,138000
P012,2026-01-28,138000,0.0,138000
P012,2026-01-29,138000,0.0,138000
P012,2026-01-30,138000,0.0,138000
P012,2026-01-31,138000,0.0,138000
P012,2026-02-01,138000,0.0,138000
P012,2026-02-02,138000,0.0,138000
P012,2026-02-03,138000,0.0,138000
P012,2026-02-04,138000,0.0,138000
P012,2026-02-05,138000,0.0,138000
P012,2026-02-06,138000,0.0,138000
P012,2026-02-07,138000,0.0,138000
P012,2026-02-08,138000,0.0,138000
P012,2026-02-09,138000,0.0,138000
P012,2026-02-10,138000,0.0,138000
P012,2026-02-11,138000,0.0,138000
P012,2026-02-12,138000,0.0,138000
P012,2026-02-13,138000,0.0,138000
P012,2026-02-14,138000,0.0,138000
P012,2026-02-15,138000,0.0,138000
P012,2026-02-16,138000,0.0,138000
P012,2026-02-17,138000,0.0,138000
P012,2026-02-18,138000,0.0,138000
P012,2026-02-19,138000,0.0,138000
P012,2026-02-20,138000,0.0,138000
P012,2026-02-21,138000,0.0,138000
P012,2026-02-22,138000,0.0,138000
P012,2026-02-23,138000,0.0,138000
P012,2026-02-24,138000,0.0,138000
P012,2026-02-25,138000,0.0,138000
P012,2026-02-26,138000,0.0,138000
P012,2026-02-27,138000,0.0,138000
P012,2026-02-28,138000,0.0,138000
P012,2026-03-01,138000,0.0,138000
P012,2026-03-02,138000,0.0,138000
P012,2026-03-03,138000,0.0,138000
P012,2026-03-04,138000,0.0,138000
P012,2026-03-05,138000,0.0,138000
P012,2026-03-06,138000,0.0,138000
P012,2026-03-07,138000,0.0,138000
P012,2026-03-08,138000,0.0,138000
P012,2026-03-09,138000,0.0,138000
P012,2026-03-10,138000,0.0,138000
P012,2026-03-11,138000,0.0,138000
P012,2026-03-12,138000,0.0,138000
P012,2026-03-13,138000,0.0,138000
P012,2026-03-14,138000,0.0,138000
P012,2026-03-15,138000,0.0,138000
P012,2026-03-16,138000,0.0,138000
P012,2026-03-17,138000,0.0,138000
P012,2026-03-18,138000,0.0,138000
P012,2026-03-19,138000,0.0,138000
P012,2026-03-20,138000,0.0,138000
P012,2026-03-21,138000,0.0,138000
P012,2026-03-22,138000,0.0,138000
P012,2026-03-23,138000,0.0,138000
P012,2026-03-24,138000,0.0,138000
P012,2026-03-25,138000,0.0,138000
P012,2026-03-26,138000,0.0,138000
P012,2026-03-27,138000,0.0,138000
P012,2026-03-28,138000,0.0,138000
P012,2026-03-29,138000,0.0,138000
P012,2026-03-30,138000,0.0,138000
P012,2026-03-31,138000,0.0,138000
P012,2026-04-01,138000,0.0,138000
P012,2026-04-02,138000,0.0,138000
P012,2026-04-03,138000,0.0,138000
P012,2026-04-04,138000,0.0,138000
P012,2026-04-05,138000,0.0,138000
P012,2026-04-06,138000,0.0,138000
P012,2026-04-07,138000,0.0,138000
P012,2026-04-08,138000,0.0,138000
P012,2026-04-09,138000,0.0,138000
P012,2026-04-10,138000,0.0,138000
P012,2026-04-11,138000,0.0,138000
P012,2026-04-12,138000,0.0,138000
P012,2026-04-13,138000,0.0,138000
P012,2026-04-14,138000,0.0,138000
P012,2026-04-15,138000,0.0,138000
P012,2026-04-16,138000,0.0,138000
P012,2026-04-17,138000,0.0,138000
P012,2026-04-18,138000,0.0,138000
P012,2026-04-19,138000,0.0,138000
P012,2026-04-20,138000,0.0,138000
P012,2026-04-21,138000,0.0,138000
P012,2026-04-22,138000,0.0,138000
P012,2026-04-23,138000,0.0,138000
P012,2026-04-24,138000,0.0,138000
P012,2026-04-25,138000,0.0,138000
P012,2026-04-26,138000,0.0,138000
P012,2026-04-27,138000,0.0,138000
P012,2026-04-28,138000,0.0,138000
P012,2026-04-29,138000,0.0,138000
P012,2026-04-30,138000,0.0,138000
P012,2026-05-01,138000,0.0,138000
P012,2026-05-02,138000,0.0,138000
P012,2026-05-03,138000,0.0,138000
P012,2026-05-04,138000,0.0,138000
P012,2026-05-05,138000,0.0,138000
P012,2026-05-06,138000,0.0,138000
P012,2026-05-07,138000,0.0,138000
P012,2026-05-08,138000,0.0,138000
P012,2026-05-09,138000,0.0,138000
P012,2026-05-10,138000,0.0,138000
P012,2026-05-11,138000,0.0,138000
P012,2026-05-12,138000,0.0,138000
P012,2026-05-13,138000,0.0,138000
P012,2026-05-14,138000,0.0,138000
P012,2026-05-15,138000,0.0,138000
P012,2026-05-16,138000,0.0,138000
P012,2026-05-17,138000,0.0,138000
P012,2026-05-18,138000,0.0,138000
P012,2026-05-19,138000,0.0,138000
P012,2026-05-20,138000,0.0,138000
P012,2026-05-21,138000,0.0,138000
P012,2026-05-22,138000,0.0,138000
P012,2026-05-23,138000,0.0,138000
P012,2026-05-24,138000,0.0,138000
P012,2026-05-25,138000,0.0,138000
P012,2026-05-26,138000,0.0,138000
P012,2026-05-27,138000,0.0,138000
P012,2026-05-28,138000,0.0,138000
P012,2026-05-29,138000,0.0,138000
P012,2026-05-30,138000,0.0,138000
P012,2026-05-31,138000,0.0,138000
P012,2026-06-01,138000,0.0,138000
P012,2026-06-02,138000,0.0,138000
P012,2026-06-03,138000,0.0,138000
P012,2026-06-04,138000,0.0,138000
P012,2026-06-05,138000,0.0,138000
P012,2026-06-06,138000,0.0,138000
P012,2026-06-07,138000,0.0,138000
P012,2026-06-08,138000,0.0,138000
P012,2026-06-09,138000,0.0,138000
P012,2026-06-10,138000,0.0,138000
P012,2026-06-11,138000,0.0,138000
P012,2026-06-12,138000,0.0,138000
P012,2026-06-13,138000,0.0,138000
P012,2026-06-14,138000,0.0,138000
P012,2026-06-15,138000,0.0,138000
P012,2026-06-16,138000,0.0,138000
P012,2026-06-17,138000,0.0,138000
P012,2026-06-18,138000,0.0,138000
P012,2026-06-19,138000,0.0,138000
P012,2026-06-20,138000,0.0,138000
P012,2026-06-21,138000,0.0,138000
P012,2026-06-22,138000,0.0,138000
P012,2026-06-23,138000,0.0,138000
P012,2026-06-24,138000,0.0,138000
P012,2026-06-25,138000,0.0,138000
P012,2026-06-26,138000,0.0,138000
P012,2026-06-27,138000,0.0,138000
P012,2026-06-28,138000,0.0,138000
P012,2026-06-29,138000,0.0,138000
P012,2026-06-30,138000,0.0,138000
P013,2026-01-01,271000,0.0,271000
P013,2026-01-02,271000,0.0,271000
P013,2026-01-03,271000,0.0,271000
P013,2026-01-04,271000,0.0,271000
P013,2026-01-05,271000,0.0,271000
P013,2026-01-06,271000,0.0,271000
P013,2026-01-07,271000,0.0,271000
P013,2026-01-08,271000,0.0,271000
P013,2026-01-09,271000,0.0,271000
P013,2026-01-10,271000,0.0,271000
P013,2026-01-11,271000,0.0,271000
P013,2026-01-12,271000,0.0,271000
P013,2026-01-13,271000,0.0,271000
P013,2026-01-14,271000,0.0,271000
P013,2026-01-15,271000,0.0,271000
P013,2026-01-16,271000,0.0,271000
P013,2026-01-17,271000,0.0,271000
P013,2026-01-18,271000,0.0,271000
P013,2026-01-19,271000,0.0,271000
P013,2026-01-20,271000,0.0,271000
P013,2026-01-21,271000,0.0,271000
P013,2026-01-22,271000,0.0,271000
P013,2026-01-23,271000,0.0,271000
P013,2026-01-24,271000,0.0,271000
P013,2026-01-25,271000,0.0,271000
P013,2026-01-26,271000,0.0,271000
P013,2026-01-27,271000,0.0,271000
P013,2026-01-28,271000,0.0,271000
P013,2026-01-29,271000,0.0,271000
P013,2026-01-30,271000,0.0,271000
P013,2026-01-31,271000,0.0,271000
P013,2026-02-01,271000,0.0,271000
P013,2026-02-02,271000,0.0,271000
P013,2026-02-03,271000,0.0,271000
P013,2026-02-04,271000,0.0,271000
P013,2026-02-05,271000,0.0,271000
P013,2026-02-06,271000,0.0,271000
P013,2026-02-07,271000,0.0,271000
P013,2026-02-08,271000,0.0,271000
P013,2026-02-09,271000,0.0,271000
P013,2026-02-10,271000,0.0,271000
P013,2026-02-11,271000,0.0,271000
P013,2026-02-12,271000,0.0,271000
P013,2026-02-13,271000,0.0,271000
P013,2026-02-14,271000,0.0,271000
P013,2026-02-15,271000,0.0,271000
P013,2026-02-16,271000,0.0,271000
P013,2026-02-17,271000,0.0,271000
P013,2026-02-18,271000,0.0,271000
P013,2026-02-19,271000,0.0,271000
P013,2026-02-20,271000,0.0,271000
P013,2026-02-21,271000,0.0,271000
P013,2026-02-22,271000,0.0,271000
P013,2026-02-23,271000,0.0,271000
P013,2026-02-24,271000,0.0,271000
P013,2026-02-25,271000,0.0,271000
P013,2026-02-26,271000,0.0,271000
P013,2026-02-27,271000,0.0,271000
P013,2026-02-28,271000,0.0,271000
P013,2026-03-01,271000,0.0,271000
P013,2026-03-02,271000,0.0,271000
P013,2026-03-03,271000,0.0,271000
P013,2026-03-04,271000,0.0,271000
P013,2026-03-05,271000,0.0,271000
P013,2026-03-06,271000,0.0,271000
P013,2026-03-07,271000,0.0,271000
P013,2026-03-08,271000,0.0,271000
P013,2026-03-09,271000,0.0,271000
P013,2026-03-10,271000,0.0,271000
P013,2026-03-11,271000,0.0,271000
P013,2026-03-12,271000,0.0,271000
P013,2026-03-13,271000,0.0,271000
P013,2026-03-14,271000,0.0,271000
P013,2026-03-15,271000,0.0,271000
P013,2026-03-16,271000,0.0,271000
P013,2026-03-17,271000,0.0,271000
P013,2026-03-18,271000,0.0,271000
P013,2026-03-19,271000,0.0,271000
P013,2026-03-20,271000,0.0,271000
P013,2026-03-21,271000,0.0,271000
P013,2026-03-22,271000,0.0,271000
P013,2026-03-23,271000,0.0,271000
P013,2026-03-24,271000,0.0,271000
P013,2026-03-25,271000,0.0,271000
P013,2026-03-26,271000,0.0,271000
P013,2026-03-27,271000,0.0,271000
P013,2026-03-28,271000,0.0,271000
P013,2026-03-29,271000,0.0,271000
P013,2026-03-30,271000,0.0,271000
P013,2026-03-31,271000,0.0,271000
P013,2026-04-01,271000,0.0,271000
P013,2026-04-02,271000,0.0,271000
P013,2026-04-03,271000,0.0,271000
P013,2026-04-04,271000,0.0,271000
P013,2026-04-05,271000,0.0,271000
P013,2026-04-06,271000,0.0,271000
P013,2026-04-07,271000,0.0,271000
P013,2026-04-08,271000,0.0,271000
P013,2026-04-09,271000,0.0,271000
P013,2026-04-10,271000,0.0,271000
P013,2026-04-11,271000,0.0,271000
P013,2026-04-12,271000,0.0,271000
P013,2026-04-13,271000,0.0,271000
P013,2026-04-14,271000,0.0,271000
P013,2026-04-15,271000,0.0,271000
P013,2026-04-16,271000,0.0,271000
P013,2026-04-17,271000,0.0,271000
P013,2026-04-18,271000,0.0,271000
P013,2026-04-19,271000,0.0,271000
P013,2026-04-20,271000,0.0,271000
P013,2026-04-21,271000,0.0,271000
P013,2026-04-22,271000,0.0,271000
P013,2026-04-23,271000,0.0,271000
P013,2026-04-24,271000,0.0,271000
P013,2026-04-25,271000,0.0,271000
P013,2026-04-26,271000,0.0,271000
P013,2026-04-27,271000,0.0,271000
P013,2026-04-28,271000,0.0,271000
P013,2026-04-29,271000,0.0,271000
P013,2026-04-30,271000,0.0,271000
P013,2026-05-01,271000,0.0,271000
P013,2026-05-02,271000,0.0,271000
P013,2026-05-03,271000,0.0,271000
P013,2026-05-04,271000,0.0,271000
P013,2026-05-05,271000,0.0,271000
P013,2026-05-06,271000,0.0,271000
P013,2026-05-07,271000,0.0,271000
P013,2026-05-08,271000,0.0,271000
P013,2026-05-09,271000,0.0,271000
P013,2026-05-10,271000,0.0,271000
P013,2026-05-11,271000,0.0,271000
P013,2026-05-12,271000,0.0,271000
P013,2026-05-13,271000,0.0,271000
P013,2026-05-14,271000,0.0,271000
P013,2026-05-15,271000,0.0,271000
P013,2026-05-16,271000,0.0,271000
P013,2026-05-17,271000,0.0,271000
P013,2026-05-18,271000,0.0,271000
P013,2026-05-19,271000,0.0,271000
P013,2026-05-20,271000,0.0,271000
P013,2026-05-21,271000,0.0,271000
P013,2026-05-22,271000,0.0,271000
P013,2026-05-23,271000,0.0,271000
P013,2026-05-24,271000,0.0,271000
P013,2026-05-25,271000,0.0,271000
P013,2026-05-26,271000,0.0,271000
P013,2026-05-27,271000,0.0,271000
P013,2026-05-28,271000,0.0,271000
P013,2026-05-29,271000,0.0,271000
P013,2026-05-30,271000,0.0,271000
P013,2026-05-31,271000,0.0,271000
P013,2026-06-01,271000,0.0,271000
P013,2026-06-02,271000,0.0,271000
P013,2026-06-03,271000,0.0,271000
P013,2026-06-04,271000,0.0,271000
P013,2026-06-05,271000,0.0,271000
P013,2026-06-06,271000,0.0,271000
P013,2026-06-07,271000,0.0,271000
P013,2026-06-08,271000,0.0,271000
P013,2026-06-09,271000,0.0,271000
P013,2026-06-10,271000,0.0,271000
P013,2026-06-11,271000,0.0,271000
P013,2026-06-12,271000,0.0,271000
P013,2026-06-13,271000,0.0,271000
P013,2026-06-14,271000,0.0,271000
P013,2026-06-15,271000,0.0,271000
P013,2026-06-16,271000,0.0,271000
P013,2026-06-17,271000,0.0,271000
P013,2026-06-18,271000,0.0,271000
P013,2026-06-19,271000,0.0,271000
P013,2026-06-20,271000,0.0,271000
P013,2026-06-21,271000,0.0,271000
P013,2026-06-22,271000,0.0,271000
P013,2026-06-23,271000,0.0,271000
P013,2026-06-24,271000,0.0,271000
P013,2026-06-25,271000,0.0,271000
P013,2026-06-26,271000,0.0,271000
P013,2026-06-27,271000,0.0,271000
P013,2026-06-28,271000,0.0,271000
P013,2026-06-29,271000,0.0,271000
P013,2026-06-30,271000,0.0,271000
P014,2026-01-01,203000,0.0,203000
P014,2026-01-02,203000,0.0,203000
P014,2026-01-03,203000,0.0,203000
P014,2026-01-04,203000,0.0,203000
P014,2026-01-05,203000,0.0,203000
P014,2026-01-06,203000,0.0,203000
P014,2026-01-07,203000,0.0,203000
P014,2026-01-08,203000,0.0,203000
P014,2026-01-09,203000,0.0,203000
P014,2026-01-10,203000,0.0,203000
P014,2026-01-11,203000,0.0,203000
P014,2026-01-12,203000,0.0,203000
P014,2026-01-13,203000,0.0,203000
P014,2026-01-14,203000,0.0,203000
P014,2026-01-15,203000,0.0,203000
P014,2026-01-16,203000,0.0,203000
P014,2026-01-17,203000,0.0,203000
P014,2026-01-18,203000,0.0,203000
P014,2026-01-19,203000,0.0,203000
P014,2026-01-20,203000,0.0,203000
P014,2026-01-21,203000,0.0,203000
P014,2026-01-22,203000,0.0,203000
P014,2026-01-23,203000,0.0,203000
P014,2026-01-24,203000,0.0,203000
P014,2026-01-25,203000,0.0,203000
P014,2026-01-26,203000,0.0,203000
P014,2026-01-27,203000,0.0,203000
P014,2026-01-28,203000,0.0,203000
P014,2026-01-29,203000,0.0,203000
P014,2026-01-30,203000,0.0,203000
P014,2026-01-31,203000,0.0,203000
P014,2026-02-01,203000,0.0,203000
P014,2026-02-02,203000,0.0,203000
P014,2026-02-03,203000,0.0,203000
P014,2026-02-04,203000,0.0,203000
P014,2026-02-05,203000,0.0,203000
P014,2026-02-06,203000,0.0,203000
P014,2026-02-07,203000,0.0,203000
P014,2026-02-08,203000,0.0,203000
P014,2026-02-09,203000,0.0,203000
P014,2026-02-10,203000,0.0,203000
P014,2026-02-11,203000,0.0,203000
P014,2026-02-12,203000,0.0,203000
P014,2026-02-13,203000,0.0,203000
P014,2026-02-14,203000,0.0,203000
P014,2026-02-15,203000,0.0,203000
P014,2026-02-16,203000,0.0,203000
P014,2026-02-17,203000,0.0,203000
P014,2026-02-18,203000,0.0,203000
P014,2026-02-19,203000,0.0,203000
P014,2026-02-20,203000,0.0,203000
P014,2026-02-21,203000,0.0,203000
P014,2026-02-22,203000,0.0,203000
P014,2026-02-23,203000,0.0,203000
P014,2026-02-24,203000,0.0,203000
P014,2026-02-25,203000,0.0,203000
P014,2026-02-26,203000,0.0,203000
P014,2026-02-27,203000,0.0,203000
P014,2026-02-28,203000,0.0,203000
P014,2026-03-01,203000,0.0,203000
P014,2026-03-02,203000,0.0,203000
P014,2026-03-03,203000,0.0,203000
P014,2026-03-04,203000,0.0,203000
P014,2026-03-05,203000,0.0,203000
P014,2026-03-06,203000,0.0,203000
P014,2026-03-07,203000,0.0,203000
P014,2026-03-08,203000,0.0,203000
P014,2026-03-09,203000,0.0,203000
P014,2026-03-10,203000,0.0,203000
P014,2026-03-11,203000,0.0,203000
P014,2026-03-12,203000,0.0,203000
P014,2026-03-13,203000,0.0,203000
P014,2026-03-14,203000,0.0,203000
P014,2026-03-15,203000,0.0,203000
P014,2026-03-16,203000,0.0,203000
P014,2026-03-17,203000,0.0,203000
P014,2026-03-18,203000,0.0,203000
P014,2026-03-19,203000,0.0,203000
P014,2026-03-20,203000,0.0,203000
P014,2026-03-21,203000,0.0,203000
P014,2026-03-22,203000,0.0,203000
P014,2026-03-23,203000,0.0,203000
P014,2026-03-24,203000,0.0,203000
P014,2026-03-25,203000,0.0,203000
P014,2026-03-26,203000,0.0,203000
P014,2026-03-27,203000,0.0,203000
P014,2026-03-28,203000,0.0,203000
P014,2026-03-29,203000,0.0,203000
P014,2026-03-30,203000,0.0,203000
P014,2026-03-31,203000,0.0,203000
P014,2026-04-01,203000,0.0,203000
P014,2026-04-02,203000,0.0,203000
P014,2026-04-03,203000,0.0,203000
P014,2026-04-04,203000,0.0,203000
P014,2026-04-05,203000,0.0,203000
P014,2026-04-06,203000,0.0,203000
P014,2026-04-07,203000,0.0,203000
P014,2026-04-08,203000,0.0,203000
P014,2026-04-09,203000,0.0,203000
P014,2026-04-10,203000,0.0,203000
P014,2026-04-11,203000,0.0,203000
P014,2026-04-12,203000,0.0,203000
P014,2026-04-13,203000,0.0,203000
P014,2026-04-14,203000,0.0,203000
P014,2026-04-15,203000,0.0,203000
P014,2026-04-16,203000,0.0,203000
P014,2026-04-17,203000,0.0,203000
P014,2026-04-18,203000,0.0,203000
P014,2026-04-19,203000,0.0,203000
P014,2026-04-20,203000,0.0,203000
P014,2026-04-21,203000,0.0,203000
P014,2026-04-22,203000,0.0,203000
P014,2026-04-23,203000,0.0,203000
P014,2026-04-24,203000,0.0,203000
P014,2026-04-25,203000,0.0,203000
P014,2026-04-26,203000,0.0,203000
P014,2026-04-27,203000,0.0,203000
P014,2026-04-28,203000,0.0,203000
P014,2026-04-29,203000,0.0,203000
P014,2026-04-30,203000,0.0,203000
P014,2026-05-01,203000,0.0,203000
P014,2026-05-02,203000,0.0,203000
P014,2026-05-03,203000,0.0,203000
P014,2026-05-04,203000,0.0,203000
P014,2026-05-05,203000,0.0,203000
P014,2026-05-06,203000,0.0,203000
P014,2026-05-07,203000,0.0,203000
P014,2026-05-08,203000,0.0,203000
P014,2026-05-09,203000,0.0,203000
P014,2026-05-10,203000,0.0,203000
P014,2026-05-11,203000,0.0,203000
P014,2026-05-12,203000,0.0,203000
P014,2026-05-13,203000,0.0,203000
P014,2026-05-14,203000,0.0,203000
P014,2026-05-15,203000,0.0,203000
P014,2026-05-16,203000,0.0,203000
P014,2026-05-17,203000,0.2,162400
P014,2026-05-18,203000,0.2,162400
P014,2026-05-19,203000,0.2,162400
P014,2026-05-20,203000,0.2,162400
P014,2026-05-21,203000,0.2,162400
P014,2026-05-22,203000,0.2,162400
P014,2026-05-23,203000,0.2,162400
P014,2026-05-24,203000,0.2,162400
P014,2026-05-25,203000,0.2,162400
P014,2026-05-26,203000,0.2,162400
P014,2026-05-27,203000,0.2,162400
P014,2026-05-28,203000,0.2,162400
P014,2026-05-29,203000,0.2,162400
P014,2026-05-30,203000,0.2,162400
P014,2026-05-31,203000,0.2,162400
P014,2026-06-01,203000,0.2,162400
P014,2026-06-02,203000,0.2,162400
P014,2026-06-03,203000,0.2,162400
P014,2026-06-04,203000,0.2,162400
P014,2026-06-05,203000,0.2,162400
P014,2026-06-06,203000,0.2,162400
P014,2026-06-07,203000,0.2,162400
P014,2026-06-08,203000,0.2,162400
P014,2026-06-09,203000,0.2,162400
P014,2026-06-10,203000,0.2,162400
P014,2026-06-11,203000,0.2,162400
P014,2026-06-12,203000,0.2,162400
P014,2026-06-13,203000,0.2,162400
P014,2026-06-14,203000,0.2,162400
P014,2026-06-15,203000,0.2,162400
P014,2026-06-16,203000,0.3,142100
P014,2026-06-17,203000,0.3,142100
P014,2026-06-18,203000,0.3,142100
P014,2026-06-19,203000,0.3,142100
P014,2026-06-20,203000,0.3,142100
P014,2026-06-21,203000,0.3,142100
P014,2026-06-22,203000,0.3,142100
P014,2026-06-23,203000,0.3,142100
P014,2026-06-24,203000,0.3,142100
P014,2026-06-25,203000,0.3,142100
P014,2026-06-26,203000,0.3,142100
P014,2026-06-27,203000,0.3,142100
P014,2026-06-28,203000,0.3,142100
P014,2026-06-29,203000,0.3,142100
P014,2026-06-30,203000,0.3,142100
P015,2026-01-01,222000,0.0,222000
P015,2026-01-02,222000,0.0,222000
P015,2026-01-03,222000,0.0,222000
P015,2026-01-04,222000,0.0,222000
P015,2026-01-05,222000,0.0,222000
P015,2026-01-06,222000,0.0,222000
P015,2026-01-07,222000,0.0,222000
P015,2026-01-08,222000,0.0,222000
P015,2026-01-09,222000,0.0,222000
P015,2026-01-10,222000,0.0,222000
P015,2026-01-11,222000,0.0,222000
P015,2026-01-12,222000,0.0,222000
P015,2026-01-13,222000,0.0,222000
P015,2026-01-14,222000,0.0,222000
P015,2026-01-15,222000,0.0,222000
P015,2026-01-16,222000,0.0,222000
P015,2026-01-17,222000,0.0,222000
P015,2026-01-18,222000,0.0,222000
P015,2026-01-19,222000,0.0,222000
P015,2026-01-20,222000,0.0,222000
P015,2026-01-21,222000,0.0,222000
P015,2026-01-22,222000,0.0,222000
P015,2026-01-23,222000,0.0,222000
P015,2026-01-24,222000,0.0,222000
P015,2026-01-25,222000,0.0,222000
P015,2026-01-26,222000,0.0,222000
P015,2026-01-27,222000,0.0,222000
P015,2026-01-28,222000,0.0,222000
P015,2026-01-29,222000,0.0,222000
P015,2026-01-30,222000,0.0,222000
P015,2026-01-31,222000,0.0,222000
P015,2026-02-01,222000,0.0,222000
P015,2026-02-02,222000,0.0,222000
P015,2026-02-03,222000,0.0,222000
P015,2026-02-04,222000,0.0,222000
P015,2026-02-05,222000,0.0,222000
P015,2026-02-06,222000,0.0,222000
P015,2026-02-07,222000,0.0,222000
P015,2026-02-08,222000,0.0,222000
P015,2026-02-09,222000,0.0,222000
P015,2026-02-10,222000,0.0,222000
P015,2026-02-11,222000,0.0,222000
P015,2026-02-12,222000,0.0,222000
P015,2026-02-13,222000,0.0,222000
P015,2026-02-14,222000,0.0,222000
P015,2026-02-15,222000,0.0,222000
P015,2026-02-16,222000,0.0,222000
P015,2026-02-17,222000,0.0,222000
P015,2026-02-18,222000,0.0,222000
P015,2026-02-19,222000,0.0,222000
P015,2026-02-20,222000,0.0,222000
P015,2026-02-21,222000,0.0,222000
P015,2026-02-22,222000,0.0,222000
P015,2026-02-23,222000,0.0,222000
P015,2026-02-24,222000,0.0,222000
P015,2026-02-25,222000,0.0,222000
P015,2026-02-26,222000,0.0,222000
P015,2026-02-27,222000,0.0,222000
P015,2026-02-28,222000,0.0,222000
P015,2026-03-01,222000,0.0,222000
P015,2026-03-02,222000,0.0,222000
P015,2026-03-03,222000,0.0,222000
P015,2026-03-04,222000,0.0,222000
P015,2026-03-05,222000,0.0,222000
P015,2026-03-06,222000,0.0,222000
P015,2026-03-07,222000,0.0,222000
P015,2026-03-08,222000,0.0,222000
P015,2026-03-09,222000,0.0,222000
P015,2026-03-10,222000,0.0,222000
P015,2026-03-11,222000,0.0,222000
P015,2026-03-12,222000,0.0,222000
P015,2026-03-13,222000,0.0,222000
P015,2026-03-14,222000,0.0,222000
P015,2026-03-15,222000,0.0,222000
P015,2026-03-16,222000,0.0,222000
P015,2026-03-17,222000,0.0,222000
P015,2026-03-18,222000,0.0,222000
P015,2026-03-19,222000,0.0,222000
P015,2026-03-20,222000,0.0,222000
P015,2026-03-21,222000,0.0,222000
P015,2026-03-22,222000,0.0,222000
P015,2026-03-23,222000,0.0,222000
P015,2026-03-24,222000,0.0,222000
P015,2026-03-25,222000,0.0,222000
P015,2026-03-26,222000,0.0,222000
P015,2026-03-27,222000,0.0,222000
P015,2026-03-28,222000,0.0,222000
P015,2026-03-29,222000,0.0,222000
P015,2026-03-30,222000,0.0,222000
P015,2026-03-31,222000,0.0,222000
P015,2026-04-01,222000,0.0,222000
P015,2026-04-02,222000,0.0,222000
P015,2026-04-03,222000,0.0,222000
P015,2026-04-04,222000,0.0,222000
P015,2026-04-05,222000,0.0,222000
P015,2026-04-06,222000,0.0,222000
P015,2026-04-07,222000,0.0,222000
P015,2026-04-08,222000,0.0,222000
P015,2026-04-09,222000,0.0,222000
P015,2026-04-10,222000,0.0,222000
P015,2026-04-11,222000,0.0,222000
P015,2026-04-12,222000,0.0,222000
P015,2026-04-13,222000,0.0,222000
P015,2026-04-14,222000,0.0,222000
P015,2026-04-15,222000,0.0,222000
P015,2026-04-16,222000,0.0,222000
P015,2026-04-17,222000,0.0,222000
P015,2026-04-18,222000,0.0,222000
P015,2026-04-19,222000,0.0,222000
P015,2026-04-20,222000,0.0,222000
P015,2026-04-21,222000,0.0,222000
P015,2026-04-22,222000,0.0,222000
P015,2026-04-23,222000,0.0,222000
P015,2026-04-24,222000,0.0,222000
P015,2026-04-25,222000,0.0,222000
P015,2026-04-26,222000,0.0,222000
P015,2026-04-27,222000,0.0,222000
P015,2026-04-28,222000,0.0,222000
P015,2026-04-29,222000,0.0,222000
P015,2026-04-30,222000,0.0,222000
P015,2026-05-01,222000,0.0,222000
P015,2026-05-02,222000,0.0,222000
P015,2026-05-03,222000,0.0,222000
P015,2026-05-04,222000,0.0,222000
P015,2026-05-05,222000,0.0,222000
P015,2026-05-06,222000,0.0,222000
P015,2026-05-07,222000,0.0,222000
P015,2026-05-08,222000,0.0,222000
P015,2026-05-09,222000,0.0,222000
P015,2026-05-10,222000,0.0,222000
P015,2026-05-11,222000,0.0,222000
P015,2026-05-12,222000,0.0,222000
P015,2026-05-13,222000,0.0,222000
P015,2026-05-14,222000,0.0,222000
P015,2026-05-15,222000,0.0,222000
P015,2026-05-16,222000,0.0,222000
P015,2026-05-17,222000,0.0,222000
P015,2026-05-18,222000,0.0,222000
P015,2026-05-19,222000,0.0,222000
P015,2026-05-20,222000,0.0,222000
P015,2026-05-21,222000,0.0,222000
P015,2026-05-22,222000,0.0,222000
P015,2026-05-23,222000,0.0,222000
P015,2026-05-24,222000,0.0,222000
P015,2026-05-25,222000,0.0,222000
P015,2026-05-26,222000,0.0,222000
P015,2026-05-27,222000,0.0,222000
P015,2026-05-28,222000,0.0,222000
P015,2026-05-29,222000,0.0,222000
P015,2026-05-30,222000,0.0,222000
P015,2026-05-31,222000,0.0,222000
P015,2026-06-01,222000,0.0,222000
P015,2026-06-02,222000,0.0,222000
P015,2026-06-03,222000,0.0,222000
P015,2026-06-04,222000,0.0,222000
P015,2026-06-05,222000,0.0,222000
P015,2026-06-06,222000,0.0,222000
P015,2026-06-07,222000,0.0,222000
P015,2026-06-08,222000,0.0,222000
P015,2026-06-09,222000,0.0,222000
P015,2026-06-10,222000,0.0,222000
P015,2026-06-11,222000,0.0,222000
P015,2026-06-12,222000,0.0,222000
P015,2026-06-13,222000,0.0,222000
P015,2026-06-14,222000,0.0,222000
P015,2026-06-15,222000,0.0,222000
P015,2026-06-16,222000,0.0,222000
P015,2026-06-17,222000,0.0,222000
P015,2026-06-18,222000,0.0,222000
P015,2026-06-19,222000,0.0,222000
P015,2026-06-20,222000,0.0,222000
P015,2026-06-21,222000,0.0,222000
P015,2026-06-22,222000,0.0,222000
P015,2026-06-23,222000,0.0,222000
P015,2026-06-24,222000,0.0,222000
P015,2026-06-25,222000,0.0,222000
P015,2026-06-26,222000,0.0,222000
P015,2026-06-27,222000,0.0,222000
P015,2026-06-28,222000,0.0,222000
P015,2026-06-29,222000,0.0,222000
P015,2026-06-30,222000,0.0,222000
P016,2026-01-01,169000,0.0,169000
P016,2026-01-02,169000,0.0,169000
P016,2026-01-03,169000,0.0,169000
P016,2026-01-04,169000,0.0,169000
P016,2026-01-05,169000,0.0,169000
P016,2026-01-06,169000,0.0,169000
P016,2026-01-07,169000,0.0,169000
P016,2026-01-08,169000,0.0,169000
P016,2026-01-09,169000,0.0,169000
P016,2026-01-10,169000,0.0,169000
P016,2026-01-11,169000,0.0,169000
P016,2026-01-12,169000,0.0,169000
P016,2026-01-13,169000,0.0,169000
P016,2026-01-14,169000,0.0,169000
P016,2026-01-15,169000,0.0,169000
P016,2026-01-16,169000,0.0,169000
P016,2026-01-17,169000,0.0,169000
P016,2026-01-18,169000,0.0,169000
P016,2026-01-19,169000,0.0,169000
P016,2026-01-20,169000,0.0,169000
P016,2026-01-21,169000,0.0,169000
P016,2026-01-22,169000,0.0,169000
P016,2026-01-23,169000,0.0,169000
P016,2026-01-24,169000,0.0,169000
P016,2026-01-25,169000,0.0,169000
P016,2026-01-26,169000,0.0,169000
P016,2026-01-27,169000,0.0,169000
P016,2026-01-28,169000,0.0,169000
P016,2026-01-29,169000,0.0,169000
P016,2026-01-30,169000,0.0,169000
P016,2026-01-31,169000,0.0,169000
P016,2026-02-01,169000,0.0,169000
P016,2026-02-02,169000,0.0,169000
P016,2026-02-03,169000,0.0,169000
P016,2026-02-04,169000,0.0,169000
P016,2026-02-05,169000,0.0,169000
P016,2026-02-06,169000,0.0,169000
P016,2026-02-07,169000,0.0,169000
P016,2026-02-08,169000,0.0,169000
P016,2026-02-09,169000,0.0,169000
P016,2026-02-10,169000,0.0,169000
P016,2026-02-11,169000,0.0,169000
P016,2026-02-12,169000,0.0,169000
P016,2026-02-13,169000,0.0,169000
P016,2026-02-14,169000,0.0,169000
P016,2026-02-15,169000,0.0,169000
P016,2026-02-16,169000,0.0,169000
P016,2026-02-17,169000,0.0,169000
P016,2026-02-18,169000,0.0,169000
P016,2026-02-19,169000,0.0,169000
P016,2026-02-20,169000,0.0,169000
P016,2026-02-21,169000,0.0,169000
P016,2026-02-22,169000,0.0,169000
P016,2026-02-23,169000,0.0,169000
P016,2026-02-24,169000,0.0,169000
P016,2026-02-25,169000,0.0,169000
P016,2026-02-26,169000,0.0,169000
P016,2026-02-27,169000,0.0,169000
P016,2026-02-28,169000,0.0,169000
P016,2026-03-01,169000,0.0,169000
P016,2026-03-02,169000,0.0,169000
P016,2026-03-03,169000,0.0,169000
P016,2026-03-04,169000,0.0,169000
P016,2026-03-05,169000,0.0,169000
P016,2026-03-06,169000,0.0,169000
P016,2026-03-07,169000,0.0,169000
P016,2026-03-08,169000,0.0,169000
P016,2026-03-09,169000,0.0,169000
P016,2026-03-10,169000,0.0,169000
P016,2026-03-11,169000,0.0,169000
P016,2026-03-12,169000,0.0,169000
P016,2026-03-13,169000,0.0,169000
P016,2026-03-14,169000,0.0,169000
P016,2026-03-15,169000,0.0,169000
P016,2026-03-16,169000,0.0,169000
P016,2026-03-17,169000,0.0,169000
P016,2026-03-18,169000,0.0,169000
P016,2026-03-19,169000,0.0,169000
P016,2026-03-20,169000,0.0,169000
P016,2026-03-21,169000,0.0,169000
P016,2026-03-22,169000,0.0,169000
P016,2026-03-23,169000,0.0,169000
P016,2026-03-24,169000,0.0,169000
P016,2026-03-25,169000,0.0,169000
P016,2026-03-26,169000,0.0,169000
P016,2026-03-27,169000,0.0,169000
P016,2026-03-28,169000,0.0,169000
P016,2026-03-29,169000,0.0,169000
P016,2026-03-30,169000,0.0,169000
P016,2026-03-31,169000,0.0,169000
P016,2026-04-01,169000,0.0,169000
P016,2026-04-02,169000,0.0,169000
P016,2026-04-03,169000,0.0,169000
P016,2026-04-04,169000,0.0,169000
P016,2026-04-05,169000,0.0,169000
P016,2026-04-06,169000,0.0,169000
P016,2026-04-07,169000,0.0,169000
P016,2026-04-08,169000,0.0,169000
P016,2026-04-09,169000,0.2,135200
P016,2026-04-10,169000,0.2,135200
P016,2026-04-11,169000,0.2,135200
P016,2026-04-12,169000,0.2,135200
P016,2026-04-13,169000,0.2,135200
P016,2026-04-14,169000,0.2,135200
P016,2026-04-15,169000,0.2,135200
P016,2026-04-16,169000,0.2,135200
P016,2026-04-17,169000,0.2,135200
P016,2026-04-18,169000,0.2,135200
P016,2026-04-19,169000,0.2,135200
P016,2026-04-20,169000,0.2,135200
P016,2026-04-21,169000,0.2,135200
P016,2026-04-22,169000,0.2,135200
P016,2026-04-23,169000,0.2,135200
P016,2026-04-24,169000,0.2,135200
P016,2026-04-25,169000,0.2,135200
P016,2026-04-26,169000,0.2,135200
P016,2026-04-27,169000,0.2,135200
P016,2026-04-28,169000,0.2,135200
P016,2026-04-29,169000,0.2,135200
P016,2026-04-30,169000,0.2,135200
P016,2026-05-01,169000,0.2,135200
P016,2026-05-02,169000,0.2,135200
P016,2026-05-03,169000,0.2,135200
P016,2026-05-04,169000,0.2,135200
P016,2026-05-05,169000,0.2,135200
P016,2026-05-06,169000,0.2,135200
P016,2026-05-07,169000,0.2,135200
P016,2026-05-08,169000,0.2,135200
P016,2026-05-09,169000,0.3,118299
P016,2026-05-10,169000,0.3,118299
P016,2026-05-11,169000,0.3,118299
P016,2026-05-12,169000,0.3,118299
P016,2026-05-13,169000,0.3,118299
P016,2026-05-14,169000,0.3,118299
P016,2026-05-15,169000,0.3,118299
P016,2026-05-16,169000,0.3,118299
P016,2026-05-17,169000,0.3,118299
P016,2026-05-18,169000,0.3,118299
P016,2026-05-19,169000,0.3,118299
P016,2026-05-20,169000,0.3,118299
P016,2026-05-21,169000,0.3,118299
P016,2026-05-22,169000,0.3,118299
P016,2026-05-23,169000,0.3,118299
P016,2026-05-24,169000,0.3,118299
P016,2026-05-25,169000,0.3,118299
P016,2026-05-26,169000,0.3,118299
P016,2026-05-27,169000,0.3,118299
P016,2026-05-28,169000,0.3,118299
P016,2026-05-29,169000,0.3,118299
P016,2026-05-30,169000,0.3,118299
P016,2026-05-31,169000,0.3,118299
P016,2026-06-01,169000,0.3,118299
P016,2026-06-02,169000,0.3,118299
P016,2026-06-03,169000,0.3,118299
P016,2026-06-04,169000,0.3,118299
P016,2026-06-05,169000,0.3,118299
P016,2026-06-06,169000,0.3,118299
P016,2026-06-07,169000,0.3,118299
P016,2026-06-08,169000,0.3,118299
P016,2026-06-09,169000,0.3,118299
P016,2026-06-10,169000,0.3,118299
P016,2026-06-11,169000,0.3,118299
P016,2026-06-12,169000,0.3,118299
P016,2026-06-13,169000,0.3,118299
P016,2026-06-14,169000,0.3,118299
P016,2026-06-15,169000,0.3,118299
P016,2026-06-16,169000,0.3,118299
P016,2026-06-17,169000,0.3,118299
P016,2026-06-18,169000,0.3,118299
P016,2026-06-19,169000,0.3,118299
P016,2026-06-20,169000,0.3,118299
P016,2026-06-21,169000,0.3,118299
P016,2026-06-22,169000,0.3,118299
P016,2026-06-23,169000,0.3,118299
P016,2026-06-24,169000,0.3,118299
P016,2026-06-25,169000,0.3,118299
P016,2026-06-26,169000,0.3,118299
P016,2026-06-27,169000,0.3,118299
P016,2026-06-28,169000,0.3,118299
P016,2026-06-29,169000,0.3,118299
P016,2026-06-30,169000,0.3,118299
P017,2026-01-01,274000,0.0,274000
P017,2026-01-02,274000,0.0,274000
P017,2026-01-03,274000,0.0,274000
P017,2026-01-04,274000,0.0,274000
P017,2026-01-05,274000,0.0,274000
P017,2026-01-06,274000,0.0,274000
P017,2026-01-07,274000,0.0,274000
P017,2026-01-08,274000,0.0,274000
P017,2026-01-09,274000,0.0,274000
P017,2026-01-10,274000,0.0,274000
P017,2026-01-11,274000,0.0,274000
P017,2026-01-12,274000,0.0,274000
P017,2026-01-13,274000,0.0,274000
P017,2026-01-14,274000,0.0,274000
P017,2026-01-15,274000,0.0,274000
P017,2026-01-16,274000,0.0,274000
P017,2026-01-17,274000,0.0,274000
P017,2026-01-18,274000,0.0,274000
P017,2026-01-19,274000,0.0,274000
P017,2026-01-20,274000,0.0,274000
P017,2026-01-21,274000,0.0,274000
P017,2026-01-22,274000,0.0,274000
P017,2026-01-23,274000,0.0,274000
P017,2026-01-24,274000,0.0,274000
P017,2026-01-25,274000,0.0,274000
P017,2026-01-26,274000,0.0,274000
P017,2026-01-27,274000,0.0,274000
P017,2026-01-28,274000,0.0,274000
P017,2026-01-29,274000,0.0,274000
P017,2026-01-30,274000,0.0,274000
P017,2026-01-31,274000,0.0,274000
P017,2026-02-01,274000,0.0,274000
P017,2026-02-02,274000,0.0,274000
P017,2026-02-03,274000,0.0,274000
P017,2026-02-04,274000,0.0,274000
P017,2026-02-05,274000,0.0,274000
P017,2026-02-06,274000,0.0,274000
P017,2026-02-07,274000,0.0,274000
P017,2026-02-08,274000,0.0,274000
P017,2026-02-09,274000,0.0,274000
P017,2026-02-10,274000,0.0,274000
P017,2026-02-11,274000,0.0,274000
P017,2026-02-12,274000,0.0,274000
P017,2026-02-13,274000,0.0,274000
P017,2026-02-14,274000,0.0,274000
P017,2026-02-15,274000,0.0,274000
P017,2026-02-16,274000,0.0,274000
P017,2026-02-17,274000,0.0,274000
P017,2026-02-18,274000,0.0,274000
P017,2026-02-19,274000,0.0,274000
P017,2026-02-20,274000,0.0,274000
P017,2026-02-21,274000,0.0,274000
P017,2026-02-22,274000,0.0,274000
P017,2026-02-23,274000,0.0,274000
P017,2026-02-24,274000,0.0,274000
P017,2026-02-25,274000,0.0,274000
P017,2026-02-26,274000,0.0,274000
P017,2026-02-27,274000,0.0,274000
P017,2026-02-28,274000,0.0,274000
P017,2026-03-01,274000,0.0,274000
P017,2026-03-02,274000,0.0,274000
P017,2026-03-03,274000,0.0,274000
P017,2026-03-04,274000,0.0,274000
P017,2026-03-05,274000,0.0,274000
P017,2026-03-06,274000,0.0,274000
P017,2026-03-07,274000,0.0,274000
P017,2026-03-08,274000,0.0,274000
P017,2026-03-09,274000,0.0,274000
P017,2026-03-10,274000,0.0,274000
P017,2026-03-11,274000,0.0,274000
P017,2026-03-12,274000,0.0,274000
P017,2026-03-13,274000,0.0,274000
P017,2026-03-14,274000,0.0,274000
P017,2026-03-15,274000,0.0,274000
P017,2026-03-16,274000,0.0,274000
P017,2026-03-17,274000,0.0,274000
P017,2026-03-18,274000,0.0,274000
P017,2026-03-19,274000,0.0,274000
P017,2026-03-20,274000,0.0,274000
P017,2026-03-21,274000,0.0,274000
P017,2026-03-22,274000,0.0,274000
P017,2026-03-23,274000,0.0,274000
P017,2026-03-24,274000,0.0,274000
P017,2026-03-25,274000,0.0,274000
P017,2026-03-26,274000,0.0,274000
P017,2026-03-27,274000,0.0,274000
P017,2026-03-28,274000,0.0,274000
P017,2026-03-29,274000,0.0,274000
P017,2026-03-30,274000,0.0,274000
P017,2026-03-31,274000,0.0,274000
P017,2026-04-01,274000,0.0,274000
P017,2026-04-02,274000,0.0,274000
P017,2026-04-03,274000,0.0,274000
P017,2026-04-04,274000,0.0,274000
P017,2026-04-05,274000,0.0,274000
P017,2026-04-06,274000,0.0,274000
P017,2026-04-07,274000,0.0,274000
P017,2026-04-08,274000,0.0,274000
P017,2026-04-09,274000,0.0,274000
P017,2026-04-10,274000,0.0,274000
P017,2026-04-11,274000,0.0,274000
P017,2026-04-12,274000,0.0,274000
P017,2026-04-13,274000,0.0,274000
P017,2026-04-14,274000,0.0,274000
P017,2026-04-15,274000,0.0,274000
P017,2026-04-16,274000,0.0,274000
P017,2026-04-17,274000,0.0,274000
P017,2026-04-18,274000,0.0,274000
P017,2026-04-19,274000,0.0,274000
P017,2026-04-20,274000,0.0,274000
P017,2026-04-21,274000,0.0,274000
P017,2026-04-22,274000,0.0,274000
P017,2026-04-23,274000,0.0,274000
P017,2026-04-24,274000,0.0,274000
P017,2026-04-25,274000,0.0,274000
P017,2026-04-26,274000,0.0,274000
P017,2026-04-27,274000,0.0,274000
P017,2026-04-28,274000,0.0,274000
P017,2026-04-29,274000,0.0,274000
P017,2026-04-30,274000,0.0,274000
P017,2026-05-01,274000,0.0,274000
P017,2026-05-02,274000,0.0,274000
P017,2026-05-03,274000,0.0,274000
P017,2026-05-04,274000,0.0,274000
P017,2026-05-05,274000,0.0,274000
P017,2026-05-06,274000,0.0,274000
P017,2026-05-07,274000,0.0,274000
P017,2026-05-08,274000,0.0,274000
P017,2026-05-09,274000,0.0,274000
P017,2026-05-10,274000,0.0,274000
P017,2026-05-11,274000,0.0,274000
P017,2026-05-12,274000,0.0,274000
P017,2026-05-13,274000,0.0,274000
P017,2026-05-14,274000,0.0,274000
P017,2026-05-15,274000,0.0,274000
P017,2026-05-16,274000,0.0,274000
P017,2026-05-17,274000,0.0,274000
P017,2026-05-18,274000,0.0,274000
P017,2026-05-19,274000,0.0,274000
P017,2026-05-20,274000,0.0,274000
P017,2026-05-21,274000,0.0,274000
P017,2026-05-22,274000,0.0,274000
P017,2026-05-23,274000,0.0,274000
P017,2026-05-24,274000,0.0,274000
P017,2026-05-25,274000,0.0,274000
P017,2026-05-26,274000,0.0,274000
P017,2026-05-27,274000,0.0,274000
P017,2026-05-28,274000,0.0,274000
P017,2026-05-29,274000,0.0,274000
P017,2026-05-30,274000,0.0,274000
P017,2026-05-31,274000,0.0,274000
P017,2026-06-01,274000,0.0,274000
P017,2026-06-02,274000,0.0,274000
P017,2026-06-03,274000,0.0,274000
P017,2026-06-04,274000,0.0,274000
P017,2026-06-05,274000,0.0,274000
P017,2026-06-06,274000,0.0,274000
P017,2026-06-07,274000,0.0,274000
P017,2026-06-08,274000,0.0,274000
P017,2026-06-09,274000,0.0,274000
P017,2026-06-10,274000,0.0,274000
P017,2026-06-11,274000,0.0,274000
P017,2026-06-12,274000,0.0,274000
P017,2026-06-13,274000,0.0,274000
P017,2026-06-14,274000,0.0,274000
P017,2026-06-15,274000,0.0,274000
P017,2026-06-16,274000,0.0,274000
P017,2026-06-17,274000,0.0,274000
P017,2026-06-18,274000,0.0,274000
P017,2026-06-19,274000,0.0,274000
P017,2026-06-20,274000,0.0,274000
P017,2026-06-21,274000,0.0,274000
P017,2026-06-22,274000,0.0,274000
P017,2026-06-23,274000,0.0,274000
P017,2026-06-24,274000,0.0,274000
P017,2026-06-25,274000,0.0,274000
P017,2026-06-26,274000,0.0,274000
P017,2026-06-27,274000,0.0,274000
P017,2026-06-28,274000,0.0,274000
P017,2026-06-29,274000,0.0,274000
P017,2026-06-30,274000,0.0,274000
P018,2026-01-01,273000,0.0,273000
P018,2026-01-02,273000,0.0,273000
P018,2026-01-03,273000,0.0,273000
P018,2026-01-04,273000,0.0,273000
P018,2026-01-05,273000,0.0,273000
P018,2026-01-06,273000,0.0,273000
P018,2026-01-07,273000,0.0,273000
P018,2026-01-08,273000,0.0,273000
P018,2026-01-09,273000,0.0,273000
P018,2026-01-10,273000,0.0,273000
P018,2026-01-11,273000,0.0,273000
P018,2026-01-12,273000,0.0,273000
P018,2026-01-13,273000,0.0,273000
P018,2026-01-14,273000,0.0,273000
P018,2026-01-15,273000,0.0,273000
P018,2026-01-16,273000,0.0,273000
P018,2026-01-17,273000,0.0,273000
P018,2026-01-18,273000,0.0,273000
P018,2026-01-19,273000,0.0,273000
P018,2026-01-20,273000,0.0,273000
P018,2026-01-21,273000,0.0,273000
P018,2026-01-22,273000,0.0,273000
P018,2026-01-23,273000,0.0,273000
P018,2026-01-24,273000,0.0,273000
P018,2026-01-25,273000,0.0,273000
P018,2026-01-26,273000,0.0,273000
P018,2026-01-27,273000,0.0,273000
P018,2026-01-28,273000,0.0,273000
P018,2026-01-29,273000,0.0,273000
P018,2026-01-30,273000,0.0,273000
P018,2026-01-31,273000,0.0,273000
P018,2026-02-01,273000,0.0,273000
P018,2026-02-02,273000,0.0,273000
P018,2026-02-03,273000,0.0,273000
P018,2026-02-04,273000,0.0,273000
P018,2026-02-05,273000,0.0,273000
P018,2026-02-06,273000,0.0,273000
P018,2026-02-07,273000,0.0,273000
P018,2026-02-08,273000,0.0,273000
P018,2026-02-09,273000,0.0,273000
P018,2026-02-10,273000,0.0,273000
P018,2026-02-11,273000,0.0,273000
P018,2026-02-12,273000,0.0,273000
P018,2026-02-13,273000,0.0,273000
P018,2026-02-14,273000,0.0,273000
P018,2026-02-15,273000,0.0,273000
P018,2026-02-16,273000,0.0,273000
P018,2026-02-17,273000,0.0,273000
P018,2026-02-18,273000,0.0,273000
P018,2026-02-19,273000,0.0,273000
P018,2026-02-20,273000,0.0,273000
P018,2026-02-21,273000,0.0,273000
P018,2026-02-22,273000,0.0,273000
P018,2026-02-23,273000,0.0,273000
P018,2026-02-24,273000,0.0,273000
P018,2026-02-25,273000,0.0,273000
P018,2026-02-26,273000,0.0,273000
P018,2026-02-27,273000,0.0,273000
P018,2026-02-28,273000,0.0,273000
P018,2026-03-01,273000,0.0,273000
P018,2026-03-02,273000,0.0,273000
P018,2026-03-03,273000,0.0,273000
P018,2026-03-04,273000,0.0,273000
P018,2026-03-05,273000,0.0,273000
P018,2026-03-06,273000,0.0,273000
P018,2026-03-07,273000,0.0,273000
P018,2026-03-08,273000,0.0,273000
P018,2026-03-09,273000,0.0,273000
P018,2026-03-10,273000,0.0,273000
P018,2026-03-11,273000,0.0,273000
P018,2026-03-12,273000,0.0,273000
P018,2026-03-13,273000,0.0,273000
P018,2026-03-14,273000,0.0,273000
P018,2026-03-15,273000,0.0,273000
P018,2026-03-16,273000,0.0,273000
P018,2026-03-17,273000,0.0,273000
P018,2026-03-18,273000,0.0,273000
P018,2026-03-19,273000,0.0,273000
P018,2026-03-20,273000,0.0,273000
P018,2026-03-21,273000,0.0,273000
P018,2026-03-22,273000,0.0,273000
P018,2026-03-23,273000,0.0,273000
P018,2026-03-24,273000,0.0,273000
P018,2026-03-25,273000,0.0,273000
P018,2026-03-26,273000,0.0,273000
P018,2026-03-27,273000,0.0,273000
P018,2026-03-28,273000,0.0,273000
P018,2026-03-29,273000,0.0,273000
P018,2026-03-30,273000,0.0,273000
P018,2026-03-31,273000,0.0,273000
P018,2026-04-01,273000,0.0,273000
P018,2026-04-02,273000,0.0,273000
P018,2026-04-03,273000,0.0,273000
P018,2026-04-04,273000,0.0,273000
P018,2026-04-05,273000,0.0,273000
P018,2026-04-06,273000,0.0,273000
P018,2026-04-07,273000,0.0,273000
P018,2026-04-08,273000,0.0,273000
P018,2026-04-09,273000,0.0,273000
P018,2026-04-10,273000,0.0,273000
P018,2026-04-11,273000,0.0,273000
P018,2026-04-12,273000,0.0,273000
P018,2026-04-13,273000,0.0,273000
P018,2026-04-14,273000,0.0,273000
P018,2026-04-15,273000,0.0,273000
P018,2026-04-16,273000,0.0,273000
P018,2026-04-17,273000,0.0,273000
P018,2026-04-18,273000,0.0,273000
P018,2026-04-19,273000,0.0,273000
P018,2026-04-20,273000,0.0,273000
P018,2026-04-21,273000,0.0,273000
P018,2026-04-22,273000,0.0,273000
P018,2026-04-23,273000,0.0,273000
P018,2026-04-24,273000,0.0,273000
P018,2026-04-25,273000,0.0,273000
P018,2026-04-26,273000,0.0,273000
P018,2026-04-27,273000,0.0,273000
P018,2026-04-28,273000,0.0,273000
P018,2026-04-29,273000,0.0,273000
P018,2026-04-30,273000,0.0,273000
P018,2026-05-01,273000,0.0,273000
P018,2026-05-02,273000,0.0,273000
P018,2026-05-03,273000,0.0,273000
P018,2026-05-04,273000,0.0,273000
P018,2026-05-05,273000,0.0,273000
P018,2026-05-06,273000,0.0,273000
P018,2026-05-07,273000,0.0,273000
P018,2026-05-08,273000,0.0,273000
P018,2026-05-09,273000,0.0,273000
P018,2026-05-10,273000,0.0,273000
P018,2026-05-11,273000,0.0,273000
P018,2026-05-12,273000,0.0,273000
P018,2026-05-13,273000,0.0,273000
P018,2026-05-14,273000,0.0,273000
P018,2026-05-15,273000,0.0,273000
P018,2026-05-16,273000,0.0,273000
P018,2026-05-17,273000,0.0,273000
P018,2026-05-18,273000,0.0,273000
P018,2026-05-19,273000,0.0,273000
P018,2026-05-20,273000,0.0,273000
P018,2026-05-21,273000,0.0,273000
P018,2026-05-22,273000,0.0,273000
P018,2026-05-23,273000,0.0,273000
P018,2026-05-24,273000,0.0,273000
P018,2026-05-25,273000,0.0,273000
P018,2026-05-26,273000,0.0,273000
P018,2026-05-27,273000,0.0,273000
P018,2026-05-28,273000,0.0,273000
P018,2026-05-29,273000,0.0,273000
P018,2026-05-30,273000,0.0,273000
P018,2026-05-31,273000,0.0,273000
P018,2026-06-01,273000,0.0,273000
P018,2026-06-02,273000,0.0,273000
P018,2026-06-03,273000,0.0,273000
P018,2026-06-04,273000,0.0,273000
P018,2026-06-05,273000,0.0,273000
P018,2026-06-06,273000,0.0,273000
P018,2026-06-07,273000,0.0,273000
P018,2026-06-08,273000,0.0,273000
P018,2026-06-09,273000,0.0,273000
P018,2026-06-10,273000,0.0,273000
P018,2026-06-11,273000,0.0,273000
P018,2026-06-12,273000,0.0,273000
P018,2026-06-13,273000,0.0,273000
P018,2026-06-14,273000,0.0,273000
P018,2026-06-15,273000,0.0,273000
P018,2026-06-16,273000,0.0,273000
P018,2026-06-17,273000,0.0,273000
P018,2026-06-18,273000,0.0,273000
P018,2026-06-19,273000,0.0,273000
P018,2026-06-20,273000,0.0,273000
P018,2026-06-21,273000,0.0,273000
P018,2026-06-22,273000,0.0,273000
P018,2026-06-23,273000,0.0,273000
P018,2026-06-24,273000,0.0,273000
P018,2026-06-25,273000,0.0,273000
P018,2026-06-26,273000,0.0,273000
P018,2026-06-27,273000,0.0,273000
P018,2026-06-28,273000,0.0,273000
P018,2026-06-29,273000,0.0,273000
P018,2026-06-30,273000,0.0,273000
P019,2026-01-01,37000,0.0,37000
P019,2026-01-02,37000,0.0,37000
P019,2026-01-03,37000,0.0,37000
P019,2026-01-04,37000,0.0,37000
P019,2026-01-05,37000,0.0,37000
P019,2026-01-06,37000,0.0,37000
P019,2026-01-07,37000,0.0,37000
P019,2026-01-08,37000,0.0,37000
P019,2026-01-09,37000,0.0,37000
P019,2026-01-10,37000,0.0,37000
P019,2026-01-11,37000,0.0,37000
P019,2026-01-12,37000,0.0,37000
P019,2026-01-13,37000,0.0,37000
P019,2026-01-14,37000,0.0,37000
P019,2026-01-15,37000,0.0,37000
P019,2026-01-16,37000,0.0,37000
P019,2026-01-17,37000,0.0,37000
P019,2026-01-18,37000,0.0,37000
P019,2026-01-19,37000,0.0,37000
P019,2026-01-20,37000,0.0,37000
P019,2026-01-21,37000,0.0,37000
P019,2026-01-22,37000,0.0,37000
P019,2026-01-23,37000,0.0,37000
P019,2026-01-24,37000,0.0,37000
P019,2026-01-25,37000,0.0,37000
P019,2026-01-26,37000,0.0,37000
P019,2026-01-27,37000,0.0,37000
P019,2026-01-28,37000,0.0,37000
P019,2026-01-29,37000,0.0,37000
P019,2026-01-30,37000,0.0,37000
P019,2026-01-31,37000,0.0,37000
P019,2026-02-01,37000,0.0,37000
P019,2026-02-02,37000,0.0,37000
P019,2026-02-03,37000,0.0,37000
P019,2026-02-04,37000,0.0,37000
P019,2026-02-05,37000,0.0,37000
P019,2026-02-06,37000,0.0,37000
P019,2026-02-07,37000,0.0,37000
P019,2026-02-08,37000,0.0,37000
P019,2026-02-09,37000,0.0,37000
P019,2026-02-10,37000,0.0,37000
P019,2026-02-11,37000,0.0,37000
P019,2026-02-12,37000,0.0,37000
P019,2026-02-13,37000,0.0,37000
P019,2026-02-14,37000,0.0,37000
P019,2026-02-15,37000,0.0,37000
P019,2026-02-16,37000,0.0,37000
P019,2026-02-17,37000,0.0,37000
P019,2026-02-18,37000,0.0,37000
P019,2026-02-19,37000,0.0,37000
P019,2026-02-20,37000,0.0,37000
P019,2026-02-21,37000,0.0,37000
P019,2026-02-22,37000,0.0,37000
P019,2026-02-23,37000,0.0,37000
P019,2026-02-24,37000,0.0,37000
P019,2026-02-25,37000,0.0,37000
P019,2026-02-26,37000,0.0,37000
P019,2026-02-27,37000,0.0,37000
P019,2026-02-28,37000,0.0,37000
P019,2026-03-01,37000,0.0,37000
P019,2026-03-02,37000,0.0,37000
P019,2026-03-03,37000,0.0,37000
P019,2026-03-04,37000,0.0,37000
P019,2026-03-05,37000,0.0,37000
P019,2026-03-06,37000,0.0,37000
P019,2026-03-07,37000,0.0,37000
P019,2026-03-08,37000,0.0,37000
P019,2026-03-09,37000,0.0,37000
P019,2026-03-10,37000,0.0,37000
P019,2026-03-11,37000,0.0,37000
P019,2026-03-12,37000,0.0,37000
P019,2026-03-13,37000,0.0,37000
P019,2026-03-14,37000,0.0,37000
P019,2026-03-15,37000,0.0,37000
P019,2026-03-16,37000,0.0,37000
P019,2026-03-17,37000,0.0,37000
P019,2026-03-18,37000,0.0,37000
P019,2026-03-19,37000,0.0,37000
P019,2026-03-20,37000,0.0,37000
P019,2026-03-21,37000,0.0,37000
P019,2026-03-22,37000,0.0,37000
P019,2026-03-23,37000,0.0,37000
P019,2026-03-24,37000,0.0,37000
P019,2026-03-25,37000,0.0,37000
P019,2026-03-26,37000,0.0,37000
P019,2026-03-27,37000,0.0,37000
P019,2026-03-28,37000,0.0,37000
P019,2026-03-29,37000,0.0,37000
P019,2026-03-30,37000,0.0,37000
P019,2026-03-31,37000,0.0,37000
P019,2026-04-01,37000,0.0,37000
P019,2026-04-02,37000,0.0,37000
P019,2026-04-03,37000,0.0,37000
P019,2026-04-04,37000,0.0,37000
P019,2026-04-05,37000,0.0,37000
P019,2026-04-06,37000,0.0,37000
P019,2026-04-07,37000,0.0,37000
P019,2026-04-08,37000,0.0,37000
P019,2026-04-09,37000,0.0,37000
P019,2026-04-10,37000,0.0,37000
P019,2026-04-11,37000,0.0,37000
P019,2026-04-12,37000,0.0,37000
P019,2026-04-13,37000,0.0,37000
P019,2026-04-14,37000,0.0,37000
P019,2026-04-15,37000,0.0,37000
P019,2026-04-16,37000,0.0,37000
P019,2026-04-17,37000,0.0,37000
P019,2026-04-18,37000,0.0,37000
P019,2026-04-19,37000,0.0,37000
P019,2026-04-20,37000,0.0,37000
P019,2026-04-21,37000,0.0,37000
P019,2026-04-22,37000,0.0,37000
P019,2026-04-23,37000,0.0,37000
P019,2026-04-24,37000,0.0,37000
P019,2026-04-25,37000,0.0,37000
P019,2026-04-26,37000,0.0,37000
P019,2026-04-27,37000,0.0,37000
P019,2026-04-28,37000,0.0,37000
P019,2026-04-29,37000,0.0,37000
P019,2026-04-30,37000,0.0,37000
P019,2026-05-01,37000,0.0,37000
P019,2026-05-02,37000,0.0,37000
P019,2026-05-03,37000,0.0,37000
P019,2026-05-04,37000,0.0,37000
P019,2026-05-05,37000,0.0,37000
P019,2026-05-06,37000,0.0,37000
P019,2026-05-07,37000,0.0,37000
P019,2026-05-08,37000,0.0,37000
P019,2026-05-09,37000,0.0,37000
P019,2026-05-10,37000,0.0,37000
P019,2026-05-11,37000,0.0,37000
P019,2026-05-12,37000,0.0,37000
P019,2026-05-13,37000,0.0,37000
P019,2026-05-14,37000,0.0,37000
P019,2026-05-15,37000,0.0,37000
P019,2026-05-16,37000,0.0,37000
P019,2026-05-17,37000,0.0,37000
P019,2026-05-18,37000,0.0,37000
P019,2026-05-19,37000,0.0,37000
P019,2026-05-20,37000,0.0,37000
P019,2026-05-21,37000,0.0,37000
P019,2026-05-22,37000,0.0,37000
P019,2026-05-23,37000,0.0,37000
P019,2026-05-24,37000,0.0,37000
P019,2026-05-25,37000,0.0,37000
P019,2026-05-26,37000,0.0,37000
P019,2026-05-27,37000,0.0,37000
P019,2026-05-28,37000,0.0,37000
P019,2026-05-29,37000,0.0,37000
P019,2026-05-30,37000,0.0,37000
P019,2026-05-31,37000,0.0,37000
P019,2026-06-01,37000,0.0,37000
P019,2026-06-02,37000,0.0,37000
P019,2026-06-03,37000,0.0,37000
P019,2026-06-04,37000,0.0,37000
P019,2026-06-05,37000,0.0,37000
P019,2026-06-06,37000,0.0,37000
P019,2026-06-07,37000,0.0,37000
P019,2026-06-08,37000,0.0,37000
P019,2026-06-09,37000,0.0,37000
P019,2026-06-10,37000,0.0,37000
P019,2026-06-11,37000,0.0,37000
P019,2026-06-12,37000,0.0,37000
P019,2026-06-13,37000,0.0,37000
P019,2026-06-14,37000,0.0,37000
P019,2026-06-15,37000,0.0,37000
P019,2026-06-16,37000,0.0,37000
P019,2026-06-17,37000,0.0,37000
P019,2026-06-18,37000,0.0,37000
P019,2026-06-19,37000,0.0,37000
P019,2026-06-20,37000,0.0,37000
P019,2026-06-21,37000,0.0,37000
P019,2026-06-22,37000,0.0,37000
P019,2026-06-23,37000,0.0,37000
P019,2026-06-24,37000,0.0,37000
P019,2026-06-25,37000,0.0,37000
P019,2026-06-26,37000,0.0,37000
P019,2026-06-27,37000,0.0,37000
P019,2026-06-28,37000,0.0,37000
P019,2026-06-29,37000,0.0,37000
P019,2026-06-30,37000,0.0,37000
P020,2026-01-01,41000,0.0,41000
P020,2026-01-02,41000,0.0,41000
P020,2026-01-03,41000,0.0,41000
P020,2026-01-04,41000,0.0,41000
P020,2026-01-05,41000,0.0,41000
P020,2026-01-06,41000,0.0,41000
P020,2026-01-07,41000,0.0,41000
P020,2026-01-08,41000,0.0,41000
P020,2026-01-09,41000,0.0,41000
P020,2026-01-10,41000,0.0,41000
P020,2026-01-11,41000,0.0,41000
P020,2026-01-12,41000,0.0,41000
P020,2026-01-13,41000,0.0,41000
P020,2026-01-14,41000,0.0,41000
P020,2026-01-15,41000,0.0,41000
P020,2026-01-16,41000,0.0,41000
P020,2026-01-17,41000,0.0,41000
P020,2026-01-18,41000,0.0,41000
P020,2026-01-19,41000,0.0,41000
P020,2026-01-20,41000,0.0,41000
P020,2026-01-21,41000,0.0,41000
P020,2026-01-22,41000,0.0,41000
P020,2026-01-23,41000,0.0,41000
P020,2026-01-24,41000,0.0,41000
P020,2026-01-25,41000,0.0,41000
P020,2026-01-26,41000,0.0,41000
P020,2026-01-27,41000,0.0,41000
P020,2026-01-28,41000,0.0,41000
P020,2026-01-29,41000,0.0,41000
P020,2026-01-30,41000,0.0,41000
P020,2026-01-31,41000,0.0,41000
P020,2026-02-01,41000,0.0,41000
P020,2026-02-02,41000,0.0,41000
P020,2026-02-03,41000,0.0,41000
P020,2026-02-04,41000,0.0,41000
P020,2026-02-05,41000,0.0,41000
P020,2026-02-06,41000,0.0,41000
P020,2026-02-07,41000,0.0,41000
P020,2026-02-08,41000,0.0,41000
P020,2026-02-09,41000,0.0,41000
P020,2026-02-10,41000,0.0,41000
P020,2026-02-11,41000,0.0,41000
P020,2026-02-12,41000,0.0,41000
P020,2026-02-13,41000,0.0,41000
P020,2026-02-14,41000,0.0,41000
P020,2026-02-15,41000,0.0,41000
P020,2026-02-16,41000,0.0,41000
P020,2026-02-17,41000,0.0,41000
P020,2026-02-18,41000,0.0,41000
P020,2026-02-19,41000,0.0,41000
P020,2026-02-20,41000,0.0,41000
P020,2026-02-21,41000,0.0,41000
P020,2026-02-22,41000,0.0,41000
P020,2026-02-23,41000,0.0,41000
P020,2026-02-24,41000,0.0,41000
P020,2026-02-25,41000,0.0,41000
P020,2026-02-26,41000,0.0,41000
P020,2026-02-27,41000,0.0,41000
P020,2026-02-28,41000,0.0,41000
P020,2026-03-01,41000,0.0,41000
P020,2026-03-02,41000,0.0,41000
P020,2026-03-03,41000,0.0,41000
P020,2026-03-04,41000,0.0,41000
P020,2026-03-05,41000,0.0,41000
P020,2026-03-06,41000,0.0,41000
P020,2026-03-07,41000,0.0,41000
P020,2026-03-08,41000,0.0,41000
P020,2026-03-09,41000,0.0,41000
P020,2026-03-10,41000,0.0,41000
P020,2026-03-11,41000,0.0,41000
P020,2026-03-12,41000,0.0,41000
P020,2026-03-13,41000,0.0,41000
P020,2026-03-14,41000,0.0,41000
P020,2026-03-15,41000,0.0,41000
P020,2026-03-16,41000,0.0,41000
P020,2026-03-17,41000,0.0,41000
P020,2026-03-18,41000,0.0,41000
P020,2026-03-19,41000,0.0,41000
P020,2026-03-20,41000,0.0,41000
P020,2026-03-21,41000,0.0,41000
P020,2026-03-22,41000,0.0,41000
P020,2026-03-23,41000,0.0,41000
P020,2026-03-24,41000,0.0,41000
P020,2026-03-25,41000,0.0,41000
P020,2026-03-26,41000,0.0,41000
P020,2026-03-27,41000,0.0,41000
P020,2026-03-28,41000,0.0,41000
P020,2026-03-29,41000,0.0,41000
P020,2026-03-30,41000,0.0,41000
P020,2026-03-31,41000,0.0,41000
P020,2026-04-01,41000,0.0,41000
P020,2026-04-02,41000,0.0,41000
P020,2026-04-03,41000,0.0,41000
P020,2026-04-04,41000,0.0,41000
P020,2026-04-05,41000,0.0,41000
P020,2026-04-06,41000,0.0,41000
P020,2026-04-07,41000,0.0,41000
P020,2026-04-08,41000,0.0,41000
P020,2026-04-09,41000,0.0,41000
P020,2026-04-10,41000,0.0,41000
P020,2026-04-11,41000,0.0,41000
P020,2026-04-12,41000,0.0,41000
P020,2026-04-13,41000,0.0,41000
P020,2026-04-14,41000,0.0,41000
P020,2026-04-15,41000,0.0,41000
P020,2026-04-16,41000,0.0,41000
P020,2026-04-17,41000,0.0,41000
P020,2026-04-18,41000,0.0,41000
P020,2026-04-19,41000,0.0,41000
P020,2026-04-20,41000,0.0,41000
P020,2026-04-21,41000,0.0,41000
P020,2026-04-22,41000,0.0,41000
P020,2026-04-23,41000,0.0,41000
P020,2026-04-24,41000,0.0,41000
P020,2026-04-25,41000,0.0,41000
P020,2026-04-26,41000,0.0,41000
P020,2026-04-27,41000,0.0,41000
P020,2026-04-28,41000,0.0,41000
P020,2026-04-29,41000,0.0,41000
P020,2026-04-30,41000,0.0,41000
P020,2026-05-01,41000,0.0,41000
P020,2026-05-02,41000,0.0,41000
P020,2026-05-03,41000,0.0,41000
P020,2026-05-04,41000,0.0,41000
P020,2026-05-05,41000,0.0,41000
P020,2026-05-06,41000,0.0,41000
P020,2026-05-07,41000,0.0,41000
P020,2026-05-08,41000,0.0,41000
P020,2026-05-09,41000,0.0,41000
P020,2026-05-10,41000,0.0,41000
P020,2026-05-11,41000,0.0,41000
P020,2026-05-12,41000,0.0,41000
P020,2026-05-13,41000,0.0,41000
P020,2026-05-14,41000,0.0,41000
P020,2026-05-15,41000,0.0,41000
P020,2026-05-16,41000,0.0,41000
P020,2026-05-17,41000,0.0,41000
P020,2026-05-18,41000,0.0,41000
P020,2026-05-19,41000,0.0,41000
P020,2026-05-20,41000,0.0,41000
P020,2026-05-21,41000,0.0,41000
P020,2026-05-22,41000,0.0,41000
P020,2026-05-23,41000,0.0,41000
P020,2026-05-24,41000,0.0,41000
P020,2026-05-25,41000,0.0,41000
P020,2026-05-26,41000,0.0,41000
P020,2026-05-27,41000,0.0,41000
P020,2026-05-28,41000,0.0,41000
P020,2026-05-29,41000,0.0,41000
P020,2026-05-30,41000,0.0,41000
P020,2026-05-31,41000,0.0,41000
P020,2026-06-01,41000,0.0,41000
P020,2026-06-02,41000,0.0,41000
P020,2026-06-03,41000,0.0,41000
P020,2026-06-04,41000,0.0,41000
P020,2026-06-05,41000,0.0,41000
P020,2026-06-06,41000,0.0,41000
P020,2026-06-07,41000,0.0,41000
P020,2026-06-08,41000,0.0,41000
P020,2026-06-09,41000,0.0,41000
P020,2026-06-10,41000,0.0,41000
P020,2026-06-11,41000,0.0,41000
P020,2026-06-12,41000,0.0,41000
P020,2026-06-13,41000,0.0,41000
P020,2026-06-14,41000,0.0,41000
P020,2026-06-15,41000,0.0,41000
P020,2026-06-16,41000,0.0,41000
P020,2026-06-17,41000,0.0,41000
P020,2026-06-18,41000,0.0,41000
P020,2026-06-19,41000,0.0,41000
P020,2026-06-20,41000,0.0,41000
P020,2026-06-21,41000,0.0,41000
P020,2026-06-22,41000,0.0,41000
P020,2026-06-23,41000,0.0,41000
P020,2026-06-24,41000,0.0,41000
P020,2026-06-25,41000,0.0,41000
P020,2026-06-26,41000,0.0,41000
P020,2026-06-27,41000,0.0,41000
P020,2026-06-28,41000,0.0,41000
P020,2026-06-29,41000,0.0,41000
P020,2026-06-30,41000,0.0,41000
P021,2026-01-01,72000,0.0,72000
P021,2026-01-02,72000,0.0,72000
P021,2026-01-03,72000,0.0,72000
P021,2026-01-04,72000,0.0,72000
P021,2026-01-05,72000,0.0,72000
P021,2026-01-06,72000,0.0,72000
P021,2026-01-07,72000,0.0,72000
P021,2026-01-08,72000,0.0,72000
P021,2026-01-09,72000,0.0,72000
P021,2026-01-10,72000,0.0,72000
P021,2026-01-11,72000,0.0,72000
P021,2026-01-12,72000,0.0,72000
P021,2026-01-13,72000,0.0,72000
P021,2026-01-14,72000,0.0,72000
P021,2026-01-15,72000,0.0,72000
P021,2026-01-16,72000,0.0,72000
P021,2026-01-17,72000,0.0,72000
P021,2026-01-18,72000,0.0,72000
P021,2026-01-19,72000,0.0,72000
P021,2026-01-20,72000,0.0,72000
P021,2026-01-21,72000,0.0,72000
P021,2026-01-22,72000,0.0,72000
P021,2026-01-23,72000,0.0,72000
P021,2026-01-24,72000,0.0,72000
P021,2026-01-25,72000,0.0,72000
P021,2026-01-26,72000,0.0,72000
P021,2026-01-27,72000,0.0,72000
P021,2026-01-28,72000,0.0,72000
P021,2026-01-29,72000,0.0,72000
P021,2026-01-30,72000,0.0,72000
P021,2026-01-31,72000,0.0,72000
P021,2026-02-01,72000,0.0,72000
P021,2026-02-02,72000,0.0,72000
P021,2026-02-03,72000,0.0,72000
P021,2026-02-04,72000,0.0,72000
P021,2026-02-05,72000,0.0,72000
P021,2026-02-06,72000,0.0,72000
P021,2026-02-07,72000,0.0,72000
P021,2026-02-08,72000,0.0,72000
P021,2026-02-09,72000,0.0,72000
P021,2026-02-10,72000,0.0,72000
P021,2026-02-11,72000,0.0,72000
P021,2026-02-12,72000,0.0,72000
P021,2026-02-13,72000,0.0,72000
P021,2026-02-14,72000,0.0,72000
P021,2026-02-15,72000,0.0,72000
P021,2026-02-16,72000,0.0,72000
P021,2026-02-17,72000,0.0,72000
P021,2026-02-18,72000,0.0,72000
P021,2026-02-19,72000,0.0,72000
P021,2026-02-20,72000,0.0,72000
P021,2026-02-21,72000,0.0,72000
P021,2026-02-22,72000,0.0,72000
P021,2026-02-23,72000,0.0,72000
P021,2026-02-24,72000,0.0,72000
P021,2026-02-25,72000,0.0,72000
P021,2026-02-26,72000,0.0,72000
P021,2026-02-27,72000,0.0,72000
P021,2026-02-28,72000,0.0,72000
P021,2026-03-01,72000,0.0,72000
P021,2026-03-02,72000,0.0,72000
P021,2026-03-03,72000,0.0,72000
P021,2026-03-04,72000,0.0,72000
P021,2026-03-05,72000,0.0,72000
P021,2026-03-06,72000,0.0,72000
P021,2026-03-07,72000,0.0,72000
P021,2026-03-08,72000,0.0,72000
P021,2026-03-09,72000,0.0,72000
P021,2026-03-10,72000,0.0,72000
P021,2026-03-11,72000,0.0,72000
P021,2026-03-12,72000,0.0,72000
P021,2026-03-13,72000,0.0,72000
P021,2026-03-14,72000,0.0,72000
P021,2026-03-15,72000,0.0,72000
P021,2026-03-16,72000,0.0,72000
P021,2026-03-17,72000,0.0,72000
P021,2026-03-18,72000,0.0,72000
P021,2026-03-19,72000,0.0,72000
P021,2026-03-20,72000,0.0,72000
P021,2026-03-21,72000,0.0,72000
P021,2026-03-22,72000,0.0,72000
P021,2026-03-23,72000,0.0,72000
P021,2026-03-24,72000,0.0,72000
P021,2026-03-25,72000,0.0,72000
P021,2026-03-26,72000,0.0,72000
P021,2026-03-27,72000,0.0,72000
P021,2026-03-28,72000,0.0,72000
P021,2026-03-29,72000,0.0,72000
P021,2026-03-30,72000,0.0,72000
P021,2026-03-31,72000,0.0,72000
P021,2026-04-01,72000,0.0,72000
P021,2026-04-02,72000,0.0,72000
P021,2026-04-03,72000,0.0,72000
P021,2026-04-04,72000,0.0,72000
P021,2026-04-05,72000,0.0,72000
P021,2026-04-06,72000,0.0,72000
P021,2026-04-07,72000,0.0,72000
P021,2026-04-08,72000,0.0,72000
P021,2026-04-09,72000,0.0,72000
P021,2026-04-10,72000,0.0,72000
P021,2026-04-11,72000,0.0,72000
P021,2026-04-12,72000,0.0,72000
P021,2026-04-13,72000,0.0,72000
P021,2026-04-14,72000,0.0,72000
P021,2026-04-15,72000,0.0,72000
P021,2026-04-16,72000,0.0,72000
P021,2026-04-17,72000,0.0,72000
P021,2026-04-18,72000,0.0,72000
P021,2026-04-19,72000,0.0,72000
P021,2026-04-20,72000,0.0,72000
P021,2026-04-21,72000,0.0,72000
P021,2026-04-22,72000,0.0,72000
P021,2026-04-23,72000,0.0,72000
P021,2026-04-24,72000,0.0,72000
P021,2026-04-25,72000,0.0,72000
P021,2026-04-26,72000,0.0,72000
P021,2026-04-27,72000,0.0,72000
P021,2026-04-28,72000,0.0,72000
P021,2026-04-29,72000,0.0,72000
P021,2026-04-30,72000,0.0,72000
P021,2026-05-01,72000,0.0,72000
P021,2026-05-02,72000,0.0,72000
P021,2026-05-03,72000,0.0,72000
P021,2026-05-04,72000,0.0,72000
P021,2026-05-05,72000,0.0,72000
P021,2026-05-06,72000,0.0,72000
P021,2026-05-07,72000,0.0,72000
P021,2026-05-08,72000,0.0,72000
P021,2026-05-09,72000,0.0,72000
P021,2026-05-10,72000,0.0,72000
P021,2026-05-11,72000,0.0,72000
P021,2026-05-12,72000,0.0,72000
P021,2026-05-13,72000,0.0,72000
P021,2026-05-14,72000,0.0,72000
P021,2026-05-15,72000,0.0,72000
P021,2026-05-16,72000,0.0,72000
P021,2026-05-17,72000,0.0,72000
P021,2026-05-18,72000,0.0,72000
P021,2026-05-19,72000,0.0,72000
P021,2026-05-20,72000,0.0,72000
P021,2026-05-21,72000,0.0,72000
P021,2026-05-22,72000,0.0,72000
P021,2026-05-23,72000,0.0,72000
P021,2026-05-24,72000,0.0,72000
P021,2026-05-25,72000,0.0,72000
P021,2026-05-26,72000,0.0,72000
P021,2026-05-27,72000,0.0,72000
P021,2026-05-28,72000,0.0,72000
P021,2026-05-29,72000,0.0,72000
P021,2026-05-30,72000,0.0,72000
P021,2026-05-31,72000,0.0,72000
P021,2026-06-01,72000,0.0,72000
P021,2026-06-02,72000,0.0,72000
P021,2026-06-03,72000,0.0,72000
P021,2026-06-04,72000,0.0,72000
P021,2026-06-05,72000,0.0,72000
P021,2026-06-06,72000,0.0,72000
P021,2026-06-07,72000,0.0,72000
P021,2026-06-08,72000,0.0,72000
P021,2026-06-09,72000,0.0,72000
P021,2026-06-10,72000,0.0,72000
P021,2026-06-11,72000,0.0,72000
P021,2026-06-12,72000,0.0,72000
P021,2026-06-13,72000,0.0,72000
P021,2026-06-14,72000,0.0,72000
P021,2026-06-15,72000,0.0,72000
P021,2026-06-16,72000,0.0,72000
P021,2026-06-17,72000,0.0,72000
P021,2026-06-18,72000,0.0,72000
P021,2026-06-19,72000,0.0,72000
P021,2026-06-20,72000,0.0,72000
P021,2026-06-21,72000,0.0,72000
P021,2026-06-22,72000,0.0,72000
P021,2026-06-23,72000,0.0,72000
P021,2026-06-24,72000,0.0,72000
P021,2026-06-25,72000,0.0,72000
P021,2026-06-26,72000,0.0,72000
P021,2026-06-27,72000,0.0,72000
P021,2026-06-28,72000,0.0,72000
P021,2026-06-29,72000,0.0,72000
P021,2026-06-30,72000,0.0,72000
P022,2026-01-01,36000,0.0,36000
P022,2026-01-02,36000,0.0,36000
P022,2026-01-03,36000,0.0,36000
P022,2026-01-04,36000,0.0,36000
P022,2026-01-05,36000,0.0,36000
P022,2026-01-06,36000,0.0,36000
P022,2026-01-07,36000,0.0,36000
P022,2026-01-08,36000,0.0,36000
P022,2026-01-09,36000,0.0,36000
P022,2026-01-10,36000,0.0,36000
P022,2026-01-11,36000,0.0,36000
P022,2026-01-12,36000,0.0,36000
P022,2026-01-13,36000,0.0,36000
P022,2026-01-14,36000,0.0,36000
P022,2026-01-15,36000,0.0,36000
P022,2026-01-16,36000,0.0,36000
P022,2026-01-17,36000,0.0,36000
P022,2026-01-18,36000,0.0,36000
P022,2026-01-19,36000,0.0,36000
P022,2026-01-20,36000,0.0,36000
P022,2026-01-21,36000,0.0,36000
P022,2026-01-22,36000,0.0,36000
P022,2026-01-23,36000,0.0,36000
P022,2026-01-24,36000,0.0,36000
P022,2026-01-25,36000,0.0,36000
P022,2026-01-26,36000,0.0,36000
P022,2026-01-27,36000,0.0,36000
P022,2026-01-28,36000,0.0,36000
P022,2026-01-29,36000,0.0,36000
P022,2026-01-30,36000,0.0,36000
P022,2026-01-31,36000,0.0,36000
P022,2026-02-01,36000,0.0,36000
P022,2026-02-02,36000,0.0,36000
P022,2026-02-03,36000,0.0,36000
P022,2026-02-04,36000,0.0,36000
P022,2026-02-05,36000,0.0,36000
P022,2026-02-06,36000,0.0,36000
P022,2026-02-07,36000,0.0,36000
P022,2026-02-08,36000,0.0,36000
P022,2026-02-09,36000,0.0,36000
P022,2026-02-10,36000,0.0,36000
P022,2026-02-11,36000,0.0,36000
P022,2026-02-12,36000,0.0,36000
P022,2026-02-13,36000,0.0,36000
P022,2026-02-14,36000,0.0,36000
P022,2026-02-15,36000,0.0,36000
P022,2026-02-16,36000,0.0,36000
P022,2026-02-17,36000,0.0,36000
P022,2026-02-18,36000,0.0,36000
P022,2026-02-19,36000,0.0,36000
P022,2026-02-20,36000,0.0,36000
P022,2026-02-21,36000,0.0,36000
P022,2026-02-22,36000,0.0,36000
P022,2026-02-23,36000,0.0,36000
P022,2026-02-24,36000,0.0,36000
P022,2026-02-25,36000,0.0,36000
P022,2026-02-26,36000,0.0,36000
P022,2026-02-27,36000,0.0,36000
P022,2026-02-28,36000,0.0,36000
P022,2026-03-01,36000,0.0,36000
P022,2026-03-02,36000,0.0,36000
P022,2026-03-03,36000,0.0,36000
P022,2026-03-04,36000,0.0,36000
P022,2026-03-05,36000,0.0,36000
P022,2026-03-06,36000,0.0,36000
P022,2026-03-07,36000,0.0,36000
P022,2026-03-08,36000,0.0,36000
P022,2026-03-09,36000,0.0,36000
P022,2026-03-10,36000,0.0,36000
P022,2026-03-11,36000,0.0,36000
P022,2026-03-12,36000,0.0,36000
P022,2026-03-13,36000,0.0,36000
P022,2026-03-14,36000,0.0,36000
P022,2026-03-15,36000,0.0,36000
P022,2026-03-16,36000,0.0,36000
P022,2026-03-17,36000,0.0,36000
P022,2026-03-18,36000,0.0,36000
P022,2026-03-19,36000,0.0,36000
P022,2026-03-20,36000,0.0,36000
P022,2026-03-21,36000,0.0,36000
P022,2026-03-22,36000,0.0,36000
P022,2026-03-23,36000,0.0,36000
P022,2026-03-24,36000,0.0,36000
P022,2026-03-25,36000,0.0,36000
P022,2026-03-26,36000,0.0,36000
P022,2026-03-27,36000,0.0,36000
P022,2026-03-28,36000,0.0,36000
P022,2026-03-29,36000,0.0,36000
P022,2026-03-30,36000,0.0,36000
P022,2026-03-31,36000,0.0,36000
P022,2026-04-01,36000,0.0,36000
P022,2026-04-02,36000,0.0,36000
P022,2026-04-03,36000,0.0,36000
P022,2026-04-04,36000,0.0,36000
P022,2026-04-05,36000,0.0,36000
P022,2026-04-06,36000,0.0,36000
P022,2026-04-07,36000,0.0,36000
P022,2026-04-08,36000,0.0,36000
P022,2026-04-09,36000,0.0,36000
P022,2026-04-10,36000,0.0,36000
P022,2026-04-11,36000,0.0,36000
P022,2026-04-12,36000,0.0,36000
P022,2026-04-13,36000,0.0,36000
P022,2026-04-14,36000,0.0,36000
P022,2026-04-15,36000,0.0,36000
P022,2026-04-16,36000,0.0,36000
P022,2026-04-17,36000,0.0,36000
P022,2026-04-18,36000,0.0,36000
P022,2026-04-19,36000,0.0,36000
P022,2026-04-20,36000,0.0,36000
P022,2026-04-21,36000,0.0,36000
P022,2026-04-22,36000,0.0,36000
P022,2026-04-23,36000,0.0,36000
P022,2026-04-24,36000,0.0,36000
P022,2026-04-25,36000,0.0,36000
P022,2026-04-26,36000,0.0,36000
P022,2026-04-27,36000,0.0,36000
P022,2026-04-28,36000,0.0,36000
P022,2026-04-29,36000,0.0,36000
P022,2026-04-30,36000,0.0,36000
P022,2026-05-01,36000,0.0,36000
P022,2026-05-02,36000,0.0,36000
P022,2026-05-03,36000,0.0,36000
P022,2026-05-04,36000,0.0,36000
P022,2026-05-05,36000,0.0,36000
P022,2026-05-06,36000,0.0,36000
P022,2026-05-07,36000,0.0,36000
P022,2026-05-08,36000,0.0,36000
P022,2026-05-09,36000,0.0,36000
P022,2026-05-10,36000,0.0,36000
P022,2026-05-11,36000,0.0,36000
P022,2026-05-12,36000,0.0,36000
P022,2026-05-13,36000,0.0,36000
P022,2026-05-14,36000,0.0,36000
P022,2026-05-15,36000,0.0,36000
P022,2026-05-16,36000,0.0,36000
P022,2026-05-17,36000,0.0,36000
P022,2026-05-18,36000,0.0,36000
P022,2026-05-19,36000,0.0,36000
P022,2026-05-20,36000,0.0,36000
P022,2026-05-21,36000,0.0,36000
P022,2026-05-22,36000,0.0,36000
P022,2026-05-23,36000,0.0,36000
P022,2026-05-24,36000,0.0,36000
P022,2026-05-25,36000,0.0,36000
P022,2026-05-26,36000,0.0,36000
P022,2026-05-27,36000,0.0,36000
P022,2026-05-28,36000,0.0,36000
P022,2026-05-29,36000,0.0,36000
P022,2026-05-30,36000,0.0,36000
P022,2026-05-31,36000,0.0,36000
P022,2026-06-01,36000,0.0,36000
P022,2026-06-02,36000,0.0,36000
P022,2026-06-03,36000,0.0,36000
P022,2026-06-04,36000,0.0,36000
P022,2026-06-05,36000,0.0,36000
P022,2026-06-06,36000,0.0,36000
P022,2026-06-07,36000,0.0,36000
P022,2026-06-08,36000,0.0,36000
P022,2026-06-09,36000,0.0,36000
P022,2026-06-10,36000,0.0,36000
P022,2026-06-11,36000,0.0,36000
P022,2026-06-12,36000,0.0,36000
P022,2026-06-13,36000,0.0,36000
P022,2026-06-14,36000,0.0,36000
P022,2026-06-15,36000,0.0,36000
P022,2026-06-16,36000,0.0,36000
P022,2026-06-17,36000,0.0,36000
P022,2026-06-18,36000,0.0,36000
P022,2026-06-19,36000,0.0,36000
P022,2026-06-20,36000,0.0,36000
P022,2026-06-21,36000,0.0,36000
P022,2026-06-22,36000,0.0,36000
P022,2026-06-23,36000,0.0,36000
P022,2026-06-24,36000,0.0,36000
P022,2026-06-25,36000,0.0,36000
P022,2026-06-26,36000,0.0,36000
P022,2026-06-27,36000,0.0,36000
P022,2026-06-28,36000,0.0,36000
P022,2026-06-29,36000,0.0,36000
P022,2026-06-30,36000,0.0,36000
P023,2026-01-01,53000,0.0,53000
P023,2026-01-02,53000,0.0,53000
P023,2026-01-03,53000,0.0,53000
P023,2026-01-04,53000,0.0,53000
P023,2026-01-05,53000,0.0,53000
P023,2026-01-06,53000,0.0,53000
P023,2026-01-07,53000,0.0,53000
P023,2026-01-08,53000,0.0,53000
P023,2026-01-09,53000,0.0,53000
P023,2026-01-10,53000,0.0,53000
P023,2026-01-11,53000,0.0,53000
P023,2026-01-12,53000,0.0,53000
P023,2026-01-13,53000,0.0,53000
P023,2026-01-14,53000,0.0,53000
P023,2026-01-15,53000,0.0,53000
P023,2026-01-16,53000,0.0,53000
P023,2026-01-17,53000,0.0,53000
P023,2026-01-18,53000,0.0,53000
P023,2026-01-19,53000,0.0,53000
P023,2026-01-20,53000,0.0,53000
P023,2026-01-21,53000,0.0,53000
P023,2026-01-22,53000,0.0,53000
P023,2026-01-23,53000,0.0,53000
P023,2026-01-24,53000,0.0,53000
P023,2026-01-25,53000,0.0,53000
P023,2026-01-26,53000,0.0,53000
P023,2026-01-27,53000,0.0,53000
P023,2026-01-28,53000,0.0,53000
P023,2026-01-29,53000,0.0,53000
P023,2026-01-30,53000,0.0,53000
P023,2026-01-31,53000,0.0,53000
P023,2026-02-01,53000,0.0,53000
P023,2026-02-02,53000,0.0,53000
P023,2026-02-03,53000,0.0,53000
P023,2026-02-04,53000,0.0,53000
P023,2026-02-05,53000,0.0,53000
P023,2026-02-06,53000,0.0,53000
P023,2026-02-07,53000,0.0,53000
P023,2026-02-08,53000,0.0,53000
P023,2026-02-09,53000,0.0,53000
P023,2026-02-10,53000,0.0,53000
P023,2026-02-11,53000,0.0,53000
P023,2026-02-12,53000,0.0,53000
P023,2026-02-13,53000,0.0,53000
P023,2026-02-14,53000,0.0,53000
P023,2026-02-15,53000,0.0,53000
P023,2026-02-16,53000,0.0,53000
P023,2026-02-17,53000,0.0,53000
P023,2026-02-18,53000,0.0,53000
P023,2026-02-19,53000,0.0,53000
P023,2026-02-20,53000,0.0,53000
P023,2026-02-21,53000,0.0,53000
P023,2026-02-22,53000,0.0,53000
P023,2026-02-23,53000,0.0,53000
P023,2026-02-24,53000,0.0,53000
P023,2026-02-25,53000,0.0,53000
P023,2026-02-26,53000,0.0,53000
P023,2026-02-27,53000,0.0,53000
P023,2026-02-28,53000,0.0,53000
P023,2026-03-01,53000,0.0,53000
P023,2026-03-02,53000,0.0,53000
P023,2026-03-03,53000,0.0,53000
P023,2026-03-04,53000,0.0,53000
P023,2026-03-05,53000,0.0,53000
P023,2026-03-06,53000,0.0,53000
P023,2026-03-07,53000,0.0,53000
P023,2026-03-08,53000,0.0,53000
P023,2026-03-09,53000,0.0,53000
P023,2026-03-10,53000,0.0,53000
P023,2026-03-11,53000,0.0,53000
P023,2026-03-12,53000,0.0,53000
P023,2026-03-13,53000,0.0,53000
P023,2026-03-14,53000,0.0,53000
P023,2026-03-15,53000,0.0,53000
P023,2026-03-16,53000,0.0,53000
P023,2026-03-17,53000,0.0,53000
P023,2026-03-18,53000,0.0,53000
P023,2026-03-19,53000,0.0,53000
P023,2026-03-20,53000,0.0,53000
P023,2026-03-21,53000,0.0,53000
P023,2026-03-22,53000,0.0,53000
P023,2026-03-23,53000,0.0,53000
P023,2026-03-24,53000,0.0,53000
P023,2026-03-25,53000,0.0,53000
P023,2026-03-26,53000,0.0,53000
P023,2026-03-27,53000,0.0,53000
P023,2026-03-28,53000,0.0,53000
P023,2026-03-29,53000,0.0,53000
P023,2026-03-30,53000,0.0,53000
P023,2026-03-31,53000,0.0,53000
P023,2026-04-01,53000,0.0,53000
P023,2026-04-02,53000,0.0,53000
P023,2026-04-03,53000,0.0,53000
P023,2026-04-04,53000,0.0,53000
P023,2026-04-05,53000,0.0,53000
P023,2026-04-06,53000,0.0,53000
P023,2026-04-07,53000,0.0,53000
P023,2026-04-08,53000,0.0,53000
P023,2026-04-09,53000,0.0,53000
P023,2026-04-10,53000,0.0,53000
P023,2026-04-11,53000,0.0,53000
P023,2026-04-12,53000,0.0,53000
P023,2026-04-13,53000,0.0,53000
P023,2026-04-14,53000,0.0,53000
P023,2026-04-15,53000,0.0,53000
P023,2026-04-16,53000,0.0,53000
P023,2026-04-17,53000,0.0,53000
P023,2026-04-18,53000,0.0,53000
P023,2026-04-19,53000,0.0,53000
P023,2026-04-20,53000,0.0,53000
P023,2026-04-21,53000,0.0,53000
P023,2026-04-22,53000,0.0,53000
P023,2026-04-23,53000,0.0,53000
P023,2026-04-24,53000,0.0,53000
P023,2026-04-25,53000,0.0,53000
P023,2026-04-26,53000,0.0,53000
P023,2026-04-27,53000,0.0,53000
P023,2026-04-28,53000,0.0,53000
P023,2026-04-29,53000,0.0,53000
P023,2026-04-30,53000,0.0,53000
P023,2026-05-01,53000,0.0,53000
P023,2026-05-02,53000,0.0,53000
P023,2026-05-03,53000,0.0,53000
P023,2026-05-04,53000,0.0,53000
P023,2026-05-05,53000,0.0,53000
P023,2026-05-06,53000,0.0,53000
P023,2026-05-07,53000,0.0,53000
P023,2026-05-08,53000,0.0,53000
P023,2026-05-09,53000,0.0,53000
P023,2026-05-10,53000,0.0,53000
P023,2026-05-11,53000,0.0,53000
P023,2026-05-12,53000,0.0,53000
P023,2026-05-13,53000,0.0,53000
P023,2026-05-14,53000,0.0,53000
P023,2026-05-15,53000,0.0,53000
P023,2026-05-16,53000,0.0,53000
P023,2026-05-17,53000,0.0,53000
P023,2026-05-18,53000,0.0,53000
P023,2026-05-19,53000,0.0,53000
P023,2026-05-20,53000,0.0,53000
P023,2026-05-21,53000,0.0,53000
P023,2026-05-22,53000,0.0,53000
P023,2026-05-23,53000,0.0,53000
P023,2026-05-24,53000,0.0,53000
P023,2026-05-25,53000,0.0,53000
P023,2026-05-26,53000,0.0,53000
P023,2026-05-27,53000,0.0,53000
P023,2026-05-28,53000,0.0,53000
P023,2026-05-29,53000,0.0,53000
P023,2026-05-30,53000,0.0,53000
P023,2026-05-31,53000,0.0,53000
P023,2026-06-01,53000,0.0,53000
P023,2026-06-02,53000,0.0,53000
P023,2026-06-03,53000,0.0,53000
P023,2026-06-04,53000,0.0,53000
P023,2026-06-05,53000,0.0,53000
P023,2026-06-06,53000,0.0,53000
P023,2026-06-07,53000,0.0,53000
P023,2026-06-08,53000,0.0,53000
P023,2026-06-09,53000,0.0,53000
P023,2026-06-10,53000,0.0,53000
P023,2026-06-11,53000,0.0,53000
P023,2026-06-12,53000,0.0,53000
P023,2026-06-13,53000,0.0,53000
P023,2026-06-14,53000,0.0,53000
P023,2026-06-15,53000,0.0,53000
P023,2026-06-16,53000,0.0,53000
P023,2026-06-17,53000,0.0,53000
P023,2026-06-18,53000,0.0,53000
P023,2026-06-19,53000,0.0,53000
P023,2026-06-20,53000,0.0,53000
P023,2026-06-21,53000,0.0,53000
P023,2026-06-22,53000,0.0,53000
P023,2026-06-23,53000,0.0,53000
P023,2026-06-24,53000,0.0,53000
P023,2026-06-25,53000,0.0,53000
P023,2026-06-26,53000,0.0,53000
P023,2026-06-27,53000,0.0,53000
P023,2026-06-28,53000,0.0,53000
P023,2026-06-29,53000,0.0,53000
P023,2026-06-30,53000,0.0,53000
P024,2026-01-01,55000,0.0,55000
P024,2026-01-02,55000,0.0,55000
P024,2026-01-03,55000,0.0,55000
P024,2026-01-04,55000,0.0,55000
P024,2026-01-05,55000,0.0,55000
P024,2026-01-06,55000,0.0,55000
P024,2026-01-07,55000,0.0,55000
P024,2026-01-08,55000,0.0,55000
P024,2026-01-09,55000,0.0,55000
P024,2026-01-10,55000,0.0,55000
P024,2026-01-11,55000,0.0,55000
P024,2026-01-12,55000,0.0,55000
P024,2026-01-13,55000,0.0,55000
P024,2026-01-14,55000,0.0,55000
P024,2026-01-15,55000,0.0,55000
P024,2026-01-16,55000,0.0,55000
P024,2026-01-17,55000,0.0,55000
P024,2026-01-18,55000,0.0,55000
P024,2026-01-19,55000,0.0,55000
P024,2026-01-20,55000,0.0,55000
P024,2026-01-21,55000,0.0,55000
P024,2026-01-22,55000,0.0,55000
P024,2026-01-23,55000,0.0,55000
P024,2026-01-24,55000,0.0,55000
P024,2026-01-25,55000,0.0,55000
P024,2026-01-26,55000,0.0,55000
P024,2026-01-27,55000,0.0,55000
P024,2026-01-28,55000,0.0,55000
P024,2026-01-29,55000,0.0,55000
P024,2026-01-30,55000,0.0,55000
P024,2026-01-31,55000,0.0,55000
P024,2026-02-01,55000,0.0,55000
P024,2026-02-02,55000,0.0,55000
P024,2026-02-03,55000,0.0,55000
P024,2026-02-04,55000,0.0,55000
P024,2026-02-05,55000,0.0,55000
P024,2026-02-06,55000,0.0,55000
P024,2026-02-07,55000,0.0,55000
P024,2026-02-08,55000,0.0,55000
P024,2026-02-09,55000,0.0,55000
P024,2026-02-10,55000,0.0,55000
P024,2026-02-11,55000,0.0,55000
P024,2026-02-12,55000,0.0,55000
P024,2026-02-13,55000,0.0,55000
P024,2026-02-14,55000,0.0,55000
P024,2026-02-15,55000,0.0,55000
P024,2026-02-16,55000,0.0,55000
P024,2026-02-17,55000,0.0,55000
P024,2026-02-18,55000,0.0,55000
P024,2026-02-19,55000,0.0,55000
P024,2026-02-20,55000,0.0,55000
P024,2026-02-21,55000,0.0,55000
P024,2026-02-22,55000,0.0,55000
P024,2026-02-23,55000,0.0,55000
P024,2026-02-24,55000,0.0,55000
P024,2026-02-25,55000,0.0,55000
P024,2026-02-26,55000,0.0,55000
P024,2026-02-27,55000,0.0,55000
P024,2026-02-28,55000,0.0,55000
P024,2026-03-01,55000,0.0,55000
P024,2026-03-02,55000,0.0,55000
P024,2026-03-03,55000,0.0,55000
P024,2026-03-04,55000,0.0,55000
P024,2026-03-05,55000,0.0,55000
P024,2026-03-06,55000,0.0,55000
P024,2026-03-07,55000,0.0,55000
P024,2026-03-08,55000,0.0,55000
P024,2026-03-09,55000,0.0,55000
P024,2026-03-10,55000,0.0,55000
P024,2026-03-11,55000,0.0,55000
P024,2026-03-12,55000,0.0,55000
P024,2026-03-13,55000,0.0,55000
P024,2026-03-14,55000,0.0,55000
P024,2026-03-15,55000,0.0,55000
P024,2026-03-16,55000,0.0,55000
P024,2026-03-17,55000,0.0,55000
P024,2026-03-18,55000,0.0,55000
P024,2026-03-19,55000,0.0,55000
P024,2026-03-20,55000,0.0,55000
P024,2026-03-21,55000,0.0,55000
P024,2026-03-22,55000,0.0,55000
P024,2026-03-23,55000,0.0,55000
P024,2026-03-24,55000,0.0,55000
P024,2026-03-25,55000,0.0,55000
P024,2026-03-26,55000,0.0,55000
P024,2026-03-27,55000,0.0,55000
P024,2026-03-28,55000,0.0,55000
P024,2026-03-29,55000,0.0,55000
P024,2026-03-30,55000,0.0,55000
P024,2026-03-31,55000,0.0,55000
P024,2026-04-01,55000,0.0,55000
P024,2026-04-02,55000,0.0,55000
P024,2026-04-03,55000,0.0,55000
P024,2026-04-04,55000,0.0,55000
P024,2026-04-05,55000,0.0,55000
P024,2026-04-06,55000,0.0,55000
P024,2026-04-07,55000,0.0,55000
P024,2026-04-08,55000,0.0,55000
P024,2026-04-09,55000,0.0,55000
P024,2026-04-10,55000,0.0,55000
P024,2026-04-11,55000,0.0,55000
P024,2026-04-12,55000,0.0,55000
P024,2026-04-13,55000,0.0,55000
P024,2026-04-14,55000,0.0,55000
P024,2026-04-15,55000,0.0,55000
P024,2026-04-16,55000,0.0,55000
P024,2026-04-17,55000,0.0,55000
P024,2026-04-18,55000,0.0,55000
P024,2026-04-19,55000,0.0,55000
P024,2026-04-20,55000,0.0,55000
P024,2026-04-21,55000,0.0,55000
P024,2026-04-22,55000,0.0,55000
P024,2026-04-23,55000,0.0,55000
P024,2026-04-24,55000,0.0,55000
P024,2026-04-25,55000,0.0,55000
P024,2026-04-26,55000,0.0,55000
P024,2026-04-27,55000,0.0,55000
P024,2026-04-28,55000,0.0,55000
P024,2026-04-29,55000,0.0,55000
P024,2026-04-30,55000,0.0,55000
P024,2026-05-01,55000,0.0,55000
P024,2026-05-02,55000,0.0,55000
P024,2026-05-03,55000,0.0,55000
P024,2026-05-04,55000,0.0,55000
P024,2026-05-05,55000,0.0,55000
P024,2026-05-06,55000,0.0,55000
P024,2026-05-07,55000,0.0,55000
P024,2026-05-08,55000,0.0,55000
P024,2026-05-09,55000,0.0,55000
P024,2026-05-10,55000,0.0,55000
P024,2026-05-11,55000,0.0,55000
P024,2026-05-12,55000,0.0,55000
P024,2026-05-13,55000,0.0,55000
P024,2026-05-14,55000,0.0,55000
P024,2026-05-15,55000,0.0,55000
P024,2026-05-16,55000,0.0,55000
P024,2026-05-17,55000,0.0,55000
P024,2026-05-18,55000,0.0,55000
P024,2026-05-19,55000,0.0,55000
P024,2026-05-20,55000,0.0,55000
P024,2026-05-21,55000,0.0,55000
P024,2026-05-22,55000,0.0,55000
P024,2026-05-23,55000,0.0,55000
P024,2026-05-24,55000,0.0,55000
P024,2026-05-25,55000,0.0,55000
P024,2026-05-26,55000,0.0,55000
P024,2026-05-27,55000,0.0,55000
P024,2026-05-28,55000,0.0,55000
P024,2026-05-29,55000,0.0,55000
P024,2026-05-30,55000,0.0,55000
P024,2026-05-31,55000,0.0,55000
P024,2026-06-01,55000,0.0,55000
P024,2026-06-02,55000,0.0,55000
P024,2026-06-03,55000,0.0,55000
P024,2026-06-04,55000,0.0,55000
P024,2026-06-05,55000,0.0,55000
P024,2026-06-06,55000,0.0,55000
P024,2026-06-07,55000,0.0,55000
P024,2026-06-08,55000,0.0,55000
P024,2026-06-09,55000,0.0,55000
P024,2026-06-10,55000,0.0,55000
P024,2026-06-11,55000,0.0,55000
P024,2026-06-12,55000,0.0,55000
P024,2026-06-13,55000,0.0,55000
P024,2026-06-14,55000,0.0,55000
P024,2026-06-15,55000,0.0,55000
P024,2026-06-16,55000,0.0,55000
P024,2026-06-17,55000,0.0,55000
P024,2026-06-18,55000,0.0,55000
P024,2026-06-19,55000,0.0,55000
P024,2026-06-20,55000,0.0,55000
P024,2026-06-21,55000,0.0,55000
P024,2026-06-22,55000,0.0,55000
P024,2026-06-23,55000,0.0,55000
P024,2026-06-24,55000,0.0,55000
P024,2026-06-25,55000,0.0,55000
P024,2026-06-26,55000,0.0,55000
P024,2026-06-27,55000,0.0,55000
P024,2026-06-28,55000,0.0,55000
P024,2026-06-29,55000,0.0,55000
P024,2026-06-30,55000,0.0,55000
P025,2026-01-01,54000,0.0,54000
P025,2026-01-02,54000,0.0,54000
P025,2026-01-03,54000,0.0,54000
P025,2026-01-04,54000,0.0,54000
P025,2026-01-05,54000,0.0,54000
P025,2026-01-06,54000,0.0,54000
P025,2026-01-07,54000,0.0,54000
P025,2026-01-08,54000,0.0,54000
P025,2026-01-09,54000,0.0,54000
P025,2026-01-10,54000,0.0,54000
P025,2026-01-11,54000,0.0,54000
P025,2026-01-12,54000,0.0,54000
P025,2026-01-13,54000,0.0,54000
P025,2026-01-14,54000,0.0,54000
P025,2026-01-15,54000,0.0,54000
P025,2026-01-16,54000,0.0,54000
P025,2026-01-17,54000,0.0,54000
P025,2026-01-18,54000,0.0,54000
P025,2026-01-19,54000,0.0,54000
P025,2026-01-20,54000,0.0,54000
P025,2026-01-21,54000,0.0,54000
P025,2026-01-22,54000,0.0,54000
P025,2026-01-23,54000,0.0,54000
P025,2026-01-24,54000,0.0,54000
P025,2026-01-25,54000,0.0,54000
P025,2026-01-26,54000,0.0,54000
P025,2026-01-27,54000,0.0,54000
P025,2026-01-28,54000,0.0,54000
P025,2026-01-29,54000,0.0,54000
P025,2026-01-30,54000,0.0,54000
P025,2026-01-31,54000,0.0,54000
P025,2026-02-01,54000,0.0,54000
P025,2026-02-02,54000,0.0,54000
P025,2026-02-03,54000,0.0,54000
P025,2026-02-04,54000,0.0,54000
P025,2026-02-05,54000,0.0,54000
P025,2026-02-06,54000,0.0,54000
P025,2026-02-07,54000,0.0,54000
P025,2026-02-08,54000,0.0,54000
P025,2026-02-09,54000,0.0,54000
P025,2026-02-10,54000,0.0,54000
P025,2026-02-11,54000,0.0,54000
P025,2026-02-12,54000,0.0,54000
P025,2026-02-13,54000,0.0,54000
P025,2026-02-14,54000,0.0,54000
P025,2026-02-15,54000,0.0,54000
P025,2026-02-16,54000,0.0,54000
P025,2026-02-17,54000,0.0,54000
P025,2026-02-18,54000,0.0,54000
P025,2026-02-19,54000,0.0,54000
P025,2026-02-20,54000,0.0,54000
P025,2026-02-21,54000,0.0,54000
P025,2026-02-22,54000,0.0,54000
P025,2026-02-23,54000,0.0,54000
P025,2026-02-24,54000,0.0,54000
P025,2026-02-25,54000,0.0,54000
P025,2026-02-26,54000,0.0,54000
P025,2026-02-27,54000,0.0,54000
P025,2026-02-28,54000,0.0,54000
P025,2026-03-01,54000,0.0,54000
P025,2026-03-02,54000,0.0,54000
P025,2026-03-03,54000,0.0,54000
P025,2026-03-04,54000,0.0,54000
P025,2026-03-05,54000,0.0,54000
P025,2026-03-06,54000,0.0,54000
P025,2026-03-07,54000,0.0,54000
P025,2026-03-08,54000,0.0,54000
P025,2026-03-09,54000,0.0,54000
P025,2026-03-10,54000,0.0,54000
P025,2026-03-11,54000,0.0,54000
P025,2026-03-12,54000,0.0,54000
P025,2026-03-13,54000,0.0,54000
P025,2026-03-14,54000,0.0,54000
P025,2026-03-15,54000,0.0,54000
P025,2026-03-16,54000,0.0,54000
P025,2026-03-17,54000,0.0,54000
P025,2026-03-18,54000,0.0,54000
P025,2026-03-19,54000,0.0,54000
P025,2026-03-20,54000,0.0,54000
P025,2026-03-21,54000,0.0,54000
P025,2026-03-22,54000,0.0,54000
P025,2026-03-23,54000,0.0,54000
P025,2026-03-24,54000,0.0,54000
P025,2026-03-25,54000,0.0,54000
P025,2026-03-26,54000,0.0,54000
P025,2026-03-27,54000,0.0,54000
P025,2026-03-28,54000,0.0,54000
P025,2026-03-29,54000,0.0,54000
P025,2026-03-30,54000,0.0,54000
P025,2026-03-31,54000,0.0,54000
P025,2026-04-01,54000,0.0,54000
P025,2026-04-02,54000,0.0,54000
P025,2026-04-03,54000,0.0,54000
P025,2026-04-04,54000,0.0,54000
P025,2026-04-05,54000,0.0,54000
P025,2026-04-06,54000,0.0,54000
P025,2026-04-07,54000,0.0,54000
P025,2026-04-08,54000,0.0,54000
P025,2026-04-09,54000,0.0,54000
P025,2026-04-10,54000,0.0,54000
P025,2026-04-11,54000,0.0,54000
P025,2026-04-12,54000,0.0,54000
P025,2026-04-13,54000,0.0,54000
P025,2026-04-14,54000,0.0,54000
P025,2026-04-15,54000,0.0,54000
P025,2026-04-16,54000,0.0,54000
P025,2026-04-17,54000,0.0,54000
P025,2026-04-18,54000,0.0,54000
P025,2026-04-19,54000,0.0,54000
P025,2026-04-20,54000,0.0,54000
P025,2026-04-21,54000,0.0,54000
P025,2026-04-22,54000,0.0,54000
P025,2026-04-23,54000,0.0,54000
P025,2026-04-24,54000,0.0,54000
P025,2026-04-25,54000,0.0,54000
P025,2026-04-26,54000,0.0,54000
P025,2026-04-27,54000,0.0,54000
P025,2026-04-28,54000,0.0,54000
P025,2026-04-29,54000,0.0,54000
P025,2026-04-30,54000,0.0,54000
P025,2026-05-01,54000,0.0,54000
P025,2026-05-02,54000,0.0,54000
P025,2026-05-03,54000,0.0,54000
P025,2026-05-04,54000,0.0,54000
P025,2026-05-05,54000,0.0,54000
P025,2026-05-06,54000,0.0,54000
P025,2026-05-07,54000,0.0,54000
P025,2026-05-08,54000,0.0,54000
P025,2026-05-09,54000,0.0,54000
P025,2026-05-10,54000,0.0,54000
P025,2026-05-11,54000,0.0,54000
P025,2026-05-12,54000,0.0,54000
P025,2026-05-13,54000,0.0,54000
P025,2026-05-14,54000,0.0,54000
P025,2026-05-15,54000,0.0,54000
P025,2026-05-16,54000,0.0,54000
P025,2026-05-17,54000,0.0,54000
P025,2026-05-18,54000,0.0,54000
P025,2026-05-19,54000,0.0,54000
P025,2026-05-20,54000,0.0,54000
P025,2026-05-21,54000,0.0,54000
P025,2026-05-22,54000,0.0,54000
P025,2026-05-23,54000,0.0,54000
P025,2026-05-24,54000,0.0,54000
P025,2026-05-25,54000,0.0,54000
P025,2026-05-26,54000,0.0,54000
P025,2026-05-27,54000,0.0,54000
P025,2026-05-28,54000,0.0,54000
P025,2026-05-29,54000,0.0,54000
P025,2026-05-30,54000,0.0,54000
P025,2026-05-31,54000,0.0,54000
P025,2026-06-01,54000,0.0,54000
P025,2026-06-02,54000,0.0,54000
P025,2026-06-03,54000,0.0,54000
P025,2026-06-04,54000,0.0,54000
P025,2026-06-05,54000,0.0,54000
P025,2026-06-06,54000,0.0,54000
P025,2026-06-07,54000,0.0,54000
P025,2026-06-08,54000,0.0,54000
P025,2026-06-09,54000,0.0,54000
P025,2026-06-10,54000,0.0,54000
P025,2026-06-11,54000,0.0,54000
P025,2026-06-12,54000,0.0,54000
P025,2026-06-13,54000,0.0,54000
P025,2026-06-14,54000,0.0,54000
P025,2026-06-15,54000,0.0,54000
P025,2026-06-16,54000,0.0,54000
P025,2026-06-17,54000,0.0,54000
P025,2026-06-18,54000,0.0,54000
P025,2026-06-19,54000,0.0,54000
P025,2026-06-20,54000,0.0,54000
P025,2026-06-21,54000,0.0,54000
P025,2026-06-22,54000,0.0,54000
P025,2026-06-23,54000,0.0,54000
P025,2026-06-24,54000,0.0,54000
P025,2026-06-25,54000,0.0,54000
P025,2026-06-26,54000,0.0,54000
P025,2026-06-27,54000,0.0,54000
P025,2026-06-28,54000,0.0,54000
P025,2026-06-29,54000,0.0,54000
P025,2026-06-30,54000,0.0,54000
P026,2026-01-01,48000,0.0,48000
P026,2026-01-02,48000,0.0,48000
P026,2026-01-03,48000,0.0,48000
P026,2026-01-04,48000,0.0,48000
P026,2026-01-05,48000,0.0,48000
P026,2026-01-06,48000,0.0,48000
P026,2026-01-07,48000,0.0,48000
P026,2026-01-08,48000,0.0,48000
P026,2026-01-09,48000,0.0,48000
P026,2026-01-10,48000,0.0,48000
P026,2026-01-11,48000,0.0,48000
P026,2026-01-12,48000,0.0,48000
P026,2026-01-13,48000,0.0,48000
P026,2026-01-14,48000,0.0,48000
P026,2026-01-15,48000,0.0,48000
P026,2026-01-16,48000,0.0,48000
P026,2026-01-17,48000,0.0,48000
P026,2026-01-18,48000,0.0,48000
P026,2026-01-19,48000,0.0,48000
P026,2026-01-20,48000,0.0,48000
P026,2026-01-21,48000,0.0,48000
P026,2026-01-22,48000,0.0,48000
P026,2026-01-23,48000,0.0,48000
P026,2026-01-24,48000,0.0,48000
P026,2026-01-25,48000,0.0,48000
P026,2026-01-26,48000,0.0,48000
P026,2026-01-27,48000,0.0,48000
P026,2026-01-28,48000,0.0,48000
P026,2026-01-29,48000,0.0,48000
P026,2026-01-30,48000,0.0,48000
P026,2026-01-31,48000,0.0,48000
P026,2026-02-01,48000,0.0,48000
P026,2026-02-02,48000,0.0,48000
P026,2026-02-03,48000,0.0,48000
P026,2026-02-04,48000,0.0,48000
P026,2026-02-05,48000,0.0,48000
P026,2026-02-06,48000,0.0,48000
P026,2026-02-07,48000,0.0,48000
P026,2026-02-08,48000,0.0,48000
P026,2026-02-09,48000,0.0,48000
P026,2026-02-10,48000,0.0,48000
P026,2026-02-11,48000,0.0,48000
P026,2026-02-12,48000,0.0,48000
P026,2026-02-13,48000,0.0,48000
P026,2026-02-14,48000,0.0,48000
P026,2026-02-15,48000,0.0,48000
P026,2026-02-16,48000,0.0,48000
P026,2026-02-17,48000,0.0,48000
P026,2026-02-18,48000,0.0,48000
P026,2026-02-19,48000,0.0,48000
P026,2026-02-20,48000,0.0,48000
P026,2026-02-21,48000,0.0,48000
P026,2026-02-22,48000,0.0,48000
P026,2026-02-23,48000,0.0,48000
P026,2026-02-24,48000,0.0,48000
P026,2026-02-25,48000,0.0,48000
P026,2026-02-26,48000,0.0,48000
P026,2026-02-27,48000,0.0,48000
P026,2026-02-28,48000,0.0,48000
P026,2026-03-01,48000,0.0,48000
P026,2026-03-02,48000,0.0,48000
P026,2026-03-03,48000,0.0,48000
P026,2026-03-04,48000,0.0,48000
P026,2026-03-05,48000,0.0,48000
P026,2026-03-06,48000,0.0,48000
P026,2026-03-07,48000,0.0,48000
P026,2026-03-08,48000,0.0,48000
P026,2026-03-09,48000,0.0,48000
P026,2026-03-10,48000,0.0,48000
P026,2026-03-11,48000,0.0,48000
P026,2026-03-12,48000,0.0,48000
P026,2026-03-13,48000,0.0,48000
P026,2026-03-14,48000,0.0,48000
P026,2026-03-15,48000,0.0,48000
P026,2026-03-16,48000,0.0,48000
P026,2026-03-17,48000,0.0,48000
P026,2026-03-18,48000,0.0,48000
P026,2026-03-19,48000,0.0,48000
P026,2026-03-20,48000,0.0,48000
P026,2026-03-21,48000,0.0,48000
P026,2026-03-22,48000,0.0,48000
P026,2026-03-23,48000,0.0,48000
P026,2026-03-24,48000,0.0,48000
P026,2026-03-25,48000,0.0,48000
P026,2026-03-26,48000,0.0,48000
P026,2026-03-27,48000,0.0,48000
P026,2026-03-28,48000,0.0,48000
P026,2026-03-29,48000,0.0,48000
P026,2026-03-30,48000,0.0,48000
P026,2026-03-31,48000,0.0,48000
P026,2026-04-01,48000,0.0,48000
P026,2026-04-02,48000,0.0,48000
P026,2026-04-03,48000,0.0,48000
P026,2026-04-04,48000,0.0,48000
P026,2026-04-05,48000,0.0,48000
P026,2026-04-06,48000,0.0,48000
P026,2026-04-07,48000,0.0,48000
P026,2026-04-08,48000,0.0,48000
P026,2026-04-09,48000,0.0,48000
P026,2026-04-10,48000,0.0,48000
P026,2026-04-11,48000,0.0,48000
P026,2026-04-12,48000,0.0,48000
P026,2026-04-13,48000,0.0,48000
P026,2026-04-14,48000,0.0,48000
P026,2026-04-15,48000,0.0,48000
P026,2026-04-16,48000,0.0,48000
P026,2026-04-17,48000,0.0,48000
P026,2026-04-18,48000,0.0,48000
P026,2026-04-19,48000,0.0,48000
P026,2026-04-20,48000,0.0,48000
P026,2026-04-21,48000,0.0,48000
P026,2026-04-22,48000,0.0,48000
P026,2026-04-23,48000,0.0,48000
P026,2026-04-24,48000,0.0,48000
P026,2026-04-25,48000,0.0,48000
P026,2026-04-26,48000,0.0,48000
P026,2026-04-27,48000,0.0,48000
P026,2026-04-28,48000,0.0,48000
P026,2026-04-29,48000,0.0,48000
P026,2026-04-30,48000,0.0,48000
P026,2026-05-01,48000,0.0,48000
P026,2026-05-02,48000,0.0,48000
P026,2026-05-03,48000,0.0,48000
P026,2026-05-04,48000,0.0,48000
P026,2026-05-05,48000,0.0,48000
P026,2026-05-06,48000,0.0,48000
P026,2026-05-07,48000,0.0,48000
P026,2026-05-08,48000,0.0,48000
P026,2026-05-09,48000,0.0,48000
P026,2026-05-10,48000,0.0,48000
P026,2026-05-11,48000,0.0,48000
P026,2026-05-12,48000,0.0,48000
P026,2026-05-13,48000,0.0,48000
P026,2026-05-14,48000,0.0,48000
P026,2026-05-15,48000,0.0,48000
P026,2026-05-16,48000,0.0,48000
P026,2026-05-17,48000,0.0,48000
P026,2026-05-18,48000,0.0,48000
P026,2026-05-19,48000,0.0,48000
P026,2026-05-20,48000,0.0,48000
P026,2026-05-21,48000,0.0,48000
P026,2026-05-22,48000,0.0,48000
P026,2026-05-23,48000,0.0,48000
P026,2026-05-24,48000,0.0,48000
P026,2026-05-25,48000,0.0,48000
P026,2026-05-26,48000,0.0,48000
P026,2026-05-27,48000,0.0,48000
P026,2026-05-28,48000,0.0,48000
P026,2026-05-29,48000,0.0,48000
P026,2026-05-30,48000,0.0,48000
P026,2026-05-31,48000,0.0,48000
P026,2026-06-01,48000,0.0,48000
P026,2026-06-02,48000,0.0,48000
P026,2026-06-03,48000,0.0,48000
P026,2026-06-04,48000,0.0,48000
P026,2026-06-05,48000,0.0,48000
P026,2026-06-06,48000,0.0,48000
P026,2026-06-07,48000,0.0,48000
P026,2026-06-08,48000,0.0,48000
P026,2026-06-09,48000,0.0,48000
P026,2026-06-10,48000,0.0,48000
P026,2026-06-11,48000,0.0,48000
P026,2026-06-12,48000,0.0,48000
P026,2026-06-13,48000,0.0,48000
P026,2026-06-14,48000,0.0,48000
P026,2026-06-15,48000,0.0,48000
P026,2026-06-16,48000,0.0,48000
P026,2026-06-17,48000,0.0,48000
P026,2026-06-18,48000,0.0,48000
P026,2026-06-19,48000,0.0,48000
P026,2026-06-20,48000,0.0,48000
P026,2026-06-21,48000,0.0,48000
P026,2026-06-22,48000,0.0,48000
P026,2026-06-23,48000,0.0,48000
P026,2026-06-24,48000,0.0,48000
P026,2026-06-25,48000,0.0,48000
P026,2026-06-26,48000,0.0,48000
P026,2026-06-27,48000,0.0,48000
P026,2026-06-28,48000,0.0,48000
P026,2026-06-29,48000,0.0,48000
P026,2026-06-30,48000,0.0,48000
P027,2026-01-01,63000,0.0,63000
P027,2026-01-02,63000,0.0,63000
P027,2026-01-03,63000,0.0,63000
P027,2026-01-04,63000,0.0,63000
P027,2026-01-05,63000,0.0,63000
P027,2026-01-06,63000,0.0,63000
P027,2026-01-07,63000,0.0,63000
P027,2026-01-08,63000,0.0,63000
P027,2026-01-09,63000,0.0,63000
P027,2026-01-10,63000,0.0,63000
P027,2026-01-11,63000,0.0,63000
P027,2026-01-12,63000,0.0,63000
P027,2026-01-13,63000,0.0,63000
P027,2026-01-14,63000,0.0,63000
P027,2026-01-15,63000,0.0,63000
P027,2026-01-16,63000,0.0,63000
P027,2026-01-17,63000,0.0,63000
P027,2026-01-18,63000,0.0,63000
P027,2026-01-19,63000,0.0,63000
P027,2026-01-20,63000,0.0,63000
P027,2026-01-21,63000,0.0,63000
P027,2026-01-22,63000,0.0,63000
P027,2026-01-23,63000,0.0,63000
P027,2026-01-24,63000,0.0,63000
P027,2026-01-25,63000,0.0,63000
P027,2026-01-26,63000,0.0,63000
P027,2026-01-27,63000,0.0,63000
P027,2026-01-28,63000,0.0,63000
P027,2026-01-29,63000,0.0,63000
P027,2026-01-30,63000,0.0,63000
P027,2026-01-31,63000,0.0,63000
P027,2026-02-01,63000,0.0,63000
P027,2026-02-02,63000,0.0,63000
P027,2026-02-03,63000,0.0,63000
P027,2026-02-04,63000,0.0,63000
P027,2026-02-05,63000,0.0,63000
P027,2026-02-06,63000,0.0,63000
P027,2026-02-07,63000,0.0,63000
P027,2026-02-08,63000,0.0,63000
P027,2026-02-09,63000,0.0,63000
P027,2026-02-10,63000,0.0,63000
P027,2026-02-11,63000,0.0,63000
P027,2026-02-12,63000,0.0,63000
P027,2026-02-13,63000,0.0,63000
P027,2026-02-14,63000,0.0,63000
P027,2026-02-15,63000,0.0,63000
P027,2026-02-16,63000,0.0,63000
P027,2026-02-17,63000,0.0,63000
P027,2026-02-18,63000,0.0,63000
P027,2026-02-19,63000,0.0,63000
P027,2026-02-20,63000,0.0,63000
P027,2026-02-21,63000,0.0,63000
P027,2026-02-22,63000,0.0,63000
P027,2026-02-23,63000,0.0,63000
P027,2026-02-24,63000,0.0,63000
P027,2026-02-25,63000,0.0,63000
P027,2026-02-26,63000,0.0,63000
P027,2026-02-27,63000,0.0,63000
P027,2026-02-28,63000,0.0,63000
P027,2026-03-01,63000,0.0,63000
P027,2026-03-02,63000,0.0,63000
P027,2026-03-03,63000,0.0,63000
P027,2026-03-04,63000,0.0,63000
P027,2026-03-05,63000,0.0,63000
P027,2026-03-06,63000,0.0,63000
P027,2026-03-07,63000,0.0,63000
P027,2026-03-08,63000,0.0,63000
P027,2026-03-09,63000,0.0,63000
P027,2026-03-10,63000,0.0,63000
P027,2026-03-11,63000,0.0,63000
P027,2026-03-12,63000,0.0,63000
P027,2026-03-13,63000,0.0,63000
P027,2026-03-14,63000,0.0,63000
P027,2026-03-15,63000,0.0,63000
P027,2026-03-16,63000,0.0,63000
P027,2026-03-17,63000,0.0,63000
P027,2026-03-18,63000,0.0,63000
P027,2026-03-19,63000,0.0,63000
P027,2026-03-20,63000,0.0,63000
P027,2026-03-21,63000,0.0,63000
P027,2026-03-22,63000,0.0,63000
P027,2026-03-23,63000,0.0,63000
P027,2026-03-24,63000,0.0,63000
P027,2026-03-25,63000,0.0,63000
P027,2026-03-26,63000,0.0,63000
P027,2026-03-27,63000,0.0,63000
P027,2026-03-28,63000,0.0,63000
P027,2026-03-29,63000,0.0,63000
P027,2026-03-30,63000,0.0,63000
P027,2026-03-31,63000,0.0,63000
P027,2026-04-01,63000,0.0,63000
P027,2026-04-02,63000,0.0,63000
P027,2026-04-03,63000,0.0,63000
P027,2026-04-04,63000,0.0,63000
P027,2026-04-05,63000,0.0,63000
P027,2026-04-06,63000,0.0,63000
P027,2026-04-07,63000,0.0,63000
P027,2026-04-08,63000,0.0,63000
P027,2026-04-09,63000,0.0,63000
P027,2026-04-10,63000,0.0,63000
P027,2026-04-11,63000,0.0,63000
P027,2026-04-12,63000,0.0,63000
P027,2026-04-13,63000,0.0,63000
P027,2026-04-14,63000,0.0,63000
P027,2026-04-15,63000,0.0,63000
P027,2026-04-16,63000,0.0,63000
P027,2026-04-17,63000,0.0,63000
P027,2026-04-18,63000,0.0,63000
P027,2026-04-19,63000,0.0,63000
P027,2026-04-20,63000,0.0,63000
P027,2026-04-21,63000,0.0,63000
P027,2026-04-22,63000,0.0,63000
P027,2026-04-23,63000,0.0,63000
P027,2026-04-24,63000,0.0,63000
P027,2026-04-25,63000,0.0,63000
P027,2026-04-26,63000,0.0,63000
P027,2026-04-27,63000,0.0,63000
P027,2026-04-28,63000,0.0,63000
P027,2026-04-29,63000,0.0,63000
P027,2026-04-30,63000,0.0,63000
P027,2026-05-01,63000,0.0,63000
P027,2026-05-02,63000,0.0,63000
P027,2026-05-03,63000,0.0,63000
P027,2026-05-04,63000,0.0,63000
P027,2026-05-05,63000,0.0,63000
P027,2026-05-06,63000,0.0,63000
P027,2026-05-07,63000,0.0,63000
P027,2026-05-08,63000,0.0,63000
P027,2026-05-09,63000,0.0,63000
P027,2026-05-10,63000,0.0,63000
P027,2026-05-11,63000,0.0,63000
P027,2026-05-12,63000,0.0,63000
P027,2026-05-13,63000,0.0,63000
P027,2026-05-14,63000,0.0,63000
P027,2026-05-15,63000,0.0,63000
P027,2026-05-16,63000,0.0,63000
P027,2026-05-17,63000,0.0,63000
P027,2026-05-18,63000,0.0,63000
P027,2026-05-19,63000,0.0,63000
P027,2026-05-20,63000,0.0,63000
P027,2026-05-21,63000,0.0,63000
P027,2026-05-22,63000,0.0,63000
P027,2026-05-23,63000,0.0,63000
P027,2026-05-24,63000,0.0,63000
P027,2026-05-25,63000,0.0,63000
P027,2026-05-26,63000,0.0,63000
P027,2026-05-27,63000,0.0,63000
P027,2026-05-28,63000,0.0,63000
P027,2026-05-29,63000,0.0,63000
P027,2026-05-30,63000,0.0,63000
P027,2026-05-31,63000,0.0,63000
P027,2026-06-01,63000,0.0,63000
P027,2026-06-02,63000,0.0,63000
P027,2026-06-03,63000,0.0,63000
P027,2026-06-04,63000,0.0,63000
P027,2026-06-05,63000,0.0,63000
P027,2026-06-06,63000,0.0,63000
P027,2026-06-07,63000,0.0,63000
P027,2026-06-08,63000,0.0,63000
P027,2026-06-09,63000,0.0,63000
P027,2026-06-10,63000,0.0,63000
P027,2026-06-11,63000,0.0,63000
P027,2026-06-12,63000,0.0,63000
P027,2026-06-13,63000,0.0,63000
P027,2026-06-14,63000,0.0,63000
P027,2026-06-15,63000,0.0,63000
P027,2026-06-16,63000,0.0,63000
P027,2026-06-17,63000,0.0,63000
P027,2026-06-18,63000,0.0,63000
P027,2026-06-19,63000,0.0,63000
P027,2026-06-20,63000,0.0,63000
P027,2026-06-21,63000,0.0,63000
P027,2026-06-22,63000,0.0,63000
P027,2026-06-23,63000,0.0,63000
P027,2026-06-24,63000,0.0,63000
P027,2026-06-25,63000,0.0,63000
P027,2026-06-26,63000,0.0,63000
P027,2026-06-27,63000,0.0,63000
P027,2026-06-28,63000,0.0,63000
P027,2026-06-29,63000,0.0,63000
P027,2026-06-30,63000,0.0,63000
P028,2026-01-01,39000,0.0,39000
P028,2026-01-02,39000,0.0,39000
P028,2026-01-03,39000,0.0,39000
P028,2026-01-04,39000,0.0,39000
P028,2026-01-05,39000,0.0,39000
P028,2026-01-06,39000,0.0,39000
P028,2026-01-07,39000,0.0,39000
P028,2026-01-08,39000,0.0,39000
P028,2026-01-09,39000,0.0,39000
P028,2026-01-10,39000,0.0,39000
P028,2026-01-11,39000,0.0,39000
P028,2026-01-12,39000,0.0,39000
P028,2026-01-13,39000,0.0,39000
P028,2026-01-14,39000,0.0,39000
P028,2026-01-15,39000,0.0,39000
P028,2026-01-16,39000,0.0,39000
P028,2026-01-17,39000,0.0,39000
P028,2026-01-18,39000,0.0,39000
P028,2026-01-19,39000,0.0,39000
P028,2026-01-20,39000,0.0,39000
P028,2026-01-21,39000,0.0,39000
P028,2026-01-22,39000,0.0,39000
P028,2026-01-23,39000,0.0,39000
P028,2026-01-24,39000,0.0,39000
P028,2026-01-25,39000,0.0,39000
P028,2026-01-26,39000,0.0,39000
P028,2026-01-27,39000,0.0,39000
P028,2026-01-28,39000,0.0,39000
P028,2026-01-29,39000,0.0,39000
P028,2026-01-30,39000,0.0,39000
P028,2026-01-31,39000,0.0,39000
P028,2026-02-01,39000,0.0,39000
P028,2026-02-02,39000,0.0,39000
P028,2026-02-03,39000,0.0,39000
P028,2026-02-04,39000,0.0,39000
P028,2026-02-05,39000,0.0,39000
P028,2026-02-06,39000,0.0,39000
P028,2026-02-07,39000,0.0,39000
P028,2026-02-08,39000,0.0,39000
P028,2026-02-09,39000,0.0,39000
P028,2026-02-10,39000,0.0,39000
P028,2026-02-11,39000,0.0,39000
P028,2026-02-12,39000,0.0,39000
P028,2026-02-13,39000,0.0,39000
P028,2026-02-14,39000,0.0,39000
P028,2026-02-15,39000,0.0,39000
P028,2026-02-16,39000,0.0,39000
P028,2026-02-17,39000,0.0,39000
P028,2026-02-18,39000,0.0,39000
P028,2026-02-19,39000,0.0,39000
P028,2026-02-20,39000,0.0,39000
P028,2026-02-21,39000,0.0,39000
P028,2026-02-22,39000,0.0,39000
P028,2026-02-23,39000,0.0,39000
P028,2026-02-24,39000,0.0,39000
P028,2026-02-25,39000,0.0,39000
P028,2026-02-26,39000,0.0,39000
P028,2026-02-27,39000,0.0,39000
P028,2026-02-28,39000,0.0,39000
P028,2026-03-01,39000,0.0,39000
P028,2026-03-02,39000,0.0,39000
P028,2026-03-03,39000,0.0,39000
P028,2026-03-04,39000,0.0,39000
P028,2026-03-05,39000,0.0,39000
P028,2026-03-06,39000,0.0,39000
P028,2026-03-07,39000,0.0,39000
P028,2026-03-08,39000,0.0,39000
P028,2026-03-09,39000,0.0,39000
P028,2026-03-10,39000,0.0,39000
P028,2026-03-11,39000,0.0,39000
P028,2026-03-12,39000,0.0,39000
P028,2026-03-13,39000,0.0,39000
P028,2026-03-14,39000,0.0,39000
P028,2026-03-15,39000,0.0,39000
P028,2026-03-16,39000,0.0,39000
P028,2026-03-17,39000,0.0,39000
P028,2026-03-18,39000,0.0,39000
P028,2026-03-19,39000,0.0,39000
P028,2026-03-20,39000,0.0,39000
P028,2026-03-21,39000,0.0,39000
P028,2026-03-22,39000,0.0,39000
P028,2026-03-23,39000,0.0,39000
P028,2026-03-24,39000,0.0,39000
P028,2026-03-25,39000,0.0,39000
P028,2026-03-26,39000,0.0,39000
P028,2026-03-27,39000,0.0,39000
P028,2026-03-28,39000,0.0,39000
P028,2026-03-29,39000,0.0,39000
P028,2026-03-30,39000,0.0,39000
P028,2026-03-31,39000,0.0,39000
P028,2026-04-01,39000,0.0,39000
P028,2026-04-02,39000,0.0,39000
P028,2026-04-03,39000,0.0,39000
P028,2026-04-04,39000,0.0,39000
P028,2026-04-05,39000,0.0,39000
P028,2026-04-06,39000,0.0,39000
P028,2026-04-07,39000,0.0,39000
P028,2026-04-08,39000,0.0,39000
P028,2026-04-09,39000,0.0,39000
P028,2026-04-10,39000,0.0,39000
P028,2026-04-11,39000,0.0,39000
P028,2026-04-12,39000,0.0,39000
P028,2026-04-13,39000,0.0,39000
P028,2026-04-14,39000,0.0,39000
P028,2026-04-15,39000,0.0,39000
P028,2026-04-16,39000,0.0,39000
P028,2026-04-17,39000,0.0,39000
P028,2026-04-18,39000,0.0,39000
P028,2026-04-19,39000,0.0,39000
P028,2026-04-20,39000,0.0,39000
P028,2026-04-21,39000,0.0,39000
P028,2026-04-22,39000,0.0,39000
P028,2026-04-23,39000,0.0,39000
P028,2026-04-24,39000,0.0,39000
P028,2026-04-25,39000,0.0,39000
P028,2026-04-26,39000,0.0,39000
P028,2026-04-27,39000,0.0,39000
P028,2026-04-28,39000,0.0,39000
P028,2026-04-29,39000,0.0,39000
P028,2026-04-30,39000,0.0,39000
P028,2026-05-01,39000,0.0,39000
P028,2026-05-02,39000,0.0,39000
P028,2026-05-03,39000,0.0,39000
P028,2026-05-04,39000,0.0,39000
P028,2026-05-05,39000,0.0,39000
P028,2026-05-06,39000,0.0,39000
P028,2026-05-07,39000,0.0,39000
P028,2026-05-08,39000,0.0,39000
P028,2026-05-09,39000,0.0,39000
P028,2026-05-10,39000,0.0,39000
P028,2026-05-11,39000,0.0,39000
P028,2026-05-12,39000,0.0,39000
P028,2026-05-13,39000,0.0,39000
P028,2026-05-14,39000,0.0,39000
P028,2026-05-15,39000,0.0,39000
P028,2026-05-16,39000,0.0,39000
P028,2026-05-17,39000,0.0,39000
P028,2026-05-18,39000,0.0,39000
P028,2026-05-19,39000,0.0,39000
P028,2026-05-20,39000,0.0,39000
P028,2026-05-21,39000,0.0,39000
P028,2026-05-22,39000,0.0,39000
P028,2026-05-23,39000,0.0,39000
P028,2026-05-24,39000,0.0,39000
P028,2026-05-25,39000,0.0,39000
P028,2026-05-26,39000,0.0,39000
P028,2026-05-27,39000,0.0,39000
P028,2026-05-28,39000,0.0,39000
P028,2026-05-29,39000,0.0,39000
P028,2026-05-30,39000,0.0,39000
P028,2026-05-31,39000,0.0,39000
P028,2026-06-01,39000,0.0,39000
P028,2026-06-02,39000,0.0,39000
P028,2026-06-03,39000,0.0,39000
P028,2026-06-04,39000,0.0,39000
P028,2026-06-05,39000,0.0,39000
P028,2026-06-06,39000,0.0,39000
P028,2026-06-07,39000,0.0,39000
P028,2026-06-08,39000,0.0,39000
P028,2026-06-09,39000,0.0,39000
P028,2026-06-10,39000,0.0,39000
P028,2026-06-11,39000,0.0,39000
P028,2026-06-12,39000,0.0,39000
P028,2026-06-13,39000,0.0,39000
P028,2026-06-14,39000,0.0,39000
P028,2026-06-15,39000,0.0,39000
P028,2026-06-16,39000,0.0,39000
P028,2026-06-17,39000,0.0,39000
P028,2026-06-18,39000,0.0,39000
P028,2026-06-19,39000,0.0,39000
P028,2026-06-20,39000,0.0,39000
P028,2026-06-21,39000,0.0,39000
P028,2026-06-22,39000,0.0,39000
P028,2026-06-23,39000,0.0,39000
P028,2026-06-24,39000,0.0,39000
P028,2026-06-25,39000,0.0,39000
P028,2026-06-26,39000,0.0,39000
P028,2026-06-27,39000,0.0,39000
P028,2026-06-28,39000,0.0,39000
P028,2026-06-29,39000,0.0,39000
P028,2026-06-30,39000,0.0,39000
P029,2026-01-01,39000,0.0,39000
P029,2026-01-02,39000,0.0,39000
P029,2026-01-03,39000,0.0,39000
P029,2026-01-04,39000,0.0,39000
P029,2026-01-05,39000,0.0,39000
P029,2026-01-06,39000,0.0,39000
P029,2026-01-07,39000,0.0,39000
P029,2026-01-08,39000,0.0,39000
P029,2026-01-09,39000,0.0,39000
P029,2026-01-10,39000,0.0,39000
P029,2026-01-11,39000,0.0,39000
P029,2026-01-12,39000,0.0,39000
P029,2026-01-13,39000,0.0,39000
P029,2026-01-14,39000,0.0,39000
P029,2026-01-15,39000,0.0,39000
P029,2026-01-16,39000,0.0,39000
P029,2026-01-17,39000,0.0,39000
P029,2026-01-18,39000,0.0,39000
P029,2026-01-19,39000,0.0,39000
P029,2026-01-20,39000,0.0,39000
P029,2026-01-21,39000,0.0,39000
P029,2026-01-22,39000,0.0,39000
P029,2026-01-23,39000,0.0,39000
P029,2026-01-24,39000,0.0,39000
P029,2026-01-25,39000,0.0,39000
P029,2026-01-26,39000,0.0,39000
P029,2026-01-27,39000,0.0,39000
P029,2026-01-28,39000,0.0,39000
P029,2026-01-29,39000,0.0,39000
P029,2026-01-30,39000,0.0,39000
P029,2026-01-31,39000,0.0,39000
P029,2026-02-01,39000,0.0,39000
P029,2026-02-02,39000,0.0,39000
P029,2026-02-03,39000,0.0,39000
P029,2026-02-04,39000,0.0,39000
P029,2026-02-05,39000,0.0,39000
P029,2026-02-06,39000,0.0,39000
P029,2026-02-07,39000,0.0,39000
P029,2026-02-08,39000,0.0,39000
P029,2026-02-09,39000,0.0,39000
P029,2026-02-10,39000,0.0,39000
P029,2026-02-11,39000,0.0,39000
P029,2026-02-12,39000,0.0,39000
P029,2026-02-13,39000,0.0,39000
P029,2026-02-14,39000,0.0,39000
P029,2026-02-15,39000,0.0,39000
P029,2026-02-16,39000,0.0,39000
P029,2026-02-17,39000,0.0,39000
P029,2026-02-18,39000,0.0,39000
P029,2026-02-19,39000,0.0,39000
P029,2026-02-20,39000,0.0,39000
P029,2026-02-21,39000,0.0,39000
P029,2026-02-22,39000,0.0,39000
P029,2026-02-23,39000,0.0,39000
P029,2026-02-24,39000,0.0,39000
P029,2026-02-25,39000,0.0,39000
P029,2026-02-26,39000,0.0,39000
P029,2026-02-27,39000,0.0,39000
P029,2026-02-28,39000,0.0,39000
P029,2026-03-01,39000,0.0,39000
P029,2026-03-02,39000,0.0,39000
P029,2026-03-03,39000,0.0,39000
P029,2026-03-04,39000,0.0,39000
P029,2026-03-05,39000,0.0,39000
P029,2026-03-06,39000,0.0,39000
P029,2026-03-07,39000,0.0,39000
P029,2026-03-08,39000,0.0,39000
P029,2026-03-09,39000,0.0,39000
P029,2026-03-10,39000,0.0,39000
P029,2026-03-11,39000,0.0,39000
P029,2026-03-12,39000,0.0,39000
P029,2026-03-13,39000,0.0,39000
P029,2026-03-14,39000,0.0,39000
P029,2026-03-15,39000,0.0,39000
P029,2026-03-16,39000,0.0,39000
P029,2026-03-17,39000,0.0,39000
P029,2026-03-18,39000,0.0,39000
P029,2026-03-19,39000,0.0,39000
P029,2026-03-20,39000,0.0,39000
P029,2026-03-21,39000,0.0,39000
P029,2026-03-22,39000,0.0,39000
P029,2026-03-23,39000,0.0,39000
P029,2026-03-24,39000,0.0,39000
P029,2026-03-25,39000,0.0,39000
P029,2026-03-26,39000,0.0,39000
P029,2026-03-27,39000,0.0,39000
P029,2026-03-28,39000,0.0,39000
P029,2026-03-29,39000,0.0,39000
P029,2026-03-30,39000,0.0,39000
P029,2026-03-31,39000,0.0,39000
P029,2026-04-01,39000,0.0,39000
P029,2026-04-02,39000,0.0,39000
P029,2026-04-03,39000,0.0,39000
P029,2026-04-04,39000,0.0,39000
P029,2026-04-05,39000,0.0,39000
P029,2026-04-06,39000,0.0,39000
P029,2026-04-07,39000,0.0,39000
P029,2026-04-08,39000,0.0,39000
P029,2026-04-09,39000,0.0,39000
P029,2026-04-10,39000,0.0,39000
P029,2026-04-11,39000,0.0,39000
P029,2026-04-12,39000,0.0,39000
P029,2026-04-13,39000,0.0,39000
P029,2026-04-14,39000,0.0,39000
P029,2026-04-15,39000,0.0,39000
P029,2026-04-16,39000,0.0,39000
P029,2026-04-17,39000,0.0,39000
P029,2026-04-18,39000,0.0,39000
P029,2026-04-19,39000,0.0,39000
P029,2026-04-20,39000,0.0,39000
P029,2026-04-21,39000,0.0,39000
P029,2026-04-22,39000,0.0,39000
P029,2026-04-23,39000,0.0,39000
P029,2026-04-24,39000,0.0,39000
P029,2026-04-25,39000,0.0,39000
P029,2026-04-26,39000,0.0,39000
P029,2026-04-27,39000,0.0,39000
P029,2026-04-28,39000,0.0,39000
P029,2026-04-29,39000,0.0,39000
P029,2026-04-30,39000,0.0,39000
P029,2026-05-01,39000,0.0,39000
P029,2026-05-02,39000,0.0,39000
P029,2026-05-03,39000,0.0,39000
P029,2026-05-04,39000,0.0,39000
P029,2026-05-05,39000,0.0,39000
P029,2026-05-06,39000,0.0,39000
P029,2026-05-07,39000,0.0,39000
P029,2026-05-08,39000,0.0,39000
P029,2026-05-09,39000,0.0,39000
P029,2026-05-10,39000,0.0,39000
P029,2026-05-11,39000,0.0,39000
P029,2026-05-12,39000,0.0,39000
P029,2026-05-13,39000,0.0,39000
P029,2026-05-14,39000,0.0,39000
P029,2026-05-15,39000,0.0,39000
P029,2026-05-16,39000,0.0,39000
P029,2026-05-17,39000,0.0,39000
P029,2026-05-18,39000,0.0,39000
P029,2026-05-19,39000,0.0,39000
P029,2026-05-20,39000,0.0,39000
P029,2026-05-21,39000,0.0,39000
P029,2026-05-22,39000,0.0,39000
P029,2026-05-23,39000,0.0,39000
P029,2026-05-24,39000,0.0,39000
P029,2026-05-25,39000,0.0,39000
P029,2026-05-26,39000,0.0,39000
P029,2026-05-27,39000,0.0,39000
P029,2026-05-28,39000,0.0,39000
P029,2026-05-29,39000,0.0,39000
P029,2026-05-30,39000,0.0,39000
P029,2026-05-31,39000,0.0,39000
P029,2026-06-01,39000,0.0,39000
P029,2026-06-02,39000,0.0,39000
P029,2026-06-03,39000,0.0,39000
P029,2026-06-04,39000,0.0,39000
P029,2026-06-05,39000,0.0,39000
P029,2026-06-06,39000,0.0,39000
P029,2026-06-07,39000,0.0,39000
P029,2026-06-08,39000,0.0,39000
P029,2026-06-09,39000,0.0,39000
P029,2026-06-10,39000,0.0,39000
P029,2026-06-11,39000,0.0,39000
P029,2026-06-12,39000,0.0,39000
P029,2026-06-13,39000,0.0,39000
P029,2026-06-14,39000,0.0,39000
P029,2026-06-15,39000,0.0,39000
P029,2026-06-16,39000,0.0,39000
P029,2026-06-17,39000,0.0,39000
P029,2026-06-18,39000,0.0,39000
P029,2026-06-19,39000,0.0,39000
P029,2026-06-20,39000,0.0,39000
P029,2026-06-21,39000,0.0,39000
P029,2026-06-22,39000,0.0,39000
P029,2026-06-23,39000,0.0,39000
P029,2026-06-24,39000,0.0,39000
P029,2026-06-25,39000,0.0,39000
P029,2026-06-26,39000,0.0,39000
P029,2026-06-27,39000,0.0,39000
P029,2026-06-28,39000,0.0,39000
P029,2026-06-29,39000,0.0,39000
P029,2026-06-30,39000,0.0,39000
P030,2026-01-01,62000,0.0,62000
P030,2026-01-02,62000,0.0,62000
P030,2026-01-03,62000,0.0,62000
P030,2026-01-04,62000,0.0,62000
P030,2026-01-05,62000,0.0,62000
P030,2026-01-06,62000,0.0,62000
P030,2026-01-07,62000,0.0,62000
P030,2026-01-08,62000,0.0,62000
P030,2026-01-09,62000,0.0,62000
P030,2026-01-10,62000,0.0,62000
P030,2026-01-11,62000,0.0,62000
P030,2026-01-12,62000,0.0,62000
P030,2026-01-13,62000,0.0,62000
P030,2026-01-14,62000,0.0,62000
P030,2026-01-15,62000,0.0,62000
P030,2026-01-16,62000,0.0,62000
P030,2026-01-17,62000,0.0,62000
P030,2026-01-18,62000,0.0,62000
P030,2026-01-19,62000,0.0,62000
P030,2026-01-20,62000,0.0,62000
P030,2026-01-21,62000,0.0,62000
P030,2026-01-22,62000,0.0,62000
P030,2026-01-23,62000,0.0,62000
P030,2026-01-24,62000,0.0,62000
P030,2026-01-25,62000,0.0,62000
P030,2026-01-26,62000,0.0,62000
P030,2026-01-27,62000,0.0,62000
P030,2026-01-28,62000,0.0,62000
P030,2026-01-29,62000,0.0,62000
P030,2026-01-30,62000,0.0,62000
P030,2026-01-31,62000,0.0,62000
P030,2026-02-01,62000,0.0,62000
P030,2026-02-02,62000,0.0,62000
P030,2026-02-03,62000,0.0,62000
P030,2026-02-04,62000,0.0,62000
P030,2026-02-05,62000,0.0,62000
P030,2026-02-06,62000,0.0,62000
P030,2026-02-07,62000,0.0,62000
P030,2026-02-08,62000,0.0,62000
P030,2026-02-09,62000,0.0,62000
P030,2026-02-10,62000,0.0,62000
P030,2026-02-11,62000,0.0,62000
P030,2026-02-12,62000,0.0,62000
P030,2026-02-13,62000,0.0,62000
P030,2026-02-14,62000,0.0,62000
P030,2026-02-15,62000,0.0,62000
P030,2026-02-16,62000,0.0,62000
P030,2026-02-17,62000,0.0,62000
P030,2026-02-18,62000,0.0,62000
P030,2026-02-19,62000,0.0,62000
P030,2026-02-20,62000,0.0,62000
P030,2026-02-21,62000,0.0,62000
P030,2026-02-22,62000,0.0,62000
P030,2026-02-23,62000,0.0,62000
P030,2026-02-24,62000,0.0,62000
P030,2026-02-25,62000,0.0,62000
P030,2026-02-26,62000,0.0,62000
P030,2026-02-27,62000,0.0,62000
P030,2026-02-28,62000,0.0,62000
P030,2026-03-01,62000,0.0,62000
P030,2026-03-02,62000,0.0,62000
P030,2026-03-03,62000,0.0,62000
P030,2026-03-04,62000,0.0,62000
P030,2026-03-05,62000,0.0,62000
P030,2026-03-06,62000,0.0,62000
P030,2026-03-07,62000,0.0,62000
P030,2026-03-08,62000,0.0,62000
P030,2026-03-09,62000,0.0,62000
P030,2026-03-10,62000,0.0,62000
P030,2026-03-11,62000,0.0,62000
P030,2026-03-12,62000,0.0,62000
P030,2026-03-13,62000,0.0,62000
P030,2026-03-14,62000,0.0,62000
P030,2026-03-15,62000,0.0,62000
P030,2026-03-16,62000,0.0,62000
P030,2026-03-17,62000,0.0,62000
P030,2026-03-18,62000,0.0,62000
P030,2026-03-19,62000,0.0,62000
P030,2026-03-20,62000,0.0,62000
P030,2026-03-21,62000,0.0,62000
P030,2026-03-22,62000,0.0,62000
P030,2026-03-23,62000,0.0,62000
P030,2026-03-24,62000,0.0,62000
P030,2026-03-25,62000,0.0,62000
P030,2026-03-26,62000,0.0,62000
P030,2026-03-27,62000,0.0,62000
P030,2026-03-28,62000,0.0,62000
P030,2026-03-29,62000,0.0,62000
P030,2026-03-30,62000,0.0,62000
P030,2026-03-31,62000,0.0,62000
P030,2026-04-01,62000,0.0,62000
P030,2026-04-02,62000,0.0,62000
P030,2026-04-03,62000,0.0,62000
P030,2026-04-04,62000,0.0,62000
P030,2026-04-05,62000,0.0,62000
P030,2026-04-06,62000,0.0,62000
P030,2026-04-07,62000,0.0,62000
P030,2026-04-08,62000,0.0,62000
P030,2026-04-09,62000,0.0,62000
P030,2026-04-10,62000,0.0,62000
P030,2026-04-11,62000,0.0,62000
P030,2026-04-12,62000,0.0,62000
P030,2026-04-13,62000,0.0,62000
P030,2026-04-14,62000,0.0,62000
P030,2026-04-15,62000,0.0,62000
P030,2026-04-16,62000,0.0,62000
P030,2026-04-17,62000,0.0,62000
P030,2026-04-18,62000,0.0,62000
P030,2026-04-19,62000,0.0,62000
P030,2026-04-20,62000,0.0,62000
P030,2026-04-21,62000,0.0,62000
P030,2026-04-22,62000,0.0,62000
P030,2026-04-23,62000,0.0,62000
P030,2026-04-24,62000,0.0,62000
P030,2026-04-25,62000,0.0,62000
P030,2026-04-26,62000,0.0,62000
P030,2026-04-27,62000,0.0,62000
P030,2026-04-28,62000,0.0,62000
P030,2026-04-29,62000,0.0,62000
P030,2026-04-30,62000,0.0,62000
P030,2026-05-01,62000,0.0,62000
P030,2026-05-02,62000,0.0,62000
P030,2026-05-03,62000,0.0,62000
P030,2026-05-04,62000,0.0,62000
P030,2026-05-05,62000,0.0,62000
P030,2026-05-06,62000,0.0,62000
P030,2026-05-07,62000,0.0,62000
P030,2026-05-08,62000,0.0,62000
P030,2026-05-09,62000,0.0,62000
P030,2026-05-10,62000,0.0,62000
P030,2026-05-11,62000,0.0,62000
P030,2026-05-12,62000,0.0,62000
P030,2026-05-13,62000,0.0,62000
P030,2026-05-14,62000,0.0,62000
P030,2026-05-15,62000,0.0,62000
P030,2026-05-16,62000,0.0,62000
P030,2026-05-17,62000,0.0,62000
P030,2026-05-18,62000,0.0,62000
P030,2026-05-19,62000,0.0,62000
P030,2026-05-20,62000,0.0,62000
P030,2026-05-21,62000,0.0,62000
P030,2026-05-22,62000,0.0,62000
P030,2026-05-23,62000,0.0,62000
P030,2026-05-24,62000,0.0,62000
P030,2026-05-25,62000,0.0,62000
P030,2026-05-26,62000,0.0,62000
P030,2026-05-27,62000,0.0,62000
P030,2026-05-28,62000,0.0,62000
P030,2026-05-29,62000,0.0,62000
P030,2026-05-30,62000,0.0,62000
P030,2026-05-31,62000,0.0,62000
P030,2026-06-01,62000,0.0,62000
P030,2026-06-02,62000,0.0,62000
P030,2026-06-03,62000,0.0,62000
P030,2026-06-04,62000,0.0,62000
P030,2026-06-05,62000,0.0,62000
P030,2026-06-06,62000,0.0,62000
P030,2026-06-07,62000,0.0,62000
P030,2026-06-08,62000,0.0,62000
P030,2026-06-09,62000,0.0,62000
P030,2026-06-10,62000,0.0,62000
P030,2026-06-11,62000,0.0,62000
P030,2026-06-12,62000,0.0,62000
P030,2026-06-13,62000,0.0,62000
P030,2026-06-14,62000,0.0,62000
P030,2026-06-15,62000,0.0,62000
P030,2026-06-16,62000,0.0,62000
P030,2026-06-17,62000,0.0,62000
P030,2026-06-18,62000,0.0,62000
P030,2026-06-19,62000,0.0,62000
P030,2026-06-20,62000,0.0,62000
P030,2026-06-21,62000,0.0,62000
P030,2026-06-22,62000,0.0,62000
P030,2026-06-23,62000,0.0,62000
P030,2026-06-24,62000,0.0,62000
P030,2026-06-25,62000,0.0,62000
P030,2026-06-26,62000,0.0,62000
P030,2026-06-27,62000,0.0,62000
P030,2026-06-28,62000,0.0,62000
P030,2026-06-29,62000,0.0,62000
P030,2026-06-30,62000,0.0,62000
P031,2026-01-01,60000,0.0,60000
P031,2026-01-02,60000,0.0,60000
P031,2026-01-03,60000,0.0,60000
P031,2026-01-04,60000,0.0,60000
P031,2026-01-05,60000,0.0,60000
P031,2026-01-06,60000,0.0,60000
P031,2026-01-07,60000,0.0,60000
P031,2026-01-08,60000,0.0,60000
P031,2026-01-09,60000,0.0,60000
P031,2026-01-10,60000,0.0,60000
P031,2026-01-11,60000,0.0,60000
P031,2026-01-12,60000,0.0,60000
P031,2026-01-13,60000,0.0,60000
P031,2026-01-14,60000,0.0,60000
P031,2026-01-15,60000,0.0,60000
P031,2026-01-16,60000,0.0,60000
P031,2026-01-17,60000,0.0,60000
P031,2026-01-18,60000,0.0,60000
P031,2026-01-19,60000,0.0,60000
P031,2026-01-20,60000,0.0,60000
P031,2026-01-21,60000,0.0,60000
P031,2026-01-22,60000,0.0,60000
P031,2026-01-23,60000,0.0,60000
P031,2026-01-24,60000,0.0,60000
P031,2026-01-25,60000,0.0,60000
P031,2026-01-26,60000,0.0,60000
P031,2026-01-27,60000,0.0,60000
P031,2026-01-28,60000,0.0,60000
P031,2026-01-29,60000,0.0,60000
P031,2026-01-30,60000,0.0,60000
P031,2026-01-31,60000,0.0,60000
P031,2026-02-01,60000,0.0,60000
P031,2026-02-02,60000,0.0,60000
P031,2026-02-03,60000,0.0,60000
P031,2026-02-04,60000,0.0,60000
P031,2026-02-05,60000,0.0,60000
P031,2026-02-06,60000,0.0,60000
P031,2026-02-07,60000,0.0,60000
P031,2026-02-08,60000,0.0,60000
P031,2026-02-09,60000,0.0,60000
P031,2026-02-10,60000,0.0,60000
P031,2026-02-11,60000,0.0,60000
P031,2026-02-12,60000,0.0,60000
P031,2026-02-13,60000,0.0,60000
P031,2026-02-14,60000,0.0,60000
P031,2026-02-15,60000,0.0,60000
P031,2026-02-16,60000,0.0,60000
P031,2026-02-17,60000,0.0,60000
P031,2026-02-18,60000,0.0,60000
P031,2026-02-19,60000,0.0,60000
P031,2026-02-20,60000,0.0,60000
P031,2026-02-21,60000,0.0,60000
P031,2026-02-22,60000,0.0,60000
P031,2026-02-23,60000,0.0,60000
P031,2026-02-24,60000,0.0,60000
P031,2026-02-25,60000,0.0,60000
P031,2026-02-26,60000,0.0,60000
P031,2026-02-27,60000,0.0,60000
P031,2026-02-28,60000,0.0,60000
P031,2026-03-01,60000,0.0,60000
P031,2026-03-02,60000,0.0,60000
P031,2026-03-03,60000,0.0,60000
P031,2026-03-04,60000,0.0,60000
P031,2026-03-05,60000,0.0,60000
P031,2026-03-06,60000,0.0,60000
P031,2026-03-07,60000,0.0,60000
P031,2026-03-08,60000,0.0,60000
P031,2026-03-09,60000,0.0,60000
P031,2026-03-10,60000,0.0,60000
P031,2026-03-11,60000,0.0,60000
P031,2026-03-12,60000,0.0,60000
P031,2026-03-13,60000,0.0,60000
P031,2026-03-14,60000,0.0,60000
P031,2026-03-15,60000,0.0,60000
P031,2026-03-16,60000,0.0,60000
P031,2026-03-17,60000,0.0,60000
P031,2026-03-18,60000,0.0,60000
P031,2026-03-19,60000,0.0,60000
P031,2026-03-20,60000,0.0,60000
P031,2026-03-21,60000,0.0,60000
P031,2026-03-22,60000,0.0,60000
P031,2026-03-23,60000,0.0,60000
P031,2026-03-24,60000,0.0,60000
P031,2026-03-25,60000,0.0,60000
P031,2026-03-26,60000,0.0,60000
P031,2026-03-27,60000,0.0,60000
P031,2026-03-28,60000,0.0,60000
P031,2026-03-29,60000,0.0,60000
P031,2026-03-30,60000,0.0,60000
P031,2026-03-31,60000,0.0,60000
P031,2026-04-01,60000,0.0,60000
P031,2026-04-02,60000,0.0,60000
P031,2026-04-03,60000,0.0,60000
P031,2026-04-04,60000,0.0,60000
P031,2026-04-05,60000,0.0,60000
P031,2026-04-06,60000,0.0,60000
P031,2026-04-07,60000,0.0,60000
P031,2026-04-08,60000,0.0,60000
P031,2026-04-09,60000,0.0,60000
P031,2026-04-10,60000,0.0,60000
P031,2026-04-11,60000,0.0,60000
P031,2026-04-12,60000,0.0,60000
P031,2026-04-13,60000,0.0,60000
P031,2026-04-14,60000,0.0,60000
P031,2026-04-15,60000,0.0,60000
P031,2026-04-16,60000,0.0,60000
P031,2026-04-17,60000,0.0,60000
P031,2026-04-18,60000,0.0,60000
P031,2026-04-19,60000,0.0,60000
P031,2026-04-20,60000,0.0,60000
P031,2026-04-21,60000,0.0,60000
P031,2026-04-22,60000,0.0,60000
P031,2026-04-23,60000,0.0,60000
P031,2026-04-24,60000,0.0,60000
P031,2026-04-25,60000,0.2,48000
P031,2026-04-26,60000,0.2,48000
P031,2026-04-27,60000,0.2,48000
P031,2026-04-28,60000,0.2,48000
P031,2026-04-29,60000,0.2,48000
P031,2026-04-30,60000,0.2,48000
P031,2026-05-01,60000,0.2,48000
P031,2026-05-02,60000,0.2,48000
P031,2026-05-03,60000,0.2,48000
P031,2026-05-04,60000,0.2,48000
P031,2026-05-05,60000,0.2,48000
P031,2026-05-06,60000,0.2,48000
P031,2026-05-07,60000,0.2,48000
P031,2026-05-08,60000,0.2,48000
P031,2026-05-09,60000,0.2,48000
P031,2026-05-10,60000,0.2,48000
P031,2026-05-11,60000,0.2,48000
P031,2026-05-12,60000,0.2,48000
P031,2026-05-13,60000,0.2,48000
P031,2026-05-14,60000,0.2,48000
P031,2026-05-15,60000,0.2,48000
P031,2026-05-16,60000,0.2,48000
P031,2026-05-17,60000,0.2,48000
P031,2026-05-18,60000,0.2,48000
P031,2026-05-19,60000,0.2,48000
P031,2026-05-20,60000,0.2,48000
P031,2026-05-21,60000,0.2,48000
P031,2026-05-22,60000,0.2,48000
P031,2026-05-23,60000,0.2,48000
P031,2026-05-24,60000,0.2,48000
P031,2026-05-25,60000,0.3,42000
P031,2026-05-26,60000,0.3,42000
P031,2026-05-27,60000,0.3,42000
P031,2026-05-28,60000,0.3,42000
P031,2026-05-29,60000,0.3,42000
P031,2026-05-30,60000,0.3,42000
P031,2026-05-31,60000,0.3,42000
P031,2026-06-01,60000,0.3,42000
P031,2026-06-02,60000,0.3,42000
P031,2026-06-03,60000,0.3,42000
P031,2026-06-04,60000,0.3,42000
P031,2026-06-05,60000,0.3,42000
P031,2026-06-06,60000,0.3,42000
P031,2026-06-07,60000,0.3,42000
P031,2026-06-08,60000,0.3,42000
P031,2026-06-09,60000,0.3,42000
P031,2026-06-10,60000,0.3,42000
P031,2026-06-11,60000,0.3,42000
P031,2026-06-12,60000,0.3,42000
P031,2026-06-13,60000,0.3,42000
P031,2026-06-14,60000,0.3,42000
P031,2026-06-15,60000,0.3,42000
P031,2026-06-16,60000,0.3,42000
P031,2026-06-17,60000,0.3,42000
P031,2026-06-18,60000,0.3,42000
P031,2026-06-19,60000,0.3,42000
P031,2026-06-20,60000,0.3,42000
P031,2026-06-21,60000,0.3,42000
P031,2026-06-22,60000,0.3,42000
P031,2026-06-23,60000,0.3,42000
P031,2026-06-24,60000,0.3,42000
P031,2026-06-25,60000,0.3,42000
P031,2026-06-26,60000,0.3,42000
P031,2026-06-27,60000,0.3,42000
P031,2026-06-28,60000,0.3,42000
P031,2026-06-29,60000,0.3,42000
P031,2026-06-30,60000,0.3,42000
P032,2026-01-01,45000,0.0,45000
P032,2026-01-02,45000,0.0,45000
P032,2026-01-03,45000,0.0,45000
P032,2026-01-04,45000,0.0,45000
P032,2026-01-05,45000,0.0,45000
P032,2026-01-06,45000,0.0,45000
P032,2026-01-07,45000,0.0,45000
P032,2026-01-08,45000,0.0,45000
P032,2026-01-09,45000,0.0,45000
P032,2026-01-10,45000,0.0,45000
P032,2026-01-11,45000,0.0,45000
P032,2026-01-12,45000,0.0,45000
P032,2026-01-13,45000,0.0,45000
P032,2026-01-14,45000,0.0,45000
P032,2026-01-15,45000,0.0,45000
P032,2026-01-16,45000,0.0,45000
P032,2026-01-17,45000,0.0,45000
P032,2026-01-18,45000,0.0,45000
P032,2026-01-19,45000,0.0,45000
P032,2026-01-20,45000,0.0,45000
P032,2026-01-21,45000,0.0,45000
P032,2026-01-22,45000,0.0,45000
P032,2026-01-23,45000,0.0,45000
P032,2026-01-24,45000,0.0,45000
P032,2026-01-25,45000,0.0,45000
P032,2026-01-26,45000,0.0,45000
P032,2026-01-27,45000,0.0,45000
P032,2026-01-28,45000,0.0,45000
P032,2026-01-29,45000,0.0,45000
P032,2026-01-30,45000,0.0,45000
P032,2026-01-31,45000,0.0,45000
P032,2026-02-01,45000,0.0,45000
P032,2026-02-02,45000,0.0,45000
P032,2026-02-03,45000,0.0,45000
P032,2026-02-04,45000,0.0,45000
P032,2026-02-05,45000,0.0,45000
P032,2026-02-06,45000,0.0,45000
P032,2026-02-07,45000,0.0,45000
P032,2026-02-08,45000,0.0,45000
P032,2026-02-09,45000,0.0,45000
P032,2026-02-10,45000,0.0,45000
P032,2026-02-11,45000,0.0,45000
P032,2026-02-12,45000,0.0,45000
P032,2026-02-13,45000,0.0,45000
P032,2026-02-14,45000,0.0,45000
P032,2026-02-15,45000,0.0,45000
P032,2026-02-16,45000,0.0,45000
P032,2026-02-17,45000,0.0,45000
P032,2026-02-18,45000,0.0,45000
P032,2026-02-19,45000,0.0,45000
P032,2026-02-20,45000,0.0,45000
P032,2026-02-21,45000,0.0,45000
P032,2026-02-22,45000,0.0,45000
P032,2026-02-23,45000,0.0,45000
P032,2026-02-24,45000,0.0,45000
P032,2026-02-25,45000,0.0,45000
P032,2026-02-26,45000,0.0,45000
P032,2026-02-27,45000,0.0,45000
P032,2026-02-28,45000,0.0,45000
P032,2026-03-01,45000,0.0,45000
P032,2026-03-02,45000,0.0,45000
P032,2026-03-03,45000,0.0,45000
P032,2026-03-04,45000,0.0,45000
P032,2026-03-05,45000,0.0,45000
P032,2026-03-06,45000,0.0,45000
P032,2026-03-07,45000,0.0,45000
P032,2026-03-08,45000,0.0,45000
P032,2026-03-09,45000,0.0,45000
P032,2026-03-10,45000,0.0,45000
P032,2026-03-11,45000,0.0,45000
P032,2026-03-12,45000,0.0,45000
P032,2026-03-13,45000,0.0,45000
P032,2026-03-14,45000,0.0,45000
P032,2026-03-15,45000,0.0,45000
P032,2026-03-16,45000,0.0,45000
P032,2026-03-17,45000,0.0,45000
P032,2026-03-18,45000,0.0,45000
P032,2026-03-19,45000,0.0,45000
P032,2026-03-20,45000,0.0,45000
P032,2026-03-21,45000,0.0,45000
P032,2026-03-22,45000,0.0,45000
P032,2026-03-23,45000,0.0,45000
P032,2026-03-24,45000,0.0,45000
P032,2026-03-25,45000,0.0,45000
P032,2026-03-26,45000,0.0,45000
P032,2026-03-27,45000,0.0,45000
P032,2026-03-28,45000,0.0,45000
P032,2026-03-29,45000,0.0,45000
P032,2026-03-30,45000,0.0,45000
P032,2026-03-31,45000,0.0,45000
P032,2026-04-01,45000,0.0,45000
P032,2026-04-02,45000,0.0,45000
P032,2026-04-03,45000,0.0,45000
P032,2026-04-04,45000,0.0,45000
P032,2026-04-05,45000,0.0,45000
P032,2026-04-06,45000,0.0,45000
P032,2026-04-07,45000,0.0,45000
P032,2026-04-08,45000,0.0,45000
P032,2026-04-09,45000,0.0,45000
P032,2026-04-10,45000,0.0,45000
P032,2026-04-11,45000,0.0,45000
P032,2026-04-12,45000,0.0,45000
P032,2026-04-13,45000,0.0,45000
P032,2026-04-14,45000,0.2,36000
P032,2026-04-15,45000,0.2,36000
P032,2026-04-16,45000,0.2,36000
P032,2026-04-17,45000,0.2,36000
P032,2026-04-18,45000,0.2,36000
P032,2026-04-19,45000,0.2,36000
P032,2026-04-20,45000,0.2,36000
P032,2026-04-21,45000,0.2,36000
P032,2026-04-22,45000,0.2,36000
P032,2026-04-23,45000,0.2,36000
P032,2026-04-24,45000,0.2,36000
P032,2026-04-25,45000,0.2,36000
P032,2026-04-26,45000,0.2,36000
P032,2026-04-27,45000,0.2,36000
P032,2026-04-28,45000,0.2,36000
P032,2026-04-29,45000,0.2,36000
P032,2026-04-30,45000,0.2,36000
P032,2026-05-01,45000,0.2,36000
P032,2026-05-02,45000,0.2,36000
P032,2026-05-03,45000,0.2,36000
P032,2026-05-04,45000,0.2,36000
P032,2026-05-05,45000,0.2,36000
P032,2026-05-06,45000,0.2,36000
P032,2026-05-07,45000,0.2,36000
P032,2026-05-08,45000,0.2,36000
P032,2026-05-09,45000,0.2,36000
P032,2026-05-10,45000,0.2,36000
P032,2026-05-11,45000,0.2,36000
P032,2026-05-12,45000,0.2,36000
P032,2026-05-13,45000,0.2,36000
P032,2026-05-14,45000,0.3,31499
P032,2026-05-15,45000,0.3,31499
P032,2026-05-16,45000,0.3,31499
P032,2026-05-17,45000,0.3,31499
P032,2026-05-18,45000,0.3,31499
P032,2026-05-19,45000,0.3,31499
P032,2026-05-20,45000,0.3,31499
P032,2026-05-21,45000,0.3,31499
P032,2026-05-22,45000,0.3,31499
P032,2026-05-23,45000,0.3,31499
P032,2026-05-24,45000,0.3,31499
P032,2026-05-25,45000,0.3,31499
P032,2026-05-26,45000,0.3,31499
P032,2026-05-27,45000,0.3,31499
P032,2026-05-28,45000,0.3,31499
P032,2026-05-29,45000,0.3,31499
P032,2026-05-30,45000,0.3,31499
P032,2026-05-31,45000,0.3,31499
P032,2026-06-01,45000,0.3,31499
P032,2026-06-02,45000,0.3,31499
P032,2026-06-03,45000,0.3,31499
P032,2026-06-04,45000,0.3,31499
P032,2026-06-05,45000,0.3,31499
P032,2026-06-06,45000,0.3,31499
P032,2026-06-07,45000,0.3,31499
P032,2026-06-08,45000,0.3,31499
P032,2026-06-09,45000,0.3,31499
P032,2026-06-10,45000,0.3,31499
P032,2026-06-11,45000,0.3,31499
P032,2026-06-12,45000,0.3,31499
P032,2026-06-13,45000,0.3,31499
P032,2026-06-14,45000,0.3,31499
P032,2026-06-15,45000,0.3,31499
P032,2026-06-16,45000,0.3,31499
P032,2026-06-17,45000,0.3,31499
P032,2026-06-18,45000,0.3,31499
P032,2026-06-19,45000,0.3,31499
P032,2026-06-20,45000,0.3,31499
P032,2026-06-21,45000,0.3,31499
P032,2026-06-22,45000,0.3,31499
P032,2026-06-23,45000,0.3,31499
P032,2026-06-24,45000,0.3,31499
P032,2026-06-25,45000,0.3,31499
P032,2026-06-26,45000,0.3,31499
P032,2026-06-27,45000,0.3,31499
P032,2026-06-28,45000,0.3,31499
P032,2026-06-29,45000,0.3,31499
P032,2026-06-30,45000,0.3,31499
P033,2026-01-01,65000,0.0,65000
P033,2026-01-02,65000,0.0,65000
P033,2026-01-03,65000,0.0,65000
P033,2026-01-04,65000,0.0,65000
P033,2026-01-05,65000,0.0,65000
P033,2026-01-06,65000,0.0,65000
P033,2026-01-07,65000,0.0,65000
P033,2026-01-08,65000,0.0,65000
P033,2026-01-09,65000,0.0,65000
P033,2026-01-10,65000,0.0,65000
P033,2026-01-11,65000,0.0,65000
P033,2026-01-12,65000,0.0,65000
P033,2026-01-13,65000,0.0,65000
P033,2026-01-14,65000,0.0,65000
P033,2026-01-15,65000,0.0,65000
P033,2026-01-16,65000,0.0,65000
P033,2026-01-17,65000,0.0,65000
P033,2026-01-18,65000,0.0,65000
P033,2026-01-19,65000,0.0,65000
P033,2026-01-20,65000,0.0,65000
P033,2026-01-21,65000,0.0,65000
P033,2026-01-22,65000,0.0,65000
P033,2026-01-23,65000,0.0,65000
P033,2026-01-24,65000,0.0,65000
P033,2026-01-25,65000,0.0,65000
P033,2026-01-26,65000,0.0,65000
P033,2026-01-27,65000,0.0,65000
P033,2026-01-28,65000,0.0,65000
P033,2026-01-29,65000,0.0,65000
P033,2026-01-30,65000,0.0,65000
P033,2026-01-31,65000,0.0,65000
P033,2026-02-01,65000,0.0,65000
P033,2026-02-02,65000,0.0,65000
P033,2026-02-03,65000,0.0,65000
P033,2026-02-04,65000,0.0,65000
P033,2026-02-05,65000,0.0,65000
P033,2026-02-06,65000,0.0,65000
P033,2026-02-07,65000,0.0,65000
P033,2026-02-08,65000,0.0,65000
P033,2026-02-09,65000,0.0,65000
P033,2026-02-10,65000,0.0,65000
P033,2026-02-11,65000,0.0,65000
P033,2026-02-12,65000,0.0,65000
P033,2026-02-13,65000,0.0,65000
P033,2026-02-14,65000,0.0,65000
P033,2026-02-15,65000,0.0,65000
P033,2026-02-16,65000,0.0,65000
P033,2026-02-17,65000,0.0,65000
P033,2026-02-18,65000,0.0,65000
P033,2026-02-19,65000,0.0,65000
P033,2026-02-20,65000,0.0,65000
P033,2026-02-21,65000,0.0,65000
P033,2026-02-22,65000,0.0,65000
P033,2026-02-23,65000,0.0,65000
P033,2026-02-24,65000,0.0,65000
P033,2026-02-25,65000,0.0,65000
P033,2026-02-26,65000,0.0,65000
P033,2026-02-27,65000,0.0,65000
P033,2026-02-28,65000,0.0,65000
P033,2026-03-01,65000,0.0,65000
P033,2026-03-02,65000,0.0,65000
P033,2026-03-03,65000,0.0,65000
P033,2026-03-04,65000,0.0,65000
P033,2026-03-05,65000,0.0,65000
P033,2026-03-06,65000,0.0,65000
P033,2026-03-07,65000,0.0,65000
P033,2026-03-08,65000,0.0,65000
P033,2026-03-09,65000,0.0,65000
P033,2026-03-10,65000,0.0,65000
P033,2026-03-11,65000,0.0,65000
P033,2026-03-12,65000,0.0,65000
P033,2026-03-13,65000,0.0,65000
P033,2026-03-14,65000,0.0,65000
P033,2026-03-15,65000,0.0,65000
P033,2026-03-16,65000,0.0,65000
P033,2026-03-17,65000,0.0,65000
P033,2026-03-18,65000,0.0,65000
P033,2026-03-19,65000,0.0,65000
P033,2026-03-20,65000,0.0,65000
P033,2026-03-21,65000,0.0,65000
P033,2026-03-22,65000,0.0,65000
P033,2026-03-23,65000,0.0,65000
P033,2026-03-24,65000,0.0,65000
P033,2026-03-25,65000,0.0,65000
P033,2026-03-26,65000,0.0,65000
P033,2026-03-27,65000,0.0,65000
P033,2026-03-28,65000,0.0,65000
P033,2026-03-29,65000,0.0,65000
P033,2026-03-30,65000,0.0,65000
P033,2026-03-31,65000,0.0,65000
P033,2026-04-01,65000,0.0,65000
P033,2026-04-02,65000,0.0,65000
P033,2026-04-03,65000,0.0,65000
P033,2026-04-04,65000,0.0,65000
P033,2026-04-05,65000,0.0,65000
P033,2026-04-06,65000,0.0,65000
P033,2026-04-07,65000,0.0,65000
P033,2026-04-08,65000,0.0,65000
P033,2026-04-09,65000,0.0,65000
P033,2026-04-10,65000,0.0,65000
P033,2026-04-11,65000,0.0,65000
P033,2026-04-12,65000,0.0,65000
P033,2026-04-13,65000,0.0,65000
P033,2026-04-14,65000,0.0,65000
P033,2026-04-15,65000,0.0,65000
P033,2026-04-16,65000,0.0,65000
P033,2026-04-17,65000,0.0,65000
P033,2026-04-18,65000,0.0,65000
P033,2026-04-19,65000,0.0,65000
P033,2026-04-20,65000,0.0,65000
P033,2026-04-21,65000,0.0,65000
P033,2026-04-22,65000,0.0,65000
P033,2026-04-23,65000,0.0,65000
P033,2026-04-24,65000,0.0,65000
P033,2026-04-25,65000,0.0,65000
P033,2026-04-26,65000,0.0,65000
P033,2026-04-27,65000,0.0,65000
P033,2026-04-28,65000,0.0,65000
P033,2026-04-29,65000,0.0,65000
P033,2026-04-30,65000,0.0,65000
P033,2026-05-01,65000,0.0,65000
P033,2026-05-02,65000,0.0,65000
P033,2026-05-03,65000,0.0,65000
P033,2026-05-04,65000,0.0,65000
P033,2026-05-05,65000,0.0,65000
P033,2026-05-06,65000,0.0,65000
P033,2026-05-07,65000,0.0,65000
P033,2026-05-08,65000,0.2,52000
P033,2026-05-09,65000,0.2,52000
P033,2026-05-10,65000,0.2,52000
P033,2026-05-11,65000,0.2,52000
P033,2026-05-12,65000,0.2,52000
P033,2026-05-13,65000,0.2,52000
P033,2026-05-14,65000,0.2,52000
P033,2026-05-15,65000,0.2,52000
P033,2026-05-16,65000,0.2,52000
P033,2026-05-17,65000,0.2,52000
P033,2026-05-18,65000,0.2,52000
P033,2026-05-19,65000,0.2,52000
P033,2026-05-20,65000,0.2,52000
P033,2026-05-21,65000,0.2,52000
P033,2026-05-22,65000,0.2,52000
P033,2026-05-23,65000,0.2,52000
P033,2026-05-24,65000,0.2,52000
P033,2026-05-25,65000,0.2,52000
P033,2026-05-26,65000,0.2,52000
P033,2026-05-27,65000,0.2,52000
P033,2026-05-28,65000,0.2,52000
P033,2026-05-29,65000,0.2,52000
P033,2026-05-30,65000,0.2,52000
P033,2026-05-31,65000,0.2,52000
P033,2026-06-01,65000,0.2,52000
P033,2026-06-02,65000,0.2,52000
P033,2026-06-03,65000,0.2,52000
P033,2026-06-04,65000,0.2,52000
P033,2026-06-05,65000,0.2,52000
P033,2026-06-06,65000,0.2,52000
P033,2026-06-07,65000,0.3,45500
P033,2026-06-08,65000,0.3,45500
P033,2026-06-09,65000,0.3,45500
P033,2026-06-10,65000,0.3,45500
P033,2026-06-11,65000,0.3,45500
P033,2026-06-12,65000,0.3,45500
P033,2026-06-13,65000,0.3,45500
P033,2026-06-14,65000,0.3,45500
P033,2026-06-15,65000,0.3,45500
P033,2026-06-16,65000,0.3,45500
P033,2026-06-17,65000,0.3,45500
P033,2026-06-18,65000,0.3,45500
P033,2026-06-19,65000,0.3,45500
P033,2026-06-20,65000,0.3,45500
P033,2026-06-21,65000,0.3,45500
P033,2026-06-22,65000,0.3,45500
P033,2026-06-23,65000,0.3,45500
P033,2026-06-24,65000,0.3,45500
P033,2026-06-25,65000,0.3,45500
P033,2026-06-26,65000,0.3,45500
P033,2026-06-27,65000,0.3,45500
P033,2026-06-28,65000,0.3,45500
P033,2026-06-29,65000,0.3,45500
P033,2026-06-30,65000,0.3,45500
P034,2026-01-01,57000,0.0,57000
P034,2026-01-02,57000,0.0,57000
P034,2026-01-03,57000,0.0,57000
P034,2026-01-04,57000,0.0,57000
P034,2026-01-05,57000,0.0,57000
P034,2026-01-06,57000,0.0,57000
P034,2026-01-07,57000,0.0,57000
P034,2026-01-08,57000,0.0,57000
P034,2026-01-09,57000,0.0,57000
P034,2026-01-10,57000,0.0,57000
P034,2026-01-11,57000,0.0,57000
P034,2026-01-12,57000,0.0,57000
P034,2026-01-13,57000,0.0,57000
P034,2026-01-14,57000,0.0,57000
P034,2026-01-15,57000,0.0,57000
P034,2026-01-16,57000,0.0,57000
P034,2026-01-17,57000,0.0,57000
P034,2026-01-18,57000,0.0,57000
P034,2026-01-19,57000,0.0,57000
P034,2026-01-20,57000,0.0,57000
P034,2026-01-21,57000,0.0,57000
P034,2026-01-22,57000,0.0,57000
P034,2026-01-23,57000,0.0,57000
P034,2026-01-24,57000,0.0,57000
P034,2026-01-25,57000,0.0,57000
P034,2026-01-26,57000,0.0,57000
P034,2026-01-27,57000,0.0,57000
P034,2026-01-28,57000,0.0,57000
P034,2026-01-29,57000,0.0,57000
P034,2026-01-30,57000,0.0,57000
P034,2026-01-31,57000,0.0,57000
P034,2026-02-01,57000,0.0,57000
P034,2026-02-02,57000,0.0,57000
P034,2026-02-03,57000,0.0,57000
P034,2026-02-04,57000,0.0,57000
P034,2026-02-05,57000,0.0,57000
P034,2026-02-06,57000,0.0,57000
P034,2026-02-07,57000,0.0,57000
P034,2026-02-08,57000,0.0,57000
P034,2026-02-09,57000,0.0,57000
P034,2026-02-10,57000,0.0,57000
P034,2026-02-11,57000,0.0,57000
P034,2026-02-12,57000,0.0,57000
P034,2026-02-13,57000,0.0,57000
P034,2026-02-14,57000,0.0,57000
P034,2026-02-15,57000,0.0,57000
P034,2026-02-16,57000,0.0,57000
P034,2026-02-17,57000,0.0,57000
P034,2026-02-18,57000,0.0,57000
P034,2026-02-19,57000,0.0,57000
P034,2026-02-20,57000,0.0,57000
P034,2026-02-21,57000,0.0,57000
P034,2026-02-22,57000,0.0,57000
P034,2026-02-23,57000,0.0,57000
P034,2026-02-24,57000,0.0,57000
P034,2026-02-25,57000,0.0,57000
P034,2026-02-26,57000,0.0,57000
P034,2026-02-27,57000,0.0,57000
P034,2026-02-28,57000,0.0,57000
P034,2026-03-01,57000,0.0,57000
P034,2026-03-02,57000,0.0,57000
P034,2026-03-03,57000,0.0,57000
P034,2026-03-04,57000,0.0,57000
P034,2026-03-05,57000,0.0,57000
P034,2026-03-06,57000,0.0,57000
P034,2026-03-07,57000,0.0,57000
P034,2026-03-08,57000,0.0,57000
P034,2026-03-09,57000,0.0,57000
P034,2026-03-10,57000,0.0,57000
P034,2026-03-11,57000,0.0,57000
P034,2026-03-12,57000,0.0,57000
P034,2026-03-13,57000,0.0,57000
P034,2026-03-14,57000,0.0,57000
P034,2026-03-15,57000,0.0,57000
P034,2026-03-16,57000,0.0,57000
P034,2026-03-17,57000,0.0,57000
P034,2026-03-18,57000,0.0,57000
P034,2026-03-19,57000,0.0,57000
P034,2026-03-20,57000,0.0,57000
P034,2026-03-21,57000,0.0,57000
P034,2026-03-22,57000,0.0,57000
P034,2026-03-23,57000,0.0,57000
P034,2026-03-24,57000,0.0,57000
P034,2026-03-25,57000,0.0,57000
P034,2026-03-26,57000,0.0,57000
P034,2026-03-27,57000,0.0,57000
P034,2026-03-28,57000,0.0,57000
P034,2026-03-29,57000,0.0,57000
P034,2026-03-30,57000,0.0,57000
P034,2026-03-31,57000,0.0,57000
P034,2026-04-01,57000,0.0,57000
P034,2026-04-02,57000,0.0,57000
P034,2026-04-03,57000,0.0,57000
P034,2026-04-04,57000,0.0,57000
P034,2026-04-05,57000,0.0,57000
P034,2026-04-06,57000,0.0,57000
P034,2026-04-07,57000,0.0,57000
P034,2026-04-08,57000,0.0,57000
P034,2026-04-09,57000,0.0,57000
P034,2026-04-10,57000,0.0,57000
P034,2026-04-11,57000,0.0,57000
P034,2026-04-12,57000,0.0,57000
P034,2026-04-13,57000,0.0,57000
P034,2026-04-14,57000,0.0,57000
P034,2026-04-15,57000,0.0,57000
P034,2026-04-16,57000,0.0,57000
P034,2026-04-17,57000,0.0,57000
P034,2026-04-18,57000,0.0,57000
P034,2026-04-19,57000,0.0,57000
P034,2026-04-20,57000,0.0,57000
P034,2026-04-21,57000,0.0,57000
P034,2026-04-22,57000,0.0,57000
P034,2026-04-23,57000,0.0,57000
P034,2026-04-24,57000,0.0,57000
P034,2026-04-25,57000,0.0,57000
P034,2026-04-26,57000,0.0,57000
P034,2026-04-27,57000,0.0,57000
P034,2026-04-28,57000,0.0,57000
P034,2026-04-29,57000,0.0,57000
P034,2026-04-30,57000,0.0,57000
P034,2026-05-01,57000,0.0,57000
P034,2026-05-02,57000,0.0,57000
P034,2026-05-03,57000,0.0,57000
P034,2026-05-04,57000,0.0,57000
P034,2026-05-05,57000,0.0,57000
P034,2026-05-06,57000,0.0,57000
P034,2026-05-07,57000,0.0,57000
P034,2026-05-08,57000,0.0,57000
P034,2026-05-09,57000,0.0,57000
P034,2026-05-10,57000,0.0,57000
P034,2026-05-11,57000,0.0,57000
P034,2026-05-12,57000,0.0,57000
P034,2026-05-13,57000,0.0,57000
P034,2026-05-14,57000,0.0,57000
P034,2026-05-15,57000,0.0,57000
P034,2026-05-16,57000,0.0,57000
P034,2026-05-17,57000,0.0,57000
P034,2026-05-18,57000,0.0,57000
P034,2026-05-19,57000,0.0,57000
P034,2026-05-20,57000,0.0,57000
P034,2026-05-21,57000,0.0,57000
P034,2026-05-22,57000,0.0,57000
P034,2026-05-23,57000,0.0,57000
P034,2026-05-24,57000,0.0,57000
P034,2026-05-25,57000,0.0,57000
P034,2026-05-26,57000,0.0,57000
P034,2026-05-27,57000,0.0,57000
P034,2026-05-28,57000,0.0,57000
P034,2026-05-29,57000,0.0,57000
P034,2026-05-30,57000,0.0,57000
P034,2026-05-31,57000,0.0,57000
P034,2026-06-01,57000,0.0,57000
P034,2026-06-02,57000,0.0,57000
P034,2026-06-03,57000,0.0,57000
P034,2026-06-04,57000,0.0,57000
P034,2026-06-05,57000,0.0,57000
P034,2026-06-06,57000,0.0,57000
P034,2026-06-07,57000,0.0,57000
P034,2026-06-08,57000,0.0,57000
P034,2026-06-09,57000,0.0,57000
P034,2026-06-10,57000,0.0,57000
P034,2026-06-11,57000,0.0,57000
P034,2026-06-12,57000,0.0,57000
P034,2026-06-13,57000,0.0,57000
P034,2026-06-14,57000,0.0,57000
P034,2026-06-15,57000,0.0,57000
P034,2026-06-16,57000,0.0,57000
P034,2026-06-17,57000,0.0,57000
P034,2026-06-18,57000,0.0,57000
P034,2026-06-19,57000,0.0,57000
P034,2026-06-20,57000,0.0,57000
P034,2026-06-21,57000,0.0,57000
P034,2026-06-22,57000,0.0,57000
P034,2026-06-23,57000,0.0,57000
P034,2026-06-24,57000,0.0,57000
P034,2026-06-25,57000,0.0,57000
P034,2026-06-26,57000,0.0,57000
P034,2026-06-27,57000,0.0,57000
P034,2026-06-28,57000,0.0,57000
P034,2026-06-29,57000,0.0,57000
P034,2026-06-30,57000,0.0,57000
P035,2026-01-01,49000,0.0,49000
P035,2026-01-02,49000,0.0,49000
P035,2026-01-03,49000,0.0,49000
P035,2026-01-04,49000,0.0,49000
P035,2026-01-05,49000,0.0,49000
P035,2026-01-06,49000,0.0,49000
P035,2026-01-07,49000,0.0,49000
P035,2026-01-08,49000,0.0,49000
P035,2026-01-09,49000,0.0,49000
P035,2026-01-10,49000,0.0,49000
P035,2026-01-11,49000,0.0,49000
P035,2026-01-12,49000,0.0,49000
P035,2026-01-13,49000,0.0,49000
P035,2026-01-14,49000,0.0,49000
P035,2026-01-15,49000,0.0,49000
P035,2026-01-16,49000,0.0,49000
P035,2026-01-17,49000,0.0,49000
P035,2026-01-18,49000,0.0,49000
P035,2026-01-19,49000,0.0,49000
P035,2026-01-20,49000,0.0,49000
P035,2026-01-21,49000,0.0,49000
P035,2026-01-22,49000,0.0,49000
P035,2026-01-23,49000,0.0,49000
P035,2026-01-24,49000,0.0,49000
P035,2026-01-25,49000,0.0,49000
P035,2026-01-26,49000,0.0,49000
P035,2026-01-27,49000,0.0,49000
P035,2026-01-28,49000,0.0,49000
P035,2026-01-29,49000,0.0,49000
P035,2026-01-30,49000,0.0,49000
P035,2026-01-31,49000,0.0,49000
P035,2026-02-01,49000,0.0,49000
P035,2026-02-02,49000,0.0,49000
P035,2026-02-03,49000,0.0,49000
P035,2026-02-04,49000,0.0,49000
P035,2026-02-05,49000,0.0,49000
P035,2026-02-06,49000,0.0,49000
P035,2026-02-07,49000,0.0,49000
P035,2026-02-08,49000,0.0,49000
P035,2026-02-09,49000,0.0,49000
P035,2026-02-10,49000,0.0,49000
P035,2026-02-11,49000,0.0,49000
P035,2026-02-12,49000,0.0,49000
P035,2026-02-13,49000,0.0,49000
P035,2026-02-14,49000,0.0,49000
P035,2026-02-15,49000,0.0,49000
P035,2026-02-16,49000,0.0,49000
P035,2026-02-17,49000,0.0,49000
P035,2026-02-18,49000,0.0,49000
P035,2026-02-19,49000,0.0,49000
P035,2026-02-20,49000,0.0,49000
P035,2026-02-21,49000,0.0,49000
P035,2026-02-22,49000,0.0,49000
P035,2026-02-23,49000,0.0,49000
P035,2026-02-24,49000,0.0,49000
P035,2026-02-25,49000,0.0,49000
P035,2026-02-26,49000,0.0,49000
P035,2026-02-27,49000,0.0,49000
P035,2026-02-28,49000,0.0,49000
P035,2026-03-01,49000,0.0,49000
P035,2026-03-02,49000,0.0,49000
P035,2026-03-03,49000,0.0,49000
P035,2026-03-04,49000,0.0,49000
P035,2026-03-05,49000,0.0,49000
P035,2026-03-06,49000,0.0,49000
P035,2026-03-07,49000,0.0,49000
P035,2026-03-08,49000,0.0,49000
P035,2026-03-09,49000,0.0,49000
P035,2026-03-10,49000,0.0,49000
P035,2026-03-11,49000,0.0,49000
P035,2026-03-12,49000,0.0,49000
P035,2026-03-13,49000,0.0,49000
P035,2026-03-14,49000,0.0,49000
P035,2026-03-15,49000,0.0,49000
P035,2026-03-16,49000,0.0,49000
P035,2026-03-17,49000,0.0,49000
P035,2026-03-18,49000,0.0,49000
P035,2026-03-19,49000,0.0,49000
P035,2026-03-20,49000,0.0,49000
P035,2026-03-21,49000,0.0,49000
P035,2026-03-22,49000,0.0,49000
P035,2026-03-23,49000,0.0,49000
P035,2026-03-24,49000,0.0,49000
P035,2026-03-25,49000,0.0,49000
P035,2026-03-26,49000,0.0,49000
P035,2026-03-27,49000,0.0,49000
P035,2026-03-28,49000,0.0,49000
P035,2026-03-29,49000,0.0,49000
P035,2026-03-30,49000,0.0,49000
P035,2026-03-31,49000,0.0,49000
P035,2026-04-01,49000,0.0,49000
P035,2026-04-02,49000,0.0,49000
P035,2026-04-03,49000,0.0,49000
P035,2026-04-04,49000,0.0,49000
P035,2026-04-05,49000,0.0,49000
P035,2026-04-06,49000,0.0,49000
P035,2026-04-07,49000,0.0,49000
P035,2026-04-08,49000,0.0,49000
P035,2026-04-09,49000,0.0,49000
P035,2026-04-10,49000,0.0,49000
P035,2026-04-11,49000,0.0,49000
P035,2026-04-12,49000,0.0,49000
P035,2026-04-13,49000,0.0,49000
P035,2026-04-14,49000,0.0,49000
P035,2026-04-15,49000,0.0,49000
P035,2026-04-16,49000,0.0,49000
P035,2026-04-17,49000,0.0,49000
P035,2026-04-18,49000,0.0,49000
P035,2026-04-19,49000,0.0,49000
P035,2026-04-20,49000,0.0,49000
P035,2026-04-21,49000,0.0,49000
P035,2026-04-22,49000,0.0,49000
P035,2026-04-23,49000,0.0,49000
P035,2026-04-24,49000,0.0,49000
P035,2026-04-25,49000,0.0,49000
P035,2026-04-26,49000,0.0,49000
P035,2026-04-27,49000,0.0,49000
P035,2026-04-28,49000,0.0,49000
P035,2026-04-29,49000,0.0,49000
P035,2026-04-30,49000,0.0,49000
P035,2026-05-01,49000,0.0,49000
P035,2026-05-02,49000,0.0,49000
P035,2026-05-03,49000,0.0,49000
P035,2026-05-04,49000,0.0,49000
P035,2026-05-05,49000,0.0,49000
P035,2026-05-06,49000,0.0,49000
P035,2026-05-07,49000,0.0,49000
P035,2026-05-08,49000,0.0,49000
P035,2026-05-09,49000,0.0,49000
P035,2026-05-10,49000,0.0,49000
P035,2026-05-11,49000,0.0,49000
P035,2026-05-12,49000,0.0,49000
P035,2026-05-13,49000,0.0,49000
P035,2026-05-14,49000,0.0,49000
P035,2026-05-15,49000,0.0,49000
P035,2026-05-16,49000,0.0,49000
P035,2026-05-17,49000,0.0,49000
P035,2026-05-18,49000,0.0,49000
P035,2026-05-19,49000,0.0,49000
P035,2026-05-20,49000,0.0,49000
P035,2026-05-21,49000,0.0,49000
P035,2026-05-22,49000,0.0,49000
P035,2026-05-23,49000,0.0,49000
P035,2026-05-24,49000,0.0,49000
P035,2026-05-25,49000,0.0,49000
P035,2026-05-26,49000,0.0,49000
P035,2026-05-27,49000,0.0,49000
P035,2026-05-28,49000,0.0,49000
P035,2026-05-29,49000,0.0,49000
P035,2026-05-30,49000,0.0,49000
P035,2026-05-31,49000,0.0,49000
P035,2026-06-01,49000,0.0,49000
P035,2026-06-02,49000,0.0,49000
P035,2026-06-03,49000,0.0,49000
P035,2026-06-04,49000,0.0,49000
P035,2026-06-05,49000,0.0,49000
P035,2026-06-06,49000,0.0,49000
P035,2026-06-07,49000,0.0,49000
P035,2026-06-08,49000,0.0,49000
P035,2026-06-09,49000,0.0,49000
P035,2026-06-10,49000,0.0,49000
P035,2026-06-11,49000,0.0,49000
P035,2026-06-12,49000,0.0,49000
P035,2026-06-13,49000,0.0,49000
P035,2026-06-14,49000,0.0,49000
P035,2026-06-15,49000,0.0,49000
P035,2026-06-16,49000,0.0,49000
P035,2026-06-17,49000,0.0,49000
P035,2026-06-18,49000,0.0,49000
P035,2026-06-19,49000,0.0,49000
P035,2026-06-20,49000,0.0,49000
P035,2026-06-21,49000,0.0,49000
P035,2026-06-22,49000,0.0,49000
P035,2026-06-23,49000,0.0,49000
P035,2026-06-24,49000,0.0,49000
P035,2026-06-25,49000,0.0,49000
P035,2026-06-26,49000,0.0,49000
P035,2026-06-27,49000,0.0,49000
P035,2026-06-28,49000,0.0,49000
P035,2026-06-29,49000,0.0,49000
P035,2026-06-30,49000,0.0,49000
P036,2026-01-01,65000,0.0,65000
P036,2026-01-02,65000,0.0,65000
P036,2026-01-03,65000,0.0,65000
P036,2026-01-04,65000,0.0,65000
P036,2026-01-05,65000,0.0,65000
P036,2026-01-06,65000,0.0,65000
P036,2026-01-07,65000,0.0,65000
P036,2026-01-08,65000,0.0,65000
P036,2026-01-09,65000,0.0,65000
P036,2026-01-10,65000,0.0,65000
P036,2026-01-11,65000,0.0,65000
P036,2026-01-12,65000,0.0,65000
P036,2026-01-13,65000,0.0,65000
P036,2026-01-14,65000,0.0,65000
P036,2026-01-15,65000,0.0,65000
P036,2026-01-16,65000,0.0,65000
P036,2026-01-17,65000,0.0,65000
P036,2026-01-18,65000,0.0,65000
P036,2026-01-19,65000,0.0,65000
P036,2026-01-20,65000,0.0,65000
P036,2026-01-21,65000,0.0,65000
P036,2026-01-22,65000,0.0,65000
P036,2026-01-23,65000,0.0,65000
P036,2026-01-24,65000,0.0,65000
P036,2026-01-25,65000,0.0,65000
P036,2026-01-26,65000,0.0,65000
P036,2026-01-27,65000,0.0,65000
P036,2026-01-28,65000,0.0,65000
P036,2026-01-29,65000,0.0,65000
P036,2026-01-30,65000,0.0,65000
P036,2026-01-31,65000,0.0,65000
P036,2026-02-01,65000,0.0,65000
P036,2026-02-02,65000,0.0,65000
P036,2026-02-03,65000,0.0,65000
P036,2026-02-04,65000,0.0,65000
P036,2026-02-05,65000,0.0,65000
P036,2026-02-06,65000,0.0,65000
P036,2026-02-07,65000,0.0,65000
P036,2026-02-08,65000,0.0,65000
P036,2026-02-09,65000,0.0,65000
P036,2026-02-10,65000,0.0,65000
P036,2026-02-11,65000,0.0,65000
P036,2026-02-12,65000,0.0,65000
P036,2026-02-13,65000,0.0,65000
P036,2026-02-14,65000,0.0,65000
P036,2026-02-15,65000,0.0,65000
P036,2026-02-16,65000,0.0,65000
P036,2026-02-17,65000,0.0,65000
P036,2026-02-18,65000,0.0,65000
P036,2026-02-19,65000,0.0,65000
P036,2026-02-20,65000,0.0,65000
P036,2026-02-21,65000,0.0,65000
P036,2026-02-22,65000,0.0,65000
P036,2026-02-23,65000,0.0,65000
P036,2026-02-24,65000,0.0,65000
P036,2026-02-25,65000,0.0,65000
P036,2026-02-26,65000,0.0,65000
P036,2026-02-27,65000,0.0,65000
P036,2026-02-28,65000,0.0,65000
P036,2026-03-01,65000,0.0,65000
P036,2026-03-02,65000,0.0,65000
P036,2026-03-03,65000,0.0,65000
P036,2026-03-04,65000,0.0,65000
P036,2026-03-05,65000,0.0,65000
P036,2026-03-06,65000,0.0,65000
P036,2026-03-07,65000,0.0,65000
P036,2026-03-08,65000,0.0,65000
P036,2026-03-09,65000,0.0,65000
P036,2026-03-10,65000,0.0,65000
P036,2026-03-11,65000,0.0,65000
P036,2026-03-12,65000,0.0,65000
P036,2026-03-13,65000,0.0,65000
P036,2026-03-14,65000,0.0,65000
P036,2026-03-15,65000,0.0,65000
P036,2026-03-16,65000,0.0,65000
P036,2026-03-17,65000,0.0,65000
P036,2026-03-18,65000,0.0,65000
P036,2026-03-19,65000,0.0,65000
P036,2026-03-20,65000,0.0,65000
P036,2026-03-21,65000,0.0,65000
P036,2026-03-22,65000,0.0,65000
P036,2026-03-23,65000,0.0,65000
P036,2026-03-24,65000,0.0,65000
P036,2026-03-25,65000,0.0,65000
P036,2026-03-26,65000,0.0,65000
P036,2026-03-27,65000,0.0,65000
P036,2026-03-28,65000,0.0,65000
P036,2026-03-29,65000,0.0,65000
P036,2026-03-30,65000,0.0,65000
P036,2026-03-31,65000,0.0,65000
P036,2026-04-01,65000,0.0,65000
P036,2026-04-02,65000,0.0,65000
P036,2026-04-03,65000,0.0,65000
P036,2026-04-04,65000,0.0,65000
P036,2026-04-05,65000,0.0,65000
P036,2026-04-06,65000,0.0,65000
P036,2026-04-07,65000,0.0,65000
P036,2026-04-08,65000,0.0,65000
P036,2026-04-09,65000,0.0,65000
P036,2026-04-10,65000,0.0,65000
P036,2026-04-11,65000,0.0,65000
P036,2026-04-12,65000,0.0,65000
P036,2026-04-13,65000,0.0,65000
P036,2026-04-14,65000,0.0,65000
P036,2026-04-15,65000,0.0,65000
P036,2026-04-16,65000,0.0,65000
P036,2026-04-17,65000,0.0,65000
P036,2026-04-18,65000,0.0,65000
P036,2026-04-19,65000,0.0,65000
P036,2026-04-20,65000,0.0,65000
P036,2026-04-21,65000,0.0,65000
P036,2026-04-22,65000,0.0,65000
P036,2026-04-23,65000,0.0,65000
P036,2026-04-24,65000,0.0,65000
P036,2026-04-25,65000,0.0,65000
P036,2026-04-26,65000,0.0,65000
P036,2026-04-27,65000,0.0,65000
P036,2026-04-28,65000,0.0,65000
P036,2026-04-29,65000,0.0,65000
P036,2026-04-30,65000,0.0,65000
P036,2026-05-01,65000,0.0,65000
P036,2026-05-02,65000,0.0,65000
P036,2026-05-03,65000,0.0,65000
P036,2026-05-04,65000,0.0,65000
P036,2026-05-05,65000,0.0,65000
P036,2026-05-06,65000,0.0,65000
P036,2026-05-07,65000,0.0,65000
P036,2026-05-08,65000,0.0,65000
P036,2026-05-09,65000,0.0,65000
P036,2026-05-10,65000,0.0,65000
P036,2026-05-11,65000,0.0,65000
P036,2026-05-12,65000,0.0,65000
P036,2026-05-13,65000,0.0,65000
P036,2026-05-14,65000,0.0,65000
P036,2026-05-15,65000,0.0,65000
P036,2026-05-16,65000,0.0,65000
P036,2026-05-17,65000,0.0,65000
P036,2026-05-18,65000,0.0,65000
P036,2026-05-19,65000,0.0,65000
P036,2026-05-20,65000,0.0,65000
P036,2026-05-21,65000,0.0,65000
P036,2026-05-22,65000,0.0,65000
P036,2026-05-23,65000,0.0,65000
P036,2026-05-24,65000,0.0,65000
P036,2026-05-25,65000,0.0,65000
P036,2026-05-26,65000,0.0,65000
P036,2026-05-27,65000,0.0,65000
P036,2026-05-28,65000,0.0,65000
P036,2026-05-29,65000,0.0,65000
P036,2026-05-30,65000,0.0,65000
P036,2026-05-31,65000,0.0,65000
P036,2026-06-01,65000,0.0,65000
P036,2026-06-02,65000,0.0,65000
P036,2026-06-03,65000,0.0,65000
P036,2026-06-04,65000,0.0,65000
P036,2026-06-05,65000,0.0,65000
P036,2026-06-06,65000,0.0,65000
P036,2026-06-07,65000,0.0,65000
P036,2026-06-08,65000,0.0,65000
P036,2026-06-09,65000,0.0,65000
P036,2026-06-10,65000,0.0,65000
P036,2026-06-11,65000,0.0,65000
P036,2026-06-12,65000,0.0,65000
P036,2026-06-13,65000,0.0,65000
P036,2026-06-14,65000,0.0,65000
P036,2026-06-15,65000,0.0,65000
P036,2026-06-16,65000,0.0,65000
P036,2026-06-17,65000,0.0,65000
P036,2026-06-18,65000,0.0,65000
P036,2026-06-19,65000,0.0,65000
P036,2026-06-20,65000,0.0,65000
P036,2026-06-21,65000,0.0,65000
P036,2026-06-22,65000,0.0,65000
P036,2026-06-23,65000,0.0,65000
P036,2026-06-24,65000,0.0,65000
P036,2026-06-25,65000,0.0,65000
P036,2026-06-26,65000,0.0,65000
P036,2026-06-27,65000,0.0,65000
P036,2026-06-28,65000,0.0,65000
P036,2026-06-29,65000,0.0,65000
P036,2026-06-30,65000,0.0,65000
P037,2026-01-01,49000,0.0,49000
P037,2026-01-02,49000,0.0,49000
P037,2026-01-03,49000,0.0,49000
P037,2026-01-04,49000,0.0,49000
P037,2026-01-05,49000,0.0,49000
P037,2026-01-06,49000,0.0,49000
P037,2026-01-07,49000,0.0,49000
P037,2026-01-08,49000,0.0,49000
P037,2026-01-09,49000,0.0,49000
P037,2026-01-10,49000,0.0,49000
P037,2026-01-11,49000,0.0,49000
P037,2026-01-12,49000,0.0,49000
P037,2026-01-13,49000,0.0,49000
P037,2026-01-14,49000,0.0,49000
P037,2026-01-15,49000,0.0,49000
P037,2026-01-16,49000,0.0,49000
P037,2026-01-17,49000,0.0,49000
P037,2026-01-18,49000,0.0,49000
P037,2026-01-19,49000,0.0,49000
P037,2026-01-20,49000,0.0,49000
P037,2026-01-21,49000,0.0,49000
P037,2026-01-22,49000,0.0,49000
P037,2026-01-23,49000,0.0,49000
P037,2026-01-24,49000,0.0,49000
P037,2026-01-25,49000,0.0,49000
P037,2026-01-26,49000,0.0,49000
P037,2026-01-27,49000,0.0,49000
P037,2026-01-28,49000,0.0,49000
P037,2026-01-29,49000,0.0,49000
P037,2026-01-30,49000,0.0,49000
P037,2026-01-31,49000,0.0,49000
P037,2026-02-01,49000,0.0,49000
P037,2026-02-02,49000,0.0,49000
P037,2026-02-03,49000,0.0,49000
P037,2026-02-04,49000,0.0,49000
P037,2026-02-05,49000,0.0,49000
P037,2026-02-06,49000,0.0,49000
P037,2026-02-07,49000,0.0,49000
P037,2026-02-08,49000,0.0,49000
P037,2026-02-09,49000,0.0,49000
P037,2026-02-10,49000,0.0,49000
P037,2026-02-11,49000,0.0,49000
P037,2026-02-12,49000,0.0,49000
P037,2026-02-13,49000,0.0,49000
P037,2026-02-14,49000,0.0,49000
P037,2026-02-15,49000,0.0,49000
P037,2026-02-16,49000,0.0,49000
P037,2026-02-17,49000,0.0,49000
P037,2026-02-18,49000,0.0,49000
P037,2026-02-19,49000,0.0,49000
P037,2026-02-20,49000,0.0,49000
P037,2026-02-21,49000,0.0,49000
P037,2026-02-22,49000,0.0,49000
P037,2026-02-23,49000,0.0,49000
P037,2026-02-24,49000,0.0,49000
P037,2026-02-25,49000,0.0,49000
P037,2026-02-26,49000,0.0,49000
P037,2026-02-27,49000,0.0,49000
P037,2026-02-28,49000,0.0,49000
P037,2026-03-01,49000,0.0,49000
P037,2026-03-02,49000,0.0,49000
P037,2026-03-03,49000,0.0,49000
P037,2026-03-04,49000,0.0,49000
P037,2026-03-05,49000,0.0,49000
P037,2026-03-06,49000,0.0,49000
P037,2026-03-07,49000,0.0,49000
P037,2026-03-08,49000,0.0,49000
P037,2026-03-09,49000,0.0,49000
P037,2026-03-10,49000,0.0,49000
P037,2026-03-11,49000,0.0,49000
P037,2026-03-12,49000,0.0,49000
P037,2026-03-13,49000,0.0,49000
P037,2026-03-14,49000,0.0,49000
P037,2026-03-15,49000,0.0,49000
P037,2026-03-16,49000,0.0,49000
P037,2026-03-17,49000,0.0,49000
P037,2026-03-18,49000,0.0,49000
P037,2026-03-19,49000,0.0,49000
P037,2026-03-20,49000,0.0,49000
P037,2026-03-21,49000,0.0,49000
P037,2026-03-22,49000,0.0,49000
P037,2026-03-23,49000,0.0,49000
P037,2026-03-24,49000,0.0,49000
P037,2026-03-25,49000,0.0,49000
P037,2026-03-26,49000,0.0,49000
P037,2026-03-27,49000,0.0,49000
P037,2026-03-28,49000,0.0,49000
P037,2026-03-29,49000,0.0,49000
P037,2026-03-30,49000,0.0,49000
P037,2026-03-31,49000,0.0,49000
P037,2026-04-01,49000,0.0,49000
P037,2026-04-02,49000,0.0,49000
P037,2026-04-03,49000,0.0,49000
P037,2026-04-04,49000,0.0,49000
P037,2026-04-05,49000,0.0,49000
P037,2026-04-06,49000,0.0,49000
P037,2026-04-07,49000,0.0,49000
P037,2026-04-08,49000,0.0,49000
P037,2026-04-09,49000,0.0,49000
P037,2026-04-10,49000,0.0,49000
P037,2026-04-11,49000,0.0,49000
P037,2026-04-12,49000,0.0,49000
P037,2026-04-13,49000,0.0,49000
P037,2026-04-14,49000,0.0,49000
P037,2026-04-15,49000,0.0,49000
P037,2026-04-16,49000,0.0,49000
P037,2026-04-17,49000,0.0,49000
P037,2026-04-18,49000,0.0,49000
P037,2026-04-19,49000,0.0,49000
P037,2026-04-20,49000,0.0,49000
P037,2026-04-21,49000,0.0,49000
P037,2026-04-22,49000,0.0,49000
P037,2026-04-23,49000,0.0,49000
P037,2026-04-24,49000,0.0,49000
P037,2026-04-25,49000,0.0,49000
P037,2026-04-26,49000,0.0,49000
P037,2026-04-27,49000,0.0,49000
P037,2026-04-28,49000,0.0,49000
P037,2026-04-29,49000,0.0,49000
P037,2026-04-30,49000,0.0,49000
P037,2026-05-01,49000,0.0,49000
P037,2026-05-02,49000,0.0,49000
P037,2026-05-03,49000,0.0,49000
P037,2026-05-04,49000,0.0,49000
P037,2026-05-05,49000,0.0,49000
P037,2026-05-06,49000,0.0,49000
P037,2026-05-07,49000,0.0,49000
P037,2026-05-08,49000,0.0,49000
P037,2026-05-09,49000,0.0,49000
P037,2026-05-10,49000,0.0,49000
P037,2026-05-11,49000,0.0,49000
P037,2026-05-12,49000,0.0,49000
P037,2026-05-13,49000,0.0,49000
P037,2026-05-14,49000,0.0,49000
P037,2026-05-15,49000,0.0,49000
P037,2026-05-16,49000,0.0,49000
P037,2026-05-17,49000,0.0,49000
P037,2026-05-18,49000,0.0,49000
P037,2026-05-19,49000,0.0,49000
P037,2026-05-20,49000,0.0,49000
P037,2026-05-21,49000,0.0,49000
P037,2026-05-22,49000,0.0,49000
P037,2026-05-23,49000,0.0,49000
P037,2026-05-24,49000,0.0,49000
P037,2026-05-25,49000,0.0,49000
P037,2026-05-26,49000,0.0,49000
P037,2026-05-27,49000,0.0,49000
P037,2026-05-28,49000,0.0,49000
P037,2026-05-29,49000,0.0,49000
P037,2026-05-30,49000,0.0,49000
P037,2026-05-31,49000,0.0,49000
P037,2026-06-01,49000,0.0,49000
P037,2026-06-02,49000,0.0,49000
P037,2026-06-03,49000,0.0,49000
P037,2026-06-04,49000,0.0,49000
P037,2026-06-05,49000,0.0,49000
P037,2026-06-06,49000,0.0,49000
P037,2026-06-07,49000,0.0,49000
P037,2026-06-08,49000,0.0,49000
P037,2026-06-09,49000,0.0,49000
P037,2026-06-10,49000,0.0,49000
P037,2026-06-11,49000,0.0,49000
P037,2026-06-12,49000,0.0,49000
P037,2026-06-13,49000,0.0,49000
P037,2026-06-14,49000,0.0,49000
P037,2026-06-15,49000,0.0,49000
P037,2026-06-16,49000,0.0,49000
P037,2026-06-17,49000,0.0,49000
P037,2026-06-18,49000,0.0,49000
P037,2026-06-19,49000,0.0,49000
P037,2026-06-20,49000,0.0,49000
P037,2026-06-21,49000,0.0,49000
P037,2026-06-22,49000,0.0,49000
P037,2026-06-23,49000,0.0,49000
P037,2026-06-24,49000,0.0,49000
P037,2026-06-25,49000,0.0,49000
P037,2026-06-26,49000,0.0,49000
P037,2026-06-27,49000,0.0,49000
P037,2026-06-28,49000,0.0,49000
P037,2026-06-29,49000,0.0,49000
P037,2026-06-30,49000,0.0,49000
P038,2026-01-01,38000,0.0,38000
P038,2026-01-02,38000,0.0,38000
P038,2026-01-03,38000,0.0,38000
P038,2026-01-04,38000,0.0,38000
P038,2026-01-05,38000,0.0,38000
P038,2026-01-06,38000,0.0,38000
P038,2026-01-07,38000,0.0,38000
P038,2026-01-08,38000,0.0,38000
P038,2026-01-09,38000,0.0,38000
P038,2026-01-10,38000,0.0,38000
P038,2026-01-11,38000,0.0,38000
P038,2026-01-12,38000,0.0,38000
P038,2026-01-13,38000,0.0,38000
P038,2026-01-14,38000,0.0,38000
P038,2026-01-15,38000,0.0,38000
P038,2026-01-16,38000,0.0,38000
P038,2026-01-17,38000,0.0,38000
P038,2026-01-18,38000,0.0,38000
P038,2026-01-19,38000,0.0,38000
P038,2026-01-20,38000,0.0,38000
P038,2026-01-21,38000,0.0,38000
P038,2026-01-22,38000,0.0,38000
P038,2026-01-23,38000,0.0,38000
P038,2026-01-24,38000,0.0,38000
P038,2026-01-25,38000,0.0,38000
P038,2026-01-26,38000,0.0,38000
P038,2026-01-27,38000,0.0,38000
P038,2026-01-28,38000,0.0,38000
P038,2026-01-29,38000,0.0,38000
P038,2026-01-30,38000,0.0,38000
P038,2026-01-31,38000,0.0,38000
P038,2026-02-01,38000,0.0,38000
P038,2026-02-02,38000,0.0,38000
P038,2026-02-03,38000,0.0,38000
P038,2026-02-04,38000,0.0,38000
P038,2026-02-05,38000,0.0,38000
P038,2026-02-06,38000,0.0,38000
P038,2026-02-07,38000,0.0,38000
P038,2026-02-08,38000,0.0,38000
P038,2026-02-09,38000,0.0,38000
P038,2026-02-10,38000,0.0,38000
P038,2026-02-11,38000,0.0,38000
P038,2026-02-12,38000,0.0,38000
P038,2026-02-13,38000,0.0,38000
P038,2026-02-14,38000,0.0,38000
P038,2026-02-15,38000,0.0,38000
P038,2026-02-16,38000,0.0,38000
P038,2026-02-17,38000,0.0,38000
P038,2026-02-18,38000,0.0,38000
P038,2026-02-19,38000,0.0,38000
P038,2026-02-20,38000,0.0,38000
P038,2026-02-21,38000,0.0,38000
P038,2026-02-22,38000,0.0,38000
P038,2026-02-23,38000,0.0,38000
P038,2026-02-24,38000,0.0,38000
P038,2026-02-25,38000,0.0,38000
P038,2026-02-26,38000,0.0,38000
P038,2026-02-27,38000,0.0,38000
P038,2026-02-28,38000,0.0,38000
P038,2026-03-01,38000,0.0,38000
P038,2026-03-02,38000,0.0,38000
P038,2026-03-03,38000,0.0,38000
P038,2026-03-04,38000,0.0,38000
P038,2026-03-05,38000,0.0,38000
P038,2026-03-06,38000,0.0,38000
P038,2026-03-07,38000,0.0,38000
P038,2026-03-08,38000,0.0,38000
P038,2026-03-09,38000,0.0,38000
P038,2026-03-10,38000,0.0,38000
P038,2026-03-11,38000,0.0,38000
P038,2026-03-12,38000,0.0,38000
P038,2026-03-13,38000,0.0,38000
P038,2026-03-14,38000,0.0,38000
P038,2026-03-15,38000,0.0,38000
P038,2026-03-16,38000,0.0,38000
P038,2026-03-17,38000,0.0,38000
P038,2026-03-18,38000,0.0,38000
P038,2026-03-19,38000,0.0,38000
P038,2026-03-20,38000,0.0,38000
P038,2026-03-21,38000,0.0,38000
P038,2026-03-22,38000,0.0,38000
P038,2026-03-23,38000,0.0,38000
P038,2026-03-24,38000,0.0,38000
P038,2026-03-25,38000,0.0,38000
P038,2026-03-26,38000,0.0,38000
P038,2026-03-27,38000,0.0,38000
P038,2026-03-28,38000,0.0,38000
P038,2026-03-29,38000,0.0,38000
P038,2026-03-30,38000,0.0,38000
P038,2026-03-31,38000,0.0,38000
P038,2026-04-01,38000,0.0,38000
P038,2026-04-02,38000,0.0,38000
P038,2026-04-03,38000,0.0,38000
P038,2026-04-04,38000,0.0,38000
P038,2026-04-05,38000,0.0,38000
P038,2026-04-06,38000,0.0,38000
P038,2026-04-07,38000,0.0,38000
P038,2026-04-08,38000,0.0,38000
P038,2026-04-09,38000,0.0,38000
P038,2026-04-10,38000,0.0,38000
P038,2026-04-11,38000,0.0,38000
P038,2026-04-12,38000,0.0,38000
P038,2026-04-13,38000,0.0,38000
P038,2026-04-14,38000,0.0,38000
P038,2026-04-15,38000,0.0,38000
P038,2026-04-16,38000,0.0,38000
P038,2026-04-17,38000,0.0,38000
P038,2026-04-18,38000,0.0,38000
P038,2026-04-19,38000,0.0,38000
P038,2026-04-20,38000,0.0,38000
P038,2026-04-21,38000,0.0,38000
P038,2026-04-22,38000,0.0,38000
P038,2026-04-23,38000,0.0,38000
P038,2026-04-24,38000,0.0,38000
P038,2026-04-25,38000,0.0,38000
P038,2026-04-26,38000,0.0,38000
P038,2026-04-27,38000,0.0,38000
P038,2026-04-28,38000,0.0,38000
P038,2026-04-29,38000,0.0,38000
P038,2026-04-30,38000,0.0,38000
P038,2026-05-01,38000,0.0,38000
P038,2026-05-02,38000,0.0,38000
P038,2026-05-03,38000,0.0,38000
P038,2026-05-04,38000,0.0,38000
P038,2026-05-05,38000,0.0,38000
P038,2026-05-06,38000,0.0,38000
P038,2026-05-07,38000,0.0,38000
P038,2026-05-08,38000,0.0,38000
P038,2026-05-09,38000,0.0,38000
P038,2026-05-10,38000,0.0,38000
P038,2026-05-11,38000,0.0,38000
P038,2026-05-12,38000,0.0,38000
P038,2026-05-13,38000,0.0,38000
P038,2026-05-14,38000,0.0,38000
P038,2026-05-15,38000,0.0,38000
P038,2026-05-16,38000,0.0,38000
P038,2026-05-17,38000,0.0,38000
P038,2026-05-18,38000,0.0,38000
P038,2026-05-19,38000,0.0,38000
P038,2026-05-20,38000,0.0,38000
P038,2026-05-21,38000,0.0,38000
P038,2026-05-22,38000,0.0,38000
P038,2026-05-23,38000,0.0,38000
P038,2026-05-24,38000,0.0,38000
P038,2026-05-25,38000,0.0,38000
P038,2026-05-26,38000,0.0,38000
P038,2026-05-27,38000,0.0,38000
P038,2026-05-28,38000,0.0,38000
P038,2026-05-29,38000,0.0,38000
P038,2026-05-30,38000,0.0,38000
P038,2026-05-31,38000,0.0,38000
P038,2026-06-01,38000,0.0,38000
P038,2026-06-02,38000,0.0,38000
P038,2026-06-03,38000,0.0,38000
P038,2026-06-04,38000,0.0,38000
P038,2026-06-05,38000,0.0,38000
P038,2026-06-06,38000,0.0,38000
P038,2026-06-07,38000,0.0,38000
P038,2026-06-08,38000,0.0,38000
P038,2026-06-09,38000,0.0,38000
P038,2026-06-10,38000,0.0,38000
P038,2026-06-11,38000,0.0,38000
P038,2026-06-12,38000,0.0,38000
P038,2026-06-13,38000,0.0,38000
P038,2026-06-14,38000,0.0,38000
P038,2026-06-15,38000,0.0,38000
P038,2026-06-16,38000,0.0,38000
P038,2026-06-17,38000,0.0,38000
P038,2026-06-18,38000,0.0,38000
P038,2026-06-19,38000,0.0,38000
P038,2026-06-20,38000,0.0,38000
P038,2026-06-21,38000,0.0,38000
P038,2026-06-22,38000,0.0,38000
P038,2026-06-23,38000,0.0,38000
P038,2026-06-24,38000,0.0,38000
P038,2026-06-25,38000,0.0,38000
P038,2026-06-26,38000,0.0,38000
P038,2026-06-27,38000,0.0,38000
P038,2026-06-28,38000,0.0,38000
P038,2026-06-29,38000,0.0,38000
P038,2026-06-30,38000,0.0,38000
P039,2026-01-01,45000,0.0,45000
P039,2026-01-02,45000,0.0,45000
P039,2026-01-03,45000,0.0,45000
P039,2026-01-04,45000,0.0,45000
P039,2026-01-05,45000,0.0,45000
P039,2026-01-06,45000,0.0,45000
P039,2026-01-07,45000,0.0,45000
P039,2026-01-08,45000,0.0,45000
P039,2026-01-09,45000,0.0,45000
P039,2026-01-10,45000,0.0,45000
P039,2026-01-11,45000,0.0,45000
P039,2026-01-12,45000,0.0,45000
P039,2026-01-13,45000,0.0,45000
P039,2026-01-14,45000,0.0,45000
P039,2026-01-15,45000,0.0,45000
P039,2026-01-16,45000,0.0,45000
P039,2026-01-17,45000,0.0,45000
P039,2026-01-18,45000,0.0,45000
P039,2026-01-19,45000,0.0,45000
P039,2026-01-20,45000,0.0,45000
P039,2026-01-21,45000,0.0,45000
P039,2026-01-22,45000,0.0,45000
P039,2026-01-23,45000,0.0,45000
P039,2026-01-24,45000,0.0,45000
P039,2026-01-25,45000,0.0,45000
P039,2026-01-26,45000,0.0,45000
P039,2026-01-27,45000,0.0,45000
P039,2026-01-28,45000,0.0,45000
P039,2026-01-29,45000,0.0,45000
P039,2026-01-30,45000,0.0,45000
P039,2026-01-31,45000,0.0,45000
P039,2026-02-01,45000,0.0,45000
P039,2026-02-02,45000,0.0,45000
P039,2026-02-03,45000,0.0,45000
P039,2026-02-04,45000,0.0,45000
P039,2026-02-05,45000,0.0,45000
P039,2026-02-06,45000,0.0,45000
P039,2026-02-07,45000,0.0,45000
P039,2026-02-08,45000,0.0,45000
P039,2026-02-09,45000,0.0,45000
P039,2026-02-10,45000,0.0,45000
P039,2026-02-11,45000,0.0,45000
P039,2026-02-12,45000,0.0,45000
P039,2026-02-13,45000,0.0,45000
P039,2026-02-14,45000,0.0,45000
P039,2026-02-15,45000,0.0,45000
P039,2026-02-16,45000,0.0,45000
P039,2026-02-17,45000,0.0,45000
P039,2026-02-18,45000,0.0,45000
P039,2026-02-19,45000,0.0,45000
P039,2026-02-20,45000,0.0,45000
P039,2026-02-21,45000,0.0,45000
P039,2026-02-22,45000,0.0,45000
P039,2026-02-23,45000,0.0,45000
P039,2026-02-24,45000,0.0,45000
P039,2026-02-25,45000,0.0,45000
P039,2026-02-26,45000,0.0,45000
P039,2026-02-27,45000,0.0,45000
P039,2026-02-28,45000,0.0,45000
P039,2026-03-01,45000,0.0,45000
P039,2026-03-02,45000,0.0,45000
P039,2026-03-03,45000,0.0,45000
P039,2026-03-04,45000,0.0,45000
P039,2026-03-05,45000,0.0,45000
P039,2026-03-06,45000,0.0,45000
P039,2026-03-07,45000,0.0,45000
P039,2026-03-08,45000,0.0,45000
P039,2026-03-09,45000,0.0,45000
P039,2026-03-10,45000,0.0,45000
P039,2026-03-11,45000,0.0,45000
P039,2026-03-12,45000,0.0,45000
P039,2026-03-13,45000,0.0,45000
P039,2026-03-14,45000,0.0,45000
P039,2026-03-15,45000,0.0,45000
P039,2026-03-16,45000,0.0,45000
P039,2026-03-17,45000,0.0,45000
P039,2026-03-18,45000,0.0,45000
P039,2026-03-19,45000,0.0,45000
P039,2026-03-20,45000,0.0,45000
P039,2026-03-21,45000,0.0,45000
P039,2026-03-22,45000,0.0,45000
P039,2026-03-23,45000,0.0,45000
P039,2026-03-24,45000,0.0,45000
P039,2026-03-25,45000,0.0,45000
P039,2026-03-26,45000,0.0,45000
P039,2026-03-27,45000,0.0,45000
P039,2026-03-28,45000,0.0,45000
P039,2026-03-29,45000,0.0,45000
P039,2026-03-30,45000,0.0,45000
P039,2026-03-31,45000,0.0,45000
P039,2026-04-01,45000,0.0,45000
P039,2026-04-02,45000,0.0,45000
P039,2026-04-03,45000,0.0,45000
P039,2026-04-04,45000,0.0,45000
P039,2026-04-05,45000,0.0,45000
P039,2026-04-06,45000,0.0,45000
P039,2026-04-07,45000,0.0,45000
P039,2026-04-08,45000,0.0,45000
P039,2026-04-09,45000,0.0,45000
P039,2026-04-10,45000,0.0,45000
P039,2026-04-11,45000,0.0,45000
P039,2026-04-12,45000,0.0,45000
P039,2026-04-13,45000,0.0,45000
P039,2026-04-14,45000,0.0,45000
P039,2026-04-15,45000,0.0,45000
P039,2026-04-16,45000,0.0,45000
P039,2026-04-17,45000,0.0,45000
P039,2026-04-18,45000,0.0,45000
P039,2026-04-19,45000,0.0,45000
P039,2026-04-20,45000,0.0,45000
P039,2026-04-21,45000,0.0,45000
P039,2026-04-22,45000,0.0,45000
P039,2026-04-23,45000,0.0,45000
P039,2026-04-24,45000,0.0,45000
P039,2026-04-25,45000,0.0,45000
P039,2026-04-26,45000,0.0,45000
P039,2026-04-27,45000,0.0,45000
P039,2026-04-28,45000,0.0,45000
P039,2026-04-29,45000,0.0,45000
P039,2026-04-30,45000,0.0,45000
P039,2026-05-01,45000,0.0,45000
P039,2026-05-02,45000,0.0,45000
P039,2026-05-03,45000,0.0,45000
P039,2026-05-04,45000,0.0,45000
P039,2026-05-05,45000,0.0,45000
P039,2026-05-06,45000,0.0,45000
P039,2026-05-07,45000,0.0,45000
P039,2026-05-08,45000,0.0,45000
P039,2026-05-09,45000,0.0,45000
P039,2026-05-10,45000,0.0,45000
P039,2026-05-11,45000,0.0,45000
P039,2026-05-12,45000,0.0,45000
P039,2026-05-13,45000,0.0,45000
P039,2026-05-14,45000,0.0,45000
P039,2026-05-15,45000,0.0,45000
P039,2026-05-16,45000,0.0,45000
P039,2026-05-17,45000,0.0,45000
P039,2026-05-18,45000,0.0,45000
P039,2026-05-19,45000,0.0,45000
P039,2026-05-20,45000,0.0,45000
P039,2026-05-21,45000,0.0,45000
P039,2026-05-22,45000,0.0,45000
P039,2026-05-23,45000,0.0,45000
P039,2026-05-24,45000,0.0,45000
P039,2026-05-25,45000,0.0,45000
P039,2026-05-26,45000,0.0,45000
P039,2026-05-27,45000,0.0,45000
P039,2026-05-28,45000,0.0,45000
P039,2026-05-29,45000,0.0,45000
P039,2026-05-30,45000,0.0,45000
P039,2026-05-31,45000,0.0,45000
P039,2026-06-01,45000,0.0,45000
P039,2026-06-02,45000,0.0,45000
P039,2026-06-03,45000,0.0,45000
P039,2026-06-04,45000,0.0,45000
P039,2026-06-05,45000,0.0,45000
P039,2026-06-06,45000,0.0,45000
P039,2026-06-07,45000,0.0,45000
P039,2026-06-08,45000,0.0,45000
P039,2026-06-09,45000,0.0,45000
P039,2026-06-10,45000,0.0,45000
P039,2026-06-11,45000,0.0,45000
P039,2026-06-12,45000,0.0,45000
P039,2026-06-13,45000,0.0,45000
P039,2026-06-14,45000,0.0,45000
P039,2026-06-15,45000,0.0,45000
P039,2026-06-16,45000,0.0,45000
P039,2026-06-17,45000,0.0,45000
P039,2026-06-18,45000,0.0,45000
P039,2026-06-19,45000,0.0,45000
P039,2026-06-20,45000,0.0,45000
P039,2026-06-21,45000,0.0,45000
P039,2026-06-22,45000,0.0,45000
P039,2026-06-23,45000,0.0,45000
P039,2026-06-24,45000,0.0,45000
P039,2026-06-25,45000,0.0,45000
P039,2026-06-26,45000,0.0,45000
P039,2026-06-27,45000,0.0,45000
P039,2026-06-28,45000,0.0,45000
P039,2026-06-29,45000,0.0,45000
P039,2026-06-30,45000,0.0,45000
P040,2026-01-01,44000,0.0,44000
P040,2026-01-02,44000,0.0,44000
P040,2026-01-03,44000,0.0,44000
P040,2026-01-04,44000,0.0,44000
P040,2026-01-05,44000,0.0,44000
P040,2026-01-06,44000,0.0,44000
P040,2026-01-07,44000,0.0,44000
P040,2026-01-08,44000,0.0,44000
P040,2026-01-09,44000,0.0,44000
P040,2026-01-10,44000,0.0,44000
P040,2026-01-11,44000,0.0,44000
P040,2026-01-12,44000,0.0,44000
P040,2026-01-13,44000,0.0,44000
P040,2026-01-14,44000,0.0,44000
P040,2026-01-15,44000,0.0,44000
P040,2026-01-16,44000,0.0,44000
P040,2026-01-17,44000,0.0,44000
P040,2026-01-18,44000,0.0,44000
P040,2026-01-19,44000,0.0,44000
P040,2026-01-20,44000,0.0,44000
P040,2026-01-21,44000,0.0,44000
P040,2026-01-22,44000,0.0,44000
P040,2026-01-23,44000,0.0,44000
P040,2026-01-24,44000,0.0,44000
P040,2026-01-25,44000,0.0,44000
P040,2026-01-26,44000,0.0,44000
P040,2026-01-27,44000,0.0,44000
P040,2026-01-28,44000,0.0,44000
P040,2026-01-29,44000,0.0,44000
P040,2026-01-30,44000,0.0,44000
P040,2026-01-31,44000,0.0,44000
P040,2026-02-01,44000,0.0,44000
P040,2026-02-02,44000,0.0,44000
P040,2026-02-03,44000,0.0,44000
P040,2026-02-04,44000,0.0,44000
P040,2026-02-05,44000,0.0,44000
P040,2026-02-06,44000,0.0,44000
P040,2026-02-07,44000,0.0,44000
P040,2026-02-08,44000,0.0,44000
P040,2026-02-09,44000,0.0,44000
P040,2026-02-10,44000,0.0,44000
P040,2026-02-11,44000,0.0,44000
P040,2026-02-12,44000,0.0,44000
P040,2026-02-13,44000,0.0,44000
P040,2026-02-14,44000,0.0,44000
P040,2026-02-15,44000,0.0,44000
P040,2026-02-16,44000,0.0,44000
P040,2026-02-17,44000,0.0,44000
P040,2026-02-18,44000,0.0,44000
P040,2026-02-19,44000,0.0,44000
P040,2026-02-20,44000,0.0,44000
P040,2026-02-21,44000,0.0,44000
P040,2026-02-22,44000,0.0,44000
P040,2026-02-23,44000,0.0,44000
P040,2026-02-24,44000,0.0,44000
P040,2026-02-25,44000,0.0,44000
P040,2026-02-26,44000,0.0,44000
P040,2026-02-27,44000,0.0,44000
P040,2026-02-28,44000,0.0,44000
P040,2026-03-01,44000,0.0,44000
P040,2026-03-02,44000,0.0,44000
P040,2026-03-03,44000,0.0,44000
P040,2026-03-04,44000,0.0,44000
P040,2026-03-05,44000,0.0,44000
P040,2026-03-06,44000,0.0,44000
P040,2026-03-07,44000,0.0,44000
P040,2026-03-08,44000,0.0,44000
P040,2026-03-09,44000,0.0,44000
P040,2026-03-10,44000,0.0,44000
P040,2026-03-11,44000,0.0,44000
P040,2026-03-12,44000,0.0,44000
P040,2026-03-13,44000,0.0,44000
P040,2026-03-14,44000,0.0,44000
P040,2026-03-15,44000,0.0,44000
P040,2026-03-16,44000,0.0,44000
P040,2026-03-17,44000,0.0,44000
P040,2026-03-18,44000,0.0,44000
P040,2026-03-19,44000,0.0,44000
P040,2026-03-20,44000,0.0,44000
P040,2026-03-21,44000,0.0,44000
P040,2026-03-22,44000,0.0,44000
P040,2026-03-23,44000,0.0,44000
P040,2026-03-24,44000,0.0,44000
P040,2026-03-25,44000,0.0,44000
P040,2026-03-26,44000,0.0,44000
P040,2026-03-27,44000,0.0,44000
P040,2026-03-28,44000,0.0,44000
P040,2026-03-29,44000,0.0,44000
P040,2026-03-30,44000,0.0,44000
P040,2026-03-31,44000,0.0,44000
P040,2026-04-01,44000,0.0,44000
P040,2026-04-02,44000,0.0,44000
P040,2026-04-03,44000,0.0,44000
P040,2026-04-04,44000,0.0,44000
P040,2026-04-05,44000,0.0,44000
P040,2026-04-06,44000,0.0,44000
P040,2026-04-07,44000,0.0,44000
P040,2026-04-08,44000,0.0,44000
P040,2026-04-09,44000,0.0,44000
P040,2026-04-10,44000,0.0,44000
P040,2026-04-11,44000,0.0,44000
P040,2026-04-12,44000,0.0,44000
P040,2026-04-13,44000,0.0,44000
P040,2026-04-14,44000,0.0,44000
P040,2026-04-15,44000,0.0,44000
P040,2026-04-16,44000,0.0,44000
P040,2026-04-17,44000,0.0,44000
P040,2026-04-18,44000,0.0,44000
P040,2026-04-19,44000,0.0,44000
P040,2026-04-20,44000,0.0,44000
P040,2026-04-21,44000,0.0,44000
P040,2026-04-22,44000,0.0,44000
P040,2026-04-23,44000,0.0,44000
P040,2026-04-24,44000,0.0,44000
P040,2026-04-25,44000,0.0,44000
P040,2026-04-26,44000,0.0,44000
P040,2026-04-27,44000,0.0,44000
P040,2026-04-28,44000,0.0,44000
P040,2026-04-29,44000,0.0,44000
P040,2026-04-30,44000,0.0,44000
P040,2026-05-01,44000,0.0,44000
P040,2026-05-02,44000,0.0,44000
P040,2026-05-03,44000,0.0,44000
P040,2026-05-04,44000,0.0,44000
P040,2026-05-05,44000,0.0,44000
P040,2026-05-06,44000,0.0,44000
P040,2026-05-07,44000,0.0,44000
P040,2026-05-08,44000,0.0,44000
P040,2026-05-09,44000,0.0,44000
P040,2026-05-10,44000,0.0,44000
P040,2026-05-11,44000,0.0,44000
P040,2026-05-12,44000,0.0,44000
P040,2026-05-13,44000,0.0,44000
P040,2026-05-14,44000,0.0,44000
P040,2026-05-15,44000,0.0,44000
P040,2026-05-16,44000,0.0,44000
P040,2026-05-17,44000,0.0,44000
P040,2026-05-18,44000,0.0,44000
P040,2026-05-19,44000,0.0,44000
P040,2026-05-20,44000,0.0,44000
P040,2026-05-21,44000,0.0,44000
P040,2026-05-22,44000,0.0,44000
P040,2026-05-23,44000,0.0,44000
P040,2026-05-24,44000,0.0,44000
P040,2026-05-25,44000,0.0,44000
P040,2026-05-26,44000,0.0,44000
P040,2026-05-27,44000,0.0,44000
P040,2026-05-28,44000,0.0,44000
P040,2026-05-29,44000,0.0,44000
P040,2026-05-30,44000,0.0,44000
P040,2026-05-31,44000,0.0,44000
P040,2026-06-01,44000,0.0,44000
P040,2026-06-02,44000,0.0,44000
P040,2026-06-03,44000,0.0,44000
P040,2026-06-04,44000,0.0,44000
P040,2026-06-05,44000,0.0,44000
P040,2026-06-06,44000,0.0,44000
P040,2026-06-07,44000,0.0,44000
P040,2026-06-08,44000,0.0,44000
P040,2026-06-09,44000,0.0,44000
P040,2026-06-10,44000,0.0,44000
P040,2026-06-11,44000,0.0,44000
P040,2026-06-12,44000,0.0,44000
P040,2026-06-13,44000,0.0,44000
P040,2026-06-14,44000,0.0,44000
P040,2026-06-15,44000,0.0,44000
P040,2026-06-16,44000,0.0,44000
P040,2026-06-17,44000,0.0,44000
P040,2026-06-18,44000,0.0,44000
P040,2026-06-19,44000,0.0,44000
P040,2026-06-20,44000,0.0,44000
P040,2026-06-21,44000,0.0,44000
P040,2026-06-22,44000,0.0,44000
P040,2026-06-23,44000,0.0,44000
P040,2026-06-24,44000,0.0,44000
P040,2026-06-25,44000,0.0,44000
P040,2026-06-26,44000,0.0,44000
P040,2026-06-27,44000,0.0,44000
P040,2026-06-28,44000,0.0,44000
P040,2026-06-29,44000,0.0,44000
P040,2026-06-30,44000,0.0,44000
P041,2026-01-01,74000,0.0,74000
P041,2026-01-02,74000,0.0,74000
P041,2026-01-03,74000,0.0,74000
P041,2026-01-04,74000,0.0,74000
P041,2026-01-05,74000,0.0,74000
P041,2026-01-06,74000,0.0,74000
P041,2026-01-07,74000,0.0,74000
P041,2026-01-08,74000,0.0,74000
P041,2026-01-09,74000,0.0,74000
P041,2026-01-10,74000,0.0,74000
P041,2026-01-11,74000,0.0,74000
P041,2026-01-12,74000,0.0,74000
P041,2026-01-13,74000,0.0,74000
P041,2026-01-14,74000,0.0,74000
P041,2026-01-15,74000,0.0,74000
P041,2026-01-16,74000,0.0,74000
P041,2026-01-17,74000,0.0,74000
P041,2026-01-18,74000,0.0,74000
P041,2026-01-19,74000,0.0,74000
P041,2026-01-20,74000,0.0,74000
P041,2026-01-21,74000,0.0,74000
P041,2026-01-22,74000,0.0,74000
P041,2026-01-23,74000,0.0,74000
P041,2026-01-24,74000,0.0,74000
P041,2026-01-25,74000,0.0,74000
P041,2026-01-26,74000,0.0,74000
P041,2026-01-27,74000,0.0,74000
P041,2026-01-28,74000,0.0,74000
P041,2026-01-29,74000,0.0,74000
P041,2026-01-30,74000,0.0,74000
P041,2026-01-31,74000,0.0,74000
P041,2026-02-01,74000,0.0,74000
P041,2026-02-02,74000,0.0,74000
P041,2026-02-03,74000,0.0,74000
P041,2026-02-04,74000,0.0,74000
P041,2026-02-05,74000,0.0,74000
P041,2026-02-06,74000,0.0,74000
P041,2026-02-07,74000,0.0,74000
P041,2026-02-08,74000,0.0,74000
P041,2026-02-09,74000,0.0,74000
P041,2026-02-10,74000,0.0,74000
P041,2026-02-11,74000,0.0,74000
P041,2026-02-12,74000,0.0,74000
P041,2026-02-13,74000,0.0,74000
P041,2026-02-14,74000,0.0,74000
P041,2026-02-15,74000,0.0,74000
P041,2026-02-16,74000,0.0,74000
P041,2026-02-17,74000,0.0,74000
P041,2026-02-18,74000,0.0,74000
P041,2026-02-19,74000,0.0,74000
P041,2026-02-20,74000,0.0,74000
P041,2026-02-21,74000,0.0,74000
P041,2026-02-22,74000,0.0,74000
P041,2026-02-23,74000,0.0,74000
P041,2026-02-24,74000,0.0,74000
P041,2026-02-25,74000,0.0,74000
P041,2026-02-26,74000,0.0,74000
P041,2026-02-27,74000,0.0,74000
P041,2026-02-28,74000,0.0,74000
P041,2026-03-01,74000,0.0,74000
P041,2026-03-02,74000,0.0,74000
P041,2026-03-03,74000,0.0,74000
P041,2026-03-04,74000,0.0,74000
P041,2026-03-05,74000,0.0,74000
P041,2026-03-06,74000,0.0,74000
P041,2026-03-07,74000,0.0,74000
P041,2026-03-08,74000,0.0,74000
P041,2026-03-09,74000,0.0,74000
P041,2026-03-10,74000,0.0,74000
P041,2026-03-11,74000,0.0,74000
P041,2026-03-12,74000,0.0,74000
P041,2026-03-13,74000,0.0,74000
P041,2026-03-14,74000,0.0,74000
P041,2026-03-15,74000,0.0,74000
P041,2026-03-16,74000,0.0,74000
P041,2026-03-17,74000,0.0,74000
P041,2026-03-18,74000,0.0,74000
P041,2026-03-19,74000,0.0,74000
P041,2026-03-20,74000,0.0,74000
P041,2026-03-21,74000,0.0,74000
P041,2026-03-22,74000,0.0,74000
P041,2026-03-23,74000,0.0,74000
P041,2026-03-24,74000,0.0,74000
P041,2026-03-25,74000,0.0,74000
P041,2026-03-26,74000,0.0,74000
P041,2026-03-27,74000,0.0,74000
P041,2026-03-28,74000,0.0,74000
P041,2026-03-29,74000,0.0,74000
P041,2026-03-30,74000,0.0,74000
P041,2026-03-31,74000,0.0,74000
P041,2026-04-01,74000,0.0,74000
P041,2026-04-02,74000,0.0,74000
P041,2026-04-03,74000,0.0,74000
P041,2026-04-04,74000,0.0,74000
P041,2026-04-05,74000,0.0,74000
P041,2026-04-06,74000,0.0,74000
P041,2026-04-07,74000,0.0,74000
P041,2026-04-08,74000,0.0,74000
P041,2026-04-09,74000,0.0,74000
P041,2026-04-10,74000,0.0,74000
P041,2026-04-11,74000,0.0,74000
P041,2026-04-12,74000,0.0,74000
P041,2026-04-13,74000,0.0,74000
P041,2026-04-14,74000,0.0,74000
P041,2026-04-15,74000,0.0,74000
P041,2026-04-16,74000,0.0,74000
P041,2026-04-17,74000,0.0,74000
P041,2026-04-18,74000,0.0,74000
P041,2026-04-19,74000,0.0,74000
P041,2026-04-20,74000,0.0,74000
P041,2026-04-21,74000,0.0,74000
P041,2026-04-22,74000,0.0,74000
P041,2026-04-23,74000,0.0,74000
P041,2026-04-24,74000,0.0,74000
P041,2026-04-25,74000,0.0,74000
P041,2026-04-26,74000,0.0,74000
P041,2026-04-27,74000,0.0,74000
P041,2026-04-28,74000,0.0,74000
P041,2026-04-29,74000,0.0,74000
P041,2026-04-30,74000,0.0,74000
P041,2026-05-01,74000,0.0,74000
P041,2026-05-02,74000,0.0,74000
P041,2026-05-03,74000,0.0,74000
P041,2026-05-04,74000,0.0,74000
P041,2026-05-05,74000,0.0,74000
P041,2026-05-06,74000,0.0,74000
P041,2026-05-07,74000,0.0,74000
P041,2026-05-08,74000,0.0,74000
P041,2026-05-09,74000,0.0,74000
P041,2026-05-10,74000,0.0,74000
P041,2026-05-11,74000,0.0,74000
P041,2026-05-12,74000,0.0,74000
P041,2026-05-13,74000,0.0,74000
P041,2026-05-14,74000,0.0,74000
P041,2026-05-15,74000,0.0,74000
P041,2026-05-16,74000,0.0,74000
P041,2026-05-17,74000,0.0,74000
P041,2026-05-18,74000,0.0,74000
P041,2026-05-19,74000,0.0,74000
P041,2026-05-20,74000,0.0,74000
P041,2026-05-21,74000,0.0,74000
P041,2026-05-22,74000,0.0,74000
P041,2026-05-23,74000,0.0,74000
P041,2026-05-24,74000,0.0,74000
P041,2026-05-25,74000,0.0,74000
P041,2026-05-26,74000,0.0,74000
P041,2026-05-27,74000,0.0,74000
P041,2026-05-28,74000,0.0,74000
P041,2026-05-29,74000,0.0,74000
P041,2026-05-30,74000,0.0,74000
P041,2026-05-31,74000,0.0,74000
P041,2026-06-01,74000,0.0,74000
P041,2026-06-02,74000,0.0,74000
P041,2026-06-03,74000,0.0,74000
P041,2026-06-04,74000,0.0,74000
P041,2026-06-05,74000,0.0,74000
P041,2026-06-06,74000,0.0,74000
P041,2026-06-07,74000,0.0,74000
P041,2026-06-08,74000,0.0,74000
P041,2026-06-09,74000,0.0,74000
P041,2026-06-10,74000,0.0,74000
P041,2026-06-11,74000,0.0,74000
P041,2026-06-12,74000,0.0,74000
P041,2026-06-13,74000,0.0,74000
P041,2026-06-14,74000,0.0,74000
P041,2026-06-15,74000,0.0,74000
P041,2026-06-16,74000,0.0,74000
P041,2026-06-17,74000,0.0,74000
P041,2026-06-18,74000,0.0,74000
P041,2026-06-19,74000,0.0,74000
P041,2026-06-20,74000,0.0,74000
P041,2026-06-21,74000,0.0,74000
P041,2026-06-22,74000,0.0,74000
P041,2026-06-23,74000,0.0,74000
P041,2026-06-24,74000,0.0,74000
P041,2026-06-25,74000,0.0,74000
P041,2026-06-26,74000,0.0,74000
P041,2026-06-27,74000,0.0,74000
P041,2026-06-28,74000,0.0,74000
P041,2026-06-29,74000,0.0,74000
P041,2026-06-30,74000,0.0,74000
P042,2026-01-01,85000,0.0,85000
P042,2026-01-02,85000,0.0,85000
P042,2026-01-03,85000,0.0,85000
P042,2026-01-04,85000,0.0,85000
P042,2026-01-05,85000,0.0,85000
P042,2026-01-06,85000,0.0,85000
P042,2026-01-07,85000,0.0,85000
P042,2026-01-08,85000,0.0,85000
P042,2026-01-09,85000,0.0,85000
P042,2026-01-10,85000,0.0,85000
P042,2026-01-11,85000,0.0,85000
P042,2026-01-12,85000,0.0,85000
P042,2026-01-13,85000,0.0,85000
P042,2026-01-14,85000,0.0,85000
P042,2026-01-15,85000,0.0,85000
P042,2026-01-16,85000,0.0,85000
P042,2026-01-17,85000,0.0,85000
P042,2026-01-18,85000,0.0,85000
P042,2026-01-19,85000,0.0,85000
P042,2026-01-20,85000,0.0,85000
P042,2026-01-21,85000,0.0,85000
P042,2026-01-22,85000,0.0,85000
P042,2026-01-23,85000,0.0,85000
P042,2026-01-24,85000,0.0,85000
P042,2026-01-25,85000,0.0,85000
P042,2026-01-26,85000,0.0,85000
P042,2026-01-27,85000,0.0,85000
P042,2026-01-28,85000,0.0,85000
P042,2026-01-29,85000,0.0,85000
P042,2026-01-30,85000,0.0,85000
P042,2026-01-31,85000,0.0,85000
P042,2026-02-01,85000,0.0,85000
P042,2026-02-02,85000,0.0,85000
P042,2026-02-03,85000,0.0,85000
P042,2026-02-04,85000,0.0,85000
P042,2026-02-05,85000,0.0,85000
P042,2026-02-06,85000,0.0,85000
P042,2026-02-07,85000,0.0,85000
P042,2026-02-08,85000,0.0,85000
P042,2026-02-09,85000,0.0,85000
P042,2026-02-10,85000,0.0,85000
P042,2026-02-11,85000,0.0,85000
P042,2026-02-12,85000,0.0,85000
P042,2026-02-13,85000,0.0,85000
P042,2026-02-14,85000,0.0,85000
P042,2026-02-15,85000,0.0,85000
P042,2026-02-16,85000,0.0,85000
P042,2026-02-17,85000,0.0,85000
P042,2026-02-18,85000,0.0,85000
P042,2026-02-19,85000,0.0,85000
P042,2026-02-20,85000,0.0,85000
P042,2026-02-21,85000,0.0,85000
P042,2026-02-22,85000,0.0,85000
P042,2026-02-23,85000,0.0,85000
P042,2026-02-24,85000,0.0,85000
P042,2026-02-25,85000,0.0,85000
P042,2026-02-26,85000,0.0,85000
P042,2026-02-27,85000,0.0,85000
P042,2026-02-28,85000,0.0,85000
P042,2026-03-01,85000,0.0,85000
P042,2026-03-02,85000,0.0,85000
P042,2026-03-03,85000,0.0,85000
P042,2026-03-04,85000,0.0,85000
P042,2026-03-05,85000,0.0,85000
P042,2026-03-06,85000,0.0,85000
P042,2026-03-07,85000,0.0,85000
P042,2026-03-08,85000,0.0,85000
P042,2026-03-09,85000,0.0,85000
P042,2026-03-10,85000,0.0,85000
P042,2026-03-11,85000,0.0,85000
P042,2026-03-12,85000,0.0,85000
P042,2026-03-13,85000,0.0,85000
P042,2026-03-14,85000,0.0,85000
P042,2026-03-15,85000,0.0,85000
P042,2026-03-16,85000,0.0,85000
P042,2026-03-17,85000,0.0,85000
P042,2026-03-18,85000,0.0,85000
P042,2026-03-19,85000,0.0,85000
P042,2026-03-20,85000,0.0,85000
P042,2026-03-21,85000,0.0,85000
P042,2026-03-22,85000,0.0,85000
P042,2026-03-23,85000,0.0,85000
P042,2026-03-24,85000,0.0,85000
P042,2026-03-25,85000,0.0,85000
P042,2026-03-26,85000,0.0,85000
P042,2026-03-27,85000,0.0,85000
P042,2026-03-28,85000,0.0,85000
P042,2026-03-29,85000,0.0,85000
P042,2026-03-30,85000,0.0,85000
P042,2026-03-31,85000,0.0,85000
P042,2026-04-01,85000,0.0,85000
P042,2026-04-02,85000,0.0,85000
P042,2026-04-03,85000,0.0,85000
P042,2026-04-04,85000,0.0,85000
P042,2026-04-05,85000,0.0,85000
P042,2026-04-06,85000,0.0,85000
P042,2026-04-07,85000,0.0,85000
P042,2026-04-08,85000,0.0,85000
P042,2026-04-09,85000,0.0,85000
P042,2026-04-10,85000,0.0,85000
P042,2026-04-11,85000,0.0,85000
P042,2026-04-12,85000,0.0,85000
P042,2026-04-13,85000,0.0,85000
P042,2026-04-14,85000,0.0,85000
P042,2026-04-15,85000,0.0,85000
P042,2026-04-16,85000,0.0,85000
P042,2026-04-17,85000,0.0,85000
P042,2026-04-18,85000,0.0,85000
P042,2026-04-19,85000,0.0,85000
P042,2026-04-20,85000,0.0,85000
P042,2026-04-21,85000,0.0,85000
P042,2026-04-22,85000,0.0,85000
P042,2026-04-23,85000,0.0,85000
P042,2026-04-24,85000,0.0,85000
P042,2026-04-25,85000,0.0,85000
P042,2026-04-26,85000,0.0,85000
P042,2026-04-27,85000,0.0,85000
P042,2026-04-28,85000,0.0,85000
P042,2026-04-29,85000,0.0,85000
P042,2026-04-30,85000,0.0,85000
P042,2026-05-01,85000,0.0,85000
P042,2026-05-02,85000,0.0,85000
P042,2026-05-03,85000,0.0,85000
P042,2026-05-04,85000,0.0,85000
P042,2026-05-05,85000,0.0,85000
P042,2026-05-06,85000,0.0,85000
P042,2026-05-07,85000,0.0,85000
P042,2026-05-08,85000,0.0,85000
P042,2026-05-09,85000,0.0,85000
P042,2026-05-10,85000,0.0,85000
P042,2026-05-11,85000,0.0,85000
P042,2026-05-12,85000,0.0,85000
P042,2026-05-13,85000,0.0,85000
P042,2026-05-14,85000,0.0,85000
P042,2026-05-15,85000,0.0,85000
P042,2026-05-16,85000,0.0,85000
P042,2026-05-17,85000,0.0,85000
P042,2026-05-18,85000,0.0,85000
P042,2026-05-19,85000,0.0,85000
P042,2026-05-20,85000,0.0,85000
P042,2026-05-21,85000,0.2,68000
P042,2026-05-22,85000,0.2,68000
P042,2026-05-23,85000,0.2,68000
P042,2026-05-24,85000,0.2,68000
P042,2026-05-25,85000,0.2,68000
P042,2026-05-26,85000,0.2,68000
P042,2026-05-27,85000,0.2,68000
P042,2026-05-28,85000,0.2,68000
P042,2026-05-29,85000,0.2,68000
P042,2026-05-30,85000,0.2,68000
P042,2026-05-31,85000,0.2,68000
P042,2026-06-01,85000,0.2,68000
P042,2026-06-02,85000,0.2,68000
P042,2026-06-03,85000,0.2,68000
P042,2026-06-04,85000,0.2,68000
P042,2026-06-05,85000,0.2,68000
P042,2026-06-06,85000,0.2,68000
P042,2026-06-07,85000,0.2,68000
P042,2026-06-08,85000,0.2,68000
P042,2026-06-09,85000,0.2,68000
P042,2026-06-10,85000,0.2,68000
P042,2026-06-11,85000,0.2,68000
P042,2026-06-12,85000,0.2,68000
P042,2026-06-13,85000,0.2,68000
P042,2026-06-14,85000,0.2,68000
P042,2026-06-15,85000,0.2,68000
P042,2026-06-16,85000,0.2,68000
P042,2026-06-17,85000,0.2,68000
P042,2026-06-18,85000,0.2,68000
P042,2026-06-19,85000,0.2,68000
P042,2026-06-20,85000,0.3,59499
P042,2026-06-21,85000,0.3,59499
P042,2026-06-22,85000,0.3,59499
P042,2026-06-23,85000,0.3,59499
P042,2026-06-24,85000,0.3,59499
P042,2026-06-25,85000,0.3,59499
P042,2026-06-26,85000,0.3,59499
P042,2026-06-27,85000,0.3,59499
P042,2026-06-28,85000,0.3,59499
P042,2026-06-29,85000,0.3,59499
P042,2026-06-30,85000,0.3,59499
P043,2026-01-01,91000,0.0,91000
P043,2026-01-02,91000,0.0,91000
P043,2026-01-03,91000,0.0,91000
P043,2026-01-04,91000,0.0,91000
P043,2026-01-05,91000,0.0,91000
P043,2026-01-06,91000,0.0,91000
P043,2026-01-07,91000,0.0,91000
P043,2026-01-08,91000,0.0,91000
P043,2026-01-09,91000,0.0,91000
P043,2026-01-10,91000,0.0,91000
P043,2026-01-11,91000,0.0,91000
P043,2026-01-12,91000,0.0,91000
P043,2026-01-13,91000,0.0,91000
P043,2026-01-14,91000,0.0,91000
P043,2026-01-15,91000,0.0,91000
P043,2026-01-16,91000,0.0,91000
P043,2026-01-17,91000,0.0,91000
P043,2026-01-18,91000,0.0,91000
P043,2026-01-19,91000,0.0,91000
P043,2026-01-20,91000,0.0,91000
P043,2026-01-21,91000,0.0,91000
P043,2026-01-22,91000,0.0,91000
P043,2026-01-23,91000,0.0,91000
P043,2026-01-24,91000,0.0,91000
P043,2026-01-25,91000,0.0,91000
P043,2026-01-26,91000,0.0,91000
P043,2026-01-27,91000,0.0,91000
P043,2026-01-28,91000,0.0,91000
P043,2026-01-29,91000,0.0,91000
P043,2026-01-30,91000,0.0,91000
P043,2026-01-31,91000,0.0,91000
P043,2026-02-01,91000,0.0,91000
P043,2026-02-02,91000,0.0,91000
P043,2026-02-03,91000,0.0,91000
P043,2026-02-04,91000,0.0,91000
P043,2026-02-05,91000,0.0,91000
P043,2026-02-06,91000,0.0,91000
P043,2026-02-07,91000,0.0,91000
P043,2026-02-08,91000,0.0,91000
P043,2026-02-09,91000,0.0,91000
P043,2026-02-10,91000,0.0,91000
P043,2026-02-11,91000,0.0,91000
P043,2026-02-12,91000,0.0,91000
P043,2026-02-13,91000,0.0,91000
P043,2026-02-14,91000,0.0,91000
P043,2026-02-15,91000,0.0,91000
P043,2026-02-16,91000,0.0,91000
P043,2026-02-17,91000,0.0,91000
P043,2026-02-18,91000,0.0,91000
P043,2026-02-19,91000,0.0,91000
P043,2026-02-20,91000,0.0,91000
P043,2026-02-21,91000,0.0,91000
P043,2026-02-22,91000,0.0,91000
P043,2026-02-23,91000,0.0,91000
P043,2026-02-24,91000,0.0,91000
P043,2026-02-25,91000,0.0,91000
P043,2026-02-26,91000,0.0,91000
P043,2026-02-27,91000,0.0,91000
P043,2026-02-28,91000,0.0,91000
P043,2026-03-01,91000,0.0,91000
P043,2026-03-02,91000,0.0,91000
P043,2026-03-03,91000,0.0,91000
P043,2026-03-04,91000,0.0,91000
P043,2026-03-05,91000,0.0,91000
P043,2026-03-06,91000,0.0,91000
P043,2026-03-07,91000,0.0,91000
P043,2026-03-08,91000,0.0,91000
P043,2026-03-09,91000,0.0,91000
P043,2026-03-10,91000,0.0,91000
P043,2026-03-11,91000,0.0,91000
P043,2026-03-12,91000,0.0,91000
P043,2026-03-13,91000,0.0,91000
P043,2026-03-14,91000,0.0,91000
P043,2026-03-15,91000,0.0,91000
P043,2026-03-16,91000,0.0,91000
P043,2026-03-17,91000,0.0,91000
P043,2026-03-18,91000,0.0,91000
P043,2026-03-19,91000,0.0,91000
P043,2026-03-20,91000,0.0,91000
P043,2026-03-21,91000,0.0,91000
P043,2026-03-22,91000,0.0,91000
P043,2026-03-23,91000,0.0,91000
P043,2026-03-24,91000,0.0,91000
P043,2026-03-25,91000,0.0,91000
P043,2026-03-26,91000,0.0,91000
P043,2026-03-27,91000,0.0,91000
P043,2026-03-28,91000,0.0,91000
P043,2026-03-29,91000,0.0,91000
P043,2026-03-30,91000,0.0,91000
P043,2026-03-31,91000,0.0,91000
P043,2026-04-01,91000,0.0,91000
P043,2026-04-02,91000,0.0,91000
P043,2026-04-03,91000,0.0,91000
P043,2026-04-04,91000,0.0,91000
P043,2026-04-05,91000,0.0,91000
P043,2026-04-06,91000,0.0,91000
P043,2026-04-07,91000,0.0,91000
P043,2026-04-08,91000,0.0,91000
P043,2026-04-09,91000,0.0,91000
P043,2026-04-10,91000,0.0,91000
P043,2026-04-11,91000,0.0,91000
P043,2026-04-12,91000,0.0,91000
P043,2026-04-13,91000,0.0,91000
P043,2026-04-14,91000,0.0,91000
P043,2026-04-15,91000,0.0,91000
P043,2026-04-16,91000,0.0,91000
P043,2026-04-17,91000,0.0,91000
P043,2026-04-18,91000,0.0,91000
P043,2026-04-19,91000,0.0,91000
P043,2026-04-20,91000,0.0,91000
P043,2026-04-21,91000,0.0,91000
P043,2026-04-22,91000,0.0,91000
P043,2026-04-23,91000,0.0,91000
P043,2026-04-24,91000,0.0,91000
P043,2026-04-25,91000,0.0,91000
P043,2026-04-26,91000,0.0,91000
P043,2026-04-27,91000,0.0,91000
P043,2026-04-28,91000,0.0,91000
P043,2026-04-29,91000,0.0,91000
P043,2026-04-30,91000,0.0,91000
P043,2026-05-01,91000,0.0,91000
P043,2026-05-02,91000,0.0,91000
P043,2026-05-03,91000,0.0,91000
P043,2026-05-04,91000,0.0,91000
P043,2026-05-05,91000,0.0,91000
P043,2026-05-06,91000,0.0,91000
P043,2026-05-07,91000,0.0,91000
P043,2026-05-08,91000,0.0,91000
P043,2026-05-09,91000,0.0,91000
P043,2026-05-10,91000,0.0,91000
P043,2026-05-11,91000,0.0,91000
P043,2026-05-12,91000,0.0,91000
P043,2026-05-13,91000,0.0,91000
P043,2026-05-14,91000,0.0,91000
P043,2026-05-15,91000,0.0,91000
P043,2026-05-16,91000,0.0,91000
P043,2026-05-17,91000,0.0,91000
P043,2026-05-18,91000,0.0,91000
P043,2026-05-19,91000,0.0,91000
P043,2026-05-20,91000,0.0,91000
P043,2026-05-21,91000,0.0,91000
P043,2026-05-22,91000,0.0,91000
P043,2026-05-23,91000,0.0,91000
P043,2026-05-24,91000,0.0,91000
P043,2026-05-25,91000,0.0,91000
P043,2026-05-26,91000,0.0,91000
P043,2026-05-27,91000,0.0,91000
P043,2026-05-28,91000,0.0,91000
P043,2026-05-29,91000,0.0,91000
P043,2026-05-30,91000,0.0,91000
P043,2026-05-31,91000,0.0,91000
P043,2026-06-01,91000,0.0,91000
P043,2026-06-02,91000,0.0,91000
P043,2026-06-03,91000,0.0,91000
P043,2026-06-04,91000,0.0,91000
P043,2026-06-05,91000,0.0,91000
P043,2026-06-06,91000,0.0,91000
P043,2026-06-07,91000,0.0,91000
P043,2026-06-08,91000,0.0,91000
P043,2026-06-09,91000,0.0,91000
P043,2026-06-10,91000,0.0,91000
P043,2026-06-11,91000,0.0,91000
P043,2026-06-12,91000,0.0,91000
P043,2026-06-13,91000,0.0,91000
P043,2026-06-14,91000,0.0,91000
P043,2026-06-15,91000,0.0,91000
P043,2026-06-16,91000,0.0,91000
P043,2026-06-17,91000,0.0,91000
P043,2026-06-18,91000,0.0,91000
P043,2026-06-19,91000,0.0,91000
P043,2026-06-20,91000,0.0,91000
P043,2026-06-21,91000,0.0,91000
P043,2026-06-22,91000,0.0,91000
P043,2026-06-23,91000,0.0,91000
P043,2026-06-24,91000,0.0,91000
P043,2026-06-25,91000,0.0,91000
P043,2026-06-26,91000,0.0,91000
P043,2026-06-27,91000,0.0,91000
P043,2026-06-28,91000,0.0,91000
P043,2026-06-29,91000,0.0,91000
P043,2026-06-30,91000,0.0,91000
P044,2026-01-01,85000,0.0,85000
P044,2026-01-02,85000,0.0,85000
P044,2026-01-03,85000,0.0,85000
P044,2026-01-04,85000,0.0,85000
P044,2026-01-05,85000,0.0,85000
P044,2026-01-06,85000,0.0,85000
P044,2026-01-07,85000,0.0,85000
P044,2026-01-08,85000,0.0,85000
P044,2026-01-09,85000,0.0,85000
P044,2026-01-10,85000,0.0,85000
P044,2026-01-11,85000,0.0,85000
P044,2026-01-12,85000,0.0,85000
P044,2026-01-13,85000,0.0,85000
P044,2026-01-14,85000,0.0,85000
P044,2026-01-15,85000,0.0,85000
P044,2026-01-16,85000,0.0,85000
P044,2026-01-17,85000,0.0,85000
P044,2026-01-18,85000,0.0,85000
P044,2026-01-19,85000,0.0,85000
P044,2026-01-20,85000,0.0,85000
P044,2026-01-21,85000,0.0,85000
P044,2026-01-22,85000,0.0,85000
P044,2026-01-23,85000,0.0,85000
P044,2026-01-24,85000,0.0,85000
P044,2026-01-25,85000,0.0,85000
P044,2026-01-26,85000,0.0,85000
P044,2026-01-27,85000,0.0,85000
P044,2026-01-28,85000,0.0,85000
P044,2026-01-29,85000,0.0,85000
P044,2026-01-30,85000,0.0,85000
P044,2026-01-31,85000,0.0,85000
P044,2026-02-01,85000,0.0,85000
P044,2026-02-02,85000,0.0,85000
P044,2026-02-03,85000,0.0,85000
P044,2026-02-04,85000,0.0,85000
P044,2026-02-05,85000,0.0,85000
P044,2026-02-06,85000,0.0,85000
P044,2026-02-07,85000,0.0,85000
P044,2026-02-08,85000,0.0,85000
P044,2026-02-09,85000,0.0,85000
P044,2026-02-10,85000,0.0,85000
P044,2026-02-11,85000,0.0,85000
P044,2026-02-12,85000,0.0,85000
P044,2026-02-13,85000,0.0,85000
P044,2026-02-14,85000,0.0,85000
P044,2026-02-15,85000,0.0,85000
P044,2026-02-16,85000,0.0,85000
P044,2026-02-17,85000,0.0,85000
P044,2026-02-18,85000,0.0,85000
P044,2026-02-19,85000,0.0,85000
P044,2026-02-20,85000,0.0,85000
P044,2026-02-21,85000,0.0,85000
P044,2026-02-22,85000,0.0,85000
P044,2026-02-23,85000,0.0,85000
P044,2026-02-24,85000,0.0,85000
P044,2026-02-25,85000,0.0,85000
P044,2026-02-26,85000,0.0,85000
P044,2026-02-27,85000,0.0,85000
P044,2026-02-28,85000,0.0,85000
P044,2026-03-01,85000,0.0,85000
P044,2026-03-02,85000,0.0,85000
P044,2026-03-03,85000,0.0,85000
P044,2026-03-04,85000,0.0,85000
P044,2026-03-05,85000,0.0,85000
P044,2026-03-06,85000,0.0,85000
P044,2026-03-07,85000,0.0,85000
P044,2026-03-08,85000,0.0,85000
P044,2026-03-09,85000,0.0,85000
P044,2026-03-10,85000,0.0,85000
P044,2026-03-11,85000,0.0,85000
P044,2026-03-12,85000,0.0,85000
P044,2026-03-13,85000,0.0,85000
P044,2026-03-14,85000,0.0,85000
P044,2026-03-15,85000,0.0,85000
P044,2026-03-16,85000,0.0,85000
P044,2026-03-17,85000,0.0,85000
P044,2026-03-18,85000,0.0,85000
P044,2026-03-19,85000,0.0,85000
P044,2026-03-20,85000,0.0,85000
P044,2026-03-21,85000,0.2,68000
P044,2026-03-22,85000,0.2,68000
P044,2026-03-23,85000,0.2,68000
P044,2026-03-24,85000,0.2,68000
P044,2026-03-25,85000,0.2,68000
P044,2026-03-26,85000,0.2,68000
P044,2026-03-27,85000,0.2,68000
P044,2026-03-28,85000,0.2,68000
P044,2026-03-29,85000,0.2,68000
P044,2026-03-30,85000,0.2,68000
P044,2026-03-31,85000,0.2,68000
P044,2026-04-01,85000,0.2,68000
P044,2026-04-02,85000,0.2,68000
P044,2026-04-03,85000,0.2,68000
P044,2026-04-04,85000,0.2,68000
P044,2026-04-05,85000,0.2,68000
P044,2026-04-06,85000,0.2,68000
P044,2026-04-07,85000,0.2,68000
P044,2026-04-08,85000,0.2,68000
P044,2026-04-09,85000,0.2,68000
P044,2026-04-10,85000,0.2,68000
P044,2026-04-11,85000,0.2,68000
P044,2026-04-12,85000,0.2,68000
P044,2026-04-13,85000,0.2,68000
P044,2026-04-14,85000,0.2,68000
P044,2026-04-15,85000,0.2,68000
P044,2026-04-16,85000,0.2,68000
P044,2026-04-17,85000,0.2,68000
P044,2026-04-18,85000,0.2,68000
P044,2026-04-19,85000,0.2,68000
P044,2026-04-20,85000,0.3,59499
P044,2026-04-21,85000,0.3,59499
P044,2026-04-22,85000,0.3,59499
P044,2026-04-23,85000,0.3,59499
P044,2026-04-24,85000,0.3,59499
P044,2026-04-25,85000,0.3,59499
P044,2026-04-26,85000,0.3,59499
P044,2026-04-27,85000,0.3,59499
P044,2026-04-28,85000,0.3,59499
P044,2026-04-29,85000,0.3,59499
P044,2026-04-30,85000,0.3,59499
P044,2026-05-01,85000,0.3,59499
P044,2026-05-02,85000,0.3,59499
P044,2026-05-03,85000,0.3,59499
P044,2026-05-04,85000,0.3,59499
P044,2026-05-05,85000,0.3,59499
P044,2026-05-06,85000,0.3,59499
P044,2026-05-07,85000,0.3,59499
P044,2026-05-08,85000,0.3,59499
P044,2026-05-09,85000,0.3,59499
P044,2026-05-10,85000,0.3,59499
P044,2026-05-11,85000,0.3,59499
P044,2026-05-12,85000,0.3,59499
P044,2026-05-13,85000,0.3,59499
P044,2026-05-14,85000,0.3,59499
P044,2026-05-15,85000,0.3,59499
P044,2026-05-16,85000,0.3,59499
P044,2026-05-17,85000,0.3,59499
P044,2026-05-18,85000,0.3,59499
P044,2026-05-19,85000,0.3,59499
P044,2026-05-20,85000,0.3,59499
P044,2026-05-21,85000,0.3,59499
P044,2026-05-22,85000,0.3,59499
P044,2026-05-23,85000,0.3,59499
P044,2026-05-24,85000,0.3,59499
P044,2026-05-25,85000,0.3,59499
P044,2026-05-26,85000,0.3,59499
P044,2026-05-27,85000,0.3,59499
P044,2026-05-28,85000,0.3,59499
P044,2026-05-29,85000,0.3,59499
P044,2026-05-30,85000,0.3,59499
P044,2026-05-31,85000,0.3,59499
P044,2026-06-01,85000,0.3,59499
P044,2026-06-02,85000,0.3,59499
P044,2026-06-03,85000,0.3,59499
P044,2026-06-04,85000,0.3,59499
P044,2026-06-05,85000,0.3,59499
P044,2026-06-06,85000,0.3,59499
P044,2026-06-07,85000,0.3,59499
P044,2026-06-08,85000,0.3,59499
P044,2026-06-09,85000,0.3,59499
P044,2026-06-10,85000,0.3,59499
P044,2026-06-11,85000,0.3,59499
P044,2026-06-12,85000,0.3,59499
P044,2026-06-13,85000,0.3,59499
P044,2026-06-14,85000,0.3,59499
P044,2026-06-15,85000,0.3,59499
P044,2026-06-16,85000,0.3,59499
P044,2026-06-17,85000,0.3,59499
P044,2026-06-18,85000,0.3,59499
P044,2026-06-19,85000,0.3,59499
P044,2026-06-20,85000,0.3,59499
P044,2026-06-21,85000,0.3,59499
P044,2026-06-22,85000,0.3,59499
P044,2026-06-23,85000,0.3,59499
P044,2026-06-24,85000,0.3,59499
P044,2026-06-25,85000,0.3,59499
P044,2026-06-26,85000,0.3,59499
P044,2026-06-27,85000,0.3,59499
P044,2026-06-28,85000,0.3,59499
P044,2026-06-29,85000,0.3,59499
P044,2026-06-30,85000,0.3,59499
P045,2026-01-01,64000,0.0,64000
P045,2026-01-02,64000,0.0,64000
P045,2026-01-03,64000,0.0,64000
P045,2026-01-04,64000,0.0,64000
P045,2026-01-05,64000,0.0,64000
P045,2026-01-06,64000,0.0,64000
P045,2026-01-07,64000,0.0,64000
P045,2026-01-08,64000,0.0,64000
P045,2026-01-09,64000,0.0,64000
P045,2026-01-10,64000,0.0,64000
P045,2026-01-11,64000,0.0,64000
P045,2026-01-12,64000,0.0,64000
P045,2026-01-13,64000,0.0,64000
P045,2026-01-14,64000,0.0,64000
P045,2026-01-15,64000,0.0,64000
P045,2026-01-16,64000,0.0,64000
P045,2026-01-17,64000,0.0,64000
P045,2026-01-18,64000,0.0,64000
P045,2026-01-19,64000,0.0,64000
P045,2026-01-20,64000,0.0,64000
P045,2026-01-21,64000,0.0,64000
P045,2026-01-22,64000,0.0,64000
P045,2026-01-23,64000,0.0,64000
P045,2026-01-24,64000,0.0,64000
P045,2026-01-25,64000,0.0,64000
P045,2026-01-26,64000,0.0,64000
P045,2026-01-27,64000,0.0,64000
P045,2026-01-28,64000,0.0,64000
P045,2026-01-29,64000,0.0,64000
P045,2026-01-30,64000,0.0,64000
P045,2026-01-31,64000,0.0,64000
P045,2026-02-01,64000,0.0,64000
P045,2026-02-02,64000,0.0,64000
P045,2026-02-03,64000,0.0,64000
P045,2026-02-04,64000,0.0,64000
P045,2026-02-05,64000,0.0,64000
P045,2026-02-06,64000,0.0,64000
P045,2026-02-07,64000,0.0,64000
P045,2026-02-08,64000,0.0,64000
P045,2026-02-09,64000,0.0,64000
P045,2026-02-10,64000,0.0,64000
P045,2026-02-11,64000,0.0,64000
P045,2026-02-12,64000,0.0,64000
P045,2026-02-13,64000,0.0,64000
P045,2026-02-14,64000,0.0,64000
P045,2026-02-15,64000,0.0,64000
P045,2026-02-16,64000,0.0,64000
P045,2026-02-17,64000,0.0,64000
P045,2026-02-18,64000,0.0,64000
P045,2026-02-19,64000,0.0,64000
P045,2026-02-20,64000,0.0,64000
P045,2026-02-21,64000,0.0,64000
P045,2026-02-22,64000,0.0,64000
P045,2026-02-23,64000,0.0,64000
P045,2026-02-24,64000,0.0,64000
P045,2026-02-25,64000,0.0,64000
P045,2026-02-26,64000,0.0,64000
P045,2026-02-27,64000,0.0,64000
P045,2026-02-28,64000,0.0,64000
P045,2026-03-01,64000,0.0,64000
P045,2026-03-02,64000,0.0,64000
P045,2026-03-03,64000,0.0,64000
P045,2026-03-04,64000,0.0,64000
P045,2026-03-05,64000,0.0,64000
P045,2026-03-06,64000,0.0,64000
P045,2026-03-07,64000,0.0,64000
P045,2026-03-08,64000,0.0,64000
P045,2026-03-09,64000,0.0,64000
P045,2026-03-10,64000,0.0,64000
P045,2026-03-11,64000,0.0,64000
P045,2026-03-12,64000,0.0,64000
P045,2026-03-13,64000,0.0,64000
P045,2026-03-14,64000,0.0,64000
P045,2026-03-15,64000,0.0,64000
P045,2026-03-16,64000,0.0,64000
P045,2026-03-17,64000,0.0,64000
P045,2026-03-18,64000,0.0,64000
P045,2026-03-19,64000,0.0,64000
P045,2026-03-20,64000,0.0,64000
P045,2026-03-21,64000,0.0,64000
P045,2026-03-22,64000,0.0,64000
P045,2026-03-23,64000,0.0,64000
P045,2026-03-24,64000,0.0,64000
P045,2026-03-25,64000,0.0,64000
P045,2026-03-26,64000,0.0,64000
P045,2026-03-27,64000,0.0,64000
P045,2026-03-28,64000,0.0,64000
P045,2026-03-29,64000,0.0,64000
P045,2026-03-30,64000,0.0,64000
P045,2026-03-31,64000,0.0,64000
P045,2026-04-01,64000,0.0,64000
P045,2026-04-02,64000,0.0,64000
P045,2026-04-03,64000,0.0,64000
P045,2026-04-04,64000,0.0,64000
P045,2026-04-05,64000,0.0,64000
P045,2026-04-06,64000,0.0,64000
P045,2026-04-07,64000,0.0,64000
P045,2026-04-08,64000,0.0,64000
P045,2026-04-09,64000,0.0,64000
P045,2026-04-10,64000,0.0,64000
P045,2026-04-11,64000,0.0,64000
P045,2026-04-12,64000,0.0,64000
P045,2026-04-13,64000,0.0,64000
P045,2026-04-14,64000,0.0,64000
P045,2026-04-15,64000,0.0,64000
P045,2026-04-16,64000,0.0,64000
P045,2026-04-17,64000,0.0,64000
P045,2026-04-18,64000,0.0,64000
P045,2026-04-19,64000,0.0,64000
P045,2026-04-20,64000,0.0,64000
P045,2026-04-21,64000,0.0,64000
P045,2026-04-22,64000,0.0,64000
P045,2026-04-23,64000,0.0,64000
P045,2026-04-24,64000,0.0,64000
P045,2026-04-25,64000,0.0,64000
P045,2026-04-26,64000,0.0,64000
P045,2026-04-27,64000,0.0,64000
P045,2026-04-28,64000,0.0,64000
P045,2026-04-29,64000,0.0,64000
P045,2026-04-30,64000,0.0,64000
P045,2026-05-01,64000,0.0,64000
P045,2026-05-02,64000,0.0,64000
P045,2026-05-03,64000,0.0,64000
P045,2026-05-04,64000,0.0,64000
P045,2026-05-05,64000,0.0,64000
P045,2026-05-06,64000,0.0,64000
P045,2026-05-07,64000,0.0,64000
P045,2026-05-08,64000,0.0,64000
P045,2026-05-09,64000,0.0,64000
P045,2026-05-10,64000,0.0,64000
P045,2026-05-11,64000,0.0,64000
P045,2026-05-12,64000,0.0,64000
P045,2026-05-13,64000,0.0,64000
P045,2026-05-14,64000,0.0,64000
P045,2026-05-15,64000,0.0,64000
P045,2026-05-16,64000,0.0,64000
P045,2026-05-17,64000,0.0,64000
P045,2026-05-18,64000,0.0,64000
P045,2026-05-19,64000,0.0,64000
P045,2026-05-20,64000,0.0,64000
P045,2026-05-21,64000,0.0,64000
P045,2026-05-22,64000,0.0,64000
P045,2026-05-23,64000,0.0,64000
P045,2026-05-24,64000,0.0,64000
P045,2026-05-25,64000,0.0,64000
P045,2026-05-26,64000,0.0,64000
P045,2026-05-27,64000,0.0,64000
P045,2026-05-28,64000,0.0,64000
P045,2026-05-29,64000,0.0,64000
P045,2026-05-30,64000,0.0,64000
P045,2026-05-31,64000,0.0,64000
P045,2026-06-01,64000,0.0,64000
P045,2026-06-02,64000,0.0,64000
P045,2026-06-03,64000,0.0,64000
P045,2026-06-04,64000,0.0,64000
P045,2026-06-05,64000,0.0,64000
P045,2026-06-06,64000,0.0,64000
P045,2026-06-07,64000,0.0,64000
P045,2026-06-08,64000,0.0,64000
P045,2026-06-09,64000,0.0,64000
P045,2026-06-10,64000,0.0,64000
P045,2026-06-11,64000,0.0,64000
P045,2026-06-12,64000,0.0,64000
P045,2026-06-13,64000,0.0,64000
P045,2026-06-14,64000,0.0,64000
P045,2026-06-15,64000,0.0,64000
P045,2026-06-16,64000,0.0,64000
P045,2026-06-17,64000,0.0,64000
P045,2026-06-18,64000,0.0,64000
P045,2026-06-19,64000,0.0,64000
P045,2026-06-20,64000,0.0,64000
P045,2026-06-21,64000,0.0,64000
P045,2026-06-22,64000,0.0,64000
P045,2026-06-23,64000,0.0,64000
P045,2026-06-24,64000,0.0,64000
P045,2026-06-25,64000,0.0,64000
P045,2026-06-26,64000,0.0,64000
P045,2026-06-27,64000,0.0,64000
P045,2026-06-28,64000,0.0,64000
P045,2026-06-29,64000,0.0,64000
P045,2026-06-30,64000,0.0,64000
P046,2026-01-01,59000,0.0,59000
P046,2026-01-02,59000,0.0,59000
P046,2026-01-03,59000,0.0,59000
P046,2026-01-04,59000,0.0,59000
P046,2026-01-05,59000,0.0,59000
P046,2026-01-06,59000,0.0,59000
P046,2026-01-07,59000,0.0,59000
P046,2026-01-08,59000,0.0,59000
P046,2026-01-09,59000,0.0,59000
P046,2026-01-10,59000,0.0,59000
P046,2026-01-11,59000,0.0,59000
P046,2026-01-12,59000,0.0,59000
P046,2026-01-13,59000,0.0,59000
P046,2026-01-14,59000,0.0,59000
P046,2026-01-15,59000,0.0,59000
P046,2026-01-16,59000,0.0,59000
P046,2026-01-17,59000,0.0,59000
P046,2026-01-18,59000,0.0,59000
P046,2026-01-19,59000,0.0,59000
P046,2026-01-20,59000,0.0,59000
P046,2026-01-21,59000,0.0,59000
P046,2026-01-22,59000,0.0,59000
P046,2026-01-23,59000,0.0,59000
P046,2026-01-24,59000,0.0,59000
P046,2026-01-25,59000,0.0,59000
P046,2026-01-26,59000,0.0,59000
P046,2026-01-27,59000,0.0,59000
P046,2026-01-28,59000,0.0,59000
P046,2026-01-29,59000,0.0,59000
P046,2026-01-30,59000,0.0,59000
P046,2026-01-31,59000,0.0,59000
P046,2026-02-01,59000,0.0,59000
P046,2026-02-02,59000,0.0,59000
P046,2026-02-03,59000,0.0,59000
P046,2026-02-04,59000,0.0,59000
P046,2026-02-05,59000,0.0,59000
P046,2026-02-06,59000,0.0,59000
P046,2026-02-07,59000,0.0,59000
P046,2026-02-08,59000,0.0,59000
P046,2026-02-09,59000,0.0,59000
P046,2026-02-10,59000,0.0,59000
P046,2026-02-11,59000,0.0,59000
P046,2026-02-12,59000,0.0,59000
P046,2026-02-13,59000,0.0,59000
P046,2026-02-14,59000,0.0,59000
P046,2026-02-15,59000,0.0,59000
P046,2026-02-16,59000,0.0,59000
P046,2026-02-17,59000,0.0,59000
P046,2026-02-18,59000,0.0,59000
P046,2026-02-19,59000,0.0,59000
P046,2026-02-20,59000,0.0,59000
P046,2026-02-21,59000,0.0,59000
P046,2026-02-22,59000,0.0,59000
P046,2026-02-23,59000,0.0,59000
P046,2026-02-24,59000,0.0,59000
P046,2026-02-25,59000,0.0,59000
P046,2026-02-26,59000,0.0,59000
P046,2026-02-27,59000,0.0,59000
P046,2026-02-28,59000,0.0,59000
P046,2026-03-01,59000,0.0,59000
P046,2026-03-02,59000,0.0,59000
P046,2026-03-03,59000,0.0,59000
P046,2026-03-04,59000,0.0,59000
P046,2026-03-05,59000,0.0,59000
P046,2026-03-06,59000,0.0,59000
P046,2026-03-07,59000,0.0,59000
P046,2026-03-08,59000,0.0,59000
P046,2026-03-09,59000,0.0,59000
P046,2026-03-10,59000,0.0,59000
P046,2026-03-11,59000,0.0,59000
P046,2026-03-12,59000,0.0,59000
P046,2026-03-13,59000,0.0,59000
P046,2026-03-14,59000,0.0,59000
P046,2026-03-15,59000,0.0,59000
P046,2026-03-16,59000,0.0,59000
P046,2026-03-17,59000,0.0,59000
P046,2026-03-18,59000,0.0,59000
P046,2026-03-19,59000,0.0,59000
P046,2026-03-20,59000,0.0,59000
P046,2026-03-21,59000,0.0,59000
P046,2026-03-22,59000,0.0,59000
P046,2026-03-23,59000,0.0,59000
P046,2026-03-24,59000,0.0,59000
P046,2026-03-25,59000,0.0,59000
P046,2026-03-26,59000,0.0,59000
P046,2026-03-27,59000,0.0,59000
P046,2026-03-28,59000,0.0,59000
P046,2026-03-29,59000,0.0,59000
P046,2026-03-30,59000,0.0,59000
P046,2026-03-31,59000,0.0,59000
P046,2026-04-01,59000,0.0,59000
P046,2026-04-02,59000,0.0,59000
P046,2026-04-03,59000,0.0,59000
P046,2026-04-04,59000,0.0,59000
P046,2026-04-05,59000,0.0,59000
P046,2026-04-06,59000,0.0,59000
P046,2026-04-07,59000,0.0,59000
P046,2026-04-08,59000,0.0,59000
P046,2026-04-09,59000,0.0,59000
P046,2026-04-10,59000,0.0,59000
P046,2026-04-11,59000,0.0,59000
P046,2026-04-12,59000,0.0,59000
P046,2026-04-13,59000,0.0,59000
P046,2026-04-14,59000,0.0,59000
P046,2026-04-15,59000,0.0,59000
P046,2026-04-16,59000,0.0,59000
P046,2026-04-17,59000,0.0,59000
P046,2026-04-18,59000,0.0,59000
P046,2026-04-19,59000,0.0,59000
P046,2026-04-20,59000,0.0,59000
P046,2026-04-21,59000,0.0,59000
P046,2026-04-22,59000,0.0,59000
P046,2026-04-23,59000,0.0,59000
P046,2026-04-24,59000,0.0,59000
P046,2026-04-25,59000,0.0,59000
P046,2026-04-26,59000,0.2,47200
P046,2026-04-27,59000,0.2,47200
P046,2026-04-28,59000,0.2,47200
P046,2026-04-29,59000,0.2,47200
P046,2026-04-30,59000,0.2,47200
P046,2026-05-01,59000,0.2,47200
P046,2026-05-02,59000,0.2,47200
P046,2026-05-03,59000,0.2,47200
P046,2026-05-04,59000,0.2,47200
P046,2026-05-05,59000,0.2,47200
P046,2026-05-06,59000,0.2,47200
P046,2026-05-07,59000,0.2,47200
P046,2026-05-08,59000,0.2,47200
P046,2026-05-09,59000,0.2,47200
P046,2026-05-10,59000,0.2,47200
P046,2026-05-11,59000,0.2,47200
P046,2026-05-12,59000,0.2,47200
P046,2026-05-13,59000,0.2,47200
P046,2026-05-14,59000,0.2,47200
P046,2026-05-15,59000,0.2,47200
P046,2026-05-16,59000,0.2,47200
P046,2026-05-17,59000,0.2,47200
P046,2026-05-18,59000,0.2,47200
P046,2026-05-19,59000,0.2,47200
P046,2026-05-20,59000,0.2,47200
P046,2026-05-21,59000,0.2,47200
P046,2026-05-22,59000,0.2,47200
P046,2026-05-23,59000,0.2,47200
P046,2026-05-24,59000,0.2,47200
P046,2026-05-25,59000,0.2,47200
P046,2026-05-26,59000,0.3,41300
P046,2026-05-27,59000,0.3,41300
P046,2026-05-28,59000,0.3,41300
P046,2026-05-29,59000,0.3,41300
P046,2026-05-30,59000,0.3,41300
P046,2026-05-31,59000,0.3,41300
P046,2026-06-01,59000,0.3,41300
P046,2026-06-02,59000,0.3,41300
P046,2026-06-03,59000,0.3,41300
P046,2026-06-04,59000,0.3,41300
P046,2026-06-05,59000,0.3,41300
P046,2026-06-06,59000,0.3,41300
P046,2026-06-07,59000,0.3,41300
P046,2026-06-08,59000,0.3,41300
P046,2026-06-09,59000,0.3,41300
P046,2026-06-10,59000,0.3,41300
P046,2026-06-11,59000,0.3,41300
P046,2026-06-12,59000,0.3,41300
P046,2026-06-13,59000,0.3,41300
P046,2026-06-14,59000,0.3,41300
P046,2026-06-15,59000,0.3,41300
P046,2026-06-16,59000,0.3,41300
P046,2026-06-17,59000,0.3,41300
P046,2026-06-18,59000,0.3,41300
P046,2026-06-19,59000,0.3,41300
P046,2026-06-20,59000,0.3,41300
P046,2026-06-21,59000,0.3,41300
P046,2026-06-22,59000,0.3,41300
P046,2026-06-23,59000,0.3,41300
P046,2026-06-24,59000,0.3,41300
P046,2026-06-25,59000,0.3,41300
P046,2026-06-26,59000,0.3,41300
P046,2026-06-27,59000,0.3,41300
P046,2026-06-28,59000,0.3,41300
P046,2026-06-29,59000,0.3,41300
P046,2026-06-30,59000,0.3,41300
P047,2026-01-01,58000,0.0,58000
P047,2026-01-02,58000,0.0,58000
P047,2026-01-03,58000,0.0,58000
P047,2026-01-04,58000,0.0,58000
P047,2026-01-05,58000,0.0,58000
P047,2026-01-06,58000,0.0,58000
P047,2026-01-07,58000,0.0,58000
P047,2026-01-08,58000,0.0,58000
P047,2026-01-09,58000,0.0,58000
P047,2026-01-10,58000,0.0,58000
P047,2026-01-11,58000,0.0,58000
P047,2026-01-12,58000,0.0,58000
P047,2026-01-13,58000,0.0,58000
P047,2026-01-14,58000,0.0,58000
P047,2026-01-15,58000,0.0,58000
P047,2026-01-16,58000,0.0,58000
P047,2026-01-17,58000,0.0,58000
P047,2026-01-18,58000,0.0,58000
P047,2026-01-19,58000,0.0,58000
P047,2026-01-20,58000,0.0,58000
P047,2026-01-21,58000,0.0,58000
P047,2026-01-22,58000,0.0,58000
P047,2026-01-23,58000,0.0,58000
P047,2026-01-24,58000,0.0,58000
P047,2026-01-25,58000,0.0,58000
P047,2026-01-26,58000,0.0,58000
P047,2026-01-27,58000,0.0,58000
P047,2026-01-28,58000,0.0,58000
P047,2026-01-29,58000,0.0,58000
P047,2026-01-30,58000,0.0,58000
P047,2026-01-31,58000,0.0,58000
P047,2026-02-01,58000,0.0,58000
P047,2026-02-02,58000,0.0,58000
P047,2026-02-03,58000,0.0,58000
P047,2026-02-04,58000,0.0,58000
P047,2026-02-05,58000,0.0,58000
P047,2026-02-06,58000,0.0,58000
P047,2026-02-07,58000,0.0,58000
P047,2026-02-08,58000,0.0,58000
P047,2026-02-09,58000,0.0,58000
P047,2026-02-10,58000,0.0,58000
P047,2026-02-11,58000,0.0,58000
P047,2026-02-12,58000,0.0,58000
P047,2026-02-13,58000,0.0,58000
P047,2026-02-14,58000,0.0,58000
P047,2026-02-15,58000,0.0,58000
P047,2026-02-16,58000,0.0,58000
P047,2026-02-17,58000,0.0,58000
P047,2026-02-18,58000,0.0,58000
P047,2026-02-19,58000,0.0,58000
P047,2026-02-20,58000,0.0,58000
P047,2026-02-21,58000,0.0,58000
P047,2026-02-22,58000,0.0,58000
P047,2026-02-23,58000,0.0,58000
P047,2026-02-24,58000,0.0,58000
P047,2026-02-25,58000,0.0,58000
P047,2026-02-26,58000,0.0,58000
P047,2026-02-27,58000,0.0,58000
P047,2026-02-28,58000,0.0,58000
P047,2026-03-01,58000,0.0,58000
P047,2026-03-02,58000,0.0,58000
P047,2026-03-03,58000,0.0,58000
P047,2026-03-04,58000,0.0,58000
P047,2026-03-05,58000,0.0,58000
P047,2026-03-06,58000,0.0,58000
P047,2026-03-07,58000,0.0,58000
P047,2026-03-08,58000,0.0,58000
P047,2026-03-09,58000,0.0,58000
P047,2026-03-10,58000,0.0,58000
P047,2026-03-11,58000,0.0,58000
P047,2026-03-12,58000,0.0,58000
P047,2026-03-13,58000,0.0,58000
P047,2026-03-14,58000,0.0,58000
P047,2026-03-15,58000,0.0,58000
P047,2026-03-16,58000,0.0,58000
P047,2026-03-17,58000,0.0,58000
P047,2026-03-18,58000,0.0,58000
P047,2026-03-19,58000,0.0,58000
P047,2026-03-20,58000,0.0,58000
P047,2026-03-21,58000,0.0,58000
P047,2026-03-22,58000,0.0,58000
P047,2026-03-23,58000,0.0,58000
P047,2026-03-24,58000,0.0,58000
P047,2026-03-25,58000,0.0,58000
P047,2026-03-26,58000,0.0,58000
P047,2026-03-27,58000,0.0,58000
P047,2026-03-28,58000,0.0,58000
P047,2026-03-29,58000,0.0,58000
P047,2026-03-30,58000,0.0,58000
P047,2026-03-31,58000,0.0,58000
P047,2026-04-01,58000,0.0,58000
P047,2026-04-02,58000,0.0,58000
P047,2026-04-03,58000,0.0,58000
P047,2026-04-04,58000,0.0,58000
P047,2026-04-05,58000,0.0,58000
P047,2026-04-06,58000,0.0,58000
P047,2026-04-07,58000,0.0,58000
P047,2026-04-08,58000,0.0,58000
P047,2026-04-09,58000,0.0,58000
P047,2026-04-10,58000,0.0,58000
P047,2026-04-11,58000,0.0,58000
P047,2026-04-12,58000,0.0,58000
P047,2026-04-13,58000,0.0,58000
P047,2026-04-14,58000,0.0,58000
P047,2026-04-15,58000,0.0,58000
P047,2026-04-16,58000,0.0,58000
P047,2026-04-17,58000,0.0,58000
P047,2026-04-18,58000,0.0,58000
P047,2026-04-19,58000,0.0,58000
P047,2026-04-20,58000,0.0,58000
P047,2026-04-21,58000,0.0,58000
P047,2026-04-22,58000,0.0,58000
P047,2026-04-23,58000,0.0,58000
P047,2026-04-24,58000,0.0,58000
P047,2026-04-25,58000,0.0,58000
P047,2026-04-26,58000,0.0,58000
P047,2026-04-27,58000,0.0,58000
P047,2026-04-28,58000,0.0,58000
P047,2026-04-29,58000,0.0,58000
P047,2026-04-30,58000,0.0,58000
P047,2026-05-01,58000,0.0,58000
P047,2026-05-02,58000,0.0,58000
P047,2026-05-03,58000,0.0,58000
P047,2026-05-04,58000,0.0,58000
P047,2026-05-05,58000,0.0,58000
P047,2026-05-06,58000,0.0,58000
P047,2026-05-07,58000,0.0,58000
P047,2026-05-08,58000,0.0,58000
P047,2026-05-09,58000,0.0,58000
P047,2026-05-10,58000,0.0,58000
P047,2026-05-11,58000,0.0,58000
P047,2026-05-12,58000,0.0,58000
P047,2026-05-13,58000,0.0,58000
P047,2026-05-14,58000,0.0,58000
P047,2026-05-15,58000,0.0,58000
P047,2026-05-16,58000,0.0,58000
P047,2026-05-17,58000,0.0,58000
P047,2026-05-18,58000,0.0,58000
P047,2026-05-19,58000,0.0,58000
P047,2026-05-20,58000,0.0,58000
P047,2026-05-21,58000,0.0,58000
P047,2026-05-22,58000,0.0,58000
P047,2026-05-23,58000,0.0,58000
P047,2026-05-24,58000,0.0,58000
P047,2026-05-25,58000,0.0,58000
P047,2026-05-26,58000,0.0,58000
P047,2026-05-27,58000,0.0,58000
P047,2026-05-28,58000,0.0,58000
P047,2026-05-29,58000,0.0,58000
P047,2026-05-30,58000,0.0,58000
P047,2026-05-31,58000,0.0,58000
P047,2026-06-01,58000,0.0,58000
P047,2026-06-02,58000,0.0,58000
P047,2026-06-03,58000,0.0,58000
P047,2026-06-04,58000,0.0,58000
P047,2026-06-05,58000,0.0,58000
P047,2026-06-06,58000,0.0,58000
P047,2026-06-07,58000,0.0,58000
P047,2026-06-08,58000,0.0,58000
P047,2026-06-09,58000,0.0,58000
P047,2026-06-10,58000,0.0,58000
P047,2026-06-11,58000,0.0,58000
P047,2026-06-12,58000,0.0,58000
P047,2026-06-13,58000,0.0,58000
P047,2026-06-14,58000,0.0,58000
P047,2026-06-15,58000,0.0,58000
P047,2026-06-16,58000,0.0,58000
P047,2026-06-17,58000,0.0,58000
P047,2026-06-18,58000,0.0,58000
P047,2026-06-19,58000,0.0,58000
P047,2026-06-20,58000,0.0,58000
P047,2026-06-21,58000,0.0,58000
P047,2026-06-22,58000,0.0,58000
P047,2026-06-23,58000,0.0,58000
P047,2026-06-24,58000,0.0,58000
P047,2026-06-25,58000,0.0,58000
P047,2026-06-26,58000,0.0,58000
P047,2026-06-27,58000,0.0,58000
P047,2026-06-28,58000,0.0,58000
P047,2026-06-29,58000,0.0,58000
P047,2026-06-30,58000,0.0,58000
P048,2026-01-01,92000,0.0,92000
P048,2026-01-02,92000,0.0,92000
P048,2026-01-03,92000,0.0,92000
P048,2026-01-04,92000,0.0,92000
P048,2026-01-05,92000,0.0,92000
P048,2026-01-06,92000,0.0,92000
P048,2026-01-07,92000,0.0,92000
P048,2026-01-08,92000,0.0,92000
P048,2026-01-09,92000,0.0,92000
P048,2026-01-10,92000,0.0,92000
P048,2026-01-11,92000,0.0,92000
P048,2026-01-12,92000,0.0,92000
P048,2026-01-13,92000,0.0,92000
P048,2026-01-14,92000,0.0,92000
P048,2026-01-15,92000,0.0,92000
P048,2026-01-16,92000,0.0,92000
P048,2026-01-17,92000,0.0,92000
P048,2026-01-18,92000,0.0,92000
P048,2026-01-19,92000,0.0,92000
P048,2026-01-20,92000,0.0,92000
P048,2026-01-21,92000,0.0,92000
P048,2026-01-22,92000,0.0,92000
P048,2026-01-23,92000,0.0,92000
P048,2026-01-24,92000,0.0,92000
P048,2026-01-25,92000,0.0,92000
P048,2026-01-26,92000,0.0,92000
P048,2026-01-27,92000,0.0,92000
P048,2026-01-28,92000,0.0,92000
P048,2026-01-29,92000,0.0,92000
P048,2026-01-30,92000,0.0,92000
P048,2026-01-31,92000,0.0,92000
P048,2026-02-01,92000,0.0,92000
P048,2026-02-02,92000,0.0,92000
P048,2026-02-03,92000,0.0,92000
P048,2026-02-04,92000,0.0,92000
P048,2026-02-05,92000,0.0,92000
P048,2026-02-06,92000,0.0,92000
P048,2026-02-07,92000,0.0,92000
P048,2026-02-08,92000,0.0,92000
P048,2026-02-09,92000,0.0,92000
P048,2026-02-10,92000,0.0,92000
P048,2026-02-11,92000,0.0,92000
P048,2026-02-12,92000,0.0,92000
P048,2026-02-13,92000,0.0,92000
P048,2026-02-14,92000,0.0,92000
P048,2026-02-15,92000,0.0,92000
P048,2026-02-16,92000,0.0,92000
P048,2026-02-17,92000,0.0,92000
P048,2026-02-18,92000,0.0,92000
P048,2026-02-19,92000,0.0,92000
P048,2026-02-20,92000,0.0,92000
P048,2026-02-21,92000,0.0,92000
P048,2026-02-22,92000,0.0,92000
P048,2026-02-23,92000,0.0,92000
P048,2026-02-24,92000,0.0,92000
P048,2026-02-25,92000,0.0,92000
P048,2026-02-26,92000,0.0,92000
P048,2026-02-27,92000,0.0,92000
P048,2026-02-28,92000,0.0,92000
P048,2026-03-01,92000,0.0,92000
P048,2026-03-02,92000,0.0,92000
P048,2026-03-03,92000,0.0,92000
P048,2026-03-04,92000,0.0,92000
P048,2026-03-05,92000,0.0,92000
P048,2026-03-06,92000,0.0,92000
P048,2026-03-07,92000,0.0,92000
P048,2026-03-08,92000,0.0,92000
P048,2026-03-09,92000,0.0,92000
P048,2026-03-10,92000,0.0,92000
P048,2026-03-11,92000,0.0,92000
P048,2026-03-12,92000,0.0,92000
P048,2026-03-13,92000,0.0,92000
P048,2026-03-14,92000,0.0,92000
P048,2026-03-15,92000,0.0,92000
P048,2026-03-16,92000,0.0,92000
P048,2026-03-17,92000,0.0,92000
P048,2026-03-18,92000,0.0,92000
P048,2026-03-19,92000,0.0,92000
P048,2026-03-20,92000,0.0,92000
P048,2026-03-21,92000,0.0,92000
P048,2026-03-22,92000,0.0,92000
P048,2026-03-23,92000,0.0,92000
P048,2026-03-24,92000,0.0,92000
P048,2026-03-25,92000,0.0,92000
P048,2026-03-26,92000,0.0,92000
P048,2026-03-27,92000,0.0,92000
P048,2026-03-28,92000,0.0,92000
P048,2026-03-29,92000,0.0,92000
P048,2026-03-30,92000,0.0,92000
P048,2026-03-31,92000,0.0,92000
P048,2026-04-01,92000,0.0,92000
P048,2026-04-02,92000,0.0,92000
P048,2026-04-03,92000,0.0,92000
P048,2026-04-04,92000,0.0,92000
P048,2026-04-05,92000,0.0,92000
P048,2026-04-06,92000,0.0,92000
P048,2026-04-07,92000,0.0,92000
P048,2026-04-08,92000,0.0,92000
P048,2026-04-09,92000,0.0,92000
P048,2026-04-10,92000,0.0,92000
P048,2026-04-11,92000,0.0,92000
P048,2026-04-12,92000,0.0,92000
P048,2026-04-13,92000,0.0,92000
P048,2026-04-14,92000,0.0,92000
P048,2026-04-15,92000,0.0,92000
P048,2026-04-16,92000,0.0,92000
P048,2026-04-17,92000,0.0,92000
P048,2026-04-18,92000,0.0,92000
P048,2026-04-19,92000,0.0,92000
P048,2026-04-20,92000,0.0,92000
P048,2026-04-21,92000,0.0,92000
P048,2026-04-22,92000,0.0,92000
P048,2026-04-23,92000,0.0,92000
P048,2026-04-24,92000,0.0,92000
P048,2026-04-25,92000,0.0,92000
P048,2026-04-26,92000,0.0,92000
P048,2026-04-27,92000,0.0,92000
P048,2026-04-28,92000,0.0,92000
P048,2026-04-29,92000,0.0,92000
P048,2026-04-30,92000,0.0,92000
P048,2026-05-01,92000,0.0,92000
P048,2026-05-02,92000,0.0,92000
P048,2026-05-03,92000,0.0,92000
P048,2026-05-04,92000,0.0,92000
P048,2026-05-05,92000,0.0,92000
P048,2026-05-06,92000,0.0,92000
P048,2026-05-07,92000,0.0,92000
P048,2026-05-08,92000,0.0,92000
P048,2026-05-09,92000,0.0,92000
P048,2026-05-10,92000,0.0,92000
P048,2026-05-11,92000,0.0,92000
P048,2026-05-12,92000,0.0,92000
P048,2026-05-13,92000,0.0,92000
P048,2026-05-14,92000,0.0,92000
P048,2026-05-15,92000,0.0,92000
P048,2026-05-16,92000,0.0,92000
P048,2026-05-17,92000,0.0,92000
P048,2026-05-18,92000,0.0,92000
P048,2026-05-19,92000,0.0,92000
P048,2026-05-20,92000,0.0,92000
P048,2026-05-21,92000,0.0,92000
P048,2026-05-22,92000,0.0,92000
P048,2026-05-23,92000,0.0,92000
P048,2026-05-24,92000,0.0,92000
P048,2026-05-25,92000,0.0,92000
P048,2026-05-26,92000,0.0,92000
P048,2026-05-27,92000,0.0,92000
P048,2026-05-28,92000,0.0,92000
P048,2026-05-29,92000,0.0,92000
P048,2026-05-30,92000,0.0,92000
P048,2026-05-31,92000,0.0,92000
P048,2026-06-01,92000,0.0,92000
P048,2026-06-02,92000,0.0,92000
P048,2026-06-03,92000,0.0,92000
P048,2026-06-04,92000,0.0,92000
P048,2026-06-05,92000,0.0,92000
P048,2026-06-06,92000,0.0,92000
P048,2026-06-07,92000,0.0,92000
P048,2026-06-08,92000,0.0,92000
P048,2026-06-09,92000,0.0,92000
P048,2026-06-10,92000,0.0,92000
P048,2026-06-11,92000,0.0,92000
P048,2026-06-12,92000,0.0,92000
P048,2026-06-13,92000,0.0,92000
P048,2026-06-14,92000,0.0,92000
P048,2026-06-15,92000,0.0,92000
P048,2026-06-16,92000,0.0,92000
P048,2026-06-17,92000,0.0,92000
P048,2026-06-18,92000,0.0,92000
P048,2026-06-19,92000,0.0,92000
P048,2026-06-20,92000,0.0,92000
P048,2026-06-21,92000,0.0,92000
P048,2026-06-22,92000,0.0,92000
P048,2026-06-23,92000,0.0,92000
P048,2026-06-24,92000,0.0,92000
P048,2026-06-25,92000,0.0,92000
P048,2026-06-26,92000,0.0,92000
P048,2026-06-27,92000,0.0,92000
P048,2026-06-28,92000,0.0,92000
P048,2026-06-29,92000,0.0,92000
P048,2026-06-30,92000,0.0,92000
P049,2026-01-01,78000,0.0,78000
P049,2026-01-02,78000,0.0,78000
P049,2026-01-03,78000,0.0,78000
P049,2026-01-04,78000,0.0,78000
P049,2026-01-05,78000,0.0,78000
P049,2026-01-06,78000,0.0,78000
P049,2026-01-07,78000,0.0,78000
P049,2026-01-08,78000,0.0,78000
P049,2026-01-09,78000,0.0,78000
P049,2026-01-10,78000,0.0,78000
P049,2026-01-11,78000,0.0,78000
P049,2026-01-12,78000,0.0,78000
P049,2026-01-13,78000,0.0,78000
P049,2026-01-14,78000,0.0,78000
P049,2026-01-15,78000,0.0,78000
P049,2026-01-16,78000,0.0,78000
P049,2026-01-17,78000,0.0,78000
P049,2026-01-18,78000,0.0,78000
P049,2026-01-19,78000,0.0,78000
P049,2026-01-20,78000,0.0,78000
P049,2026-01-21,78000,0.0,78000
P049,2026-01-22,78000,0.0,78000
P049,2026-01-23,78000,0.0,78000
P049,2026-01-24,78000,0.0,78000
P049,2026-01-25,78000,0.0,78000
P049,2026-01-26,78000,0.0,78000
P049,2026-01-27,78000,0.0,78000
P049,2026-01-28,78000,0.0,78000
P049,2026-01-29,78000,0.0,78000
P049,2026-01-30,78000,0.0,78000
P049,2026-01-31,78000,0.0,78000
P049,2026-02-01,78000,0.0,78000
P049,2026-02-02,78000,0.0,78000
P049,2026-02-03,78000,0.0,78000
P049,2026-02-04,78000,0.0,78000
P049,2026-02-05,78000,0.0,78000
P049,2026-02-06,78000,0.0,78000
P049,2026-02-07,78000,0.0,78000
P049,2026-02-08,78000,0.0,78000
P049,2026-02-09,78000,0.0,78000
P049,2026-02-10,78000,0.0,78000
P049,2026-02-11,78000,0.0,78000
P049,2026-02-12,78000,0.0,78000
P049,2026-02-13,78000,0.0,78000
P049,2026-02-14,78000,0.0,78000
P049,2026-02-15,78000,0.0,78000
P049,2026-02-16,78000,0.0,78000
P049,2026-02-17,78000,0.0,78000
P049,2026-02-18,78000,0.0,78000
P049,2026-02-19,78000,0.0,78000
P049,2026-02-20,78000,0.0,78000
P049,2026-02-21,78000,0.0,78000
P049,2026-02-22,78000,0.0,78000
P049,2026-02-23,78000,0.0,78000
P049,2026-02-24,78000,0.0,78000
P049,2026-02-25,78000,0.0,78000
P049,2026-02-26,78000,0.0,78000
P049,2026-02-27,78000,0.0,78000
P049,2026-02-28,78000,0.0,78000
P049,2026-03-01,78000,0.0,78000
P049,2026-03-02,78000,0.0,78000
P049,2026-03-03,78000,0.0,78000
P049,2026-03-04,78000,0.0,78000
P049,2026-03-05,78000,0.0,78000
P049,2026-03-06,78000,0.0,78000
P049,2026-03-07,78000,0.0,78000
P049,2026-03-08,78000,0.0,78000
P049,2026-03-09,78000,0.0,78000
P049,2026-03-10,78000,0.0,78000
P049,2026-03-11,78000,0.0,78000
P049,2026-03-12,78000,0.0,78000
P049,2026-03-13,78000,0.0,78000
P049,2026-03-14,78000,0.0,78000
P049,2026-03-15,78000,0.0,78000
P049,2026-03-16,78000,0.0,78000
P049,2026-03-17,78000,0.0,78000
P049,2026-03-18,78000,0.0,78000
P049,2026-03-19,78000,0.0,78000
P049,2026-03-20,78000,0.0,78000
P049,2026-03-21,78000,0.0,78000
P049,2026-03-22,78000,0.0,78000
P049,2026-03-23,78000,0.0,78000
P049,2026-03-24,78000,0.0,78000
P049,2026-03-25,78000,0.0,78000
P049,2026-03-26,78000,0.0,78000
P049,2026-03-27,78000,0.0,78000
P049,2026-03-28,78000,0.0,78000
P049,2026-03-29,78000,0.0,78000
P049,2026-03-30,78000,0.0,78000
P049,2026-03-31,78000,0.0,78000
P049,2026-04-01,78000,0.0,78000
P049,2026-04-02,78000,0.0,78000
P049,2026-04-03,78000,0.0,78000
P049,2026-04-04,78000,0.0,78000
P049,2026-04-05,78000,0.0,78000
P049,2026-04-06,78000,0.0,78000
P049,2026-04-07,78000,0.2,62400
P049,2026-04-08,78000,0.2,62400
P049,2026-04-09,78000,0.2,62400
P049,2026-04-10,78000,0.2,62400
P049,2026-04-11,78000,0.2,62400
P049,2026-04-12,78000,0.2,62400
P049,2026-04-13,78000,0.2,62400
P049,2026-04-14,78000,0.2,62400
P049,2026-04-15,78000,0.2,62400
P049,2026-04-16,78000,0.2,62400
P049,2026-04-17,78000,0.2,62400
P049,2026-04-18,78000,0.2,62400
P049,2026-04-19,78000,0.2,62400
P049,2026-04-20,78000,0.2,62400
P049,2026-04-21,78000,0.2,62400
P049,2026-04-22,78000,0.2,62400
P049,2026-04-23,78000,0.2,62400
P049,2026-04-24,78000,0.2,62400
P049,2026-04-25,78000,0.2,62400
P049,2026-04-26,78000,0.2,62400
P049,2026-04-27,78000,0.2,62400
P049,2026-04-28,78000,0.2,62400
P049,2026-04-29,78000,0.2,62400
P049,2026-04-30,78000,0.2,62400
P049,2026-05-01,78000,0.2,62400
P049,2026-05-02,78000,0.2,62400
P049,2026-05-03,78000,0.2,62400
P049,2026-05-04,78000,0.2,62400
P049,2026-05-05,78000,0.2,62400
P049,2026-05-06,78000,0.2,62400
P049,2026-05-07,78000,0.3,54600
P049,2026-05-08,78000,0.3,54600
P049,2026-05-09,78000,0.3,54600
P049,2026-05-10,78000,0.3,54600
P049,2026-05-11,78000,0.3,54600
P049,2026-05-12,78000,0.3,54600
P049,2026-05-13,78000,0.3,54600
P049,2026-05-14,78000,0.3,54600
P049,2026-05-15,78000,0.3,54600
P049,2026-05-16,78000,0.3,54600
P049,2026-05-17,78000,0.3,54600
P049,2026-05-18,78000,0.3,54600
P049,2026-05-19,78000,0.3,54600
P049,2026-05-20,78000,0.3,54600
P049,2026-05-21,78000,0.3,54600
P049,2026-05-22,78000,0.3,54600
P049,2026-05-23,78000,0.3,54600
P049,2026-05-24,78000,0.3,54600
P049,2026-05-25,78000,0.3,54600
P049,2026-05-26,78000,0.3,54600
P049,2026-05-27,78000,0.3,54600
P049,2026-05-28,78000,0.3,54600
P049,2026-05-29,78000,0.3,54600
P049,2026-05-30,78000,0.3,54600
P049,2026-05-31,78000,0.3,54600
P049,2026-06-01,78000,0.3,54600
P049,2026-06-02,78000,0.3,54600
P049,2026-06-03,78000,0.3,54600
P049,2026-06-04,78000,0.3,54600
P049,2026-06-05,78000,0.3,54600
P049,2026-06-06,78000,0.3,54600
P049,2026-06-07,78000,0.3,54600
P049,2026-06-08,78000,0.3,54600
P049,2026-06-09,78000,0.3,54600
P049,2026-06-10,78000,0.3,54600
P049,2026-06-11,78000,0.3,54600
P049,2026-06-12,78000,0.3,54600
P049,2026-06-13,78000,0.3,54600
P049,2026-06-14,78000,0.3,54600
P049,2026-06-15,78000,0.3,54600
P049,2026-06-16,78000,0.3,54600
P049,2026-06-17,78000,0.3,54600
P049,2026-06-18,78000,0.3,54600
P049,2026-06-19,78000,0.3,54600
P049,2026-06-20,78000,0.3,54600
P049,2026-06-21,78000,0.3,54600
P049,2026-06-22,78000,0.3,54600
P049,2026-06-23,78000,0.3,54600
P049,2026-06-24,78000,0.3,54600
P049,2026-06-25,78000,0.3,54600
P049,2026-06-26,78000,0.3,54600
P049,2026-06-27,78000,0.3,54600
P049,2026-06-28,78000,0.3,54600
P049,2026-06-29,78000,0.3,54600
P049,2026-06-30,78000,0.3,54600
P050,2026-01-01,84000,0.0,84000
P050,2026-01-02,84000,0.0,84000
P050,2026-01-03,84000,0.0,84000
P050,2026-01-04,84000,0.0,84000
P050,2026-01-05,84000,0.0,84000
P050,2026-01-06,84000,0.0,84000
P050,2026-01-07,84000,0.0,84000
P050,2026-01-08,84000,0.0,84000
P050,2026-01-09,84000,0.0,84000
P050,2026-01-10,84000,0.0,84000
P050,2026-01-11,84000,0.0,84000
P050,2026-01-12,84000,0.0,84000
P050,2026-01-13,84000,0.0,84000
P050,2026-01-14,84000,0.0,84000
P050,2026-01-15,84000,0.0,84000
P050,2026-01-16,84000,0.0,84000
P050,2026-01-17,84000,0.0,84000
P050,2026-01-18,84000,0.0,84000
P050,2026-01-19,84000,0.0,84000
P050,2026-01-20,84000,0.0,84000
P050,2026-01-21,84000,0.0,84000
P050,2026-01-22,84000,0.0,84000
P050,2026-01-23,84000,0.0,84000
P050,2026-01-24,84000,0.0,84000
P050,2026-01-25,84000,0.0,84000
P050,2026-01-26,84000,0.0,84000
P050,2026-01-27,84000,0.0,84000
P050,2026-01-28,84000,0.0,84000
P050,2026-01-29,84000,0.0,84000
P050,2026-01-30,84000,0.0,84000
P050,2026-01-31,84000,0.0,84000
P050,2026-02-01,84000,0.0,84000
P050,2026-02-02,84000,0.0,84000
P050,2026-02-03,84000,0.0,84000
P050,2026-02-04,84000,0.0,84000
P050,2026-02-05,84000,0.0,84000
P050,2026-02-06,84000,0.0,84000
P050,2026-02-07,84000,0.0,84000
P050,2026-02-08,84000,0.0,84000
P050,2026-02-09,84000,0.0,84000
P050,2026-02-10,84000,0.0,84000
P050,2026-02-11,84000,0.0,84000
P050,2026-02-12,84000,0.0,84000
P050,2026-02-13,84000,0.0,84000
P050,2026-02-14,84000,0.0,84000
P050,2026-02-15,84000,0.0,84000
P050,2026-02-16,84000,0.0,84000
P050,2026-02-17,84000,0.0,84000
P050,2026-02-18,84000,0.0,84000
P050,2026-02-19,84000,0.0,84000
P050,2026-02-20,84000,0.0,84000
P050,2026-02-21,84000,0.0,84000
P050,2026-02-22,84000,0.0,84000
P050,2026-02-23,84000,0.0,84000
P050,2026-02-24,84000,0.0,84000
P050,2026-02-25,84000,0.0,84000
P050,2026-02-26,84000,0.0,84000
P050,2026-02-27,84000,0.0,84000
P050,2026-02-28,84000,0.0,84000
P050,2026-03-01,84000,0.0,84000
P050,2026-03-02,84000,0.0,84000
P050,2026-03-03,84000,0.0,84000
P050,2026-03-04,84000,0.0,84000
P050,2026-03-05,84000,0.0,84000
P050,2026-03-06,84000,0.0,84000
P050,2026-03-07,84000,0.0,84000
P050,2026-03-08,84000,0.0,84000
P050,2026-03-09,84000,0.0,84000
P050,2026-03-10,84000,0.0,84000
P050,2026-03-11,84000,0.0,84000
P050,2026-03-12,84000,0.0,84000
P050,2026-03-13,84000,0.0,84000
P050,2026-03-14,84000,0.0,84000
P050,2026-03-15,84000,0.0,84000
P050,2026-03-16,84000,0.0,84000
P050,2026-03-17,84000,0.0,84000
P050,2026-03-18,84000,0.0,84000
P050,2026-03-19,84000,0.0,84000
P050,2026-03-20,84000,0.0,84000
P050,2026-03-21,84000,0.0,84000
P050,2026-03-22,84000,0.0,84000
P050,2026-03-23,84000,0.0,84000
P050,2026-03-24,84000,0.0,84000
P050,2026-03-25,84000,0.0,84000
P050,2026-03-26,84000,0.0,84000
P050,2026-03-27,84000,0.0,84000
P050,2026-03-28,84000,0.0,84000
P050,2026-03-29,84000,0.0,84000
P050,2026-03-30,84000,0.0,84000
P050,2026-03-31,84000,0.0,84000
P050,2026-04-01,84000,0.0,84000
P050,2026-04-02,84000,0.0,84000
P050,2026-04-03,84000,0.0,84000
P050,2026-04-04,84000,0.0,84000
P050,2026-04-05,84000,0.0,84000
P050,2026-04-06,84000,0.0,84000
P050,2026-04-07,84000,0.0,84000
P050,2026-04-08,84000,0.0,84000
P050,2026-04-09,84000,0.0,84000
P050,2026-04-10,84000,0.0,84000
P050,2026-04-11,84000,0.0,84000
P050,2026-04-12,84000,0.0,84000
P050,2026-04-13,84000,0.0,84000
P050,2026-04-14,84000,0.0,84000
P050,2026-04-15,84000,0.0,84000
P050,2026-04-16,84000,0.0,84000
P050,2026-04-17,84000,0.0,84000
P050,2026-04-18,84000,0.0,84000
P050,2026-04-19,84000,0.0,84000
P050,2026-04-20,84000,0.0,84000
P050,2026-04-21,84000,0.0,84000
P050,2026-04-22,84000,0.0,84000
P050,2026-04-23,84000,0.0,84000
P050,2026-04-24,84000,0.0,84000
P050,2026-04-25,84000,0.0,84000
P050,2026-04-26,84000,0.0,84000
P050,2026-04-27,84000,0.0,84000
P050,2026-04-28,84000,0.0,84000
P050,2026-04-29,84000,0.0,84000
P050,2026-04-30,84000,0.0,84000
P050,2026-05-01,84000,0.0,84000
P050,2026-05-02,84000,0.0,84000
P050,2026-05-03,84000,0.0,84000
P050,2026-05-04,84000,0.0,84000
P050,2026-05-05,84000,0.0,84000
P050,2026-05-06,84000,0.0,84000
P050,2026-05-07,84000,0.0,84000
P050,2026-05-08,84000,0.0,84000
P050,2026-05-09,84000,0.0,84000
P050,2026-05-10,84000,0.0,84000
P050,2026-05-11,84000,0.0,84000
P050,2026-05-12,84000,0.0,84000
P050,2026-05-13,84000,0.0,84000
P050,2026-05-14,84000,0.0,84000
P050,2026-05-15,84000,0.0,84000
P050,2026-05-16,84000,0.0,84000
P050,2026-05-17,84000,0.0,84000
P050,2026-05-18,84000,0.0,84000
P050,2026-05-19,84000,0.0,84000
P050,2026-05-20,84000,0.0,84000
P050,2026-05-21,84000,0.0,84000
P050,2026-05-22,84000,0.0,84000
P050,2026-05-23,84000,0.0,84000
P050,2026-05-24,84000,0.0,84000
P050,2026-05-25,84000,0.0,84000
P050,2026-05-26,84000,0.0,84000
P050,2026-05-27,84000,0.0,84000
P050,2026-05-28,84000,0.0,84000
P050,2026-05-29,84000,0.0,84000
P050,2026-05-30,84000,0.0,84000
P050,2026-05-31,84000,0.0,84000
P050,2026-06-01,84000,0.0,84000
P050,2026-06-02,84000,0.0,84000
P050,2026-06-03,84000,0.0,84000
P050,2026-06-04,84000,0.0,84000
P050,2026-06-05,84000,0.0,84000
P050,2026-06-06,84000,0.0,84000
P050,2026-06-07,84000,0.0,84000
P050,2026-06-08,84000,0.0,84000
P050,2026-06-09,84000,0.0,84000
P050,2026-06-10,84000,0.0,84000
P050,2026-06-11,84000,0.0,84000
P050,2026-06-12,84000,0.0,84000
P050,2026-06-13,84000,0.0,84000
P050,2026-06-14,84000,0.0,84000
P050,2026-06-15,84000,0.0,84000
P050,2026-06-16,84000,0.0,84000
P050,2026-06-17,84000,0.0,84000
P050,2026-06-18,84000,0.0,84000
P050,2026-06-19,84000,0.0,84000
P050,2026-06-20,84000,0.0,84000
P050,2026-06-21,84000,0.0,84000
P050,2026-06-22,84000,0.0,84000
P050,2026-06-23,84000,0.0,84000
P050,2026-06-24,84000,0.0,84000
P050,2026-06-25,84000,0.0,84000
P050,2026-06-26,84000,0.0,84000
P050,2026-06-27,84000,0.0,84000
P050,2026-06-28,84000,0.0,84000
P050,2026-06-29,84000,0.0,84000
P050,2026-06-30,84000,0.0,84000
P051,2026-01-01,78000,0.0,78000
P051,2026-01-02,78000,0.0,78000
P051,2026-01-03,78000,0.0,78000
P051,2026-01-04,78000,0.0,78000
P051,2026-01-05,78000,0.0,78000
P051,2026-01-06,78000,0.0,78000
P051,2026-01-07,78000,0.0,78000
P051,2026-01-08,78000,0.0,78000
P051,2026-01-09,78000,0.0,78000
P051,2026-01-10,78000,0.0,78000
P051,2026-01-11,78000,0.0,78000
P051,2026-01-12,78000,0.0,78000
P051,2026-01-13,78000,0.0,78000
P051,2026-01-14,78000,0.0,78000
P051,2026-01-15,78000,0.0,78000
P051,2026-01-16,78000,0.0,78000
P051,2026-01-17,78000,0.0,78000
P051,2026-01-18,78000,0.0,78000
P051,2026-01-19,78000,0.0,78000
P051,2026-01-20,78000,0.0,78000
P051,2026-01-21,78000,0.0,78000
P051,2026-01-22,78000,0.0,78000
P051,2026-01-23,78000,0.0,78000
P051,2026-01-24,78000,0.0,78000
P051,2026-01-25,78000,0.0,78000
P051,2026-01-26,78000,0.0,78000
P051,2026-01-27,78000,0.0,78000
P051,2026-01-28,78000,0.0,78000
P051,2026-01-29,78000,0.0,78000
P051,2026-01-30,78000,0.0,78000
P051,2026-01-31,78000,0.0,78000
P051,2026-02-01,78000,0.0,78000
P051,2026-02-02,78000,0.0,78000
P051,2026-02-03,78000,0.0,78000
P051,2026-02-04,78000,0.0,78000
P051,2026-02-05,78000,0.0,78000
P051,2026-02-06,78000,0.0,78000
P051,2026-02-07,78000,0.0,78000
P051,2026-02-08,78000,0.0,78000
P051,2026-02-09,78000,0.0,78000
P051,2026-02-10,78000,0.0,78000
P051,2026-02-11,78000,0.0,78000
P051,2026-02-12,78000,0.0,78000
P051,2026-02-13,78000,0.0,78000
P051,2026-02-14,78000,0.0,78000
P051,2026-02-15,78000,0.0,78000
P051,2026-02-16,78000,0.0,78000
P051,2026-02-17,78000,0.0,78000
P051,2026-02-18,78000,0.0,78000
P051,2026-02-19,78000,0.0,78000
P051,2026-02-20,78000,0.0,78000
P051,2026-02-21,78000,0.0,78000
P051,2026-02-22,78000,0.0,78000
P051,2026-02-23,78000,0.0,78000
P051,2026-02-24,78000,0.0,78000
P051,2026-02-25,78000,0.0,78000
P051,2026-02-26,78000,0.0,78000
P051,2026-02-27,78000,0.0,78000
P051,2026-02-28,78000,0.0,78000
P051,2026-03-01,78000,0.0,78000
P051,2026-03-02,78000,0.0,78000
P051,2026-03-03,78000,0.0,78000
P051,2026-03-04,78000,0.0,78000
P051,2026-03-05,78000,0.0,78000
P051,2026-03-06,78000,0.0,78000
P051,2026-03-07,78000,0.0,78000
P051,2026-03-08,78000,0.0,78000
P051,2026-03-09,78000,0.0,78000
P051,2026-03-10,78000,0.0,78000
P051,2026-03-11,78000,0.0,78000
P051,2026-03-12,78000,0.0,78000
P051,2026-03-13,78000,0.0,78000
P051,2026-03-14,78000,0.0,78000
P051,2026-03-15,78000,0.0,78000
P051,2026-03-16,78000,0.0,78000
P051,2026-03-17,78000,0.0,78000
P051,2026-03-18,78000,0.0,78000
P051,2026-03-19,78000,0.0,78000
P051,2026-03-20,78000,0.0,78000
P051,2026-03-21,78000,0.2,62400
P051,2026-03-22,78000,0.2,62400
P051,2026-03-23,78000,0.2,62400
P051,2026-03-24,78000,0.2,62400
P051,2026-03-25,78000,0.2,62400
P051,2026-03-26,78000,0.2,62400
P051,2026-03-27,78000,0.2,62400
P051,2026-03-28,78000,0.2,62400
P051,2026-03-29,78000,0.2,62400
P051,2026-03-30,78000,0.2,62400
P051,2026-03-31,78000,0.2,62400
P051,2026-04-01,78000,0.2,62400
P051,2026-04-02,78000,0.2,62400
P051,2026-04-03,78000,0.2,62400
P051,2026-04-04,78000,0.2,62400
P051,2026-04-05,78000,0.2,62400
P051,2026-04-06,78000,0.2,62400
P051,2026-04-07,78000,0.2,62400
P051,2026-04-08,78000,0.2,62400
P051,2026-04-09,78000,0.2,62400
P051,2026-04-10,78000,0.2,62400
P051,2026-04-11,78000,0.2,62400
P051,2026-04-12,78000,0.2,62400
P051,2026-04-13,78000,0.2,62400
P051,2026-04-14,78000,0.2,62400
P051,2026-04-15,78000,0.2,62400
P051,2026-04-16,78000,0.2,62400
P051,2026-04-17,78000,0.2,62400
P051,2026-04-18,78000,0.2,62400
P051,2026-04-19,78000,0.2,62400
P051,2026-04-20,78000,0.3,54600
P051,2026-04-21,78000,0.3,54600
P051,2026-04-22,78000,0.3,54600
P051,2026-04-23,78000,0.3,54600
P051,2026-04-24,78000,0.3,54600
P051,2026-04-25,78000,0.3,54600
P051,2026-04-26,78000,0.3,54600
P051,2026-04-27,78000,0.3,54600
P051,2026-04-28,78000,0.3,54600
P051,2026-04-29,78000,0.3,54600
P051,2026-04-30,78000,0.3,54600
P051,2026-05-01,78000,0.3,54600
P051,2026-05-02,78000,0.3,54600
P051,2026-05-03,78000,0.3,54600
P051,2026-05-04,78000,0.3,54600
P051,2026-05-05,78000,0.3,54600
P051,2026-05-06,78000,0.3,54600
P051,2026-05-07,78000,0.3,54600
P051,2026-05-08,78000,0.3,54600
P051,2026-05-09,78000,0.3,54600
P051,2026-05-10,78000,0.3,54600
P051,2026-05-11,78000,0.3,54600
P051,2026-05-12,78000,0.3,54600
P051,2026-05-13,78000,0.3,54600
P051,2026-05-14,78000,0.3,54600
P051,2026-05-15,78000,0.3,54600
P051,2026-05-16,78000,0.3,54600
P051,2026-05-17,78000,0.3,54600
P051,2026-05-18,78000,0.3,54600
P051,2026-05-19,78000,0.3,54600
P051,2026-05-20,78000,0.3,54600
P051,2026-05-21,78000,0.3,54600
P051,2026-05-22,78000,0.3,54600
P051,2026-05-23,78000,0.3,54600
P051,2026-05-24,78000,0.3,54600
P051,2026-05-25,78000,0.3,54600
P051,2026-05-26,78000,0.3,54600
P051,2026-05-27,78000,0.3,54600
P051,2026-05-28,78000,0.3,54600
P051,2026-05-29,78000,0.3,54600
P051,2026-05-30,78000,0.3,54600
P051,2026-05-31,78000,0.3,54600
P051,2026-06-01,78000,0.3,54600
P051,2026-06-02,78000,0.3,54600
P051,2026-06-03,78000,0.3,54600
P051,2026-06-04,78000,0.3,54600
P051,2026-06-05,78000,0.3,54600
P051,2026-06-06,78000,0.3,54600
P051,2026-06-07,78000,0.3,54600
P051,2026-06-08,78000,0.3,54600
P051,2026-06-09,78000,0.3,54600
P051,2026-06-10,78000,0.3,54600
P051,2026-06-11,78000,0.3,54600
P051,2026-06-12,78000,0.3,54600
P051,2026-06-13,78000,0.3,54600
P051,2026-06-14,78000,0.3,54600
P051,2026-06-15,78000,0.3,54600
P051,2026-06-16,78000,0.3,54600
P051,2026-06-17,78000,0.3,54600
P051,2026-06-18,78000,0.3,54600
P051,2026-06-19,78000,0.3,54600
P051,2026-06-20,78000,0.3,54600
P051,2026-06-21,78000,0.3,54600
P051,2026-06-22,78000,0.3,54600
P051,2026-06-23,78000,0.3,54600
P051,2026-06-24,78000,0.3,54600
P051,2026-06-25,78000,0.3,54600
P051,2026-06-26,78000,0.3,54600
P051,2026-06-27,78000,0.3,54600
P051,2026-06-28,78000,0.3,54600
P051,2026-06-29,78000,0.3,54600
P051,2026-06-30,78000,0.3,54600
P052,2026-01-01,74000,0.0,74000
P052,2026-01-02,74000,0.0,74000
P052,2026-01-03,74000,0.0,74000
P052,2026-01-04,74000,0.0,74000
P052,2026-01-05,74000,0.0,74000
P052,2026-01-06,74000,0.0,74000
P052,2026-01-07,74000,0.0,74000
P052,2026-01-08,74000,0.0,74000
P052,2026-01-09,74000,0.0,74000
P052,2026-01-10,74000,0.0,74000
P052,2026-01-11,74000,0.0,74000
P052,2026-01-12,74000,0.0,74000
P052,2026-01-13,74000,0.0,74000
P052,2026-01-14,74000,0.0,74000
P052,2026-01-15,74000,0.0,74000
P052,2026-01-16,74000,0.0,74000
P052,2026-01-17,74000,0.0,74000
P052,2026-01-18,74000,0.0,74000
P052,2026-01-19,74000,0.0,74000
P052,2026-01-20,74000,0.0,74000
P052,2026-01-21,74000,0.0,74000
P052,2026-01-22,74000,0.0,74000
P052,2026-01-23,74000,0.0,74000
P052,2026-01-24,74000,0.0,74000
P052,2026-01-25,74000,0.0,74000
P052,2026-01-26,74000,0.0,74000
P052,2026-01-27,74000,0.0,74000
P052,2026-01-28,74000,0.0,74000
P052,2026-01-29,74000,0.0,74000
P052,2026-01-30,74000,0.0,74000
P052,2026-01-31,74000,0.0,74000
P052,2026-02-01,74000,0.0,74000
P052,2026-02-02,74000,0.0,74000
P052,2026-02-03,74000,0.0,74000
P052,2026-02-04,74000,0.0,74000
P052,2026-02-05,74000,0.0,74000
P052,2026-02-06,74000,0.0,74000
P052,2026-02-07,74000,0.0,74000
P052,2026-02-08,74000,0.0,74000
P052,2026-02-09,74000,0.0,74000
P052,2026-02-10,74000,0.0,74000
P052,2026-02-11,74000,0.0,74000
P052,2026-02-12,74000,0.0,74000
P052,2026-02-13,74000,0.0,74000
P052,2026-02-14,74000,0.0,74000
P052,2026-02-15,74000,0.0,74000
P052,2026-02-16,74000,0.0,74000
P052,2026-02-17,74000,0.0,74000
P052,2026-02-18,74000,0.0,74000
P052,2026-02-19,74000,0.0,74000
P052,2026-02-20,74000,0.0,74000
P052,2026-02-21,74000,0.0,74000
P052,2026-02-22,74000,0.0,74000
P052,2026-02-23,74000,0.0,74000
P052,2026-02-24,74000,0.0,74000
P052,2026-02-25,74000,0.0,74000
P052,2026-02-26,74000,0.0,74000
P052,2026-02-27,74000,0.0,74000
P052,2026-02-28,74000,0.0,74000
P052,2026-03-01,74000,0.0,74000
P052,2026-03-02,74000,0.0,74000
P052,2026-03-03,74000,0.0,74000
P052,2026-03-04,74000,0.0,74000
P052,2026-03-05,74000,0.0,74000
P052,2026-03-06,74000,0.0,74000
P052,2026-03-07,74000,0.0,74000
P052,2026-03-08,74000,0.0,74000
P052,2026-03-09,74000,0.0,74000
P052,2026-03-10,74000,0.0,74000
P052,2026-03-11,74000,0.0,74000
P052,2026-03-12,74000,0.0,74000
P052,2026-03-13,74000,0.0,74000
P052,2026-03-14,74000,0.0,74000
P052,2026-03-15,74000,0.0,74000
P052,2026-03-16,74000,0.0,74000
P052,2026-03-17,74000,0.0,74000
P052,2026-03-18,74000,0.0,74000
P052,2026-03-19,74000,0.0,74000
P052,2026-03-20,74000,0.0,74000
P052,2026-03-21,74000,0.0,74000
P052,2026-03-22,74000,0.0,74000
P052,2026-03-23,74000,0.0,74000
P052,2026-03-24,74000,0.0,74000
P052,2026-03-25,74000,0.0,74000
P052,2026-03-26,74000,0.0,74000
P052,2026-03-27,74000,0.0,74000
P052,2026-03-28,74000,0.0,74000
P052,2026-03-29,74000,0.0,74000
P052,2026-03-30,74000,0.0,74000
P052,2026-03-31,74000,0.0,74000
P052,2026-04-01,74000,0.0,74000
P052,2026-04-02,74000,0.0,74000
P052,2026-04-03,74000,0.0,74000
P052,2026-04-04,74000,0.0,74000
P052,2026-04-05,74000,0.0,74000
P052,2026-04-06,74000,0.0,74000
P052,2026-04-07,74000,0.0,74000
P052,2026-04-08,74000,0.0,74000
P052,2026-04-09,74000,0.0,74000
P052,2026-04-10,74000,0.0,74000
P052,2026-04-11,74000,0.0,74000
P052,2026-04-12,74000,0.0,74000
P052,2026-04-13,74000,0.0,74000
P052,2026-04-14,74000,0.0,74000
P052,2026-04-15,74000,0.0,74000
P052,2026-04-16,74000,0.0,74000
P052,2026-04-17,74000,0.0,74000
P052,2026-04-18,74000,0.0,74000
P052,2026-04-19,74000,0.0,74000
P052,2026-04-20,74000,0.0,74000
P052,2026-04-21,74000,0.0,74000
P052,2026-04-22,74000,0.0,74000
P052,2026-04-23,74000,0.0,74000
P052,2026-04-24,74000,0.0,74000
P052,2026-04-25,74000,0.0,74000
P052,2026-04-26,74000,0.0,74000
P052,2026-04-27,74000,0.0,74000
P052,2026-04-28,74000,0.0,74000
P052,2026-04-29,74000,0.0,74000
P052,2026-04-30,74000,0.0,74000
P052,2026-05-01,74000,0.0,74000
P052,2026-05-02,74000,0.0,74000
P052,2026-05-03,74000,0.0,74000
P052,2026-05-04,74000,0.0,74000
P052,2026-05-05,74000,0.0,74000
P052,2026-05-06,74000,0.0,74000
P052,2026-05-07,74000,0.0,74000
P052,2026-05-08,74000,0.0,74000
P052,2026-05-09,74000,0.0,74000
P052,2026-05-10,74000,0.0,74000
P052,2026-05-11,74000,0.0,74000
P052,2026-05-12,74000,0.0,74000
P052,2026-05-13,74000,0.0,74000
P052,2026-05-14,74000,0.0,74000
P052,2026-05-15,74000,0.0,74000
P052,2026-05-16,74000,0.0,74000
P052,2026-05-17,74000,0.0,74000
P052,2026-05-18,74000,0.0,74000
P052,2026-05-19,74000,0.0,74000
P052,2026-05-20,74000,0.0,74000
P052,2026-05-21,74000,0.0,74000
P052,2026-05-22,74000,0.0,74000
P052,2026-05-23,74000,0.0,74000
P052,2026-05-24,74000,0.0,74000
P052,2026-05-25,74000,0.0,74000
P052,2026-05-26,74000,0.0,74000
P052,2026-05-27,74000,0.0,74000
P052,2026-05-28,74000,0.0,74000
P052,2026-05-29,74000,0.0,74000
P052,2026-05-30,74000,0.0,74000
P052,2026-05-31,74000,0.0,74000
P052,2026-06-01,74000,0.0,74000
P052,2026-06-02,74000,0.0,74000
P052,2026-06-03,74000,0.0,74000
P052,2026-06-04,74000,0.0,74000
P052,2026-06-05,74000,0.0,74000
P052,2026-06-06,74000,0.0,74000
P052,2026-06-07,74000,0.0,74000
P052,2026-06-08,74000,0.0,74000
P052,2026-06-09,74000,0.0,74000
P052,2026-06-10,74000,0.0,74000
P052,2026-06-11,74000,0.0,74000
P052,2026-06-12,74000,0.0,74000
P052,2026-06-13,74000,0.0,74000
P052,2026-06-14,74000,0.0,74000
P052,2026-06-15,74000,0.0,74000
P052,2026-06-16,74000,0.0,74000
P052,2026-06-17,74000,0.0,74000
P052,2026-06-18,74000,0.0,74000
P052,2026-06-19,74000,0.0,74000
P052,2026-06-20,74000,0.0,74000
P052,2026-06-21,74000,0.0,74000
P052,2026-06-22,74000,0.0,74000
P052,2026-06-23,74000,0.0,74000
P052,2026-06-24,74000,0.0,74000
P052,2026-06-25,74000,0.0,74000
P052,2026-06-26,74000,0.0,74000
P052,2026-06-27,74000,0.0,74000
P052,2026-06-28,74000,0.0,74000
P052,2026-06-29,74000,0.0,74000
P052,2026-06-30,74000,0.0,74000
P053,2026-01-01,100000,0.0,100000
P053,2026-01-02,100000,0.0,100000
P053,2026-01-03,100000,0.0,100000
P053,2026-01-04,100000,0.0,100000
P053,2026-01-05,100000,0.0,100000
P053,2026-01-06,100000,0.0,100000
P053,2026-01-07,100000,0.0,100000
P053,2026-01-08,100000,0.0,100000
P053,2026-01-09,100000,0.0,100000
P053,2026-01-10,100000,0.0,100000
P053,2026-01-11,100000,0.0,100000
P053,2026-01-12,100000,0.0,100000
P053,2026-01-13,100000,0.0,100000
P053,2026-01-14,100000,0.0,100000
P053,2026-01-15,100000,0.0,100000
P053,2026-01-16,100000,0.0,100000
P053,2026-01-17,100000,0.0,100000
P053,2026-01-18,100000,0.0,100000
P053,2026-01-19,100000,0.0,100000
P053,2026-01-20,100000,0.0,100000
P053,2026-01-21,100000,0.0,100000
P053,2026-01-22,100000,0.0,100000
P053,2026-01-23,100000,0.0,100000
P053,2026-01-24,100000,0.0,100000
P053,2026-01-25,100000,0.0,100000
P053,2026-01-26,100000,0.0,100000
P053,2026-01-27,100000,0.0,100000
P053,2026-01-28,100000,0.0,100000
P053,2026-01-29,100000,0.0,100000
P053,2026-01-30,100000,0.0,100000
P053,2026-01-31,100000,0.0,100000
P053,2026-02-01,100000,0.0,100000
P053,2026-02-02,100000,0.0,100000
P053,2026-02-03,100000,0.0,100000
P053,2026-02-04,100000,0.0,100000
P053,2026-02-05,100000,0.0,100000
P053,2026-02-06,100000,0.0,100000
P053,2026-02-07,100000,0.0,100000
P053,2026-02-08,100000,0.0,100000
P053,2026-02-09,100000,0.0,100000
P053,2026-02-10,100000,0.0,100000
P053,2026-02-11,100000,0.0,100000
P053,2026-02-12,100000,0.0,100000
P053,2026-02-13,100000,0.0,100000
P053,2026-02-14,100000,0.0,100000
P053,2026-02-15,100000,0.0,100000
P053,2026-02-16,100000,0.0,100000
P053,2026-02-17,100000,0.0,100000
P053,2026-02-18,100000,0.0,100000
P053,2026-02-19,100000,0.0,100000
P053,2026-02-20,100000,0.0,100000
P053,2026-02-21,100000,0.0,100000
P053,2026-02-22,100000,0.0,100000
P053,2026-02-23,100000,0.0,100000
P053,2026-02-24,100000,0.0,100000
P053,2026-02-25,100000,0.0,100000
P053,2026-02-26,100000,0.0,100000
P053,2026-02-27,100000,0.0,100000
P053,2026-02-28,100000,0.0,100000
P053,2026-03-01,100000,0.0,100000
P053,2026-03-02,100000,0.0,100000
P053,2026-03-03,100000,0.0,100000
P053,2026-03-04,100000,0.0,100000
P053,2026-03-05,100000,0.0,100000
P053,2026-03-06,100000,0.0,100000
P053,2026-03-07,100000,0.0,100000
P053,2026-03-08,100000,0.0,100000
P053,2026-03-09,100000,0.0,100000
P053,2026-03-10,100000,0.0,100000
P053,2026-03-11,100000,0.0,100000
P053,2026-03-12,100000,0.0,100000
P053,2026-03-13,100000,0.0,100000
P053,2026-03-14,100000,0.0,100000
P053,2026-03-15,100000,0.0,100000
P053,2026-03-16,100000,0.0,100000
P053,2026-03-17,100000,0.0,100000
P053,2026-03-18,100000,0.0,100000
P053,2026-03-19,100000,0.0,100000
P053,2026-03-20,100000,0.0,100000
P053,2026-03-21,100000,0.0,100000
P053,2026-03-22,100000,0.0,100000
P053,2026-03-23,100000,0.0,100000
P053,2026-03-24,100000,0.0,100000
P053,2026-03-25,100000,0.0,100000
P053,2026-03-26,100000,0.0,100000
P053,2026-03-27,100000,0.0,100000
P053,2026-03-28,100000,0.0,100000
P053,2026-03-29,100000,0.0,100000
P053,2026-03-30,100000,0.0,100000
P053,2026-03-31,100000,0.0,100000
P053,2026-04-01,100000,0.0,100000
P053,2026-04-02,100000,0.0,100000
P053,2026-04-03,100000,0.0,100000
P053,2026-04-04,100000,0.0,100000
P053,2026-04-05,100000,0.0,100000
P053,2026-04-06,100000,0.0,100000
P053,2026-04-07,100000,0.0,100000
P053,2026-04-08,100000,0.0,100000
P053,2026-04-09,100000,0.0,100000
P053,2026-04-10,100000,0.0,100000
P053,2026-04-11,100000,0.0,100000
P053,2026-04-12,100000,0.0,100000
P053,2026-04-13,100000,0.0,100000
P053,2026-04-14,100000,0.0,100000
P053,2026-04-15,100000,0.0,100000
P053,2026-04-16,100000,0.0,100000
P053,2026-04-17,100000,0.0,100000
P053,2026-04-18,100000,0.0,100000
P053,2026-04-19,100000,0.0,100000
P053,2026-04-20,100000,0.0,100000
P053,2026-04-21,100000,0.0,100000
P053,2026-04-22,100000,0.0,100000
P053,2026-04-23,100000,0.0,100000
P053,2026-04-24,100000,0.0,100000
P053,2026-04-25,100000,0.0,100000
P053,2026-04-26,100000,0.0,100000
P053,2026-04-27,100000,0.0,100000
P053,2026-04-28,100000,0.0,100000
P053,2026-04-29,100000,0.0,100000
P053,2026-04-30,100000,0.0,100000
P053,2026-05-01,100000,0.0,100000
P053,2026-05-02,100000,0.0,100000
P053,2026-05-03,100000,0.0,100000
P053,2026-05-04,100000,0.0,100000
P053,2026-05-05,100000,0.0,100000
P053,2026-05-06,100000,0.0,100000
P053,2026-05-07,100000,0.0,100000
P053,2026-05-08,100000,0.0,100000
P053,2026-05-09,100000,0.0,100000
P053,2026-05-10,100000,0.0,100000
P053,2026-05-11,100000,0.0,100000
P053,2026-05-12,100000,0.0,100000
P053,2026-05-13,100000,0.2,80000
P053,2026-05-14,100000,0.2,80000
P053,2026-05-15,100000,0.2,80000
P053,2026-05-16,100000,0.2,80000
P053,2026-05-17,100000,0.2,80000
P053,2026-05-18,100000,0.2,80000
P053,2026-05-19,100000,0.2,80000
P053,2026-05-20,100000,0.2,80000
P053,2026-05-21,100000,0.2,80000
P053,2026-05-22,100000,0.2,80000
P053,2026-05-23,100000,0.2,80000
P053,2026-05-24,100000,0.2,80000
P053,2026-05-25,100000,0.2,80000
P053,2026-05-26,100000,0.2,80000
P053,2026-05-27,100000,0.2,80000
P053,2026-05-28,100000,0.2,80000
P053,2026-05-29,100000,0.2,80000
P053,2026-05-30,100000,0.2,80000
P053,2026-05-31,100000,0.2,80000
P053,2026-06-01,100000,0.2,80000
P053,2026-06-02,100000,0.2,80000
P053,2026-06-03,100000,0.2,80000
P053,2026-06-04,100000,0.2,80000
P053,2026-06-05,100000,0.2,80000
P053,2026-06-06,100000,0.2,80000
P053,2026-06-07,100000,0.2,80000
P053,2026-06-08,100000,0.2,80000
P053,2026-06-09,100000,0.2,80000
P053,2026-06-10,100000,0.2,80000
P053,2026-06-11,100000,0.2,80000
P053,2026-06-12,100000,0.3,70000
P053,2026-06-13,100000,0.3,70000
P053,2026-06-14,100000,0.3,70000
P053,2026-06-15,100000,0.3,70000
P053,2026-06-16,100000,0.3,70000
P053,2026-06-17,100000,0.3,70000
P053,2026-06-18,100000,0.3,70000
P053,2026-06-19,100000,0.3,70000
P053,2026-06-20,100000,0.3,70000
P053,2026-06-21,100000,0.3,70000
P053,2026-06-22,100000,0.3,70000
P053,2026-06-23,100000,0.3,70000
P053,2026-06-24,100000,0.3,70000
P053,2026-06-25,100000,0.3,70000
P053,2026-06-26,100000,0.3,70000
P053,2026-06-27,100000,0.3,70000
P053,2026-06-28,100000,0.3,70000
P053,2026-06-29,100000,0.3,70000
P053,2026-06-30,100000,0.3,70000
P054,2026-01-01,50000,0.0,50000
P054,2026-01-02,50000,0.0,50000
P054,2026-01-03,50000,0.0,50000
P054,2026-01-04,50000,0.0,50000
P054,2026-01-05,50000,0.0,50000
P054,2026-01-06,50000,0.0,50000
P054,2026-01-07,50000,0.0,50000
P054,2026-01-08,50000,0.0,50000
P054,2026-01-09,50000,0.0,50000
P054,2026-01-10,50000,0.0,50000
P054,2026-01-11,50000,0.0,50000
P054,2026-01-12,50000,0.0,50000
P054,2026-01-13,50000,0.0,50000
P054,2026-01-14,50000,0.0,50000
P054,2026-01-15,50000,0.0,50000
P054,2026-01-16,50000,0.0,50000
P054,2026-01-17,50000,0.0,50000
P054,2026-01-18,50000,0.0,50000
P054,2026-01-19,50000,0.0,50000
P054,2026-01-20,50000,0.0,50000
P054,2026-01-21,50000,0.0,50000
P054,2026-01-22,50000,0.0,50000
P054,2026-01-23,50000,0.0,50000
P054,2026-01-24,50000,0.0,50000
P054,2026-01-25,50000,0.0,50000
P054,2026-01-26,50000,0.0,50000
P054,2026-01-27,50000,0.0,50000
P054,2026-01-28,50000,0.0,50000
P054,2026-01-29,50000,0.0,50000
P054,2026-01-30,50000,0.0,50000
P054,2026-01-31,50000,0.0,50000
P054,2026-02-01,50000,0.0,50000
P054,2026-02-02,50000,0.0,50000
P054,2026-02-03,50000,0.0,50000
P054,2026-02-04,50000,0.0,50000
P054,2026-02-05,50000,0.0,50000
P054,2026-02-06,50000,0.0,50000
P054,2026-02-07,50000,0.0,50000
P054,2026-02-08,50000,0.0,50000
P054,2026-02-09,50000,0.0,50000
P054,2026-02-10,50000,0.0,50000
P054,2026-02-11,50000,0.0,50000
P054,2026-02-12,50000,0.0,50000
P054,2026-02-13,50000,0.0,50000
P054,2026-02-14,50000,0.0,50000
P054,2026-02-15,50000,0.0,50000
P054,2026-02-16,50000,0.0,50000
P054,2026-02-17,50000,0.0,50000
P054,2026-02-18,50000,0.0,50000
P054,2026-02-19,50000,0.0,50000
P054,2026-02-20,50000,0.0,50000
P054,2026-02-21,50000,0.0,50000
P054,2026-02-22,50000,0.0,50000
P054,2026-02-23,50000,0.0,50000
P054,2026-02-24,50000,0.0,50000
P054,2026-02-25,50000,0.0,50000
P054,2026-02-26,50000,0.0,50000
P054,2026-02-27,50000,0.0,50000
P054,2026-02-28,50000,0.0,50000
P054,2026-03-01,50000,0.0,50000
P054,2026-03-02,50000,0.0,50000
P054,2026-03-03,50000,0.0,50000
P054,2026-03-04,50000,0.0,50000
P054,2026-03-05,50000,0.0,50000
P054,2026-03-06,50000,0.0,50000
P054,2026-03-07,50000,0.0,50000
P054,2026-03-08,50000,0.0,50000
P054,2026-03-09,50000,0.0,50000
P054,2026-03-10,50000,0.0,50000
P054,2026-03-11,50000,0.0,50000
P054,2026-03-12,50000,0.0,50000
P054,2026-03-13,50000,0.0,50000
P054,2026-03-14,50000,0.0,50000
P054,2026-03-15,50000,0.0,50000
P054,2026-03-16,50000,0.0,50000
P054,2026-03-17,50000,0.0,50000
P054,2026-03-18,50000,0.0,50000
P054,2026-03-19,50000,0.0,50000
P054,2026-03-20,50000,0.0,50000
P054,2026-03-21,50000,0.0,50000
P054,2026-03-22,50000,0.0,50000
P054,2026-03-23,50000,0.0,50000
P054,2026-03-24,50000,0.0,50000
P054,2026-03-25,50000,0.0,50000
P054,2026-03-26,50000,0.0,50000
P054,2026-03-27,50000,0.0,50000
P054,2026-03-28,50000,0.0,50000
P054,2026-03-29,50000,0.0,50000
P054,2026-03-30,50000,0.0,50000
P054,2026-03-31,50000,0.0,50000
P054,2026-04-01,50000,0.0,50000
P054,2026-04-02,50000,0.0,50000
P054,2026-04-03,50000,0.0,50000
P054,2026-04-04,50000,0.0,50000
P054,2026-04-05,50000,0.0,50000
P054,2026-04-06,50000,0.0,50000
P054,2026-04-07,50000,0.0,50000
P054,2026-04-08,50000,0.0,50000
P054,2026-04-09,50000,0.0,50000
P054,2026-04-10,50000,0.0,50000
P054,2026-04-11,50000,0.0,50000
P054,2026-04-12,50000,0.0,50000
P054,2026-04-13,50000,0.0,50000
P054,2026-04-14,50000,0.0,50000
P054,2026-04-15,50000,0.0,50000
P054,2026-04-16,50000,0.0,50000
P054,2026-04-17,50000,0.0,50000
P054,2026-04-18,50000,0.0,50000
P054,2026-04-19,50000,0.0,50000
P054,2026-04-20,50000,0.0,50000
P054,2026-04-21,50000,0.0,50000
P054,2026-04-22,50000,0.0,50000
P054,2026-04-23,50000,0.0,50000
P054,2026-04-24,50000,0.0,50000
P054,2026-04-25,50000,0.0,50000
P054,2026-04-26,50000,0.0,50000
P054,2026-04-27,50000,0.0,50000
P054,2026-04-28,50000,0.0,50000
P054,2026-04-29,50000,0.0,50000
P054,2026-04-30,50000,0.0,50000
P054,2026-05-01,50000,0.0,50000
P054,2026-05-02,50000,0.0,50000
P054,2026-05-03,50000,0.0,50000
P054,2026-05-04,50000,0.0,50000
P054,2026-05-05,50000,0.0,50000
P054,2026-05-06,50000,0.0,50000
P054,2026-05-07,50000,0.0,50000
P054,2026-05-08,50000,0.0,50000
P054,2026-05-09,50000,0.0,50000
P054,2026-05-10,50000,0.0,50000
P054,2026-05-11,50000,0.0,50000
P054,2026-05-12,50000,0.0,50000
P054,2026-05-13,50000,0.0,50000
P054,2026-05-14,50000,0.0,50000
P054,2026-05-15,50000,0.0,50000
P054,2026-05-16,50000,0.0,50000
P054,2026-05-17,50000,0.0,50000
P054,2026-05-18,50000,0.0,50000
P054,2026-05-19,50000,0.0,50000
P054,2026-05-20,50000,0.0,50000
P054,2026-05-21,50000,0.0,50000
P054,2026-05-22,50000,0.0,50000
P054,2026-05-23,50000,0.0,50000
P054,2026-05-24,50000,0.0,50000
P054,2026-05-25,50000,0.0,50000
P054,2026-05-26,50000,0.0,50000
P054,2026-05-27,50000,0.0,50000
P054,2026-05-28,50000,0.0,50000
P054,2026-05-29,50000,0.0,50000
P054,2026-05-30,50000,0.0,50000
P054,2026-05-31,50000,0.0,50000
P054,2026-06-01,50000,0.0,50000
P054,2026-06-02,50000,0.0,50000
P054,2026-06-03,50000,0.0,50000
P054,2026-06-04,50000,0.0,50000
P054,2026-06-05,50000,0.0,50000
P054,2026-06-06,50000,0.0,50000
P054,2026-06-07,50000,0.0,50000
P054,2026-06-08,50000,0.0,50000
P054,2026-06-09,50000,0.0,50000
P054,2026-06-10,50000,0.0,50000
P054,2026-06-11,50000,0.0,50000
P054,2026-06-12,50000,0.0,50000
P054,2026-06-13,50000,0.0,50000
P054,2026-06-14,50000,0.0,50000
P054,2026-06-15,50000,0.0,50000
P054,2026-06-16,50000,0.0,50000
P054,2026-06-17,50000,0.0,50000
P054,2026-06-18,50000,0.0,50000
P054,2026-06-19,50000,0.0,50000
P054,2026-06-20,50000,0.0,50000
P054,2026-06-21,50000,0.0,50000
P054,2026-06-22,50000,0.0,50000
P054,2026-06-23,50000,0.0,50000
P054,2026-06-24,50000,0.0,50000
P054,2026-06-25,50000,0.0,50000
P054,2026-06-26,50000,0.0,50000
P054,2026-06-27,50000,0.0,50000
P054,2026-06-28,50000,0.0,50000
P054,2026-06-29,50000,0.0,50000
P054,2026-06-30,50000,0.0,50000
P055,2026-01-01,88000,0.0,88000
P055,2026-01-02,88000,0.0,88000
P055,2026-01-03,88000,0.0,88000
P055,2026-01-04,88000,0.0,88000
P055,2026-01-05,88000,0.0,88000
P055,2026-01-06,88000,0.0,88000
P055,2026-01-07,88000,0.0,88000
P055,2026-01-08,88000,0.0,88000
P055,2026-01-09,88000,0.0,88000
P055,2026-01-10,88000,0.0,88000
P055,2026-01-11,88000,0.0,88000
P055,2026-01-12,88000,0.0,88000
P055,2026-01-13,88000,0.0,88000
P055,2026-01-14,88000,0.0,88000
P055,2026-01-15,88000,0.0,88000
P055,2026-01-16,88000,0.0,88000
P055,2026-01-17,88000,0.0,88000
P055,2026-01-18,88000,0.0,88000
P055,2026-01-19,88000,0.0,88000
P055,2026-01-20,88000,0.0,88000
P055,2026-01-21,88000,0.0,88000
P055,2026-01-22,88000,0.0,88000
P055,2026-01-23,88000,0.0,88000
P055,2026-01-24,88000,0.0,88000
P055,2026-01-25,88000,0.0,88000
P055,2026-01-26,88000,0.0,88000
P055,2026-01-27,88000,0.0,88000
P055,2026-01-28,88000,0.0,88000
P055,2026-01-29,88000,0.0,88000
P055,2026-01-30,88000,0.0,88000
P055,2026-01-31,88000,0.0,88000
P055,2026-02-01,88000,0.0,88000
P055,2026-02-02,88000,0.0,88000
P055,2026-02-03,88000,0.0,88000
P055,2026-02-04,88000,0.0,88000
P055,2026-02-05,88000,0.0,88000
P055,2026-02-06,88000,0.0,88000
P055,2026-02-07,88000,0.0,88000
P055,2026-02-08,88000,0.0,88000
P055,2026-02-09,88000,0.0,88000
P055,2026-02-10,88000,0.0,88000
P055,2026-02-11,88000,0.0,88000
P055,2026-02-12,88000,0.0,88000
P055,2026-02-13,88000,0.0,88000
P055,2026-02-14,88000,0.0,88000
P055,2026-02-15,88000,0.0,88000
P055,2026-02-16,88000,0.0,88000
P055,2026-02-17,88000,0.0,88000
P055,2026-02-18,88000,0.0,88000
P055,2026-02-19,88000,0.0,88000
P055,2026-02-20,88000,0.0,88000
P055,2026-02-21,88000,0.0,88000
P055,2026-02-22,88000,0.0,88000
P055,2026-02-23,88000,0.0,88000
P055,2026-02-24,88000,0.0,88000
P055,2026-02-25,88000,0.0,88000
P055,2026-02-26,88000,0.0,88000
P055,2026-02-27,88000,0.0,88000
P055,2026-02-28,88000,0.0,88000
P055,2026-03-01,88000,0.0,88000
P055,2026-03-02,88000,0.0,88000
P055,2026-03-03,88000,0.0,88000
P055,2026-03-04,88000,0.0,88000
P055,2026-03-05,88000,0.0,88000
P055,2026-03-06,88000,0.2,70400
P055,2026-03-07,88000,0.2,70400
P055,2026-03-08,88000,0.2,70400
P055,2026-03-09,88000,0.2,70400
P055,2026-03-10,88000,0.2,70400
P055,2026-03-11,88000,0.2,70400
P055,2026-03-12,88000,0.2,70400
P055,2026-03-13,88000,0.2,70400
P055,2026-03-14,88000,0.2,70400
P055,2026-03-15,88000,0.2,70400
P055,2026-03-16,88000,0.2,70400
P055,2026-03-17,88000,0.2,70400
P055,2026-03-18,88000,0.2,70400
P055,2026-03-19,88000,0.2,70400
P055,2026-03-20,88000,0.2,70400
P055,2026-03-21,88000,0.2,70400
P055,2026-03-22,88000,0.2,70400
P055,2026-03-23,88000,0.2,70400
P055,2026-03-24,88000,0.2,70400
P055,2026-03-25,88000,0.2,70400
P055,2026-03-26,88000,0.2,70400
P055,2026-03-27,88000,0.2,70400
P055,2026-03-28,88000,0.2,70400
P055,2026-03-29,88000,0.2,70400
P055,2026-03-30,88000,0.2,70400
P055,2026-03-31,88000,0.2,70400
P055,2026-04-01,88000,0.2,70400
P055,2026-04-02,88000,0.2,70400
P055,2026-04-03,88000,0.2,70400
P055,2026-04-04,88000,0.2,70400
P055,2026-04-05,88000,0.3,61599
P055,2026-04-06,88000,0.3,61599
P055,2026-04-07,88000,0.3,61599
P055,2026-04-08,88000,0.3,61599
P055,2026-04-09,88000,0.3,61599
P055,2026-04-10,88000,0.3,61599
P055,2026-04-11,88000,0.3,61599
P055,2026-04-12,88000,0.3,61599
P055,2026-04-13,88000,0.3,61599
P055,2026-04-14,88000,0.3,61599
P055,2026-04-15,88000,0.3,61599
P055,2026-04-16,88000,0.3,61599
P055,2026-04-17,88000,0.3,61599
P055,2026-04-18,88000,0.3,61599
P055,2026-04-19,88000,0.3,61599
P055,2026-04-20,88000,0.3,61599
P055,2026-04-21,88000,0.3,61599
P055,2026-04-22,88000,0.3,61599
P055,2026-04-23,88000,0.3,61599
P055,2026-04-24,88000,0.3,61599
P055,2026-04-25,88000,0.3,61599
P055,2026-04-26,88000,0.3,61599
P055,2026-04-27,88000,0.3,61599
P055,2026-04-28,88000,0.3,61599
P055,2026-04-29,88000,0.3,61599
P055,2026-04-30,88000,0.3,61599
P055,2026-05-01,88000,0.3,61599
P055,2026-05-02,88000,0.3,61599
P055,2026-05-03,88000,0.3,61599
P055,2026-05-04,88000,0.3,61599
P055,2026-05-05,88000,0.3,61599
P055,2026-05-06,88000,0.3,61599
P055,2026-05-07,88000,0.3,61599
P055,2026-05-08,88000,0.3,61599
P055,2026-05-09,88000,0.3,61599
P055,2026-05-10,88000,0.3,61599
P055,2026-05-11,88000,0.3,61599
P055,2026-05-12,88000,0.3,61599
P055,2026-05-13,88000,0.3,61599
P055,2026-05-14,88000,0.3,61599
P055,2026-05-15,88000,0.3,61599
P055,2026-05-16,88000,0.3,61599
P055,2026-05-17,88000,0.3,61599
P055,2026-05-18,88000,0.3,61599
P055,2026-05-19,88000,0.3,61599
P055,2026-05-20,88000,0.3,61599
P055,2026-05-21,88000,0.3,61599
P055,2026-05-22,88000,0.3,61599
P055,2026-05-23,88000,0.3,61599
P055,2026-05-24,88000,0.3,61599
P055,2026-05-25,88000,0.3,61599
P055,2026-05-26,88000,0.3,61599
P055,2026-05-27,88000,0.3,61599
P055,2026-05-28,88000,0.3,61599
P055,2026-05-29,88000,0.3,61599
P055,2026-05-30,88000,0.3,61599
P055,2026-05-31,88000,0.3,61599
P055,2026-06-01,88000,0.3,61599
P055,2026-06-02,88000,0.3,61599
P055,2026-06-03,88000,0.3,61599
P055,2026-06-04,88000,0.3,61599
P055,2026-06-05,88000,0.3,61599
P055,2026-06-06,88000,0.3,61599
P055,2026-06-07,88000,0.3,61599
P055,2026-06-08,88000,0.3,61599
P055,2026-06-09,88000,0.3,61599
P055,2026-06-10,88000,0.3,61599
P055,2026-06-11,88000,0.3,61599
P055,2026-06-12,88000,0.3,61599
P055,2026-06-13,88000,0.3,61599
P055,2026-06-14,88000,0.3,61599
P055,2026-06-15,88000,0.3,61599
P055,2026-06-16,88000,0.3,61599
P055,2026-06-17,88000,0.3,61599
P055,2026-06-18,88000,0.3,61599
P055,2026-06-19,88000,0.3,61599
P055,2026-06-20,88000,0.3,61599
P055,2026-06-21,88000,0.3,61599
P055,2026-06-22,88000,0.3,61599
P055,2026-06-23,88000,0.3,61599
P055,2026-06-24,88000,0.3,61599
P055,2026-06-25,88000,0.3,61599
P055,2026-06-26,88000,0.3,61599
P055,2026-06-27,88000,0.3,61599
P055,2026-06-28,88000,0.3,61599
P055,2026-06-29,88000,0.3,61599
P055,2026-06-30,88000,0.3,61599
P056,2026-01-01,61000,0.0,61000
P056,2026-01-02,61000,0.0,61000
P056,2026-01-03,61000,0.0,61000
P056,2026-01-04,61000,0.0,61000
P056,2026-01-05,61000,0.0,61000
P056,2026-01-06,61000,0.0,61000
P056,2026-01-07,61000,0.0,61000
P056,2026-01-08,61000,0.0,61000
P056,2026-01-09,61000,0.0,61000
P056,2026-01-10,61000,0.0,61000
P056,2026-01-11,61000,0.0,61000
P056,2026-01-12,61000,0.0,61000
P056,2026-01-13,61000,0.0,61000
P056,2026-01-14,61000,0.0,61000
P056,2026-01-15,61000,0.0,61000
P056,2026-01-16,61000,0.0,61000
P056,2026-01-17,61000,0.0,61000
P056,2026-01-18,61000,0.0,61000
P056,2026-01-19,61000,0.0,61000
P056,2026-01-20,61000,0.0,61000
P056,2026-01-21,61000,0.0,61000
P056,2026-01-22,61000,0.0,61000
P056,2026-01-23,61000,0.0,61000
P056,2026-01-24,61000,0.0,61000
P056,2026-01-25,61000,0.0,61000
P056,2026-01-26,61000,0.0,61000
P056,2026-01-27,61000,0.0,61000
P056,2026-01-28,61000,0.0,61000
P056,2026-01-29,61000,0.0,61000
P056,2026-01-30,61000,0.0,61000
P056,2026-01-31,61000,0.0,61000
P056,2026-02-01,61000,0.0,61000
P056,2026-02-02,61000,0.0,61000
P056,2026-02-03,61000,0.0,61000
P056,2026-02-04,61000,0.0,61000
P056,2026-02-05,61000,0.0,61000
P056,2026-02-06,61000,0.0,61000
P056,2026-02-07,61000,0.0,61000
P056,2026-02-08,61000,0.0,61000
P056,2026-02-09,61000,0.0,61000
P056,2026-02-10,61000,0.0,61000
P056,2026-02-11,61000,0.0,61000
P056,2026-02-12,61000,0.0,61000
P056,2026-02-13,61000,0.0,61000
P056,2026-02-14,61000,0.0,61000
P056,2026-02-15,61000,0.0,61000
P056,2026-02-16,61000,0.0,61000
P056,2026-02-17,61000,0.0,61000
P056,2026-02-18,61000,0.0,61000
P056,2026-02-19,61000,0.0,61000
P056,2026-02-20,61000,0.0,61000
P056,2026-02-21,61000,0.0,61000
P056,2026-02-22,61000,0.0,61000
P056,2026-02-23,61000,0.0,61000
P056,2026-02-24,61000,0.0,61000
P056,2026-02-25,61000,0.0,61000
P056,2026-02-26,61000,0.0,61000
P056,2026-02-27,61000,0.0,61000
P056,2026-02-28,61000,0.0,61000
P056,2026-03-01,61000,0.0,61000
P056,2026-03-02,61000,0.0,61000
P056,2026-03-03,61000,0.0,61000
P056,2026-03-04,61000,0.0,61000
P056,2026-03-05,61000,0.0,61000
P056,2026-03-06,61000,0.0,61000
P056,2026-03-07,61000,0.0,61000
P056,2026-03-08,61000,0.0,61000
P056,2026-03-09,61000,0.0,61000
P056,2026-03-10,61000,0.0,61000
P056,2026-03-11,61000,0.0,61000
P056,2026-03-12,61000,0.0,61000
P056,2026-03-13,61000,0.0,61000
P056,2026-03-14,61000,0.2,48800
P056,2026-03-15,61000,0.2,48800
P056,2026-03-16,61000,0.2,48800
P056,2026-03-17,61000,0.2,48800
P056,2026-03-18,61000,0.2,48800
P056,2026-03-19,61000,0.2,48800
P056,2026-03-20,61000,0.2,48800
P056,2026-03-21,61000,0.2,48800
P056,2026-03-22,61000,0.2,48800
P056,2026-03-23,61000,0.2,48800
P056,2026-03-24,61000,0.2,48800
P056,2026-03-25,61000,0.2,48800
P056,2026-03-26,61000,0.2,48800
P056,2026-03-27,61000,0.2,48800
P056,2026-03-28,61000,0.2,48800
P056,2026-03-29,61000,0.2,48800
P056,2026-03-30,61000,0.2,48800
P056,2026-03-31,61000,0.2,48800
P056,2026-04-01,61000,0.2,48800
P056,2026-04-02,61000,0.2,48800
P056,2026-04-03,61000,0.2,48800
P056,2026-04-04,61000,0.2,48800
P056,2026-04-05,61000,0.2,48800
P056,2026-04-06,61000,0.2,48800
P056,2026-04-07,61000,0.2,48800
P056,2026-04-08,61000,0.2,48800
P056,2026-04-09,61000,0.2,48800
P056,2026-04-10,61000,0.2,48800
P056,2026-04-11,61000,0.2,48800
P056,2026-04-12,61000,0.2,48800
P056,2026-04-13,61000,0.3,42700
P056,2026-04-14,61000,0.3,42700
P056,2026-04-15,61000,0.3,42700
P056,2026-04-16,61000,0.3,42700
P056,2026-04-17,61000,0.3,42700
P056,2026-04-18,61000,0.3,42700
P056,2026-04-19,61000,0.3,42700
P056,2026-04-20,61000,0.3,42700
P056,2026-04-21,61000,0.3,42700
P056,2026-04-22,61000,0.3,42700
P056,2026-04-23,61000,0.3,42700
P056,2026-04-24,61000,0.3,42700
P056,2026-04-25,61000,0.3,42700
P056,2026-04-26,61000,0.3,42700
P056,2026-04-27,61000,0.3,42700
P056,2026-04-28,61000,0.3,42700
P056,2026-04-29,61000,0.3,42700
P056,2026-04-30,61000,0.3,42700
P056,2026-05-01,61000,0.3,42700
P056,2026-05-02,61000,0.3,42700
P056,2026-05-03,61000,0.3,42700
P056,2026-05-04,61000,0.3,42700
P056,2026-05-05,61000,0.3,42700
P056,2026-05-06,61000,0.3,42700
P056,2026-05-07,61000,0.3,42700
P056,2026-05-08,61000,0.3,42700
P056,2026-05-09,61000,0.3,42700
P056,2026-05-10,61000,0.3,42700
P056,2026-05-11,61000,0.3,42700
P056,2026-05-12,61000,0.3,42700
P056,2026-05-13,61000,0.3,42700
P056,2026-05-14,61000,0.3,42700
P056,2026-05-15,61000,0.3,42700
P056,2026-05-16,61000,0.3,42700
P056,2026-05-17,61000,0.3,42700
P056,2026-05-18,61000,0.3,42700
P056,2026-05-19,61000,0.3,42700
P056,2026-05-20,61000,0.3,42700
P056,2026-05-21,61000,0.3,42700
P056,2026-05-22,61000,0.3,42700
P056,2026-05-23,61000,0.3,42700
P056,2026-05-24,61000,0.3,42700
P056,2026-05-25,61000,0.3,42700
P056,2026-05-26,61000,0.3,42700
P056,2026-05-27,61000,0.3,42700
P056,2026-05-28,61000,0.3,42700
P056,2026-05-29,61000,0.3,42700
P056,2026-05-30,61000,0.3,42700
P056,2026-05-31,61000,0.3,42700
P056,2026-06-01,61000,0.3,42700
P056,2026-06-02,61000,0.3,42700
P056,2026-06-03,61000,0.3,42700
P056,2026-06-04,61000,0.3,42700
P056,2026-06-05,61000,0.3,42700
P056,2026-06-06,61000,0.3,42700
P056,2026-06-07,61000,0.3,42700
P056,2026-06-08,61000,0.3,42700
P056,2026-06-09,61000,0.3,42700
P056,2026-06-10,61000,0.3,42700
P056,2026-06-11,61000,0.3,42700
P056,2026-06-12,61000,0.3,42700
P056,2026-06-13,61000,0.3,42700
P056,2026-06-14,61000,0.3,42700
P056,2026-06-15,61000,0.3,42700
P056,2026-06-16,61000,0.3,42700
P056,2026-06-17,61000,0.3,42700
P056,2026-06-18,61000,0.3,42700
P056,2026-06-19,61000,0.3,42700
P056,2026-06-20,61000,0.3,42700
P056,2026-06-21,61000,0.3,42700
P056,2026-06-22,61000,0.3,42700
P056,2026-06-23,61000,0.3,42700
P056,2026-06-24,61000,0.3,42700
P056,2026-06-25,61000,0.3,42700
P056,2026-06-26,61000,0.3,42700
P056,2026-06-27,61000,0.3,42700
P056,2026-06-28,61000,0.3,42700
P056,2026-06-29,61000,0.3,42700
P056,2026-06-30,61000,0.3,42700
P057,2026-01-01,92000,0.0,92000
P057,2026-01-02,92000,0.0,92000
P057,2026-01-03,92000,0.0,92000
P057,2026-01-04,92000,0.0,92000
P057,2026-01-05,92000,0.0,92000
P057,2026-01-06,92000,0.0,92000
P057,2026-01-07,92000,0.0,92000
P057,2026-01-08,92000,0.0,92000
P057,2026-01-09,92000,0.0,92000
P057,2026-01-10,92000,0.0,92000
P057,2026-01-11,92000,0.0,92000
P057,2026-01-12,92000,0.0,92000
P057,2026-01-13,92000,0.0,92000
P057,2026-01-14,92000,0.0,92000
P057,2026-01-15,92000,0.0,92000
P057,2026-01-16,92000,0.0,92000
P057,2026-01-17,92000,0.0,92000
P057,2026-01-18,92000,0.0,92000
P057,2026-01-19,92000,0.0,92000
P057,2026-01-20,92000,0.0,92000
P057,2026-01-21,92000,0.0,92000
P057,2026-01-22,92000,0.0,92000
P057,2026-01-23,92000,0.0,92000
P057,2026-01-24,92000,0.0,92000
P057,2026-01-25,92000,0.0,92000
P057,2026-01-26,92000,0.0,92000
P057,2026-01-27,92000,0.0,92000
P057,2026-01-28,92000,0.0,92000
P057,2026-01-29,92000,0.0,92000
P057,2026-01-30,92000,0.0,92000
P057,2026-01-31,92000,0.0,92000
P057,2026-02-01,92000,0.0,92000
P057,2026-02-02,92000,0.0,92000
P057,2026-02-03,92000,0.0,92000
P057,2026-02-04,92000,0.0,92000
P057,2026-02-05,92000,0.0,92000
P057,2026-02-06,92000,0.0,92000
P057,2026-02-07,92000,0.0,92000
P057,2026-02-08,92000,0.0,92000
P057,2026-02-09,92000,0.0,92000
P057,2026-02-10,92000,0.0,92000
P057,2026-02-11,92000,0.0,92000
P057,2026-02-12,92000,0.0,92000
P057,2026-02-13,92000,0.0,92000
P057,2026-02-14,92000,0.0,92000
P057,2026-02-15,92000,0.0,92000
P057,2026-02-16,92000,0.0,92000
P057,2026-02-17,92000,0.0,92000
P057,2026-02-18,92000,0.0,92000
P057,2026-02-19,92000,0.0,92000
P057,2026-02-20,92000,0.0,92000
P057,2026-02-21,92000,0.0,92000
P057,2026-02-22,92000,0.0,92000
P057,2026-02-23,92000,0.0,92000
P057,2026-02-24,92000,0.0,92000
P057,2026-02-25,92000,0.0,92000
P057,2026-02-26,92000,0.0,92000
P057,2026-02-27,92000,0.0,92000
P057,2026-02-28,92000,0.0,92000
P057,2026-03-01,92000,0.0,92000
P057,2026-03-02,92000,0.0,92000
P057,2026-03-03,92000,0.0,92000
P057,2026-03-04,92000,0.0,92000
P057,2026-03-05,92000,0.0,92000
P057,2026-03-06,92000,0.0,92000
P057,2026-03-07,92000,0.0,92000
P057,2026-03-08,92000,0.0,92000
P057,2026-03-09,92000,0.0,92000
P057,2026-03-10,92000,0.0,92000
P057,2026-03-11,92000,0.0,92000
P057,2026-03-12,92000,0.0,92000
P057,2026-03-13,92000,0.2,73600
P057,2026-03-14,92000,0.2,73600
P057,2026-03-15,92000,0.2,73600
P057,2026-03-16,92000,0.2,73600
P057,2026-03-17,92000,0.2,73600
P057,2026-03-18,92000,0.2,73600
P057,2026-03-19,92000,0.2,73600
P057,2026-03-20,92000,0.2,73600
P057,2026-03-21,92000,0.2,73600
P057,2026-03-22,92000,0.2,73600
P057,2026-03-23,92000,0.2,73600
P057,2026-03-24,92000,0.2,73600
P057,2026-03-25,92000,0.2,73600
P057,2026-03-26,92000,0.2,73600
P057,2026-03-27,92000,0.2,73600
P057,2026-03-28,92000,0.2,73600
P057,2026-03-29,92000,0.2,73600
P057,2026-03-30,92000,0.2,73600
P057,2026-03-31,92000,0.2,73600
P057,2026-04-01,92000,0.2,73600
P057,2026-04-02,92000,0.2,73600
P057,2026-04-03,92000,0.2,73600
P057,2026-04-04,92000,0.2,73600
P057,2026-04-05,92000,0.2,73600
P057,2026-04-06,92000,0.2,73600
P057,2026-04-07,92000,0.2,73600
P057,2026-04-08,92000,0.2,73600
P057,2026-04-09,92000,0.2,73600
P057,2026-04-10,92000,0.2,73600
P057,2026-04-11,92000,0.2,73600
P057,2026-04-12,92000,0.3,64399
P057,2026-04-13,92000,0.3,64399
P057,2026-04-14,92000,0.3,64399
P057,2026-04-15,92000,0.3,64399
P057,2026-04-16,92000,0.3,64399
P057,2026-04-17,92000,0.3,64399
P057,2026-04-18,92000,0.3,64399
P057,2026-04-19,92000,0.3,64399
P057,2026-04-20,92000,0.3,64399
P057,2026-04-21,92000,0.3,64399
P057,2026-04-22,92000,0.3,64399
P057,2026-04-23,92000,0.3,64399
P057,2026-04-24,92000,0.3,64399
P057,2026-04-25,92000,0.3,64399
P057,2026-04-26,92000,0.3,64399
P057,2026-04-27,92000,0.3,64399
P057,2026-04-28,92000,0.3,64399
P057,2026-04-29,92000,0.3,64399
P057,2026-04-30,92000,0.3,64399
P057,2026-05-01,92000,0.3,64399
P057,2026-05-02,92000,0.3,64399
P057,2026-05-03,92000,0.3,64399
P057,2026-05-04,92000,0.3,64399
P057,2026-05-05,92000,0.3,64399
P057,2026-05-06,92000,0.3,64399
P057,2026-05-07,92000,0.3,64399
P057,2026-05-08,92000,0.3,64399
P057,2026-05-09,92000,0.3,64399
P057,2026-05-10,92000,0.3,64399
P057,2026-05-11,92000,0.3,64399
P057,2026-05-12,92000,0.3,64399
P057,2026-05-13,92000,0.3,64399
P057,2026-05-14,92000,0.3,64399
P057,2026-05-15,92000,0.3,64399
P057,2026-05-16,92000,0.3,64399
P057,2026-05-17,92000,0.3,64399
P057,2026-05-18,92000,0.3,64399
P057,2026-05-19,92000,0.3,64399
P057,2026-05-20,92000,0.3,64399
P057,2026-05-21,92000,0.3,64399
P057,2026-05-22,92000,0.3,64399
P057,2026-05-23,92000,0.3,64399
P057,2026-05-24,92000,0.3,64399
P057,2026-05-25,92000,0.3,64399
P057,2026-05-26,92000,0.3,64399
P057,2026-05-27,92000,0.3,64399
P057,2026-05-28,92000,0.3,64399
P057,2026-05-29,92000,0.3,64399
P057,2026-05-30,92000,0.3,64399
P057,2026-05-31,92000,0.3,64399
P057,2026-06-01,92000,0.3,64399
P057,2026-06-02,92000,0.3,64399
P057,2026-06-03,92000,0.3,64399
P057,2026-06-04,92000,0.3,64399
P057,2026-06-05,92000,0.3,64399
P057,2026-06-06,92000,0.3,64399
P057,2026-06-07,92000,0.3,64399
P057,2026-06-08,92000,0.3,64399
P057,2026-06-09,92000,0.3,64399
P057,2026-06-10,92000,0.3,64399
P057,2026-06-11,92000,0.3,64399
P057,2026-06-12,92000,0.3,64399
P057,2026-06-13,92000,0.3,64399
P057,2026-06-14,92000,0.3,64399
P057,2026-06-15,92000,0.3,64399
P057,2026-06-16,92000,0.3,64399
P057,2026-06-17,92000,0.3,64399
P057,2026-06-18,92000,0.3,64399
P057,2026-06-19,92000,0.3,64399
P057,2026-06-20,92000,0.3,64399
P057,2026-06-21,92000,0.3,64399
P057,2026-06-22,92000,0.3,64399
P057,2026-06-23,92000,0.3,64399
P057,2026-06-24,92000,0.3,64399
P057,2026-06-25,92000,0.3,64399
P057,2026-06-26,92000,0.3,64399
P057,2026-06-27,92000,0.3,64399
P057,2026-06-28,92000,0.3,64399
P057,2026-06-29,92000,0.3,64399
P057,2026-06-30,92000,0.3,64399
P058,2026-01-01,99000,0.0,99000
P058,2026-01-02,99000,0.0,99000
P058,2026-01-03,99000,0.0,99000
P058,2026-01-04,99000,0.0,99000
P058,2026-01-05,99000,0.0,99000
P058,2026-01-06,99000,0.0,99000
P058,2026-01-07,99000,0.0,99000
P058,2026-01-08,99000,0.0,99000
P058,2026-01-09,99000,0.0,99000
P058,2026-01-10,99000,0.0,99000
P058,2026-01-11,99000,0.0,99000
P058,2026-01-12,99000,0.0,99000
P058,2026-01-13,99000,0.0,99000
P058,2026-01-14,99000,0.0,99000
P058,2026-01-15,99000,0.0,99000
P058,2026-01-16,99000,0.0,99000
P058,2026-01-17,99000,0.0,99000
P058,2026-01-18,99000,0.0,99000
P058,2026-01-19,99000,0.0,99000
P058,2026-01-20,99000,0.0,99000
P058,2026-01-21,99000,0.0,99000
P058,2026-01-22,99000,0.0,99000
P058,2026-01-23,99000,0.0,99000
P058,2026-01-24,99000,0.0,99000
P058,2026-01-25,99000,0.0,99000
P058,2026-01-26,99000,0.0,99000
P058,2026-01-27,99000,0.0,99000
P058,2026-01-28,99000,0.0,99000
P058,2026-01-29,99000,0.0,99000
P058,2026-01-30,99000,0.0,99000
P058,2026-01-31,99000,0.0,99000
P058,2026-02-01,99000,0.0,99000
P058,2026-02-02,99000,0.0,99000
P058,2026-02-03,99000,0.0,99000
P058,2026-02-04,99000,0.0,99000
P058,2026-02-05,99000,0.0,99000
P058,2026-02-06,99000,0.0,99000
P058,2026-02-07,99000,0.0,99000
P058,2026-02-08,99000,0.0,99000
P058,2026-02-09,99000,0.0,99000
P058,2026-02-10,99000,0.0,99000
P058,2026-02-11,99000,0.0,99000
P058,2026-02-12,99000,0.0,99000
P058,2026-02-13,99000,0.0,99000
P058,2026-02-14,99000,0.0,99000
P058,2026-02-15,99000,0.0,99000
P058,2026-02-16,99000,0.0,99000
P058,2026-02-17,99000,0.0,99000
P058,2026-02-18,99000,0.0,99000
P058,2026-02-19,99000,0.0,99000
P058,2026-02-20,99000,0.0,99000
P058,2026-02-21,99000,0.0,99000
P058,2026-02-22,99000,0.0,99000
P058,2026-02-23,99000,0.0,99000
P058,2026-02-24,99000,0.0,99000
P058,2026-02-25,99000,0.0,99000
P058,2026-02-26,99000,0.0,99000
P058,2026-02-27,99000,0.0,99000
P058,2026-02-28,99000,0.0,99000
P058,2026-03-01,99000,0.0,99000
P058,2026-03-02,99000,0.0,99000
P058,2026-03-03,99000,0.0,99000
P058,2026-03-04,99000,0.0,99000
P058,2026-03-05,99000,0.0,99000
P058,2026-03-06,99000,0.0,99000
P058,2026-03-07,99000,0.0,99000
P058,2026-03-08,99000,0.0,99000
P058,2026-03-09,99000,0.0,99000
P058,2026-03-10,99000,0.0,99000
P058,2026-03-11,99000,0.0,99000
P058,2026-03-12,99000,0.0,99000
P058,2026-03-13,99000,0.0,99000
P058,2026-03-14,99000,0.0,99000
P058,2026-03-15,99000,0.0,99000
P058,2026-03-16,99000,0.0,99000
P058,2026-03-17,99000,0.0,99000
P058,2026-03-18,99000,0.0,99000
P058,2026-03-19,99000,0.0,99000
P058,2026-03-20,99000,0.0,99000
P058,2026-03-21,99000,0.0,99000
P058,2026-03-22,99000,0.0,99000
P058,2026-03-23,99000,0.0,99000
P058,2026-03-24,99000,0.0,99000
P058,2026-03-25,99000,0.0,99000
P058,2026-03-26,99000,0.0,99000
P058,2026-03-27,99000,0.0,99000
P058,2026-03-28,99000,0.0,99000
P058,2026-03-29,99000,0.0,99000
P058,2026-03-30,99000,0.0,99000
P058,2026-03-31,99000,0.0,99000
P058,2026-04-01,99000,0.0,99000
P058,2026-04-02,99000,0.0,99000
P058,2026-04-03,99000,0.0,99000
P058,2026-04-04,99000,0.0,99000
P058,2026-04-05,99000,0.0,99000
P058,2026-04-06,99000,0.0,99000
P058,2026-04-07,99000,0.0,99000
P058,2026-04-08,99000,0.0,99000
P058,2026-04-09,99000,0.0,99000
P058,2026-04-10,99000,0.0,99000
P058,2026-04-11,99000,0.0,99000
P058,2026-04-12,99000,0.0,99000
P058,2026-04-13,99000,0.0,99000
P058,2026-04-14,99000,0.0,99000
P058,2026-04-15,99000,0.0,99000
P058,2026-04-16,99000,0.0,99000
P058,2026-04-17,99000,0.0,99000
P058,2026-04-18,99000,0.0,99000
P058,2026-04-19,99000,0.0,99000
P058,2026-04-20,99000,0.0,99000
P058,2026-04-21,99000,0.0,99000
P058,2026-04-22,99000,0.0,99000
P058,2026-04-23,99000,0.0,99000
P058,2026-04-24,99000,0.0,99000
P058,2026-04-25,99000,0.0,99000
P058,2026-04-26,99000,0.0,99000
P058,2026-04-27,99000,0.0,99000
P058,2026-04-28,99000,0.0,99000
P058,2026-04-29,99000,0.0,99000
P058,2026-04-30,99000,0.0,99000
P058,2026-05-01,99000,0.0,99000
P058,2026-05-02,99000,0.2,79200
P058,2026-05-03,99000,0.2,79200
P058,2026-05-04,99000,0.2,79200
P058,2026-05-05,99000,0.2,79200
P058,2026-05-06,99000,0.2,79200
P058,2026-05-07,99000,0.2,79200
P058,2026-05-08,99000,0.2,79200
P058,2026-05-09,99000,0.2,79200
P058,2026-05-10,99000,0.2,79200
P058,2026-05-11,99000,0.2,79200
P058,2026-05-12,99000,0.2,79200
P058,2026-05-13,99000,0.2,79200
P058,2026-05-14,99000,0.2,79200
P058,2026-05-15,99000,0.2,79200
P058,2026-05-16,99000,0.2,79200
P058,2026-05-17,99000,0.2,79200
P058,2026-05-18,99000,0.2,79200
P058,2026-05-19,99000,0.2,79200
P058,2026-05-20,99000,0.2,79200
P058,2026-05-21,99000,0.2,79200
P058,2026-05-22,99000,0.2,79200
P058,2026-05-23,99000,0.2,79200
P058,2026-05-24,99000,0.2,79200
P058,2026-05-25,99000,0.2,79200
P058,2026-05-26,99000,0.2,79200
P058,2026-05-27,99000,0.2,79200
P058,2026-05-28,99000,0.2,79200
P058,2026-05-29,99000,0.2,79200
P058,2026-05-30,99000,0.2,79200
P058,2026-05-31,99000,0.2,79200
P058,2026-06-01,99000,0.3,69300
P058,2026-06-02,99000,0.3,69300
P058,2026-06-03,99000,0.3,69300
P058,2026-06-04,99000,0.3,69300
P058,2026-06-05,99000,0.3,69300
P058,2026-06-06,99000,0.3,69300
P058,2026-06-07,99000,0.3,69300
P058,2026-06-08,99000,0.3,69300
P058,2026-06-09,99000,0.3,69300
P058,2026-06-10,99000,0.3,69300
P058,2026-06-11,99000,0.3,69300
P058,2026-06-12,99000,0.3,69300
P058,2026-06-13,99000,0.3,69300
P058,2026-06-14,99000,0.3,69300
P058,2026-06-15,99000,0.3,69300
P058,2026-06-16,99000,0.3,69300
P058,2026-06-17,99000,0.3,69300
P058,2026-06-18,99000,0.3,69300
P058,2026-06-19,99000,0.3,69300
P058,2026-06-20,99000,0.3,69300
P058,2026-06-21,99000,0.3,69300
P058,2026-06-22,99000,0.3,69300
P058,2026-06-23,99000,0.3,69300
P058,2026-06-24,99000,0.3,69300
P058,2026-06-25,99000,0.3,69300
P058,2026-06-26,99000,0.3,69300
P058,2026-06-27,99000,0.3,69300
P058,2026-06-28,99000,0.3,69300
P058,2026-06-29,99000,0.3,69300
P058,2026-06-30,99000,0.3,69300
P059,2026-01-01,95000,0.0,95000
P059,2026-01-02,95000,0.0,95000
P059,2026-01-03,95000,0.0,95000
P059,2026-01-04,95000,0.0,95000
P059,2026-01-05,95000,0.0,95000
P059,2026-01-06,95000,0.0,95000
P059,2026-01-07,95000,0.0,95000
P059,2026-01-08,95000,0.0,95000
P059,2026-01-09,95000,0.0,95000
P059,2026-01-10,95000,0.0,95000
P059,2026-01-11,95000,0.0,95000
P059,2026-01-12,95000,0.0,95000
P059,2026-01-13,95000,0.0,95000
P059,2026-01-14,95000,0.0,95000
P059,2026-01-15,95000,0.0,95000
P059,2026-01-16,95000,0.0,95000
P059,2026-01-17,95000,0.0,95000
P059,2026-01-18,95000,0.0,95000
P059,2026-01-19,95000,0.0,95000
P059,2026-01-20,95000,0.0,95000
P059,2026-01-21,95000,0.0,95000
P059,2026-01-22,95000,0.0,95000
P059,2026-01-23,95000,0.0,95000
P059,2026-01-24,95000,0.0,95000
P059,2026-01-25,95000,0.0,95000
P059,2026-01-26,95000,0.0,95000
P059,2026-01-27,95000,0.0,95000
P059,2026-01-28,95000,0.0,95000
P059,2026-01-29,95000,0.0,95000
P059,2026-01-30,95000,0.0,95000
P059,2026-01-31,95000,0.0,95000
P059,2026-02-01,95000,0.0,95000
P059,2026-02-02,95000,0.0,95000
P059,2026-02-03,95000,0.0,95000
P059,2026-02-04,95000,0.0,95000
P059,2026-02-05,95000,0.0,95000
P059,2026-02-06,95000,0.0,95000
P059,2026-02-07,95000,0.0,95000
P059,2026-02-08,95000,0.0,95000
P059,2026-02-09,95000,0.0,95000
P059,2026-02-10,95000,0.0,95000
P059,2026-02-11,95000,0.0,95000
P059,2026-02-12,95000,0.0,95000
P059,2026-02-13,95000,0.0,95000
P059,2026-02-14,95000,0.0,95000
P059,2026-02-15,95000,0.0,95000
P059,2026-02-16,95000,0.0,95000
P059,2026-02-17,95000,0.0,95000
P059,2026-02-18,95000,0.0,95000
P059,2026-02-19,95000,0.0,95000
P059,2026-02-20,95000,0.0,95000
P059,2026-02-21,95000,0.0,95000
P059,2026-02-22,95000,0.0,95000
P059,2026-02-23,95000,0.0,95000
P059,2026-02-24,95000,0.0,95000
P059,2026-02-25,95000,0.0,95000
P059,2026-02-26,95000,0.0,95000
P059,2026-02-27,95000,0.0,95000
P059,2026-02-28,95000,0.0,95000
P059,2026-03-01,95000,0.0,95000
P059,2026-03-02,95000,0.0,95000
P059,2026-03-03,95000,0.0,95000
P059,2026-03-04,95000,0.0,95000
P059,2026-03-05,95000,0.2,76000
P059,2026-03-06,95000,0.2,76000
P059,2026-03-07,95000,0.2,76000
P059,2026-03-08,95000,0.2,76000
P059,2026-03-09,95000,0.2,76000
P059,2026-03-10,95000,0.2,76000
P059,2026-03-11,95000,0.2,76000
P059,2026-03-12,95000,0.2,76000
P059,2026-03-13,95000,0.2,76000
P059,2026-03-14,95000,0.2,76000
P059,2026-03-15,95000,0.2,76000
P059,2026-03-16,95000,0.2,76000
P059,2026-03-17,95000,0.2,76000
P059,2026-03-18,95000,0.2,76000
P059,2026-03-19,95000,0.2,76000
P059,2026-03-20,95000,0.2,76000
P059,2026-03-21,95000,0.2,76000
P059,2026-03-22,95000,0.2,76000
P059,2026-03-23,95000,0.2,76000
P059,2026-03-24,95000,0.2,76000
P059,2026-03-25,95000,0.2,76000
P059,2026-03-26,95000,0.2,76000
P059,2026-03-27,95000,0.2,76000
P059,2026-03-28,95000,0.2,76000
P059,2026-03-29,95000,0.2,76000
P059,2026-03-30,95000,0.2,76000
P059,2026-03-31,95000,0.2,76000
P059,2026-04-01,95000,0.2,76000
P059,2026-04-02,95000,0.2,76000
P059,2026-04-03,95000,0.2,76000
P059,2026-04-04,95000,0.3,66500
P059,2026-04-05,95000,0.3,66500
P059,2026-04-06,95000,0.3,66500
P059,2026-04-07,95000,0.3,66500
P059,2026-04-08,95000,0.3,66500
P059,2026-04-09,95000,0.3,66500
P059,2026-04-10,95000,0.3,66500
P059,2026-04-11,95000,0.3,66500
P059,2026-04-12,95000,0.3,66500
P059,2026-04-13,95000,0.3,66500
P059,2026-04-14,95000,0.3,66500
P059,2026-04-15,95000,0.3,66500
P059,2026-04-16,95000,0.3,66500
P059,2026-04-17,95000,0.3,66500
P059,2026-04-18,95000,0.3,66500
P059,2026-04-19,95000,0.3,66500
P059,2026-04-20,95000,0.3,66500
P059,2026-04-21,95000,0.3,66500
P059,2026-04-22,95000,0.3,66500
P059,2026-04-23,95000,0.3,66500
P059,2026-04-24,95000,0.3,66500
P059,2026-04-25,95000,0.3,66500
P059,2026-04-26,95000,0.3,66500
P059,2026-04-27,95000,0.3,66500
P059,2026-04-28,95000,0.3,66500
P059,2026-04-29,95000,0.3,66500
P059,2026-04-30,95000,0.3,66500
P059,2026-05-01,95000,0.3,66500
P059,2026-05-02,95000,0.3,66500
P059,2026-05-03,95000,0.3,66500
P059,2026-05-04,95000,0.3,66500
P059,2026-05-05,95000,0.3,66500
P059,2026-05-06,95000,0.3,66500
P059,2026-05-07,95000,0.3,66500
P059,2026-05-08,95000,0.3,66500
P059,2026-05-09,95000,0.3,66500
P059,2026-05-10,95000,0.3,66500
P059,2026-05-11,95000,0.3,66500
P059,2026-05-12,95000,0.3,66500
P059,2026-05-13,95000,0.3,66500
P059,2026-05-14,95000,0.3,66500
P059,2026-05-15,95000,0.3,66500
P059,2026-05-16,95000,0.3,66500
P059,2026-05-17,95000,0.3,66500
P059,2026-05-18,95000,0.3,66500
P059,2026-05-19,95000,0.3,66500
P059,2026-05-20,95000,0.3,66500
P059,2026-05-21,95000,0.3,66500
P059,2026-05-22,95000,0.3,66500
P059,2026-05-23,95000,0.3,66500
P059,2026-05-24,95000,0.3,66500
P059,2026-05-25,95000,0.3,66500
P059,2026-05-26,95000,0.3,66500
P059,2026-05-27,95000,0.3,66500
P059,2026-05-28,95000,0.3,66500
P059,2026-05-29,95000,0.3,66500
P059,2026-05-30,95000,0.3,66500
P059,2026-05-31,95000,0.3,66500
P059,2026-06-01,95000,0.3,66500
P059,2026-06-02,95000,0.3,66500
P059,2026-06-03,95000,0.3,66500
P059,2026-06-04,95000,0.3,66500
P059,2026-06-05,95000,0.3,66500
P059,2026-06-06,95000,0.3,66500
P059,2026-06-07,95000,0.3,66500
P059,2026-06-08,95000,0.3,66500
P059,2026-06-09,95000,0.3,66500
P059,2026-06-10,95000,0.3,66500
P059,2026-06-11,95000,0.3,66500
P059,2026-06-12,95000,0.3,66500
P059,2026-06-13,95000,0.3,66500
P059,2026-06-14,95000,0.3,66500
P059,2026-06-15,95000,0.3,66500
P059,2026-06-16,95000,0.3,66500
P059,2026-06-17,95000,0.3,66500
P059,2026-06-18,95000,0.3,66500
P059,2026-06-19,95000,0.3,66500
P059,2026-06-20,95000,0.3,66500
P059,2026-06-21,95000,0.3,66500
P059,2026-06-22,95000,0.3,66500
P059,2026-06-23,95000,0.3,66500
P059,2026-06-24,95000,0.3,66500
P059,2026-06-25,95000,0.3,66500
P059,2026-06-26,95000,0.3,66500
P059,2026-06-27,95000,0.3,66500
P059,2026-06-28,95000,0.3,66500
P059,2026-06-29,95000,0.3,66500
P059,2026-06-30,95000,0.3,66500
P060,2026-01-01,82000,0.0,82000
P060,2026-01-02,82000,0.0,82000
P060,2026-01-03,82000,0.0,82000
P060,2026-01-04,82000,0.0,82000
P060,2026-01-05,82000,0.0,82000
P060,2026-01-06,82000,0.0,82000
P060,2026-01-07,82000,0.0,82000
P060,2026-01-08,82000,0.0,82000
P060,2026-01-09,82000,0.0,82000
P060,2026-01-10,82000,0.0,82000
P060,2026-01-11,82000,0.0,82000
P060,2026-01-12,82000,0.0,82000
P060,2026-01-13,82000,0.0,82000
P060,2026-01-14,82000,0.0,82000
P060,2026-01-15,82000,0.0,82000
P060,2026-01-16,82000,0.0,82000
P060,2026-01-17,82000,0.0,82000
P060,2026-01-18,82000,0.0,82000
P060,2026-01-19,82000,0.0,82000
P060,2026-01-20,82000,0.0,82000
P060,2026-01-21,82000,0.0,82000
P060,2026-01-22,82000,0.0,82000
P060,2026-01-23,82000,0.0,82000
P060,2026-01-24,82000,0.0,82000
P060,2026-01-25,82000,0.0,82000
P060,2026-01-26,82000,0.0,82000
P060,2026-01-27,82000,0.0,82000
P060,2026-01-28,82000,0.0,82000
P060,2026-01-29,82000,0.0,82000
P060,2026-01-30,82000,0.0,82000
P060,2026-01-31,82000,0.0,82000
P060,2026-02-01,82000,0.0,82000
P060,2026-02-02,82000,0.0,82000
P060,2026-02-03,82000,0.0,82000
P060,2026-02-04,82000,0.0,82000
P060,2026-02-05,82000,0.0,82000
P060,2026-02-06,82000,0.0,82000
P060,2026-02-07,82000,0.0,82000
P060,2026-02-08,82000,0.0,82000
P060,2026-02-09,82000,0.0,82000
P060,2026-02-10,82000,0.0,82000
P060,2026-02-11,82000,0.0,82000
P060,2026-02-12,82000,0.0,82000
P060,2026-02-13,82000,0.0,82000
P060,2026-02-14,82000,0.0,82000
P060,2026-02-15,82000,0.0,82000
P060,2026-02-16,82000,0.0,82000
P060,2026-02-17,82000,0.0,82000
P060,2026-02-18,82000,0.0,82000
P060,2026-02-19,82000,0.0,82000
P060,2026-02-20,82000,0.0,82000
P060,2026-02-21,82000,0.0,82000
P060,2026-02-22,82000,0.0,82000
P060,2026-02-23,82000,0.0,82000
P060,2026-02-24,82000,0.0,82000
P060,2026-02-25,82000,0.0,82000
P060,2026-02-26,82000,0.0,82000
P060,2026-02-27,82000,0.0,82000
P060,2026-02-28,82000,0.0,82000
P060,2026-03-01,82000,0.0,82000
P060,2026-03-02,82000,0.0,82000
P060,2026-03-03,82000,0.0,82000
P060,2026-03-04,82000,0.0,82000
P060,2026-03-05,82000,0.0,82000
P060,2026-03-06,82000,0.0,82000
P060,2026-03-07,82000,0.0,82000
P060,2026-03-08,82000,0.0,82000
P060,2026-03-09,82000,0.0,82000
P060,2026-03-10,82000,0.0,82000
P060,2026-03-11,82000,0.0,82000
P060,2026-03-12,82000,0.0,82000
P060,2026-03-13,82000,0.0,82000
P060,2026-03-14,82000,0.0,82000
P060,2026-03-15,82000,0.0,82000
P060,2026-03-16,82000,0.0,82000
P060,2026-03-17,82000,0.2,65600
P060,2026-03-18,82000,0.2,65600
P060,2026-03-19,82000,0.2,65600
P060,2026-03-20,82000,0.2,65600
P060,2026-03-21,82000,0.2,65600
P060,2026-03-22,82000,0.2,65600
P060,2026-03-23,82000,0.2,65600
P060,2026-03-24,82000,0.2,65600
P060,2026-03-25,82000,0.2,65600
P060,2026-03-26,82000,0.2,65600
P060,2026-03-27,82000,0.2,65600
P060,2026-03-28,82000,0.2,65600
P060,2026-03-29,82000,0.2,65600
P060,2026-03-30,82000,0.2,65600
P060,2026-03-31,82000,0.2,65600
P060,2026-04-01,82000,0.2,65600
P060,2026-04-02,82000,0.2,65600
P060,2026-04-03,82000,0.2,65600
P060,2026-04-04,82000,0.2,65600
P060,2026-04-05,82000,0.2,65600
P060,2026-04-06,82000,0.2,65600
P060,2026-04-07,82000,0.2,65600
P060,2026-04-08,82000,0.2,65600
P060,2026-04-09,82000,0.2,65600
P060,2026-04-10,82000,0.2,65600
P060,2026-04-11,82000,0.2,65600
P060,2026-04-12,82000,0.2,65600
P060,2026-04-13,82000,0.2,65600
P060,2026-04-14,82000,0.2,65600
P060,2026-04-15,82000,0.2,65600
P060,2026-04-16,82000,0.3,57399
P060,2026-04-17,82000,0.3,57399
P060,2026-04-18,82000,0.3,57399
P060,2026-04-19,82000,0.3,57399
P060,2026-04-20,82000,0.3,57399
P060,2026-04-21,82000,0.3,57399
P060,2026-04-22,82000,0.3,57399
P060,2026-04-23,82000,0.3,57399
P060,2026-04-24,82000,0.3,57399
P060,2026-04-25,82000,0.3,57399
P060,2026-04-26,82000,0.3,57399
P060,2026-04-27,82000,0.3,57399
P060,2026-04-28,82000,0.3,57399
P060,2026-04-29,82000,0.3,57399
P060,2026-04-30,82000,0.3,57399
P060,2026-05-01,82000,0.3,57399
P060,2026-05-02,82000,0.3,57399
P060,2026-05-03,82000,0.3,57399
P060,2026-05-04,82000,0.3,57399
P060,2026-05-05,82000,0.3,57399
P060,2026-05-06,82000,0.3,57399
P060,2026-05-07,82000,0.3,57399
P060,2026-05-08,82000,0.3,57399
P060,2026-05-09,82000,0.3,57399
P060,2026-05-10,82000,0.3,57399
P060,2026-05-11,82000,0.3,57399
P060,2026-05-12,82000,0.3,57399
P060,2026-05-13,82000,0.3,57399
P060,2026-05-14,82000,0.3,57399
P060,2026-05-15,82000,0.3,57399
P060,2026-05-16,82000,0.3,57399
P060,2026-05-17,82000,0.3,57399
P060,2026-05-18,82000,0.3,57399
P060,2026-05-19,82000,0.3,57399
P060,2026-05-20,82000,0.3,57399
P060,2026-05-21,82000,0.3,57399
P060,2026-05-22,82000,0.3,57399
P060,2026-05-23,82000,0.3,57399
P060,2026-05-24,82000,0.3,57399
P060,2026-05-25,82000,0.3,57399
P060,2026-05-26,82000,0.3,57399
P060,2026-05-27,82000,0.3,57399
P060,2026-05-28,82000,0.3,57399
P060,2026-05-29,82000,0.3,57399
P060,2026-05-30,82000,0.3,57399
P060,2026-05-31,82000,0.3,57399
P060,2026-06-01,82000,0.3,57399
P060,2026-06-02,82000,0.3,57399
P060,2026-06-03,82000,0.3,57399
P060,2026-06-04,82000,0.3,57399
P060,2026-06-05,82000,0.3,57399
P060,2026-06-06,82000,0.3,57399
P060,2026-06-07,82000,0.3,57399
P060,2026-06-08,82000,0.3,57399
P060,2026-06-09,82000,0.3,57399
P060,2026-06-10,82000,0.3,57399
P060,2026-06-11,82000,0.3,57399
P060,2026-06-12,82000,0.3,57399
P060,2026-06-13,82000,0.3,57399
P060,2026-06-14,82000,0.3,57399
P060,2026-06-15,82000,0.3,57399
P060,2026-06-16,82000,0.3,57399
P060,2026-06-17,82000,0.3,57399
P060,2026-06-18,82000,0.3,57399
P060,2026-06-19,82000,0.3,57399
P060,2026-06-20,82000,0.3,57399
P060,2026-06-21,82000,0.3,57399
P060,2026-06-22,82000,0.3,57399
P060,2026-06-23,82000,0.3,57399
P060,2026-06-24,82000,0.3,57399
P060,2026-06-25,82000,0.3,57399
P060,2026-06-26,82000,0.3,57399
P060,2026-06-27,82000,0.3,57399
P060,2026-06-28,82000,0.3,57399
P060,2026-06-29,82000,0.3,57399
P060,2026-06-30,82000,0.3,57399
P061,2026-01-01,115000,0.0,115000
P061,2026-01-02,115000,0.0,115000
P061,2026-01-03,115000,0.0,115000
P061,2026-01-04,115000,0.0,115000
P061,2026-01-05,115000,0.0,115000
P061,2026-01-06,115000,0.0,115000
P061,2026-01-07,115000,0.0,115000
P061,2026-01-08,115000,0.0,115000
P061,2026-01-09,115000,0.0,115000
P061,2026-01-10,115000,0.0,115000
P061,2026-01-11,115000,0.0,115000
P061,2026-01-12,115000,0.0,115000
P061,2026-01-13,115000,0.0,115000
P061,2026-01-14,115000,0.0,115000
P061,2026-01-15,115000,0.0,115000
P061,2026-01-16,115000,0.0,115000
P061,2026-01-17,115000,0.0,115000
P061,2026-01-18,115000,0.0,115000
P061,2026-01-19,115000,0.0,115000
P061,2026-01-20,115000,0.0,115000
P061,2026-01-21,115000,0.0,115000
P061,2026-01-22,115000,0.0,115000
P061,2026-01-23,115000,0.0,115000
P061,2026-01-24,115000,0.0,115000
P061,2026-01-25,115000,0.0,115000
P061,2026-01-26,115000,0.0,115000
P061,2026-01-27,115000,0.0,115000
P061,2026-01-28,115000,0.0,115000
P061,2026-01-29,115000,0.0,115000
P061,2026-01-30,115000,0.0,115000
P061,2026-01-31,115000,0.0,115000
P061,2026-02-01,115000,0.0,115000
P061,2026-02-02,115000,0.0,115000
P061,2026-02-03,115000,0.0,115000
P061,2026-02-04,115000,0.0,115000
P061,2026-02-05,115000,0.0,115000
P061,2026-02-06,115000,0.0,115000
P061,2026-02-07,115000,0.0,115000
P061,2026-02-08,115000,0.0,115000
P061,2026-02-09,115000,0.0,115000
P061,2026-02-10,115000,0.0,115000
P061,2026-02-11,115000,0.0,115000
P061,2026-02-12,115000,0.0,115000
P061,2026-02-13,115000,0.0,115000
P061,2026-02-14,115000,0.0,115000
P061,2026-02-15,115000,0.0,115000
P061,2026-02-16,115000,0.0,115000
P061,2026-02-17,115000,0.0,115000
P061,2026-02-18,115000,0.0,115000
P061,2026-02-19,115000,0.0,115000
P061,2026-02-20,115000,0.0,115000
P061,2026-02-21,115000,0.0,115000
P061,2026-02-22,115000,0.0,115000
P061,2026-02-23,115000,0.0,115000
P061,2026-02-24,115000,0.0,115000
P061,2026-02-25,115000,0.0,115000
P061,2026-02-26,115000,0.0,115000
P061,2026-02-27,115000,0.0,115000
P061,2026-02-28,115000,0.0,115000
P061,2026-03-01,115000,0.0,115000
P061,2026-03-02,115000,0.0,115000
P061,2026-03-03,115000,0.0,115000
P061,2026-03-04,115000,0.0,115000
P061,2026-03-05,115000,0.0,115000
P061,2026-03-06,115000,0.0,115000
P061,2026-03-07,115000,0.0,115000
P061,2026-03-08,115000,0.0,115000
P061,2026-03-09,115000,0.0,115000
P061,2026-03-10,115000,0.0,115000
P061,2026-03-11,115000,0.0,115000
P061,2026-03-12,115000,0.0,115000
P061,2026-03-13,115000,0.0,115000
P061,2026-03-14,115000,0.0,115000
P061,2026-03-15,115000,0.0,115000
P061,2026-03-16,115000,0.0,115000
P061,2026-03-17,115000,0.0,115000
P061,2026-03-18,115000,0.0,115000
P061,2026-03-19,115000,0.0,115000
P061,2026-03-20,115000,0.0,115000
P061,2026-03-21,115000,0.0,115000
P061,2026-03-22,115000,0.0,115000
P061,2026-03-23,115000,0.0,115000
P061,2026-03-24,115000,0.0,115000
P061,2026-03-25,115000,0.0,115000
P061,2026-03-26,115000,0.0,115000
P061,2026-03-27,115000,0.0,115000
P061,2026-03-28,115000,0.0,115000
P061,2026-03-29,115000,0.0,115000
P061,2026-03-30,115000,0.0,115000
P061,2026-03-31,115000,0.0,115000
P061,2026-04-01,115000,0.0,115000
P061,2026-04-02,115000,0.0,115000
P061,2026-04-03,115000,0.0,115000
P061,2026-04-04,115000,0.0,115000
P061,2026-04-05,115000,0.0,115000
P061,2026-04-06,115000,0.0,115000
P061,2026-04-07,115000,0.0,115000
P061,2026-04-08,115000,0.0,115000
P061,2026-04-09,115000,0.0,115000
P061,2026-04-10,115000,0.0,115000
P061,2026-04-11,115000,0.0,115000
P061,2026-04-12,115000,0.0,115000
P061,2026-04-13,115000,0.0,115000
P061,2026-04-14,115000,0.0,115000
P061,2026-04-15,115000,0.0,115000
P061,2026-04-16,115000,0.0,115000
P061,2026-04-17,115000,0.0,115000
P061,2026-04-18,115000,0.0,115000
P061,2026-04-19,115000,0.0,115000
P061,2026-04-20,115000,0.0,115000
P061,2026-04-21,115000,0.0,115000
P061,2026-04-22,115000,0.0,115000
P061,2026-04-23,115000,0.0,115000
P061,2026-04-24,115000,0.0,115000
P061,2026-04-25,115000,0.0,115000
P061,2026-04-26,115000,0.0,115000
P061,2026-04-27,115000,0.0,115000
P061,2026-04-28,115000,0.0,115000
P061,2026-04-29,115000,0.0,115000
P061,2026-04-30,115000,0.0,115000
P061,2026-05-01,115000,0.0,115000
P061,2026-05-02,115000,0.0,115000
P061,2026-05-03,115000,0.0,115000
P061,2026-05-04,115000,0.0,115000
P061,2026-05-05,115000,0.0,115000
P061,2026-05-06,115000,0.0,115000
P061,2026-05-07,115000,0.0,115000
P061,2026-05-08,115000,0.0,115000
P061,2026-05-09,115000,0.0,115000
P061,2026-05-10,115000,0.0,115000
P061,2026-05-11,115000,0.0,115000
P061,2026-05-12,115000,0.0,115000
P061,2026-05-13,115000,0.0,115000
P061,2026-05-14,115000,0.0,115000
P061,2026-05-15,115000,0.0,115000
P061,2026-05-16,115000,0.0,115000
P061,2026-05-17,115000,0.0,115000
P061,2026-05-18,115000,0.0,115000
P061,2026-05-19,115000,0.0,115000
P061,2026-05-20,115000,0.0,115000
P061,2026-05-21,115000,0.0,115000
P061,2026-05-22,115000,0.0,115000
P061,2026-05-23,115000,0.0,115000
P061,2026-05-24,115000,0.0,115000
P061,2026-05-25,115000,0.0,115000
P061,2026-05-26,115000,0.0,115000
P061,2026-05-27,115000,0.0,115000
P061,2026-05-28,115000,0.0,115000
P061,2026-05-29,115000,0.0,115000
P061,2026-05-30,115000,0.0,115000
P061,2026-05-31,115000,0.0,115000
P061,2026-06-01,115000,0.0,115000
P061,2026-06-02,115000,0.0,115000
P061,2026-06-03,115000,0.0,115000
P061,2026-06-04,115000,0.0,115000
P061,2026-06-05,115000,0.0,115000
P061,2026-06-06,115000,0.0,115000
P061,2026-06-07,115000,0.0,115000
P061,2026-06-08,115000,0.0,115000
P061,2026-06-09,115000,0.0,115000
P061,2026-06-10,115000,0.0,115000
P061,2026-06-11,115000,0.0,115000
P061,2026-06-12,115000,0.0,115000
P061,2026-06-13,115000,0.0,115000
P061,2026-06-14,115000,0.0,115000
P061,2026-06-15,115000,0.0,115000
P061,2026-06-16,115000,0.0,115000
P061,2026-06-17,115000,0.0,115000
P061,2026-06-18,115000,0.0,115000
P061,2026-06-19,115000,0.0,115000
P061,2026-06-20,115000,0.0,115000
P061,2026-06-21,115000,0.0,115000
P061,2026-06-22,115000,0.0,115000
P061,2026-06-23,115000,0.0,115000
P061,2026-06-24,115000,0.0,115000
P061,2026-06-25,115000,0.0,115000
P061,2026-06-26,115000,0.0,115000
P061,2026-06-27,115000,0.0,115000
P061,2026-06-28,115000,0.0,115000
P061,2026-06-29,115000,0.0,115000
P061,2026-06-30,115000,0.0,115000
P062,2026-01-01,86000,0.0,86000
P062,2026-01-02,86000,0.0,86000
P062,2026-01-03,86000,0.0,86000
P062,2026-01-04,86000,0.0,86000
P062,2026-01-05,86000,0.0,86000
P062,2026-01-06,86000,0.0,86000
P062,2026-01-07,86000,0.0,86000
P062,2026-01-08,86000,0.0,86000
P062,2026-01-09,86000,0.0,86000
P062,2026-01-10,86000,0.0,86000
P062,2026-01-11,86000,0.0,86000
P062,2026-01-12,86000,0.0,86000
P062,2026-01-13,86000,0.0,86000
P062,2026-01-14,86000,0.0,86000
P062,2026-01-15,86000,0.0,86000
P062,2026-01-16,86000,0.0,86000
P062,2026-01-17,86000,0.0,86000
P062,2026-01-18,86000,0.0,86000
P062,2026-01-19,86000,0.0,86000
P062,2026-01-20,86000,0.0,86000
P062,2026-01-21,86000,0.0,86000
P062,2026-01-22,86000,0.0,86000
P062,2026-01-23,86000,0.0,86000
P062,2026-01-24,86000,0.0,86000
P062,2026-01-25,86000,0.0,86000
P062,2026-01-26,86000,0.0,86000
P062,2026-01-27,86000,0.0,86000
P062,2026-01-28,86000,0.0,86000
P062,2026-01-29,86000,0.0,86000
P062,2026-01-30,86000,0.0,86000
P062,2026-01-31,86000,0.0,86000
P062,2026-02-01,86000,0.0,86000
P062,2026-02-02,86000,0.0,86000
P062,2026-02-03,86000,0.0,86000
P062,2026-02-04,86000,0.0,86000
P062,2026-02-05,86000,0.0,86000
P062,2026-02-06,86000,0.0,86000
P062,2026-02-07,86000,0.0,86000
P062,2026-02-08,86000,0.0,86000
P062,2026-02-09,86000,0.0,86000
P062,2026-02-10,86000,0.0,86000
P062,2026-02-11,86000,0.0,86000
P062,2026-02-12,86000,0.0,86000
P062,2026-02-13,86000,0.0,86000
P062,2026-02-14,86000,0.0,86000
P062,2026-02-15,86000,0.0,86000
P062,2026-02-16,86000,0.0,86000
P062,2026-02-17,86000,0.0,86000
P062,2026-02-18,86000,0.0,86000
P062,2026-02-19,86000,0.0,86000
P062,2026-02-20,86000,0.0,86000
P062,2026-02-21,86000,0.0,86000
P062,2026-02-22,86000,0.0,86000
P062,2026-02-23,86000,0.0,86000
P062,2026-02-24,86000,0.0,86000
P062,2026-02-25,86000,0.0,86000
P062,2026-02-26,86000,0.0,86000
P062,2026-02-27,86000,0.0,86000
P062,2026-02-28,86000,0.0,86000
P062,2026-03-01,86000,0.0,86000
P062,2026-03-02,86000,0.0,86000
P062,2026-03-03,86000,0.0,86000
P062,2026-03-04,86000,0.0,86000
P062,2026-03-05,86000,0.0,86000
P062,2026-03-06,86000,0.0,86000
P062,2026-03-07,86000,0.0,86000
P062,2026-03-08,86000,0.0,86000
P062,2026-03-09,86000,0.0,86000
P062,2026-03-10,86000,0.0,86000
P062,2026-03-11,86000,0.0,86000
P062,2026-03-12,86000,0.0,86000
P062,2026-03-13,86000,0.0,86000
P062,2026-03-14,86000,0.0,86000
P062,2026-03-15,86000,0.0,86000
P062,2026-03-16,86000,0.0,86000
P062,2026-03-17,86000,0.0,86000
P062,2026-03-18,86000,0.0,86000
P062,2026-03-19,86000,0.0,86000
P062,2026-03-20,86000,0.0,86000
P062,2026-03-21,86000,0.0,86000
P062,2026-03-22,86000,0.0,86000
P062,2026-03-23,86000,0.0,86000
P062,2026-03-24,86000,0.0,86000
P062,2026-03-25,86000,0.0,86000
P062,2026-03-26,86000,0.0,86000
P062,2026-03-27,86000,0.0,86000
P062,2026-03-28,86000,0.0,86000
P062,2026-03-29,86000,0.0,86000
P062,2026-03-30,86000,0.0,86000
P062,2026-03-31,86000,0.0,86000
P062,2026-04-01,86000,0.0,86000
P062,2026-04-02,86000,0.0,86000
P062,2026-04-03,86000,0.0,86000
P062,2026-04-04,86000,0.0,86000
P062,2026-04-05,86000,0.0,86000
P062,2026-04-06,86000,0.0,86000
P062,2026-04-07,86000,0.0,86000
P062,2026-04-08,86000,0.0,86000
P062,2026-04-09,86000,0.0,86000
P062,2026-04-10,86000,0.0,86000
P062,2026-04-11,86000,0.0,86000
P062,2026-04-12,86000,0.0,86000
P062,2026-04-13,86000,0.0,86000
P062,2026-04-14,86000,0.0,86000
P062,2026-04-15,86000,0.0,86000
P062,2026-04-16,86000,0.0,86000
P062,2026-04-17,86000,0.0,86000
P062,2026-04-18,86000,0.0,86000
P062,2026-04-19,86000,0.0,86000
P062,2026-04-20,86000,0.0,86000
P062,2026-04-21,86000,0.0,86000
P062,2026-04-22,86000,0.0,86000
P062,2026-04-23,86000,0.0,86000
P062,2026-04-24,86000,0.0,86000
P062,2026-04-25,86000,0.0,86000
P062,2026-04-26,86000,0.0,86000
P062,2026-04-27,86000,0.0,86000
P062,2026-04-28,86000,0.0,86000
P062,2026-04-29,86000,0.0,86000
P062,2026-04-30,86000,0.0,86000
P062,2026-05-01,86000,0.0,86000
P062,2026-05-02,86000,0.0,86000
P062,2026-05-03,86000,0.0,86000
P062,2026-05-04,86000,0.0,86000
P062,2026-05-05,86000,0.0,86000
P062,2026-05-06,86000,0.0,86000
P062,2026-05-07,86000,0.0,86000
P062,2026-05-08,86000,0.0,86000
P062,2026-05-09,86000,0.0,86000
P062,2026-05-10,86000,0.0,86000
P062,2026-05-11,86000,0.0,86000
P062,2026-05-12,86000,0.0,86000
P062,2026-05-13,86000,0.0,86000
P062,2026-05-14,86000,0.0,86000
P062,2026-05-15,86000,0.0,86000
P062,2026-05-16,86000,0.0,86000
P062,2026-05-17,86000,0.0,86000
P062,2026-05-18,86000,0.0,86000
P062,2026-05-19,86000,0.0,86000
P062,2026-05-20,86000,0.0,86000
P062,2026-05-21,86000,0.0,86000
P062,2026-05-22,86000,0.0,86000
P062,2026-05-23,86000,0.0,86000
P062,2026-05-24,86000,0.0,86000
P062,2026-05-25,86000,0.0,86000
P062,2026-05-26,86000,0.0,86000
P062,2026-05-27,86000,0.0,86000
P062,2026-05-28,86000,0.0,86000
P062,2026-05-29,86000,0.0,86000
P062,2026-05-30,86000,0.0,86000
P062,2026-05-31,86000,0.0,86000
P062,2026-06-01,86000,0.0,86000
P062,2026-06-02,86000,0.0,86000
P062,2026-06-03,86000,0.0,86000
P062,2026-06-04,86000,0.0,86000
P062,2026-06-05,86000,0.0,86000
P062,2026-06-06,86000,0.0,86000
P062,2026-06-07,86000,0.0,86000
P062,2026-06-08,86000,0.0,86000
P062,2026-06-09,86000,0.0,86000
P062,2026-06-10,86000,0.0,86000
P062,2026-06-11,86000,0.0,86000
P062,2026-06-12,86000,0.0,86000
P062,2026-06-13,86000,0.0,86000
P062,2026-06-14,86000,0.0,86000
P062,2026-06-15,86000,0.0,86000
P062,2026-06-16,86000,0.0,86000
P062,2026-06-17,86000,0.0,86000
P062,2026-06-18,86000,0.0,86000
P062,2026-06-19,86000,0.0,86000
P062,2026-06-20,86000,0.0,86000
P062,2026-06-21,86000,0.0,86000
P062,2026-06-22,86000,0.0,86000
P062,2026-06-23,86000,0.0,86000
P062,2026-06-24,86000,0.0,86000
P062,2026-06-25,86000,0.0,86000
P062,2026-06-26,86000,0.0,86000
P062,2026-06-27,86000,0.0,86000
P062,2026-06-28,86000,0.0,86000
P062,2026-06-29,86000,0.0,86000
P062,2026-06-30,86000,0.0,86000
P063,2026-01-01,124000,0.0,124000
P063,2026-01-02,124000,0.0,124000
P063,2026-01-03,124000,0.0,124000
P063,2026-01-04,124000,0.0,124000
P063,2026-01-05,124000,0.0,124000
P063,2026-01-06,124000,0.0,124000
P063,2026-01-07,124000,0.0,124000
P063,2026-01-08,124000,0.0,124000
P063,2026-01-09,124000,0.0,124000
P063,2026-01-10,124000,0.0,124000
P063,2026-01-11,124000,0.0,124000
P063,2026-01-12,124000,0.0,124000
P063,2026-01-13,124000,0.0,124000
P063,2026-01-14,124000,0.0,124000
P063,2026-01-15,124000,0.0,124000
P063,2026-01-16,124000,0.0,124000
P063,2026-01-17,124000,0.0,124000
P063,2026-01-18,124000,0.0,124000
P063,2026-01-19,124000,0.0,124000
P063,2026-01-20,124000,0.0,124000
P063,2026-01-21,124000,0.0,124000
P063,2026-01-22,124000,0.0,124000
P063,2026-01-23,124000,0.0,124000
P063,2026-01-24,124000,0.0,124000
P063,2026-01-25,124000,0.0,124000
P063,2026-01-26,124000,0.0,124000
P063,2026-01-27,124000,0.0,124000
P063,2026-01-28,124000,0.0,124000
P063,2026-01-29,124000,0.0,124000
P063,2026-01-30,124000,0.0,124000
P063,2026-01-31,124000,0.0,124000
P063,2026-02-01,124000,0.0,124000
P063,2026-02-02,124000,0.0,124000
P063,2026-02-03,124000,0.0,124000
P063,2026-02-04,124000,0.0,124000
P063,2026-02-05,124000,0.0,124000
P063,2026-02-06,124000,0.0,124000
P063,2026-02-07,124000,0.0,124000
P063,2026-02-08,124000,0.0,124000
P063,2026-02-09,124000,0.0,124000
P063,2026-02-10,124000,0.0,124000
P063,2026-02-11,124000,0.0,124000
P063,2026-02-12,124000,0.0,124000
P063,2026-02-13,124000,0.0,124000
P063,2026-02-14,124000,0.0,124000
P063,2026-02-15,124000,0.0,124000
P063,2026-02-16,124000,0.0,124000
P063,2026-02-17,124000,0.0,124000
P063,2026-02-18,124000,0.0,124000
P063,2026-02-19,124000,0.0,124000
P063,2026-02-20,124000,0.0,124000
P063,2026-02-21,124000,0.0,124000
P063,2026-02-22,124000,0.0,124000
P063,2026-02-23,124000,0.0,124000
P063,2026-02-24,124000,0.0,124000
P063,2026-02-25,124000,0.0,124000
P063,2026-02-26,124000,0.0,124000
P063,2026-02-27,124000,0.0,124000
P063,2026-02-28,124000,0.0,124000
P063,2026-03-01,124000,0.0,124000
P063,2026-03-02,124000,0.0,124000
P063,2026-03-03,124000,0.0,124000
P063,2026-03-04,124000,0.0,124000
P063,2026-03-05,124000,0.0,124000
P063,2026-03-06,124000,0.0,124000
P063,2026-03-07,124000,0.0,124000
P063,2026-03-08,124000,0.0,124000
P063,2026-03-09,124000,0.0,124000
P063,2026-03-10,124000,0.0,124000
P063,2026-03-11,124000,0.0,124000
P063,2026-03-12,124000,0.0,124000
P063,2026-03-13,124000,0.0,124000
P063,2026-03-14,124000,0.0,124000
P063,2026-03-15,124000,0.0,124000
P063,2026-03-16,124000,0.0,124000
P063,2026-03-17,124000,0.0,124000
P063,2026-03-18,124000,0.0,124000
P063,2026-03-19,124000,0.0,124000
P063,2026-03-20,124000,0.0,124000
P063,2026-03-21,124000,0.0,124000
P063,2026-03-22,124000,0.0,124000
P063,2026-03-23,124000,0.0,124000
P063,2026-03-24,124000,0.0,124000
P063,2026-03-25,124000,0.0,124000
P063,2026-03-26,124000,0.0,124000
P063,2026-03-27,124000,0.0,124000
P063,2026-03-28,124000,0.0,124000
P063,2026-03-29,124000,0.0,124000
P063,2026-03-30,124000,0.0,124000
P063,2026-03-31,124000,0.0,124000
P063,2026-04-01,124000,0.0,124000
P063,2026-04-02,124000,0.0,124000
P063,2026-04-03,124000,0.0,124000
P063,2026-04-04,124000,0.0,124000
P063,2026-04-05,124000,0.0,124000
P063,2026-04-06,124000,0.0,124000
P063,2026-04-07,124000,0.0,124000
P063,2026-04-08,124000,0.0,124000
P063,2026-04-09,124000,0.0,124000
P063,2026-04-10,124000,0.0,124000
P063,2026-04-11,124000,0.0,124000
P063,2026-04-12,124000,0.0,124000
P063,2026-04-13,124000,0.0,124000
P063,2026-04-14,124000,0.0,124000
P063,2026-04-15,124000,0.0,124000
P063,2026-04-16,124000,0.0,124000
P063,2026-04-17,124000,0.0,124000
P063,2026-04-18,124000,0.0,124000
P063,2026-04-19,124000,0.0,124000
P063,2026-04-20,124000,0.0,124000
P063,2026-04-21,124000,0.0,124000
P063,2026-04-22,124000,0.0,124000
P063,2026-04-23,124000,0.0,124000
P063,2026-04-24,124000,0.0,124000
P063,2026-04-25,124000,0.0,124000
P063,2026-04-26,124000,0.0,124000
P063,2026-04-27,124000,0.0,124000
P063,2026-04-28,124000,0.0,124000
P063,2026-04-29,124000,0.0,124000
P063,2026-04-30,124000,0.0,124000
P063,2026-05-01,124000,0.0,124000
P063,2026-05-02,124000,0.0,124000
P063,2026-05-03,124000,0.0,124000
P063,2026-05-04,124000,0.0,124000
P063,2026-05-05,124000,0.0,124000
P063,2026-05-06,124000,0.0,124000
P063,2026-05-07,124000,0.0,124000
P063,2026-05-08,124000,0.0,124000
P063,2026-05-09,124000,0.0,124000
P063,2026-05-10,124000,0.0,124000
P063,2026-05-11,124000,0.0,124000
P063,2026-05-12,124000,0.0,124000
P063,2026-05-13,124000,0.0,124000
P063,2026-05-14,124000,0.0,124000
P063,2026-05-15,124000,0.0,124000
P063,2026-05-16,124000,0.0,124000
P063,2026-05-17,124000,0.0,124000
P063,2026-05-18,124000,0.0,124000
P063,2026-05-19,124000,0.0,124000
P063,2026-05-20,124000,0.0,124000
P063,2026-05-21,124000,0.0,124000
P063,2026-05-22,124000,0.0,124000
P063,2026-05-23,124000,0.0,124000
P063,2026-05-24,124000,0.0,124000
P063,2026-05-25,124000,0.0,124000
P063,2026-05-26,124000,0.0,124000
P063,2026-05-27,124000,0.0,124000
P063,2026-05-28,124000,0.0,124000
P063,2026-05-29,124000,0.0,124000
P063,2026-05-30,124000,0.0,124000
P063,2026-05-31,124000,0.0,124000
P063,2026-06-01,124000,0.0,124000
P063,2026-06-02,124000,0.0,124000
P063,2026-06-03,124000,0.0,124000
P063,2026-06-04,124000,0.0,124000
P063,2026-06-05,124000,0.0,124000
P063,2026-06-06,124000,0.0,124000
P063,2026-06-07,124000,0.0,124000
P063,2026-06-08,124000,0.0,124000
P063,2026-06-09,124000,0.0,124000
P063,2026-06-10,124000,0.0,124000
P063,2026-06-11,124000,0.0,124000
P063,2026-06-12,124000,0.0,124000
P063,2026-06-13,124000,0.0,124000
P063,2026-06-14,124000,0.0,124000
P063,2026-06-15,124000,0.0,124000
P063,2026-06-16,124000,0.0,124000
P063,2026-06-17,124000,0.0,124000
P063,2026-06-18,124000,0.0,124000
P063,2026-06-19,124000,0.0,124000
P063,2026-06-20,124000,0.0,124000
P063,2026-06-21,124000,0.0,124000
P063,2026-06-22,124000,0.0,124000
P063,2026-06-23,124000,0.0,124000
P063,2026-06-24,124000,0.0,124000
P063,2026-06-25,124000,0.0,124000
P063,2026-06-26,124000,0.0,124000
P063,2026-06-27,124000,0.0,124000
P063,2026-06-28,124000,0.0,124000
P063,2026-06-29,124000,0.0,124000
P063,2026-06-30,124000,0.0,124000
P064,2026-01-01,127000,0.0,127000
P064,2026-01-02,127000,0.0,127000
P064,2026-01-03,127000,0.0,127000
P064,2026-01-04,127000,0.0,127000
P064,2026-01-05,127000,0.0,127000
P064,2026-01-06,127000,0.0,127000
P064,2026-01-07,127000,0.0,127000
P064,2026-01-08,127000,0.0,127000
P064,2026-01-09,127000,0.0,127000
P064,2026-01-10,127000,0.0,127000
P064,2026-01-11,127000,0.0,127000
P064,2026-01-12,127000,0.0,127000
P064,2026-01-13,127000,0.0,127000
P064,2026-01-14,127000,0.0,127000
P064,2026-01-15,127000,0.0,127000
P064,2026-01-16,127000,0.0,127000
P064,2026-01-17,127000,0.0,127000
P064,2026-01-18,127000,0.0,127000
P064,2026-01-19,127000,0.0,127000
P064,2026-01-20,127000,0.0,127000
P064,2026-01-21,127000,0.0,127000
P064,2026-01-22,127000,0.0,127000
P064,2026-01-23,127000,0.0,127000
P064,2026-01-24,127000,0.0,127000
P064,2026-01-25,127000,0.0,127000
P064,2026-01-26,127000,0.0,127000
P064,2026-01-27,127000,0.0,127000
P064,2026-01-28,127000,0.0,127000
P064,2026-01-29,127000,0.0,127000
P064,2026-01-30,127000,0.0,127000
P064,2026-01-31,127000,0.0,127000
P064,2026-02-01,127000,0.0,127000
P064,2026-02-02,127000,0.0,127000
P064,2026-02-03,127000,0.0,127000
P064,2026-02-04,127000,0.0,127000
P064,2026-02-05,127000,0.0,127000
P064,2026-02-06,127000,0.0,127000
P064,2026-02-07,127000,0.0,127000
P064,2026-02-08,127000,0.0,127000
P064,2026-02-09,127000,0.0,127000
P064,2026-02-10,127000,0.0,127000
P064,2026-02-11,127000,0.0,127000
P064,2026-02-12,127000,0.0,127000
P064,2026-02-13,127000,0.0,127000
P064,2026-02-14,127000,0.0,127000
P064,2026-02-15,127000,0.0,127000
P064,2026-02-16,127000,0.0,127000
P064,2026-02-17,127000,0.0,127000
P064,2026-02-18,127000,0.0,127000
P064,2026-02-19,127000,0.0,127000
P064,2026-02-20,127000,0.0,127000
P064,2026-02-21,127000,0.0,127000
P064,2026-02-22,127000,0.0,127000
P064,2026-02-23,127000,0.0,127000
P064,2026-02-24,127000,0.0,127000
P064,2026-02-25,127000,0.0,127000
P064,2026-02-26,127000,0.0,127000
P064,2026-02-27,127000,0.0,127000
P064,2026-02-28,127000,0.0,127000
P064,2026-03-01,127000,0.0,127000
P064,2026-03-02,127000,0.0,127000
P064,2026-03-03,127000,0.0,127000
P064,2026-03-04,127000,0.0,127000
P064,2026-03-05,127000,0.0,127000
P064,2026-03-06,127000,0.0,127000
P064,2026-03-07,127000,0.0,127000
P064,2026-03-08,127000,0.0,127000
P064,2026-03-09,127000,0.0,127000
P064,2026-03-10,127000,0.0,127000
P064,2026-03-11,127000,0.0,127000
P064,2026-03-12,127000,0.0,127000
P064,2026-03-13,127000,0.0,127000
P064,2026-03-14,127000,0.0,127000
P064,2026-03-15,127000,0.0,127000
P064,2026-03-16,127000,0.0,127000
P064,2026-03-17,127000,0.0,127000
P064,2026-03-18,127000,0.0,127000
P064,2026-03-19,127000,0.0,127000
P064,2026-03-20,127000,0.0,127000
P064,2026-03-21,127000,0.0,127000
P064,2026-03-22,127000,0.0,127000
P064,2026-03-23,127000,0.0,127000
P064,2026-03-24,127000,0.0,127000
P064,2026-03-25,127000,0.0,127000
P064,2026-03-26,127000,0.0,127000
P064,2026-03-27,127000,0.0,127000
P064,2026-03-28,127000,0.0,127000
P064,2026-03-29,127000,0.0,127000
P064,2026-03-30,127000,0.0,127000
P064,2026-03-31,127000,0.0,127000
P064,2026-04-01,127000,0.0,127000
P064,2026-04-02,127000,0.0,127000
P064,2026-04-03,127000,0.0,127000
P064,2026-04-04,127000,0.0,127000
P064,2026-04-05,127000,0.0,127000
P064,2026-04-06,127000,0.0,127000
P064,2026-04-07,127000,0.0,127000
P064,2026-04-08,127000,0.0,127000
P064,2026-04-09,127000,0.0,127000
P064,2026-04-10,127000,0.0,127000
P064,2026-04-11,127000,0.0,127000
P064,2026-04-12,127000,0.0,127000
P064,2026-04-13,127000,0.0,127000
P064,2026-04-14,127000,0.0,127000
P064,2026-04-15,127000,0.0,127000
P064,2026-04-16,127000,0.0,127000
P064,2026-04-17,127000,0.0,127000
P064,2026-04-18,127000,0.0,127000
P064,2026-04-19,127000,0.0,127000
P064,2026-04-20,127000,0.0,127000
P064,2026-04-21,127000,0.0,127000
P064,2026-04-22,127000,0.0,127000
P064,2026-04-23,127000,0.0,127000
P064,2026-04-24,127000,0.0,127000
P064,2026-04-25,127000,0.0,127000
P064,2026-04-26,127000,0.0,127000
P064,2026-04-27,127000,0.0,127000
P064,2026-04-28,127000,0.0,127000
P064,2026-04-29,127000,0.0,127000
P064,2026-04-30,127000,0.0,127000
P064,2026-05-01,127000,0.0,127000
P064,2026-05-02,127000,0.0,127000
P064,2026-05-03,127000,0.0,127000
P064,2026-05-04,127000,0.0,127000
P064,2026-05-05,127000,0.0,127000
P064,2026-05-06,127000,0.0,127000
P064,2026-05-07,127000,0.0,127000
P064,2026-05-08,127000,0.0,127000
P064,2026-05-09,127000,0.0,127000
P064,2026-05-10,127000,0.0,127000
P064,2026-05-11,127000,0.0,127000
P064,2026-05-12,127000,0.0,127000
P064,2026-05-13,127000,0.0,127000
P064,2026-05-14,127000,0.0,127000
P064,2026-05-15,127000,0.0,127000
P064,2026-05-16,127000,0.0,127000
P064,2026-05-17,127000,0.0,127000
P064,2026-05-18,127000,0.0,127000
P064,2026-05-19,127000,0.0,127000
P064,2026-05-20,127000,0.0,127000
P064,2026-05-21,127000,0.0,127000
P064,2026-05-22,127000,0.0,127000
P064,2026-05-23,127000,0.0,127000
P064,2026-05-24,127000,0.0,127000
P064,2026-05-25,127000,0.0,127000
P064,2026-05-26,127000,0.0,127000
P064,2026-05-27,127000,0.0,127000
P064,2026-05-28,127000,0.0,127000
P064,2026-05-29,127000,0.0,127000
P064,2026-05-30,127000,0.0,127000
P064,2026-05-31,127000,0.0,127000
P064,2026-06-01,127000,0.0,127000
P064,2026-06-02,127000,0.0,127000
P064,2026-06-03,127000,0.0,127000
P064,2026-06-04,127000,0.0,127000
P064,2026-06-05,127000,0.0,127000
P064,2026-06-06,127000,0.0,127000
P064,2026-06-07,127000,0.0,127000
P064,2026-06-08,127000,0.0,127000
P064,2026-06-09,127000,0.0,127000
P064,2026-06-10,127000,0.0,127000
P064,2026-06-11,127000,0.0,127000
P064,2026-06-12,127000,0.0,127000
P064,2026-06-13,127000,0.0,127000
P064,2026-06-14,127000,0.0,127000
P064,2026-06-15,127000,0.0,127000
P064,2026-06-16,127000,0.0,127000
P064,2026-06-17,127000,0.0,127000
P064,2026-06-18,127000,0.0,127000
P064,2026-06-19,127000,0.0,127000
P064,2026-06-20,127000,0.0,127000
P064,2026-06-21,127000,0.0,127000
P064,2026-06-22,127000,0.0,127000
P064,2026-06-23,127000,0.0,127000
P064,2026-06-24,127000,0.0,127000
P064,2026-06-25,127000,0.0,127000
P064,2026-06-26,127000,0.0,127000
P064,2026-06-27,127000,0.0,127000
P064,2026-06-28,127000,0.0,127000
P064,2026-06-29,127000,0.0,127000
P064,2026-06-30,127000,0.0,127000
P065,2026-01-01,119000,0.0,119000
P065,2026-01-02,119000,0.0,119000
P065,2026-01-03,119000,0.0,119000
P065,2026-01-04,119000,0.0,119000
P065,2026-01-05,119000,0.0,119000
P065,2026-01-06,119000,0.0,119000
P065,2026-01-07,119000,0.0,119000
P065,2026-01-08,119000,0.0,119000
P065,2026-01-09,119000,0.0,119000
P065,2026-01-10,119000,0.0,119000
P065,2026-01-11,119000,0.0,119000
P065,2026-01-12,119000,0.0,119000
P065,2026-01-13,119000,0.0,119000
P065,2026-01-14,119000,0.0,119000
P065,2026-01-15,119000,0.0,119000
P065,2026-01-16,119000,0.0,119000
P065,2026-01-17,119000,0.0,119000
P065,2026-01-18,119000,0.0,119000
P065,2026-01-19,119000,0.0,119000
P065,2026-01-20,119000,0.0,119000
P065,2026-01-21,119000,0.0,119000
P065,2026-01-22,119000,0.0,119000
P065,2026-01-23,119000,0.0,119000
P065,2026-01-24,119000,0.0,119000
P065,2026-01-25,119000,0.0,119000
P065,2026-01-26,119000,0.0,119000
P065,2026-01-27,119000,0.0,119000
P065,2026-01-28,119000,0.0,119000
P065,2026-01-29,119000,0.0,119000
P065,2026-01-30,119000,0.0,119000
P065,2026-01-31,119000,0.0,119000
P065,2026-02-01,119000,0.0,119000
P065,2026-02-02,119000,0.0,119000
P065,2026-02-03,119000,0.0,119000
P065,2026-02-04,119000,0.0,119000
P065,2026-02-05,119000,0.0,119000
P065,2026-02-06,119000,0.0,119000
P065,2026-02-07,119000,0.0,119000
P065,2026-02-08,119000,0.0,119000
P065,2026-02-09,119000,0.0,119000
P065,2026-02-10,119000,0.0,119000
P065,2026-02-11,119000,0.0,119000
P065,2026-02-12,119000,0.0,119000
P065,2026-02-13,119000,0.0,119000
P065,2026-02-14,119000,0.0,119000
P065,2026-02-15,119000,0.0,119000
P065,2026-02-16,119000,0.0,119000
P065,2026-02-17,119000,0.0,119000
P065,2026-02-18,119000,0.0,119000
P065,2026-02-19,119000,0.0,119000
P065,2026-02-20,119000,0.0,119000
P065,2026-02-21,119000,0.0,119000
P065,2026-02-22,119000,0.0,119000
P065,2026-02-23,119000,0.0,119000
P065,2026-02-24,119000,0.0,119000
P065,2026-02-25,119000,0.0,119000
P065,2026-02-26,119000,0.0,119000
P065,2026-02-27,119000,0.0,119000
P065,2026-02-28,119000,0.0,119000
P065,2026-03-01,119000,0.0,119000
P065,2026-03-02,119000,0.0,119000
P065,2026-03-03,119000,0.2,95200
P065,2026-03-04,119000,0.2,95200
P065,2026-03-05,119000,0.2,95200
P065,2026-03-06,119000,0.2,95200
P065,2026-03-07,119000,0.2,95200
P065,2026-03-08,119000,0.2,95200
P065,2026-03-09,119000,0.2,95200
P065,2026-03-10,119000,0.2,95200
P065,2026-03-11,119000,0.2,95200
P065,2026-03-12,119000,0.2,95200
P065,2026-03-13,119000,0.2,95200
P065,2026-03-14,119000,0.2,95200
P065,2026-03-15,119000,0.2,95200
P065,2026-03-16,119000,0.2,95200
P065,2026-03-17,119000,0.2,95200
P065,2026-03-18,119000,0.2,95200
P065,2026-03-19,119000,0.2,95200
P065,2026-03-20,119000,0.2,95200
P065,2026-03-21,119000,0.2,95200
P065,2026-03-22,119000,0.2,95200
P065,2026-03-23,119000,0.2,95200
P065,2026-03-24,119000,0.2,95200
P065,2026-03-25,119000,0.2,95200
P065,2026-03-26,119000,0.2,95200
P065,2026-03-27,119000,0.2,95200
P065,2026-03-28,119000,0.2,95200
P065,2026-03-29,119000,0.2,95200
P065,2026-03-30,119000,0.2,95200
P065,2026-03-31,119000,0.2,95200
P065,2026-04-01,119000,0.2,95200
P065,2026-04-02,119000,0.3,83300
P065,2026-04-03,119000,0.3,83300
P065,2026-04-04,119000,0.3,83300
P065,2026-04-05,119000,0.3,83300
P065,2026-04-06,119000,0.3,83300
P065,2026-04-07,119000,0.3,83300
P065,2026-04-08,119000,0.3,83300
P065,2026-04-09,119000,0.3,83300
P065,2026-04-10,119000,0.3,83300
P065,2026-04-11,119000,0.3,83300
P065,2026-04-12,119000,0.3,83300
P065,2026-04-13,119000,0.3,83300
P065,2026-04-14,119000,0.3,83300
P065,2026-04-15,119000,0.3,83300
P065,2026-04-16,119000,0.3,83300
P065,2026-04-17,119000,0.3,83300
P065,2026-04-18,119000,0.3,83300
P065,2026-04-19,119000,0.3,83300
P065,2026-04-20,119000,0.3,83300
P065,2026-04-21,119000,0.3,83300
P065,2026-04-22,119000,0.3,83300
P065,2026-04-23,119000,0.3,83300
P065,2026-04-24,119000,0.3,83300
P065,2026-04-25,119000,0.3,83300
P065,2026-04-26,119000,0.3,83300
P065,2026-04-27,119000,0.3,83300
P065,2026-04-28,119000,0.3,83300
P065,2026-04-29,119000,0.3,83300
P065,2026-04-30,119000,0.3,83300
P065,2026-05-01,119000,0.3,83300
P065,2026-05-02,119000,0.3,83300
P065,2026-05-03,119000,0.3,83300
P065,2026-05-04,119000,0.3,83300
P065,2026-05-05,119000,0.3,83300
P065,2026-05-06,119000,0.3,83300
P065,2026-05-07,119000,0.3,83300
P065,2026-05-08,119000,0.3,83300
P065,2026-05-09,119000,0.3,83300
P065,2026-05-10,119000,0.3,83300
P065,2026-05-11,119000,0.3,83300
P065,2026-05-12,119000,0.3,83300
P065,2026-05-13,119000,0.3,83300
P065,2026-05-14,119000,0.3,83300
P065,2026-05-15,119000,0.3,83300
P065,2026-05-16,119000,0.3,83300
P065,2026-05-17,119000,0.3,83300
P065,2026-05-18,119000,0.3,83300
P065,2026-05-19,119000,0.3,83300
P065,2026-05-20,119000,0.3,83300
P065,2026-05-21,119000,0.3,83300
P065,2026-05-22,119000,0.3,83300
P065,2026-05-23,119000,0.3,83300
P065,2026-05-24,119000,0.3,83300
P065,2026-05-25,119000,0.3,83300
P065,2026-05-26,119000,0.3,83300
P065,2026-05-27,119000,0.3,83300
P065,2026-05-28,119000,0.3,83300
P065,2026-05-29,119000,0.3,83300
P065,2026-05-30,119000,0.3,83300
P065,2026-05-31,119000,0.3,83300
P065,2026-06-01,119000,0.3,83300
P065,2026-06-02,119000,0.3,83300
P065,2026-06-03,119000,0.3,83300
P065,2026-06-04,119000,0.3,83300
P065,2026-06-05,119000,0.3,83300
P065,2026-06-06,119000,0.3,83300
P065,2026-06-07,119000,0.3,83300
P065,2026-06-08,119000,0.3,83300
P065,2026-06-09,119000,0.3,83300
P065,2026-06-10,119000,0.3,83300
P065,2026-06-11,119000,0.3,83300
P065,2026-06-12,119000,0.3,83300
P065,2026-06-13,119000,0.3,83300
P065,2026-06-14,119000,0.3,83300
P065,2026-06-15,119000,0.3,83300
P065,2026-06-16,119000,0.3,83300
P065,2026-06-17,119000,0.3,83300
P065,2026-06-18,119000,0.3,83300
P065,2026-06-19,119000,0.3,83300
P065,2026-06-20,119000,0.3,83300
P065,2026-06-21,119000,0.3,83300
P065,2026-06-22,119000,0.3,83300
P065,2026-06-23,119000,0.3,83300
P065,2026-06-24,119000,0.3,83300
P065,2026-06-25,119000,0.3,83300
P065,2026-06-26,119000,0.3,83300
P065,2026-06-27,119000,0.3,83300
P065,2026-06-28,119000,0.3,83300
P065,2026-06-29,119000,0.3,83300
P065,2026-06-30,119000,0.3,83300
P066,2026-01-01,110000,0.0,110000
P066,2026-01-02,110000,0.0,110000
P066,2026-01-03,110000,0.0,110000
P066,2026-01-04,110000,0.0,110000
P066,2026-01-05,110000,0.0,110000
P066,2026-01-06,110000,0.0,110000
P066,2026-01-07,110000,0.0,110000
P066,2026-01-08,110000,0.0,110000
P066,2026-01-09,110000,0.0,110000
P066,2026-01-10,110000,0.0,110000
P066,2026-01-11,110000,0.0,110000
P066,2026-01-12,110000,0.0,110000
P066,2026-01-13,110000,0.0,110000
P066,2026-01-14,110000,0.0,110000
P066,2026-01-15,110000,0.0,110000
P066,2026-01-16,110000,0.0,110000
P066,2026-01-17,110000,0.0,110000
P066,2026-01-18,110000,0.0,110000
P066,2026-01-19,110000,0.0,110000
P066,2026-01-20,110000,0.0,110000
P066,2026-01-21,110000,0.0,110000
P066,2026-01-22,110000,0.0,110000
P066,2026-01-23,110000,0.0,110000
P066,2026-01-24,110000,0.0,110000
P066,2026-01-25,110000,0.0,110000
P066,2026-01-26,110000,0.0,110000
P066,2026-01-27,110000,0.0,110000
P066,2026-01-28,110000,0.0,110000
P066,2026-01-29,110000,0.0,110000
P066,2026-01-30,110000,0.0,110000
P066,2026-01-31,110000,0.0,110000
P066,2026-02-01,110000,0.0,110000
P066,2026-02-02,110000,0.0,110000
P066,2026-02-03,110000,0.0,110000
P066,2026-02-04,110000,0.0,110000
P066,2026-02-05,110000,0.0,110000
P066,2026-02-06,110000,0.0,110000
P066,2026-02-07,110000,0.0,110000
P066,2026-02-08,110000,0.0,110000
P066,2026-02-09,110000,0.0,110000
P066,2026-02-10,110000,0.0,110000
P066,2026-02-11,110000,0.0,110000
P066,2026-02-12,110000,0.0,110000
P066,2026-02-13,110000,0.0,110000
P066,2026-02-14,110000,0.0,110000
P066,2026-02-15,110000,0.0,110000
P066,2026-02-16,110000,0.0,110000
P066,2026-02-17,110000,0.0,110000
P066,2026-02-18,110000,0.0,110000
P066,2026-02-19,110000,0.0,110000
P066,2026-02-20,110000,0.0,110000
P066,2026-02-21,110000,0.0,110000
P066,2026-02-22,110000,0.0,110000
P066,2026-02-23,110000,0.0,110000
P066,2026-02-24,110000,0.0,110000
P066,2026-02-25,110000,0.0,110000
P066,2026-02-26,110000,0.0,110000
P066,2026-02-27,110000,0.0,110000
P066,2026-02-28,110000,0.0,110000
P066,2026-03-01,110000,0.0,110000
P066,2026-03-02,110000,0.0,110000
P066,2026-03-03,110000,0.0,110000
P066,2026-03-04,110000,0.0,110000
P066,2026-03-05,110000,0.0,110000
P066,2026-03-06,110000,0.0,110000
P066,2026-03-07,110000,0.0,110000
P066,2026-03-08,110000,0.0,110000
P066,2026-03-09,110000,0.0,110000
P066,2026-03-10,110000,0.0,110000
P066,2026-03-11,110000,0.0,110000
P066,2026-03-12,110000,0.0,110000
P066,2026-03-13,110000,0.0,110000
P066,2026-03-14,110000,0.0,110000
P066,2026-03-15,110000,0.0,110000
P066,2026-03-16,110000,0.0,110000
P066,2026-03-17,110000,0.0,110000
P066,2026-03-18,110000,0.0,110000
P066,2026-03-19,110000,0.0,110000
P066,2026-03-20,110000,0.0,110000
P066,2026-03-21,110000,0.0,110000
P066,2026-03-22,110000,0.0,110000
P066,2026-03-23,110000,0.0,110000
P066,2026-03-24,110000,0.0,110000
P066,2026-03-25,110000,0.0,110000
P066,2026-03-26,110000,0.0,110000
P066,2026-03-27,110000,0.0,110000
P066,2026-03-28,110000,0.0,110000
P066,2026-03-29,110000,0.0,110000
P066,2026-03-30,110000,0.0,110000
P066,2026-03-31,110000,0.0,110000
P066,2026-04-01,110000,0.0,110000
P066,2026-04-02,110000,0.0,110000
P066,2026-04-03,110000,0.0,110000
P066,2026-04-04,110000,0.0,110000
P066,2026-04-05,110000,0.0,110000
P066,2026-04-06,110000,0.0,110000
P066,2026-04-07,110000,0.0,110000
P066,2026-04-08,110000,0.0,110000
P066,2026-04-09,110000,0.0,110000
P066,2026-04-10,110000,0.0,110000
P066,2026-04-11,110000,0.0,110000
P066,2026-04-12,110000,0.0,110000
P066,2026-04-13,110000,0.0,110000
P066,2026-04-14,110000,0.0,110000
P066,2026-04-15,110000,0.0,110000
P066,2026-04-16,110000,0.0,110000
P066,2026-04-17,110000,0.0,110000
P066,2026-04-18,110000,0.0,110000
P066,2026-04-19,110000,0.0,110000
P066,2026-04-20,110000,0.0,110000
P066,2026-04-21,110000,0.0,110000
P066,2026-04-22,110000,0.0,110000
P066,2026-04-23,110000,0.0,110000
P066,2026-04-24,110000,0.0,110000
P066,2026-04-25,110000,0.0,110000
P066,2026-04-26,110000,0.0,110000
P066,2026-04-27,110000,0.0,110000
P066,2026-04-28,110000,0.0,110000
P066,2026-04-29,110000,0.0,110000
P066,2026-04-30,110000,0.0,110000
P066,2026-05-01,110000,0.0,110000
P066,2026-05-02,110000,0.0,110000
P066,2026-05-03,110000,0.0,110000
P066,2026-05-04,110000,0.2,88000
P066,2026-05-05,110000,0.2,88000
P066,2026-05-06,110000,0.2,88000
P066,2026-05-07,110000,0.2,88000
P066,2026-05-08,110000,0.2,88000
P066,2026-05-09,110000,0.2,88000
P066,2026-05-10,110000,0.2,88000
P066,2026-05-11,110000,0.2,88000
P066,2026-05-12,110000,0.2,88000
P066,2026-05-13,110000,0.2,88000
P066,2026-05-14,110000,0.2,88000
P066,2026-05-15,110000,0.2,88000
P066,2026-05-16,110000,0.2,88000
P066,2026-05-17,110000,0.2,88000
P066,2026-05-18,110000,0.2,88000
P066,2026-05-19,110000,0.2,88000
P066,2026-05-20,110000,0.2,88000
P066,2026-05-21,110000,0.2,88000
P066,2026-05-22,110000,0.2,88000
P066,2026-05-23,110000,0.2,88000
P066,2026-05-24,110000,0.2,88000
P066,2026-05-25,110000,0.2,88000
P066,2026-05-26,110000,0.2,88000
P066,2026-05-27,110000,0.2,88000
P066,2026-05-28,110000,0.2,88000
P066,2026-05-29,110000,0.2,88000
P066,2026-05-30,110000,0.2,88000
P066,2026-05-31,110000,0.2,88000
P066,2026-06-01,110000,0.2,88000
P066,2026-06-02,110000,0.2,88000
P066,2026-06-03,110000,0.3,77000
P066,2026-06-04,110000,0.3,77000
P066,2026-06-05,110000,0.3,77000
P066,2026-06-06,110000,0.3,77000
P066,2026-06-07,110000,0.3,77000
P066,2026-06-08,110000,0.3,77000
P066,2026-06-09,110000,0.3,77000
P066,2026-06-10,110000,0.3,77000
P066,2026-06-11,110000,0.3,77000
P066,2026-06-12,110000,0.3,77000
P066,2026-06-13,110000,0.3,77000
P066,2026-06-14,110000,0.3,77000
P066,2026-06-15,110000,0.3,77000
P066,2026-06-16,110000,0.3,77000
P066,2026-06-17,110000,0.3,77000
P066,2026-06-18,110000,0.3,77000
P066,2026-06-19,110000,0.3,77000
P066,2026-06-20,110000,0.3,77000
P066,2026-06-21,110000,0.3,77000
P066,2026-06-22,110000,0.3,77000
P066,2026-06-23,110000,0.3,77000
P066,2026-06-24,110000,0.3,77000
P066,2026-06-25,110000,0.3,77000
P066,2026-06-26,110000,0.3,77000
P066,2026-06-27,110000,0.3,77000
P066,2026-06-28,110000,0.3,77000
P066,2026-06-29,110000,0.3,77000
P066,2026-06-30,110000,0.3,77000
P067,2026-01-01,110000,0.0,110000
P067,2026-01-02,110000,0.0,110000
P067,2026-01-03,110000,0.0,110000
P067,2026-01-04,110000,0.0,110000
P067,2026-01-05,110000,0.0,110000
P067,2026-01-06,110000,0.0,110000
P067,2026-01-07,110000,0.0,110000
P067,2026-01-08,110000,0.0,110000
P067,2026-01-09,110000,0.0,110000
P067,2026-01-10,110000,0.0,110000
P067,2026-01-11,110000,0.0,110000
P067,2026-01-12,110000,0.0,110000
P067,2026-01-13,110000,0.0,110000
P067,2026-01-14,110000,0.0,110000
P067,2026-01-15,110000,0.0,110000
P067,2026-01-16,110000,0.0,110000
P067,2026-01-17,110000,0.0,110000
P067,2026-01-18,110000,0.0,110000
P067,2026-01-19,110000,0.0,110000
P067,2026-01-20,110000,0.0,110000
P067,2026-01-21,110000,0.0,110000
P067,2026-01-22,110000,0.0,110000
P067,2026-01-23,110000,0.0,110000
P067,2026-01-24,110000,0.0,110000
P067,2026-01-25,110000,0.0,110000
P067,2026-01-26,110000,0.0,110000
P067,2026-01-27,110000,0.0,110000
P067,2026-01-28,110000,0.0,110000
P067,2026-01-29,110000,0.0,110000
P067,2026-01-30,110000,0.0,110000
P067,2026-01-31,110000,0.0,110000
P067,2026-02-01,110000,0.0,110000
P067,2026-02-02,110000,0.0,110000
P067,2026-02-03,110000,0.0,110000
P067,2026-02-04,110000,0.0,110000
P067,2026-02-05,110000,0.0,110000
P067,2026-02-06,110000,0.0,110000
P067,2026-02-07,110000,0.0,110000
P067,2026-02-08,110000,0.0,110000
P067,2026-02-09,110000,0.0,110000
P067,2026-02-10,110000,0.0,110000
P067,2026-02-11,110000,0.0,110000
P067,2026-02-12,110000,0.0,110000
P067,2026-02-13,110000,0.0,110000
P067,2026-02-14,110000,0.0,110000
P067,2026-02-15,110000,0.0,110000
P067,2026-02-16,110000,0.0,110000
P067,2026-02-17,110000,0.0,110000
P067,2026-02-18,110000,0.0,110000
P067,2026-02-19,110000,0.0,110000
P067,2026-02-20,110000,0.0,110000
P067,2026-02-21,110000,0.0,110000
P067,2026-02-22,110000,0.0,110000
P067,2026-02-23,110000,0.0,110000
P067,2026-02-24,110000,0.0,110000
P067,2026-02-25,110000,0.0,110000
P067,2026-02-26,110000,0.0,110000
P067,2026-02-27,110000,0.0,110000
P067,2026-02-28,110000,0.0,110000
P067,2026-03-01,110000,0.0,110000
P067,2026-03-02,110000,0.0,110000
P067,2026-03-03,110000,0.0,110000
P067,2026-03-04,110000,0.0,110000
P067,2026-03-05,110000,0.0,110000
P067,2026-03-06,110000,0.0,110000
P067,2026-03-07,110000,0.0,110000
P067,2026-03-08,110000,0.0,110000
P067,2026-03-09,110000,0.0,110000
P067,2026-03-10,110000,0.0,110000
P067,2026-03-11,110000,0.0,110000
P067,2026-03-12,110000,0.0,110000
P067,2026-03-13,110000,0.0,110000
P067,2026-03-14,110000,0.0,110000
P067,2026-03-15,110000,0.0,110000
P067,2026-03-16,110000,0.0,110000
P067,2026-03-17,110000,0.0,110000
P067,2026-03-18,110000,0.0,110000
P067,2026-03-19,110000,0.0,110000
P067,2026-03-20,110000,0.0,110000
P067,2026-03-21,110000,0.0,110000
P067,2026-03-22,110000,0.0,110000
P067,2026-03-23,110000,0.0,110000
P067,2026-03-24,110000,0.0,110000
P067,2026-03-25,110000,0.0,110000
P067,2026-03-26,110000,0.0,110000
P067,2026-03-27,110000,0.0,110000
P067,2026-03-28,110000,0.0,110000
P067,2026-03-29,110000,0.0,110000
P067,2026-03-30,110000,0.0,110000
P067,2026-03-31,110000,0.0,110000
P067,2026-04-01,110000,0.0,110000
P067,2026-04-02,110000,0.0,110000
P067,2026-04-03,110000,0.0,110000
P067,2026-04-04,110000,0.0,110000
P067,2026-04-05,110000,0.0,110000
P067,2026-04-06,110000,0.0,110000
P067,2026-04-07,110000,0.0,110000
P067,2026-04-08,110000,0.0,110000
P067,2026-04-09,110000,0.0,110000
P067,2026-04-10,110000,0.0,110000
P067,2026-04-11,110000,0.0,110000
P067,2026-04-12,110000,0.0,110000
P067,2026-04-13,110000,0.0,110000
P067,2026-04-14,110000,0.0,110000
P067,2026-04-15,110000,0.0,110000
P067,2026-04-16,110000,0.0,110000
P067,2026-04-17,110000,0.0,110000
P067,2026-04-18,110000,0.0,110000
P067,2026-04-19,110000,0.0,110000
P067,2026-04-20,110000,0.0,110000
P067,2026-04-21,110000,0.0,110000
P067,2026-04-22,110000,0.0,110000
P067,2026-04-23,110000,0.0,110000
P067,2026-04-24,110000,0.0,110000
P067,2026-04-25,110000,0.0,110000
P067,2026-04-26,110000,0.0,110000
P067,2026-04-27,110000,0.0,110000
P067,2026-04-28,110000,0.0,110000
P067,2026-04-29,110000,0.0,110000
P067,2026-04-30,110000,0.0,110000
P067,2026-05-01,110000,0.0,110000
P067,2026-05-02,110000,0.0,110000
P067,2026-05-03,110000,0.0,110000
P067,2026-05-04,110000,0.0,110000
P067,2026-05-05,110000,0.0,110000
P067,2026-05-06,110000,0.0,110000
P067,2026-05-07,110000,0.0,110000
P067,2026-05-08,110000,0.0,110000
P067,2026-05-09,110000,0.0,110000
P067,2026-05-10,110000,0.0,110000
P067,2026-05-11,110000,0.0,110000
P067,2026-05-12,110000,0.0,110000
P067,2026-05-13,110000,0.0,110000
P067,2026-05-14,110000,0.0,110000
P067,2026-05-15,110000,0.0,110000
P067,2026-05-16,110000,0.0,110000
P067,2026-05-17,110000,0.0,110000
P067,2026-05-18,110000,0.0,110000
P067,2026-05-19,110000,0.0,110000
P067,2026-05-20,110000,0.0,110000
P067,2026-05-21,110000,0.0,110000
P067,2026-05-22,110000,0.0,110000
P067,2026-05-23,110000,0.0,110000
P067,2026-05-24,110000,0.0,110000
P067,2026-05-25,110000,0.0,110000
P067,2026-05-26,110000,0.2,88000
P067,2026-05-27,110000,0.2,88000
P067,2026-05-28,110000,0.2,88000
P067,2026-05-29,110000,0.2,88000
P067,2026-05-30,110000,0.2,88000
P067,2026-05-31,110000,0.2,88000
P067,2026-06-01,110000,0.2,88000
P067,2026-06-02,110000,0.2,88000
P067,2026-06-03,110000,0.2,88000
P067,2026-06-04,110000,0.2,88000
P067,2026-06-05,110000,0.2,88000
P067,2026-06-06,110000,0.2,88000
P067,2026-06-07,110000,0.2,88000
P067,2026-06-08,110000,0.2,88000
P067,2026-06-09,110000,0.2,88000
P067,2026-06-10,110000,0.2,88000
P067,2026-06-11,110000,0.2,88000
P067,2026-06-12,110000,0.2,88000
P067,2026-06-13,110000,0.2,88000
P067,2026-06-14,110000,0.2,88000
P067,2026-06-15,110000,0.2,88000
P067,2026-06-16,110000,0.2,88000
P067,2026-06-17,110000,0.2,88000
P067,2026-06-18,110000,0.2,88000
P067,2026-06-19,110000,0.2,88000
P067,2026-06-20,110000,0.2,88000
P067,2026-06-21,110000,0.2,88000
P067,2026-06-22,110000,0.2,88000
P067,2026-06-23,110000,0.2,88000
P067,2026-06-24,110000,0.2,88000
P067,2026-06-25,110000,0.3,77000
P067,2026-06-26,110000,0.3,77000
P067,2026-06-27,110000,0.3,77000
P067,2026-06-28,110000,0.3,77000
P067,2026-06-29,110000,0.3,77000
P067,2026-06-30,110000,0.3,77000
P068,2026-01-01,117000,0.0,117000
P068,2026-01-02,117000,0.0,117000
P068,2026-01-03,117000,0.0,117000
P068,2026-01-04,117000,0.0,117000
P068,2026-01-05,117000,0.0,117000
P068,2026-01-06,117000,0.0,117000
P068,2026-01-07,117000,0.0,117000
P068,2026-01-08,117000,0.0,117000
P068,2026-01-09,117000,0.0,117000
P068,2026-01-10,117000,0.0,117000
P068,2026-01-11,117000,0.0,117000
P068,2026-01-12,117000,0.0,117000
P068,2026-01-13,117000,0.0,117000
P068,2026-01-14,117000,0.0,117000
P068,2026-01-15,117000,0.0,117000
P068,2026-01-16,117000,0.0,117000
P068,2026-01-17,117000,0.0,117000
P068,2026-01-18,117000,0.0,117000
P068,2026-01-19,117000,0.0,117000
P068,2026-01-20,117000,0.0,117000
P068,2026-01-21,117000,0.0,117000
P068,2026-01-22,117000,0.0,117000
P068,2026-01-23,117000,0.0,117000
P068,2026-01-24,117000,0.0,117000
P068,2026-01-25,117000,0.0,117000
P068,2026-01-26,117000,0.0,117000
P068,2026-01-27,117000,0.0,117000
P068,2026-01-28,117000,0.0,117000
P068,2026-01-29,117000,0.0,117000
P068,2026-01-30,117000,0.0,117000
P068,2026-01-31,117000,0.0,117000
P068,2026-02-01,117000,0.0,117000
P068,2026-02-02,117000,0.0,117000
P068,2026-02-03,117000,0.0,117000
P068,2026-02-04,117000,0.0,117000
P068,2026-02-05,117000,0.0,117000
P068,2026-02-06,117000,0.0,117000
P068,2026-02-07,117000,0.0,117000
P068,2026-02-08,117000,0.0,117000
P068,2026-02-09,117000,0.0,117000
P068,2026-02-10,117000,0.0,117000
P068,2026-02-11,117000,0.0,117000
P068,2026-02-12,117000,0.0,117000
P068,2026-02-13,117000,0.0,117000
P068,2026-02-14,117000,0.0,117000
P068,2026-02-15,117000,0.0,117000
P068,2026-02-16,117000,0.0,117000
P068,2026-02-17,117000,0.0,117000
P068,2026-02-18,117000,0.0,117000
P068,2026-02-19,117000,0.0,117000
P068,2026-02-20,117000,0.0,117000
P068,2026-02-21,117000,0.0,117000
P068,2026-02-22,117000,0.0,117000
P068,2026-02-23,117000,0.0,117000
P068,2026-02-24,117000,0.0,117000
P068,2026-02-25,117000,0.0,117000
P068,2026-02-26,117000,0.0,117000
P068,2026-02-27,117000,0.0,117000
P068,2026-02-28,117000,0.0,117000
P068,2026-03-01,117000,0.0,117000
P068,2026-03-02,117000,0.0,117000
P068,2026-03-03,117000,0.0,117000
P068,2026-03-04,117000,0.0,117000
P068,2026-03-05,117000,0.0,117000
P068,2026-03-06,117000,0.0,117000
P068,2026-03-07,117000,0.0,117000
P068,2026-03-08,117000,0.0,117000
P068,2026-03-09,117000,0.0,117000
P068,2026-03-10,117000,0.0,117000
P068,2026-03-11,117000,0.0,117000
P068,2026-03-12,117000,0.0,117000
P068,2026-03-13,117000,0.0,117000
P068,2026-03-14,117000,0.0,117000
P068,2026-03-15,117000,0.0,117000
P068,2026-03-16,117000,0.0,117000
P068,2026-03-17,117000,0.0,117000
P068,2026-03-18,117000,0.0,117000
P068,2026-03-19,117000,0.0,117000
P068,2026-03-20,117000,0.0,117000
P068,2026-03-21,117000,0.0,117000
P068,2026-03-22,117000,0.0,117000
P068,2026-03-23,117000,0.0,117000
P068,2026-03-24,117000,0.0,117000
P068,2026-03-25,117000,0.0,117000
P068,2026-03-26,117000,0.0,117000
P068,2026-03-27,117000,0.0,117000
P068,2026-03-28,117000,0.0,117000
P068,2026-03-29,117000,0.0,117000
P068,2026-03-30,117000,0.0,117000
P068,2026-03-31,117000,0.0,117000
P068,2026-04-01,117000,0.0,117000
P068,2026-04-02,117000,0.0,117000
P068,2026-04-03,117000,0.0,117000
P068,2026-04-04,117000,0.0,117000
P068,2026-04-05,117000,0.0,117000
P068,2026-04-06,117000,0.0,117000
P068,2026-04-07,117000,0.0,117000
P068,2026-04-08,117000,0.0,117000
P068,2026-04-09,117000,0.0,117000
P068,2026-04-10,117000,0.0,117000
P068,2026-04-11,117000,0.0,117000
P068,2026-04-12,117000,0.0,117000
P068,2026-04-13,117000,0.0,117000
P068,2026-04-14,117000,0.0,117000
P068,2026-04-15,117000,0.0,117000
P068,2026-04-16,117000,0.0,117000
P068,2026-04-17,117000,0.0,117000
P068,2026-04-18,117000,0.0,117000
P068,2026-04-19,117000,0.0,117000
P068,2026-04-20,117000,0.0,117000
P068,2026-04-21,117000,0.0,117000
P068,2026-04-22,117000,0.0,117000
P068,2026-04-23,117000,0.0,117000
P068,2026-04-24,117000,0.0,117000
P068,2026-04-25,117000,0.0,117000
P068,2026-04-26,117000,0.0,117000
P068,2026-04-27,117000,0.0,117000
P068,2026-04-28,117000,0.0,117000
P068,2026-04-29,117000,0.0,117000
P068,2026-04-30,117000,0.0,117000
P068,2026-05-01,117000,0.0,117000
P068,2026-05-02,117000,0.0,117000
P068,2026-05-03,117000,0.0,117000
P068,2026-05-04,117000,0.0,117000
P068,2026-05-05,117000,0.0,117000
P068,2026-05-06,117000,0.0,117000
P068,2026-05-07,117000,0.0,117000
P068,2026-05-08,117000,0.0,117000
P068,2026-05-09,117000,0.0,117000
P068,2026-05-10,117000,0.0,117000
P068,2026-05-11,117000,0.0,117000
P068,2026-05-12,117000,0.0,117000
P068,2026-05-13,117000,0.0,117000
P068,2026-05-14,117000,0.0,117000
P068,2026-05-15,117000,0.0,117000
P068,2026-05-16,117000,0.0,117000
P068,2026-05-17,117000,0.0,117000
P068,2026-05-18,117000,0.0,117000
P068,2026-05-19,117000,0.0,117000
P068,2026-05-20,117000,0.0,117000
P068,2026-05-21,117000,0.0,117000
P068,2026-05-22,117000,0.0,117000
P068,2026-05-23,117000,0.0,117000
P068,2026-05-24,117000,0.0,117000
P068,2026-05-25,117000,0.0,117000
P068,2026-05-26,117000,0.0,117000
P068,2026-05-27,117000,0.0,117000
P068,2026-05-28,117000,0.0,117000
P068,2026-05-29,117000,0.0,117000
P068,2026-05-30,117000,0.0,117000
P068,2026-05-31,117000,0.0,117000
P068,2026-06-01,117000,0.0,117000
P068,2026-06-02,117000,0.0,117000
P068,2026-06-03,117000,0.0,117000
P068,2026-06-04,117000,0.0,117000
P068,2026-06-05,117000,0.0,117000
P068,2026-06-06,117000,0.0,117000
P068,2026-06-07,117000,0.0,117000
P068,2026-06-08,117000,0.0,117000
P068,2026-06-09,117000,0.0,117000
P068,2026-06-10,117000,0.0,117000
P068,2026-06-11,117000,0.0,117000
P068,2026-06-12,117000,0.0,117000
P068,2026-06-13,117000,0.0,117000
P068,2026-06-14,117000,0.0,117000
P068,2026-06-15,117000,0.0,117000
P068,2026-06-16,117000,0.0,117000
P068,2026-06-17,117000,0.0,117000
P068,2026-06-18,117000,0.0,117000
P068,2026-06-19,117000,0.0,117000
P068,2026-06-20,117000,0.0,117000
P068,2026-06-21,117000,0.0,117000
P068,2026-06-22,117000,0.0,117000
P068,2026-06-23,117000,0.0,117000
P068,2026-06-24,117000,0.0,117000
P068,2026-06-25,117000,0.0,117000
P068,2026-06-26,117000,0.0,117000
P068,2026-06-27,117000,0.0,117000
P068,2026-06-28,117000,0.0,117000
P068,2026-06-29,117000,0.0,117000
P068,2026-06-30,117000,0.0,117000
P069,2026-01-01,122000,0.0,122000
P069,2026-01-02,122000,0.0,122000
P069,2026-01-03,122000,0.0,122000
P069,2026-01-04,122000,0.0,122000
P069,2026-01-05,122000,0.0,122000
P069,2026-01-06,122000,0.0,122000
P069,2026-01-07,122000,0.0,122000
P069,2026-01-08,122000,0.0,122000
P069,2026-01-09,122000,0.0,122000
P069,2026-01-10,122000,0.0,122000
P069,2026-01-11,122000,0.0,122000
P069,2026-01-12,122000,0.0,122000
P069,2026-01-13,122000,0.0,122000
P069,2026-01-14,122000,0.0,122000
P069,2026-01-15,122000,0.0,122000
P069,2026-01-16,122000,0.0,122000
P069,2026-01-17,122000,0.0,122000
P069,2026-01-18,122000,0.0,122000
P069,2026-01-19,122000,0.0,122000
P069,2026-01-20,122000,0.0,122000
P069,2026-01-21,122000,0.0,122000
P069,2026-01-22,122000,0.0,122000
P069,2026-01-23,122000,0.0,122000
P069,2026-01-24,122000,0.0,122000
P069,2026-01-25,122000,0.0,122000
P069,2026-01-26,122000,0.0,122000
P069,2026-01-27,122000,0.0,122000
P069,2026-01-28,122000,0.0,122000
P069,2026-01-29,122000,0.0,122000
P069,2026-01-30,122000,0.0,122000
P069,2026-01-31,122000,0.0,122000
P069,2026-02-01,122000,0.0,122000
P069,2026-02-02,122000,0.0,122000
P069,2026-02-03,122000,0.0,122000
P069,2026-02-04,122000,0.0,122000
P069,2026-02-05,122000,0.0,122000
P069,2026-02-06,122000,0.0,122000
P069,2026-02-07,122000,0.0,122000
P069,2026-02-08,122000,0.0,122000
P069,2026-02-09,122000,0.0,122000
P069,2026-02-10,122000,0.0,122000
P069,2026-02-11,122000,0.0,122000
P069,2026-02-12,122000,0.0,122000
P069,2026-02-13,122000,0.0,122000
P069,2026-02-14,122000,0.0,122000
P069,2026-02-15,122000,0.0,122000
P069,2026-02-16,122000,0.0,122000
P069,2026-02-17,122000,0.0,122000
P069,2026-02-18,122000,0.0,122000
P069,2026-02-19,122000,0.0,122000
P069,2026-02-20,122000,0.0,122000
P069,2026-02-21,122000,0.0,122000
P069,2026-02-22,122000,0.0,122000
P069,2026-02-23,122000,0.0,122000
P069,2026-02-24,122000,0.0,122000
P069,2026-02-25,122000,0.0,122000
P069,2026-02-26,122000,0.0,122000
P069,2026-02-27,122000,0.0,122000
P069,2026-02-28,122000,0.0,122000
P069,2026-03-01,122000,0.0,122000
P069,2026-03-02,122000,0.0,122000
P069,2026-03-03,122000,0.0,122000
P069,2026-03-04,122000,0.0,122000
P069,2026-03-05,122000,0.0,122000
P069,2026-03-06,122000,0.0,122000
P069,2026-03-07,122000,0.0,122000
P069,2026-03-08,122000,0.0,122000
P069,2026-03-09,122000,0.0,122000
P069,2026-03-10,122000,0.0,122000
P069,2026-03-11,122000,0.0,122000
P069,2026-03-12,122000,0.0,122000
P069,2026-03-13,122000,0.0,122000
P069,2026-03-14,122000,0.0,122000
P069,2026-03-15,122000,0.0,122000
P069,2026-03-16,122000,0.0,122000
P069,2026-03-17,122000,0.0,122000
P069,2026-03-18,122000,0.0,122000
P069,2026-03-19,122000,0.0,122000
P069,2026-03-20,122000,0.0,122000
P069,2026-03-21,122000,0.0,122000
P069,2026-03-22,122000,0.0,122000
P069,2026-03-23,122000,0.0,122000
P069,2026-03-24,122000,0.0,122000
P069,2026-03-25,122000,0.0,122000
P069,2026-03-26,122000,0.0,122000
P069,2026-03-27,122000,0.0,122000
P069,2026-03-28,122000,0.0,122000
P069,2026-03-29,122000,0.0,122000
P069,2026-03-30,122000,0.0,122000
P069,2026-03-31,122000,0.0,122000
P069,2026-04-01,122000,0.0,122000
P069,2026-04-02,122000,0.0,122000
P069,2026-04-03,122000,0.0,122000
P069,2026-04-04,122000,0.0,122000
P069,2026-04-05,122000,0.0,122000
P069,2026-04-06,122000,0.0,122000
P069,2026-04-07,122000,0.0,122000
P069,2026-04-08,122000,0.0,122000
P069,2026-04-09,122000,0.0,122000
P069,2026-04-10,122000,0.0,122000
P069,2026-04-11,122000,0.0,122000
P069,2026-04-12,122000,0.0,122000
P069,2026-04-13,122000,0.0,122000
P069,2026-04-14,122000,0.0,122000
P069,2026-04-15,122000,0.0,122000
P069,2026-04-16,122000,0.0,122000
P069,2026-04-17,122000,0.0,122000
P069,2026-04-18,122000,0.0,122000
P069,2026-04-19,122000,0.0,122000
P069,2026-04-20,122000,0.0,122000
P069,2026-04-21,122000,0.0,122000
P069,2026-04-22,122000,0.0,122000
P069,2026-04-23,122000,0.0,122000
P069,2026-04-24,122000,0.0,122000
P069,2026-04-25,122000,0.0,122000
P069,2026-04-26,122000,0.0,122000
P069,2026-04-27,122000,0.0,122000
P069,2026-04-28,122000,0.0,122000
P069,2026-04-29,122000,0.0,122000
P069,2026-04-30,122000,0.0,122000
P069,2026-05-01,122000,0.0,122000
P069,2026-05-02,122000,0.0,122000
P069,2026-05-03,122000,0.0,122000
P069,2026-05-04,122000,0.0,122000
P069,2026-05-05,122000,0.0,122000
P069,2026-05-06,122000,0.0,122000
P069,2026-05-07,122000,0.0,122000
P069,2026-05-08,122000,0.0,122000
P069,2026-05-09,122000,0.0,122000
P069,2026-05-10,122000,0.0,122000
P069,2026-05-11,122000,0.0,122000
P069,2026-05-12,122000,0.0,122000
P069,2026-05-13,122000,0.0,122000
P069,2026-05-14,122000,0.0,122000
P069,2026-05-15,122000,0.0,122000
P069,2026-05-16,122000,0.0,122000
P069,2026-05-17,122000,0.0,122000
P069,2026-05-18,122000,0.0,122000
P069,2026-05-19,122000,0.0,122000
P069,2026-05-20,122000,0.0,122000
P069,2026-05-21,122000,0.0,122000
P069,2026-05-22,122000,0.0,122000
P069,2026-05-23,122000,0.0,122000
P069,2026-05-24,122000,0.0,122000
P069,2026-05-25,122000,0.0,122000
P069,2026-05-26,122000,0.0,122000
P069,2026-05-27,122000,0.0,122000
P069,2026-05-28,122000,0.0,122000
P069,2026-05-29,122000,0.0,122000
P069,2026-05-30,122000,0.0,122000
P069,2026-05-31,122000,0.0,122000
P069,2026-06-01,122000,0.0,122000
P069,2026-06-02,122000,0.0,122000
P069,2026-06-03,122000,0.0,122000
P069,2026-06-04,122000,0.0,122000
P069,2026-06-05,122000,0.0,122000
P069,2026-06-06,122000,0.0,122000
P069,2026-06-07,122000,0.0,122000
P069,2026-06-08,122000,0.0,122000
P069,2026-06-09,122000,0.0,122000
P069,2026-06-10,122000,0.0,122000
P069,2026-06-11,122000,0.0,122000
P069,2026-06-12,122000,0.0,122000
P069,2026-06-13,122000,0.0,122000
P069,2026-06-14,122000,0.0,122000
P069,2026-06-15,122000,0.0,122000
P069,2026-06-16,122000,0.0,122000
P069,2026-06-17,122000,0.0,122000
P069,2026-06-18,122000,0.0,122000
P069,2026-06-19,122000,0.0,122000
P069,2026-06-20,122000,0.0,122000
P069,2026-06-21,122000,0.0,122000
P069,2026-06-22,122000,0.0,122000
P069,2026-06-23,122000,0.0,122000
P069,2026-06-24,122000,0.0,122000
P069,2026-06-25,122000,0.0,122000
P069,2026-06-26,122000,0.0,122000
P069,2026-06-27,122000,0.0,122000
P069,2026-06-28,122000,0.0,122000
P069,2026-06-29,122000,0.0,122000
P069,2026-06-30,122000,0.0,122000
P070,2026-01-01,114000,0.0,114000
P070,2026-01-02,114000,0.0,114000
P070,2026-01-03,114000,0.0,114000
P070,2026-01-04,114000,0.0,114000
P070,2026-01-05,114000,0.0,114000
P070,2026-01-06,114000,0.0,114000
P070,2026-01-07,114000,0.0,114000
P070,2026-01-08,114000,0.0,114000
P070,2026-01-09,114000,0.0,114000
P070,2026-01-10,114000,0.0,114000
P070,2026-01-11,114000,0.0,114000
P070,2026-01-12,114000,0.0,114000
P070,2026-01-13,114000,0.0,114000
P070,2026-01-14,114000,0.0,114000
P070,2026-01-15,114000,0.0,114000
P070,2026-01-16,114000,0.0,114000
P070,2026-01-17,114000,0.0,114000
P070,2026-01-18,114000,0.0,114000
P070,2026-01-19,114000,0.0,114000
P070,2026-01-20,114000,0.0,114000
P070,2026-01-21,114000,0.0,114000
P070,2026-01-22,114000,0.0,114000
P070,2026-01-23,114000,0.0,114000
P070,2026-01-24,114000,0.0,114000
P070,2026-01-25,114000,0.0,114000
P070,2026-01-26,114000,0.0,114000
P070,2026-01-27,114000,0.0,114000
P070,2026-01-28,114000,0.0,114000
P070,2026-01-29,114000,0.0,114000
P070,2026-01-30,114000,0.0,114000
P070,2026-01-31,114000,0.0,114000
P070,2026-02-01,114000,0.0,114000
P070,2026-02-02,114000,0.0,114000
P070,2026-02-03,114000,0.0,114000
P070,2026-02-04,114000,0.0,114000
P070,2026-02-05,114000,0.0,114000
P070,2026-02-06,114000,0.0,114000
P070,2026-02-07,114000,0.0,114000
P070,2026-02-08,114000,0.0,114000
P070,2026-02-09,114000,0.0,114000
P070,2026-02-10,114000,0.0,114000
P070,2026-02-11,114000,0.0,114000
P070,2026-02-12,114000,0.0,114000
P070,2026-02-13,114000,0.0,114000
P070,2026-02-14,114000,0.0,114000
P070,2026-02-15,114000,0.0,114000
P070,2026-02-16,114000,0.0,114000
P070,2026-02-17,114000,0.0,114000
P070,2026-02-18,114000,0.0,114000
P070,2026-02-19,114000,0.0,114000
P070,2026-02-20,114000,0.0,114000
P070,2026-02-21,114000,0.0,114000
P070,2026-02-22,114000,0.0,114000
P070,2026-02-23,114000,0.0,114000
P070,2026-02-24,114000,0.0,114000
P070,2026-02-25,114000,0.0,114000
P070,2026-02-26,114000,0.0,114000
P070,2026-02-27,114000,0.0,114000
P070,2026-02-28,114000,0.0,114000
P070,2026-03-01,114000,0.0,114000
P070,2026-03-02,114000,0.0,114000
P070,2026-03-03,114000,0.0,114000
P070,2026-03-04,114000,0.0,114000
P070,2026-03-05,114000,0.0,114000
P070,2026-03-06,114000,0.0,114000
P070,2026-03-07,114000,0.0,114000
P070,2026-03-08,114000,0.0,114000
P070,2026-03-09,114000,0.0,114000
P070,2026-03-10,114000,0.0,114000
P070,2026-03-11,114000,0.0,114000
P070,2026-03-12,114000,0.0,114000
P070,2026-03-13,114000,0.0,114000
P070,2026-03-14,114000,0.0,114000
P070,2026-03-15,114000,0.0,114000
P070,2026-03-16,114000,0.0,114000
P070,2026-03-17,114000,0.0,114000
P070,2026-03-18,114000,0.0,114000
P070,2026-03-19,114000,0.0,114000
P070,2026-03-20,114000,0.0,114000
P070,2026-03-21,114000,0.0,114000
P070,2026-03-22,114000,0.0,114000
P070,2026-03-23,114000,0.0,114000
P070,2026-03-24,114000,0.0,114000
P070,2026-03-25,114000,0.0,114000
P070,2026-03-26,114000,0.0,114000
P070,2026-03-27,114000,0.0,114000
P070,2026-03-28,114000,0.0,114000
P070,2026-03-29,114000,0.0,114000
P070,2026-03-30,114000,0.0,114000
P070,2026-03-31,114000,0.0,114000
P070,2026-04-01,114000,0.0,114000
P070,2026-04-02,114000,0.0,114000
P070,2026-04-03,114000,0.0,114000
P070,2026-04-04,114000,0.0,114000
P070,2026-04-05,114000,0.0,114000
P070,2026-04-06,114000,0.0,114000
P070,2026-04-07,114000,0.0,114000
P070,2026-04-08,114000,0.0,114000
P070,2026-04-09,114000,0.0,114000
P070,2026-04-10,114000,0.0,114000
P070,2026-04-11,114000,0.0,114000
P070,2026-04-12,114000,0.0,114000
P070,2026-04-13,114000,0.0,114000
P070,2026-04-14,114000,0.0,114000
P070,2026-04-15,114000,0.0,114000
P070,2026-04-16,114000,0.0,114000
P070,2026-04-17,114000,0.0,114000
P070,2026-04-18,114000,0.0,114000
P070,2026-04-19,114000,0.0,114000
P070,2026-04-20,114000,0.0,114000
P070,2026-04-21,114000,0.0,114000
P070,2026-04-22,114000,0.0,114000
P070,2026-04-23,114000,0.0,114000
P070,2026-04-24,114000,0.0,114000
P070,2026-04-25,114000,0.0,114000
P070,2026-04-26,114000,0.0,114000
P070,2026-04-27,114000,0.0,114000
P070,2026-04-28,114000,0.0,114000
P070,2026-04-29,114000,0.0,114000
P070,2026-04-30,114000,0.0,114000
P070,2026-05-01,114000,0.0,114000
P070,2026-05-02,114000,0.0,114000
P070,2026-05-03,114000,0.0,114000
P070,2026-05-04,114000,0.0,114000
P070,2026-05-05,114000,0.0,114000
P070,2026-05-06,114000,0.0,114000
P070,2026-05-07,114000,0.0,114000
P070,2026-05-08,114000,0.0,114000
P070,2026-05-09,114000,0.0,114000
P070,2026-05-10,114000,0.0,114000
P070,2026-05-11,114000,0.0,114000
P070,2026-05-12,114000,0.0,114000
P070,2026-05-13,114000,0.0,114000
P070,2026-05-14,114000,0.0,114000
P070,2026-05-15,114000,0.0,114000
P070,2026-05-16,114000,0.0,114000
P070,2026-05-17,114000,0.0,114000
P070,2026-05-18,114000,0.0,114000
P070,2026-05-19,114000,0.0,114000
P070,2026-05-20,114000,0.0,114000
P070,2026-05-21,114000,0.0,114000
P070,2026-05-22,114000,0.0,114000
P070,2026-05-23,114000,0.0,114000
P070,2026-05-24,114000,0.0,114000
P070,2026-05-25,114000,0.0,114000
P070,2026-05-26,114000,0.0,114000
P070,2026-05-27,114000,0.0,114000
P070,2026-05-28,114000,0.0,114000
P070,2026-05-29,114000,0.0,114000
P070,2026-05-30,114000,0.0,114000
P070,2026-05-31,114000,0.0,114000
P070,2026-06-01,114000,0.0,114000
P070,2026-06-02,114000,0.0,114000
P070,2026-06-03,114000,0.0,114000
P070,2026-06-04,114000,0.0,114000
P070,2026-06-05,114000,0.0,114000
P070,2026-06-06,114000,0.0,114000
P070,2026-06-07,114000,0.0,114000
P070,2026-06-08,114000,0.0,114000
P070,2026-06-09,114000,0.0,114000
P070,2026-06-10,114000,0.0,114000
P070,2026-06-11,114000,0.0,114000
P070,2026-06-12,114000,0.0,114000
P070,2026-06-13,114000,0.0,114000
P070,2026-06-14,114000,0.0,114000
P070,2026-06-15,114000,0.0,114000
P070,2026-06-16,114000,0.0,114000
P070,2026-06-17,114000,0.0,114000
P070,2026-06-18,114000,0.0,114000
P070,2026-06-19,114000,0.0,114000
P070,2026-06-20,114000,0.0,114000
P070,2026-06-21,114000,0.0,114000
P070,2026-06-22,114000,0.0,114000
P070,2026-06-23,114000,0.0,114000
P070,2026-06-24,114000,0.0,114000
P070,2026-06-25,114000,0.0,114000
P070,2026-06-26,114000,0.0,114000
P070,2026-06-27,114000,0.0,114000
P070,2026-06-28,114000,0.0,114000
P070,2026-06-29,114000,0.0,114000
P070,2026-06-30,114000,0.0,114000
P071,2026-01-01,133000,0.0,133000
P071,2026-01-02,133000,0.0,133000
P071,2026-01-03,133000,0.0,133000
P071,2026-01-04,133000,0.0,133000
P071,2026-01-05,133000,0.0,133000
P071,2026-01-06,133000,0.0,133000
P071,2026-01-07,133000,0.0,133000
P071,2026-01-08,133000,0.0,133000
P071,2026-01-09,133000,0.0,133000
P071,2026-01-10,133000,0.0,133000
P071,2026-01-11,133000,0.0,133000
P071,2026-01-12,133000,0.0,133000
P071,2026-01-13,133000,0.0,133000
P071,2026-01-14,133000,0.0,133000
P071,2026-01-15,133000,0.0,133000
P071,2026-01-16,133000,0.0,133000
P071,2026-01-17,133000,0.0,133000
P071,2026-01-18,133000,0.0,133000
P071,2026-01-19,133000,0.0,133000
P071,2026-01-20,133000,0.0,133000
P071,2026-01-21,133000,0.0,133000
P071,2026-01-22,133000,0.0,133000
P071,2026-01-23,133000,0.0,133000
P071,2026-01-24,133000,0.0,133000
P071,2026-01-25,133000,0.0,133000
P071,2026-01-26,133000,0.0,133000
P071,2026-01-27,133000,0.0,133000
P071,2026-01-28,133000,0.0,133000
P071,2026-01-29,133000,0.0,133000
P071,2026-01-30,133000,0.0,133000
P071,2026-01-31,133000,0.0,133000
P071,2026-02-01,133000,0.0,133000
P071,2026-02-02,133000,0.0,133000
P071,2026-02-03,133000,0.0,133000
P071,2026-02-04,133000,0.0,133000
P071,2026-02-05,133000,0.0,133000
P071,2026-02-06,133000,0.0,133000
P071,2026-02-07,133000,0.0,133000
P071,2026-02-08,133000,0.0,133000
P071,2026-02-09,133000,0.0,133000
P071,2026-02-10,133000,0.0,133000
P071,2026-02-11,133000,0.0,133000
P071,2026-02-12,133000,0.0,133000
P071,2026-02-13,133000,0.0,133000
P071,2026-02-14,133000,0.0,133000
P071,2026-02-15,133000,0.0,133000
P071,2026-02-16,133000,0.0,133000
P071,2026-02-17,133000,0.0,133000
P071,2026-02-18,133000,0.0,133000
P071,2026-02-19,133000,0.0,133000
P071,2026-02-20,133000,0.0,133000
P071,2026-02-21,133000,0.0,133000
P071,2026-02-22,133000,0.0,133000
P071,2026-02-23,133000,0.0,133000
P071,2026-02-24,133000,0.0,133000
P071,2026-02-25,133000,0.0,133000
P071,2026-02-26,133000,0.0,133000
P071,2026-02-27,133000,0.0,133000
P071,2026-02-28,133000,0.0,133000
P071,2026-03-01,133000,0.0,133000
P071,2026-03-02,133000,0.0,133000
P071,2026-03-03,133000,0.0,133000
P071,2026-03-04,133000,0.0,133000
P071,2026-03-05,133000,0.0,133000
P071,2026-03-06,133000,0.0,133000
P071,2026-03-07,133000,0.0,133000
P071,2026-03-08,133000,0.0,133000
P071,2026-03-09,133000,0.0,133000
P071,2026-03-10,133000,0.0,133000
P071,2026-03-11,133000,0.0,133000
P071,2026-03-12,133000,0.0,133000
P071,2026-03-13,133000,0.0,133000
P071,2026-03-14,133000,0.0,133000
P071,2026-03-15,133000,0.0,133000
P071,2026-03-16,133000,0.0,133000
P071,2026-03-17,133000,0.0,133000
P071,2026-03-18,133000,0.0,133000
P071,2026-03-19,133000,0.0,133000
P071,2026-03-20,133000,0.0,133000
P071,2026-03-21,133000,0.0,133000
P071,2026-03-22,133000,0.0,133000
P071,2026-03-23,133000,0.0,133000
P071,2026-03-24,133000,0.0,133000
P071,2026-03-25,133000,0.0,133000
P071,2026-03-26,133000,0.0,133000
P071,2026-03-27,133000,0.0,133000
P071,2026-03-28,133000,0.0,133000
P071,2026-03-29,133000,0.0,133000
P071,2026-03-30,133000,0.0,133000
P071,2026-03-31,133000,0.0,133000
P071,2026-04-01,133000,0.0,133000
P071,2026-04-02,133000,0.0,133000
P071,2026-04-03,133000,0.0,133000
P071,2026-04-04,133000,0.0,133000
P071,2026-04-05,133000,0.0,133000
P071,2026-04-06,133000,0.0,133000
P071,2026-04-07,133000,0.0,133000
P071,2026-04-08,133000,0.0,133000
P071,2026-04-09,133000,0.0,133000
P071,2026-04-10,133000,0.0,133000
P071,2026-04-11,133000,0.0,133000
P071,2026-04-12,133000,0.0,133000
P071,2026-04-13,133000,0.0,133000
P071,2026-04-14,133000,0.0,133000
P071,2026-04-15,133000,0.0,133000
P071,2026-04-16,133000,0.0,133000
P071,2026-04-17,133000,0.0,133000
P071,2026-04-18,133000,0.0,133000
P071,2026-04-19,133000,0.0,133000
P071,2026-04-20,133000,0.0,133000
P071,2026-04-21,133000,0.0,133000
P071,2026-04-22,133000,0.0,133000
P071,2026-04-23,133000,0.0,133000
P071,2026-04-24,133000,0.0,133000
P071,2026-04-25,133000,0.0,133000
P071,2026-04-26,133000,0.0,133000
P071,2026-04-27,133000,0.0,133000
P071,2026-04-28,133000,0.0,133000
P071,2026-04-29,133000,0.0,133000
P071,2026-04-30,133000,0.0,133000
P071,2026-05-01,133000,0.0,133000
P071,2026-05-02,133000,0.0,133000
P071,2026-05-03,133000,0.0,133000
P071,2026-05-04,133000,0.0,133000
P071,2026-05-05,133000,0.0,133000
P071,2026-05-06,133000,0.0,133000
P071,2026-05-07,133000,0.0,133000
P071,2026-05-08,133000,0.0,133000
P071,2026-05-09,133000,0.0,133000
P071,2026-05-10,133000,0.0,133000
P071,2026-05-11,133000,0.0,133000
P071,2026-05-12,133000,0.0,133000
P071,2026-05-13,133000,0.0,133000
P071,2026-05-14,133000,0.0,133000
P071,2026-05-15,133000,0.0,133000
P071,2026-05-16,133000,0.0,133000
P071,2026-05-17,133000,0.0,133000
P071,2026-05-18,133000,0.0,133000
P071,2026-05-19,133000,0.0,133000
P071,2026-05-20,133000,0.0,133000
P071,2026-05-21,133000,0.0,133000
P071,2026-05-22,133000,0.0,133000
P071,2026-05-23,133000,0.0,133000
P071,2026-05-24,133000,0.0,133000
P071,2026-05-25,133000,0.0,133000
P071,2026-05-26,133000,0.0,133000
P071,2026-05-27,133000,0.0,133000
P071,2026-05-28,133000,0.0,133000
P071,2026-05-29,133000,0.0,133000
P071,2026-05-30,133000,0.0,133000
P071,2026-05-31,133000,0.0,133000
P071,2026-06-01,133000,0.0,133000
P071,2026-06-02,133000,0.0,133000
P071,2026-06-03,133000,0.0,133000
P071,2026-06-04,133000,0.0,133000
P071,2026-06-05,133000,0.0,133000
P071,2026-06-06,133000,0.0,133000
P071,2026-06-07,133000,0.0,133000
P071,2026-06-08,133000,0.0,133000
P071,2026-06-09,133000,0.0,133000
P071,2026-06-10,133000,0.0,133000
P071,2026-06-11,133000,0.0,133000
P071,2026-06-12,133000,0.0,133000
P071,2026-06-13,133000,0.0,133000
P071,2026-06-14,133000,0.0,133000
P071,2026-06-15,133000,0.0,133000
P071,2026-06-16,133000,0.0,133000
P071,2026-06-17,133000,0.0,133000
P071,2026-06-18,133000,0.0,133000
P071,2026-06-19,133000,0.0,133000
P071,2026-06-20,133000,0.0,133000
P071,2026-06-21,133000,0.0,133000
P071,2026-06-22,133000,0.0,133000
P071,2026-06-23,133000,0.0,133000
P071,2026-06-24,133000,0.0,133000
P071,2026-06-25,133000,0.0,133000
P071,2026-06-26,133000,0.0,133000
P071,2026-06-27,133000,0.0,133000
P071,2026-06-28,133000,0.0,133000
P071,2026-06-29,133000,0.0,133000
P071,2026-06-30,133000,0.0,133000
P072,2026-01-01,95000,0.0,95000
P072,2026-01-02,95000,0.0,95000
P072,2026-01-03,95000,0.0,95000
P072,2026-01-04,95000,0.0,95000
P072,2026-01-05,95000,0.0,95000
P072,2026-01-06,95000,0.0,95000
P072,2026-01-07,95000,0.0,95000
P072,2026-01-08,95000,0.0,95000
P072,2026-01-09,95000,0.0,95000
P072,2026-01-10,95000,0.0,95000
P072,2026-01-11,95000,0.0,95000
P072,2026-01-12,95000,0.0,95000
P072,2026-01-13,95000,0.0,95000
P072,2026-01-14,95000,0.0,95000
P072,2026-01-15,95000,0.0,95000
P072,2026-01-16,95000,0.0,95000
P072,2026-01-17,95000,0.0,95000
P072,2026-01-18,95000,0.0,95000
P072,2026-01-19,95000,0.0,95000
P072,2026-01-20,95000,0.0,95000
P072,2026-01-21,95000,0.0,95000
P072,2026-01-22,95000,0.0,95000
P072,2026-01-23,95000,0.0,95000
P072,2026-01-24,95000,0.0,95000
P072,2026-01-25,95000,0.0,95000
P072,2026-01-26,95000,0.0,95000
P072,2026-01-27,95000,0.0,95000
P072,2026-01-28,95000,0.0,95000
P072,2026-01-29,95000,0.0,95000
P072,2026-01-30,95000,0.0,95000
P072,2026-01-31,95000,0.0,95000
P072,2026-02-01,95000,0.0,95000
P072,2026-02-02,95000,0.0,95000
P072,2026-02-03,95000,0.0,95000
P072,2026-02-04,95000,0.0,95000
P072,2026-02-05,95000,0.0,95000
P072,2026-02-06,95000,0.0,95000
P072,2026-02-07,95000,0.0,95000
P072,2026-02-08,95000,0.0,95000
P072,2026-02-09,95000,0.0,95000
P072,2026-02-10,95000,0.0,95000
P072,2026-02-11,95000,0.0,95000
P072,2026-02-12,95000,0.0,95000
P072,2026-02-13,95000,0.0,95000
P072,2026-02-14,95000,0.0,95000
P072,2026-02-15,95000,0.0,95000
P072,2026-02-16,95000,0.0,95000
P072,2026-02-17,95000,0.0,95000
P072,2026-02-18,95000,0.0,95000
P072,2026-02-19,95000,0.0,95000
P072,2026-02-20,95000,0.0,95000
P072,2026-02-21,95000,0.0,95000
P072,2026-02-22,95000,0.0,95000
P072,2026-02-23,95000,0.0,95000
P072,2026-02-24,95000,0.0,95000
P072,2026-02-25,95000,0.0,95000
P072,2026-02-26,95000,0.0,95000
P072,2026-02-27,95000,0.0,95000
P072,2026-02-28,95000,0.0,95000
P072,2026-03-01,95000,0.0,95000
P072,2026-03-02,95000,0.0,95000
P072,2026-03-03,95000,0.0,95000
P072,2026-03-04,95000,0.0,95000
P072,2026-03-05,95000,0.0,95000
P072,2026-03-06,95000,0.0,95000
P072,2026-03-07,95000,0.0,95000
P072,2026-03-08,95000,0.0,95000
P072,2026-03-09,95000,0.0,95000
P072,2026-03-10,95000,0.0,95000
P072,2026-03-11,95000,0.0,95000
P072,2026-03-12,95000,0.0,95000
P072,2026-03-13,95000,0.0,95000
P072,2026-03-14,95000,0.0,95000
P072,2026-03-15,95000,0.0,95000
P072,2026-03-16,95000,0.0,95000
P072,2026-03-17,95000,0.0,95000
P072,2026-03-18,95000,0.0,95000
P072,2026-03-19,95000,0.0,95000
P072,2026-03-20,95000,0.0,95000
P072,2026-03-21,95000,0.0,95000
P072,2026-03-22,95000,0.0,95000
P072,2026-03-23,95000,0.0,95000
P072,2026-03-24,95000,0.0,95000
P072,2026-03-25,95000,0.0,95000
P072,2026-03-26,95000,0.0,95000
P072,2026-03-27,95000,0.0,95000
P072,2026-03-28,95000,0.0,95000
P072,2026-03-29,95000,0.0,95000
P072,2026-03-30,95000,0.0,95000
P072,2026-03-31,95000,0.0,95000
P072,2026-04-01,95000,0.0,95000
P072,2026-04-02,95000,0.0,95000
P072,2026-04-03,95000,0.0,95000
P072,2026-04-04,95000,0.0,95000
P072,2026-04-05,95000,0.0,95000
P072,2026-04-06,95000,0.0,95000
P072,2026-04-07,95000,0.0,95000
P072,2026-04-08,95000,0.0,95000
P072,2026-04-09,95000,0.0,95000
P072,2026-04-10,95000,0.0,95000
P072,2026-04-11,95000,0.0,95000
P072,2026-04-12,95000,0.0,95000
P072,2026-04-13,95000,0.0,95000
P072,2026-04-14,95000,0.0,95000
P072,2026-04-15,95000,0.0,95000
P072,2026-04-16,95000,0.0,95000
P072,2026-04-17,95000,0.0,95000
P072,2026-04-18,95000,0.0,95000
P072,2026-04-19,95000,0.0,95000
P072,2026-04-20,95000,0.0,95000
P072,2026-04-21,95000,0.0,95000
P072,2026-04-22,95000,0.0,95000
P072,2026-04-23,95000,0.0,95000
P072,2026-04-24,95000,0.0,95000
P072,2026-04-25,95000,0.0,95000
P072,2026-04-26,95000,0.0,95000
P072,2026-04-27,95000,0.0,95000
P072,2026-04-28,95000,0.0,95000
P072,2026-04-29,95000,0.0,95000
P072,2026-04-30,95000,0.0,95000
P072,2026-05-01,95000,0.0,95000
P072,2026-05-02,95000,0.0,95000
P072,2026-05-03,95000,0.0,95000
P072,2026-05-04,95000,0.0,95000
P072,2026-05-05,95000,0.0,95000
P072,2026-05-06,95000,0.0,95000
P072,2026-05-07,95000,0.0,95000
P072,2026-05-08,95000,0.0,95000
P072,2026-05-09,95000,0.0,95000
P072,2026-05-10,95000,0.0,95000
P072,2026-05-11,95000,0.0,95000
P072,2026-05-12,95000,0.0,95000
P072,2026-05-13,95000,0.0,95000
P072,2026-05-14,95000,0.0,95000
P072,2026-05-15,95000,0.0,95000
P072,2026-05-16,95000,0.0,95000
P072,2026-05-17,95000,0.0,95000
P072,2026-05-18,95000,0.0,95000
P072,2026-05-19,95000,0.0,95000
P072,2026-05-20,95000,0.0,95000
P072,2026-05-21,95000,0.0,95000
P072,2026-05-22,95000,0.0,95000
P072,2026-05-23,95000,0.0,95000
P072,2026-05-24,95000,0.0,95000
P072,2026-05-25,95000,0.0,95000
P072,2026-05-26,95000,0.0,95000
P072,2026-05-27,95000,0.0,95000
P072,2026-05-28,95000,0.0,95000
P072,2026-05-29,95000,0.0,95000
P072,2026-05-30,95000,0.0,95000
P072,2026-05-31,95000,0.0,95000
P072,2026-06-01,95000,0.0,95000
P072,2026-06-02,95000,0.0,95000
P072,2026-06-03,95000,0.0,95000
P072,2026-06-04,95000,0.0,95000
P072,2026-06-05,95000,0.0,95000
P072,2026-06-06,95000,0.0,95000
P072,2026-06-07,95000,0.0,95000
P072,2026-06-08,95000,0.0,95000
P072,2026-06-09,95000,0.0,95000
P072,2026-06-10,95000,0.0,95000
P072,2026-06-11,95000,0.0,95000
P072,2026-06-12,95000,0.0,95000
P072,2026-06-13,95000,0.0,95000
P072,2026-06-14,95000,0.0,95000
P072,2026-06-15,95000,0.0,95000
P072,2026-06-16,95000,0.0,95000
P072,2026-06-17,95000,0.0,95000
P072,2026-06-18,95000,0.0,95000
P072,2026-06-19,95000,0.0,95000
P072,2026-06-20,95000,0.0,95000
P072,2026-06-21,95000,0.0,95000
P072,2026-06-22,95000,0.0,95000
P072,2026-06-23,95000,0.0,95000
P072,2026-06-24,95000,0.0,95000
P072,2026-06-25,95000,0.0,95000
P072,2026-06-26,95000,0.0,95000
P072,2026-06-27,95000,0.0,95000
P072,2026-06-28,95000,0.0,95000
P072,2026-06-29,95000,0.0,95000
P072,2026-06-30,95000,0.0,95000
P073,2026-01-01,75000,0.0,75000
P073,2026-01-02,75000,0.0,75000
P073,2026-01-03,75000,0.0,75000
P073,2026-01-04,75000,0.0,75000
P073,2026-01-05,75000,0.0,75000
P073,2026-01-06,75000,0.0,75000
P073,2026-01-07,75000,0.0,75000
P073,2026-01-08,75000,0.0,75000
P073,2026-01-09,75000,0.0,75000
P073,2026-01-10,75000,0.0,75000
P073,2026-01-11,75000,0.0,75000
P073,2026-01-12,75000,0.0,75000
P073,2026-01-13,75000,0.0,75000
P073,2026-01-14,75000,0.0,75000
P073,2026-01-15,75000,0.0,75000
P073,2026-01-16,75000,0.0,75000
P073,2026-01-17,75000,0.0,75000
P073,2026-01-18,75000,0.0,75000
P073,2026-01-19,75000,0.0,75000
P073,2026-01-20,75000,0.0,75000
P073,2026-01-21,75000,0.0,75000
P073,2026-01-22,75000,0.0,75000
P073,2026-01-23,75000,0.0,75000
P073,2026-01-24,75000,0.0,75000
P073,2026-01-25,75000,0.0,75000
P073,2026-01-26,75000,0.0,75000
P073,2026-01-27,75000,0.0,75000
P073,2026-01-28,75000,0.0,75000
P073,2026-01-29,75000,0.0,75000
P073,2026-01-30,75000,0.0,75000
P073,2026-01-31,75000,0.0,75000
P073,2026-02-01,75000,0.0,75000
P073,2026-02-02,75000,0.0,75000
P073,2026-02-03,75000,0.0,75000
P073,2026-02-04,75000,0.0,75000
P073,2026-02-05,75000,0.0,75000
P073,2026-02-06,75000,0.0,75000
P073,2026-02-07,75000,0.0,75000
P073,2026-02-08,75000,0.0,75000
P073,2026-02-09,75000,0.0,75000
P073,2026-02-10,75000,0.0,75000
P073,2026-02-11,75000,0.0,75000
P073,2026-02-12,75000,0.0,75000
P073,2026-02-13,75000,0.0,75000
P073,2026-02-14,75000,0.0,75000
P073,2026-02-15,75000,0.0,75000
P073,2026-02-16,75000,0.0,75000
P073,2026-02-17,75000,0.0,75000
P073,2026-02-18,75000,0.0,75000
P073,2026-02-19,75000,0.0,75000
P073,2026-02-20,75000,0.0,75000
P073,2026-02-21,75000,0.0,75000
P073,2026-02-22,75000,0.0,75000
P073,2026-02-23,75000,0.0,75000
P073,2026-02-24,75000,0.0,75000
P073,2026-02-25,75000,0.0,75000
P073,2026-02-26,75000,0.0,75000
P073,2026-02-27,75000,0.0,75000
P073,2026-02-28,75000,0.0,75000
P073,2026-03-01,75000,0.0,75000
P073,2026-03-02,75000,0.0,75000
P073,2026-03-03,75000,0.0,75000
P073,2026-03-04,75000,0.0,75000
P073,2026-03-05,75000,0.0,75000
P073,2026-03-06,75000,0.0,75000
P073,2026-03-07,75000,0.0,75000
P073,2026-03-08,75000,0.0,75000
P073,2026-03-09,75000,0.0,75000
P073,2026-03-10,75000,0.0,75000
P073,2026-03-11,75000,0.0,75000
P073,2026-03-12,75000,0.0,75000
P073,2026-03-13,75000,0.0,75000
P073,2026-03-14,75000,0.0,75000
P073,2026-03-15,75000,0.0,75000
P073,2026-03-16,75000,0.0,75000
P073,2026-03-17,75000,0.0,75000
P073,2026-03-18,75000,0.0,75000
P073,2026-03-19,75000,0.0,75000
P073,2026-03-20,75000,0.0,75000
P073,2026-03-21,75000,0.0,75000
P073,2026-03-22,75000,0.0,75000
P073,2026-03-23,75000,0.0,75000
P073,2026-03-24,75000,0.0,75000
P073,2026-03-25,75000,0.0,75000
P073,2026-03-26,75000,0.0,75000
P073,2026-03-27,75000,0.0,75000
P073,2026-03-28,75000,0.0,75000
P073,2026-03-29,75000,0.0,75000
P073,2026-03-30,75000,0.0,75000
P073,2026-03-31,75000,0.0,75000
P073,2026-04-01,75000,0.0,75000
P073,2026-04-02,75000,0.0,75000
P073,2026-04-03,75000,0.0,75000
P073,2026-04-04,75000,0.0,75000
P073,2026-04-05,75000,0.0,75000
P073,2026-04-06,75000,0.0,75000
P073,2026-04-07,75000,0.0,75000
P073,2026-04-08,75000,0.0,75000
P073,2026-04-09,75000,0.2,60000
P073,2026-04-10,75000,0.2,60000
P073,2026-04-11,75000,0.2,60000
P073,2026-04-12,75000,0.2,60000
P073,2026-04-13,75000,0.2,60000
P073,2026-04-14,75000,0.2,60000
P073,2026-04-15,75000,0.2,60000
P073,2026-04-16,75000,0.2,60000
P073,2026-04-17,75000,0.2,60000
P073,2026-04-18,75000,0.2,60000
P073,2026-04-19,75000,0.2,60000
P073,2026-04-20,75000,0.2,60000
P073,2026-04-21,75000,0.2,60000
P073,2026-04-22,75000,0.2,60000
P073,2026-04-23,75000,0.2,60000
P073,2026-04-24,75000,0.2,60000
P073,2026-04-25,75000,0.2,60000
P073,2026-04-26,75000,0.2,60000
P073,2026-04-27,75000,0.2,60000
P073,2026-04-28,75000,0.2,60000
P073,2026-04-29,75000,0.2,60000
P073,2026-04-30,75000,0.2,60000
P073,2026-05-01,75000,0.2,60000
P073,2026-05-02,75000,0.2,60000
P073,2026-05-03,75000,0.2,60000
P073,2026-05-04,75000,0.2,60000
P073,2026-05-05,75000,0.2,60000
P073,2026-05-06,75000,0.2,60000
P073,2026-05-07,75000,0.2,60000
P073,2026-05-08,75000,0.2,60000
P073,2026-05-09,75000,0.3,52500
P073,2026-05-10,75000,0.3,52500
P073,2026-05-11,75000,0.3,52500
P073,2026-05-12,75000,0.3,52500
P073,2026-05-13,75000,0.3,52500
P073,2026-05-14,75000,0.3,52500
P073,2026-05-15,75000,0.3,52500
P073,2026-05-16,75000,0.3,52500
P073,2026-05-17,75000,0.3,52500
P073,2026-05-18,75000,0.3,52500
P073,2026-05-19,75000,0.3,52500
P073,2026-05-20,75000,0.3,52500
P073,2026-05-21,75000,0.3,52500
P073,2026-05-22,75000,0.3,52500
P073,2026-05-23,75000,0.3,52500
P073,2026-05-24,75000,0.3,52500
P073,2026-05-25,75000,0.3,52500
P073,2026-05-26,75000,0.3,52500
P073,2026-05-27,75000,0.3,52500
P073,2026-05-28,75000,0.3,52500
P073,2026-05-29,75000,0.3,52500
P073,2026-05-30,75000,0.3,52500
P073,2026-05-31,75000,0.3,52500
P073,2026-06-01,75000,0.3,52500
P073,2026-06-02,75000,0.3,52500
P073,2026-06-03,75000,0.3,52500
P073,2026-06-04,75000,0.3,52500
P073,2026-06-05,75000,0.3,52500
P073,2026-06-06,75000,0.3,52500
P073,2026-06-07,75000,0.3,52500
P073,2026-06-08,75000,0.3,52500
P073,2026-06-09,75000,0.3,52500
P073,2026-06-10,75000,0.3,52500
P073,2026-06-11,75000,0.3,52500
P073,2026-06-12,75000,0.3,52500
P073,2026-06-13,75000,0.3,52500
P073,2026-06-14,75000,0.3,52500
P073,2026-06-15,75000,0.3,52500
P073,2026-06-16,75000,0.3,52500
P073,2026-06-17,75000,0.3,52500
P073,2026-06-18,75000,0.3,52500
P073,2026-06-19,75000,0.3,52500
P073,2026-06-20,75000,0.3,52500
P073,2026-06-21,75000,0.3,52500
P073,2026-06-22,75000,0.3,52500
P073,2026-06-23,75000,0.3,52500
P073,2026-06-24,75000,0.3,52500
P073,2026-06-25,75000,0.3,52500
P073,2026-06-26,75000,0.3,52500
P073,2026-06-27,75000,0.3,52500
P073,2026-06-28,75000,0.3,52500
P073,2026-06-29,75000,0.3,52500
P073,2026-06-30,75000,0.3,52500
P074,2026-01-01,107000,0.0,107000
P074,2026-01-02,107000,0.0,107000
P074,2026-01-03,107000,0.0,107000
P074,2026-01-04,107000,0.0,107000
P074,2026-01-05,107000,0.0,107000
P074,2026-01-06,107000,0.0,107000
P074,2026-01-07,107000,0.0,107000
P074,2026-01-08,107000,0.0,107000
P074,2026-01-09,107000,0.0,107000
P074,2026-01-10,107000,0.0,107000
P074,2026-01-11,107000,0.0,107000
P074,2026-01-12,107000,0.0,107000
P074,2026-01-13,107000,0.0,107000
P074,2026-01-14,107000,0.0,107000
P074,2026-01-15,107000,0.0,107000
P074,2026-01-16,107000,0.0,107000
P074,2026-01-17,107000,0.0,107000
P074,2026-01-18,107000,0.0,107000
P074,2026-01-19,107000,0.0,107000
P074,2026-01-20,107000,0.0,107000
P074,2026-01-21,107000,0.0,107000
P074,2026-01-22,107000,0.0,107000
P074,2026-01-23,107000,0.0,107000
P074,2026-01-24,107000,0.0,107000
P074,2026-01-25,107000,0.0,107000
P074,2026-01-26,107000,0.0,107000
P074,2026-01-27,107000,0.0,107000
P074,2026-01-28,107000,0.0,107000
P074,2026-01-29,107000,0.0,107000
P074,2026-01-30,107000,0.0,107000
P074,2026-01-31,107000,0.0,107000
P074,2026-02-01,107000,0.0,107000
P074,2026-02-02,107000,0.0,107000
P074,2026-02-03,107000,0.0,107000
P074,2026-02-04,107000,0.0,107000
P074,2026-02-05,107000,0.0,107000
P074,2026-02-06,107000,0.0,107000
P074,2026-02-07,107000,0.0,107000
P074,2026-02-08,107000,0.0,107000
P074,2026-02-09,107000,0.0,107000
P074,2026-02-10,107000,0.0,107000
P074,2026-02-11,107000,0.0,107000
P074,2026-02-12,107000,0.0,107000
P074,2026-02-13,107000,0.0,107000
P074,2026-02-14,107000,0.0,107000
P074,2026-02-15,107000,0.0,107000
P074,2026-02-16,107000,0.0,107000
P074,2026-02-17,107000,0.0,107000
P074,2026-02-18,107000,0.0,107000
P074,2026-02-19,107000,0.0,107000
P074,2026-02-20,107000,0.0,107000
P074,2026-02-21,107000,0.0,107000
P074,2026-02-22,107000,0.0,107000
P074,2026-02-23,107000,0.0,107000
P074,2026-02-24,107000,0.0,107000
P074,2026-02-25,107000,0.0,107000
P074,2026-02-26,107000,0.0,107000
P074,2026-02-27,107000,0.0,107000
P074,2026-02-28,107000,0.0,107000
P074,2026-03-01,107000,0.0,107000
P074,2026-03-02,107000,0.0,107000
P074,2026-03-03,107000,0.0,107000
P074,2026-03-04,107000,0.0,107000
P074,2026-03-05,107000,0.0,107000
P074,2026-03-06,107000,0.0,107000
P074,2026-03-07,107000,0.0,107000
P074,2026-03-08,107000,0.0,107000
P074,2026-03-09,107000,0.0,107000
P074,2026-03-10,107000,0.0,107000
P074,2026-03-11,107000,0.0,107000
P074,2026-03-12,107000,0.0,107000
P074,2026-03-13,107000,0.0,107000
P074,2026-03-14,107000,0.0,107000
P074,2026-03-15,107000,0.0,107000
P074,2026-03-16,107000,0.0,107000
P074,2026-03-17,107000,0.0,107000
P074,2026-03-18,107000,0.0,107000
P074,2026-03-19,107000,0.0,107000
P074,2026-03-20,107000,0.0,107000
P074,2026-03-21,107000,0.0,107000
P074,2026-03-22,107000,0.0,107000
P074,2026-03-23,107000,0.0,107000
P074,2026-03-24,107000,0.0,107000
P074,2026-03-25,107000,0.0,107000
P074,2026-03-26,107000,0.0,107000
P074,2026-03-27,107000,0.0,107000
P074,2026-03-28,107000,0.0,107000
P074,2026-03-29,107000,0.0,107000
P074,2026-03-30,107000,0.0,107000
P074,2026-03-31,107000,0.0,107000
P074,2026-04-01,107000,0.0,107000
P074,2026-04-02,107000,0.0,107000
P074,2026-04-03,107000,0.0,107000
P074,2026-04-04,107000,0.0,107000
P074,2026-04-05,107000,0.0,107000
P074,2026-04-06,107000,0.0,107000
P074,2026-04-07,107000,0.0,107000
P074,2026-04-08,107000,0.0,107000
P074,2026-04-09,107000,0.0,107000
P074,2026-04-10,107000,0.0,107000
P074,2026-04-11,107000,0.0,107000
P074,2026-04-12,107000,0.0,107000
P074,2026-04-13,107000,0.0,107000
P074,2026-04-14,107000,0.0,107000
P074,2026-04-15,107000,0.0,107000
P074,2026-04-16,107000,0.0,107000
P074,2026-04-17,107000,0.0,107000
P074,2026-04-18,107000,0.0,107000
P074,2026-04-19,107000,0.0,107000
P074,2026-04-20,107000,0.0,107000
P074,2026-04-21,107000,0.0,107000
P074,2026-04-22,107000,0.0,107000
P074,2026-04-23,107000,0.0,107000
P074,2026-04-24,107000,0.0,107000
P074,2026-04-25,107000,0.0,107000
P074,2026-04-26,107000,0.0,107000
P074,2026-04-27,107000,0.0,107000
P074,2026-04-28,107000,0.2,85600
P074,2026-04-29,107000,0.2,85600
P074,2026-04-30,107000,0.2,85600
P074,2026-05-01,107000,0.2,85600
P074,2026-05-02,107000,0.2,85600
P074,2026-05-03,107000,0.2,85600
P074,2026-05-04,107000,0.2,85600
P074,2026-05-05,107000,0.2,85600
P074,2026-05-06,107000,0.2,85600
P074,2026-05-07,107000,0.2,85600
P074,2026-05-08,107000,0.2,85600
P074,2026-05-09,107000,0.2,85600
P074,2026-05-10,107000,0.2,85600
P074,2026-05-11,107000,0.2,85600
P074,2026-05-12,107000,0.2,85600
P074,2026-05-13,107000,0.2,85600
P074,2026-05-14,107000,0.2,85600
P074,2026-05-15,107000,0.2,85600
P074,2026-05-16,107000,0.2,85600
P074,2026-05-17,107000,0.2,85600
P074,2026-05-18,107000,0.2,85600
P074,2026-05-19,107000,0.2,85600
P074,2026-05-20,107000,0.2,85600
P074,2026-05-21,107000,0.2,85600
P074,2026-05-22,107000,0.2,85600
P074,2026-05-23,107000,0.2,85600
P074,2026-05-24,107000,0.2,85600
P074,2026-05-25,107000,0.2,85600
P074,2026-05-26,107000,0.2,85600
P074,2026-05-27,107000,0.2,85600
P074,2026-05-28,107000,0.3,74900
P074,2026-05-29,107000,0.3,74900
P074,2026-05-30,107000,0.3,74900
P074,2026-05-31,107000,0.3,74900
P074,2026-06-01,107000,0.3,74900
P074,2026-06-02,107000,0.3,74900
P074,2026-06-03,107000,0.3,74900
P074,2026-06-04,107000,0.3,74900
P074,2026-06-05,107000,0.3,74900
P074,2026-06-06,107000,0.3,74900
P074,2026-06-07,107000,0.3,74900
P074,2026-06-08,107000,0.3,74900
P074,2026-06-09,107000,0.3,74900
P074,2026-06-10,107000,0.3,74900
P074,2026-06-11,107000,0.3,74900
P074,2026-06-12,107000,0.3,74900
P074,2026-06-13,107000,0.3,74900
P074,2026-06-14,107000,0.3,74900
P074,2026-06-15,107000,0.3,74900
P074,2026-06-16,107000,0.3,74900
P074,2026-06-17,107000,0.3,74900
P074,2026-06-18,107000,0.3,74900
P074,2026-06-19,107000,0.3,74900
P074,2026-06-20,107000,0.3,74900
P074,2026-06-21,107000,0.3,74900
P074,2026-06-22,107000,0.3,74900
P074,2026-06-23,107000,0.3,74900
P074,2026-06-24,107000,0.3,74900
P074,2026-06-25,107000,0.3,74900
P074,2026-06-26,107000,0.3,74900
P074,2026-06-27,107000,0.3,74900
P074,2026-06-28,107000,0.3,74900
P074,2026-06-29,107000,0.3,74900
P074,2026-06-30,107000,0.3,74900
P075,2026-01-01,81000,0.0,81000
P075,2026-01-02,81000,0.0,81000
P075,2026-01-03,81000,0.0,81000
P075,2026-01-04,81000,0.0,81000
P075,2026-01-05,81000,0.0,81000
P075,2026-01-06,81000,0.0,81000
P075,2026-01-07,81000,0.0,81000
P075,2026-01-08,81000,0.0,81000
P075,2026-01-09,81000,0.0,81000
P075,2026-01-10,81000,0.0,81000
P075,2026-01-11,81000,0.0,81000
P075,2026-01-12,81000,0.0,81000
P075,2026-01-13,81000,0.0,81000
P075,2026-01-14,81000,0.0,81000
P075,2026-01-15,81000,0.0,81000
P075,2026-01-16,81000,0.0,81000
P075,2026-01-17,81000,0.0,81000
P075,2026-01-18,81000,0.0,81000
P075,2026-01-19,81000,0.0,81000
P075,2026-01-20,81000,0.0,81000
P075,2026-01-21,81000,0.0,81000
P075,2026-01-22,81000,0.0,81000
P075,2026-01-23,81000,0.0,81000
P075,2026-01-24,81000,0.0,81000
P075,2026-01-25,81000,0.0,81000
P075,2026-01-26,81000,0.0,81000
P075,2026-01-27,81000,0.0,81000
P075,2026-01-28,81000,0.0,81000
P075,2026-01-29,81000,0.0,81000
P075,2026-01-30,81000,0.0,81000
P075,2026-01-31,81000,0.0,81000
P075,2026-02-01,81000,0.0,81000
P075,2026-02-02,81000,0.0,81000
P075,2026-02-03,81000,0.0,81000
P075,2026-02-04,81000,0.0,81000
P075,2026-02-05,81000,0.0,81000
P075,2026-02-06,81000,0.0,81000
P075,2026-02-07,81000,0.0,81000
P075,2026-02-08,81000,0.0,81000
P075,2026-02-09,81000,0.0,81000
P075,2026-02-10,81000,0.0,81000
P075,2026-02-11,81000,0.0,81000
P075,2026-02-12,81000,0.0,81000
P075,2026-02-13,81000,0.0,81000
P075,2026-02-14,81000,0.0,81000
P075,2026-02-15,81000,0.0,81000
P075,2026-02-16,81000,0.0,81000
P075,2026-02-17,81000,0.0,81000
P075,2026-02-18,81000,0.0,81000
P075,2026-02-19,81000,0.0,81000
P075,2026-02-20,81000,0.0,81000
P075,2026-02-21,81000,0.0,81000
P075,2026-02-22,81000,0.0,81000
P075,2026-02-23,81000,0.0,81000
P075,2026-02-24,81000,0.0,81000
P075,2026-02-25,81000,0.0,81000
P075,2026-02-26,81000,0.0,81000
P075,2026-02-27,81000,0.0,81000
P075,2026-02-28,81000,0.0,81000
P075,2026-03-01,81000,0.0,81000
P075,2026-03-02,81000,0.0,81000
P075,2026-03-03,81000,0.0,81000
P075,2026-03-04,81000,0.0,81000
P075,2026-03-05,81000,0.0,81000
P075,2026-03-06,81000,0.0,81000
P075,2026-03-07,81000,0.0,81000
P075,2026-03-08,81000,0.0,81000
P075,2026-03-09,81000,0.0,81000
P075,2026-03-10,81000,0.0,81000
P075,2026-03-11,81000,0.0,81000
P075,2026-03-12,81000,0.0,81000
P075,2026-03-13,81000,0.0,81000
P075,2026-03-14,81000,0.0,81000
P075,2026-03-15,81000,0.0,81000
P075,2026-03-16,81000,0.0,81000
P075,2026-03-17,81000,0.0,81000
P075,2026-03-18,81000,0.0,81000
P075,2026-03-19,81000,0.0,81000
P075,2026-03-20,81000,0.0,81000
P075,2026-03-21,81000,0.0,81000
P075,2026-03-22,81000,0.0,81000
P075,2026-03-23,81000,0.0,81000
P075,2026-03-24,81000,0.0,81000
P075,2026-03-25,81000,0.0,81000
P075,2026-03-26,81000,0.0,81000
P075,2026-03-27,81000,0.0,81000
P075,2026-03-28,81000,0.0,81000
P075,2026-03-29,81000,0.0,81000
P075,2026-03-30,81000,0.0,81000
P075,2026-03-31,81000,0.0,81000
P075,2026-04-01,81000,0.0,81000
P075,2026-04-02,81000,0.0,81000
P075,2026-04-03,81000,0.0,81000
P075,2026-04-04,81000,0.0,81000
P075,2026-04-05,81000,0.0,81000
P075,2026-04-06,81000,0.0,81000
P075,2026-04-07,81000,0.0,81000
P075,2026-04-08,81000,0.0,81000
P075,2026-04-09,81000,0.0,81000
P075,2026-04-10,81000,0.0,81000
P075,2026-04-11,81000,0.0,81000
P075,2026-04-12,81000,0.0,81000
P075,2026-04-13,81000,0.0,81000
P075,2026-04-14,81000,0.0,81000
P075,2026-04-15,81000,0.0,81000
P075,2026-04-16,81000,0.0,81000
P075,2026-04-17,81000,0.0,81000
P075,2026-04-18,81000,0.0,81000
P075,2026-04-19,81000,0.0,81000
P075,2026-04-20,81000,0.0,81000
P075,2026-04-21,81000,0.0,81000
P075,2026-04-22,81000,0.0,81000
P075,2026-04-23,81000,0.0,81000
P075,2026-04-24,81000,0.0,81000
P075,2026-04-25,81000,0.0,81000
P075,2026-04-26,81000,0.0,81000
P075,2026-04-27,81000,0.0,81000
P075,2026-04-28,81000,0.0,81000
P075,2026-04-29,81000,0.0,81000
P075,2026-04-30,81000,0.0,81000
P075,2026-05-01,81000,0.0,81000
P075,2026-05-02,81000,0.0,81000
P075,2026-05-03,81000,0.0,81000
P075,2026-05-04,81000,0.0,81000
P075,2026-05-05,81000,0.0,81000
P075,2026-05-06,81000,0.0,81000
P075,2026-05-07,81000,0.0,81000
P075,2026-05-08,81000,0.0,81000
P075,2026-05-09,81000,0.0,81000
P075,2026-05-10,81000,0.0,81000
P075,2026-05-11,81000,0.0,81000
P075,2026-05-12,81000,0.0,81000
P075,2026-05-13,81000,0.0,81000
P075,2026-05-14,81000,0.0,81000
P075,2026-05-15,81000,0.0,81000
P075,2026-05-16,81000,0.0,81000
P075,2026-05-17,81000,0.0,81000
P075,2026-05-18,81000,0.0,81000
P075,2026-05-19,81000,0.0,81000
P075,2026-05-20,81000,0.0,81000
P075,2026-05-21,81000,0.0,81000
P075,2026-05-22,81000,0.0,81000
P075,2026-05-23,81000,0.0,81000
P075,2026-05-24,81000,0.0,81000
P075,2026-05-25,81000,0.0,81000
P075,2026-05-26,81000,0.0,81000
P075,2026-05-27,81000,0.0,81000
P075,2026-05-28,81000,0.0,81000
P075,2026-05-29,81000,0.0,81000
P075,2026-05-30,81000,0.0,81000
P075,2026-05-31,81000,0.0,81000
P075,2026-06-01,81000,0.0,81000
P075,2026-06-02,81000,0.0,81000
P075,2026-06-03,81000,0.0,81000
P075,2026-06-04,81000,0.0,81000
P075,2026-06-05,81000,0.0,81000
P075,2026-06-06,81000,0.0,81000
P075,2026-06-07,81000,0.0,81000
P075,2026-06-08,81000,0.0,81000
P075,2026-06-09,81000,0.0,81000
P075,2026-06-10,81000,0.0,81000
P075,2026-06-11,81000,0.0,81000
P075,2026-06-12,81000,0.0,81000
P075,2026-06-13,81000,0.0,81000
P075,2026-06-14,81000,0.0,81000
P075,2026-06-15,81000,0.0,81000
P075,2026-06-16,81000,0.0,81000
P075,2026-06-17,81000,0.0,81000
P075,2026-06-18,81000,0.0,81000
P075,2026-06-19,81000,0.0,81000
P075,2026-06-20,81000,0.0,81000
P075,2026-06-21,81000,0.0,81000
P075,2026-06-22,81000,0.0,81000
P075,2026-06-23,81000,0.0,81000
P075,2026-06-24,81000,0.0,81000
P075,2026-06-25,81000,0.0,81000
P075,2026-06-26,81000,0.0,81000
P075,2026-06-27,81000,0.0,81000
P075,2026-06-28,81000,0.0,81000
P075,2026-06-29,81000,0.0,81000
P075,2026-06-30,81000,0.0,81000
P076,2026-01-01,101000,0.0,101000
P076,2026-01-02,101000,0.0,101000
P076,2026-01-03,101000,0.0,101000
P076,2026-01-04,101000,0.0,101000
P076,2026-01-05,101000,0.0,101000
P076,2026-01-06,101000,0.0,101000
P076,2026-01-07,101000,0.0,101000
P076,2026-01-08,101000,0.0,101000
P076,2026-01-09,101000,0.0,101000
P076,2026-01-10,101000,0.0,101000
P076,2026-01-11,101000,0.0,101000
P076,2026-01-12,101000,0.0,101000
P076,2026-01-13,101000,0.0,101000
P076,2026-01-14,101000,0.0,101000
P076,2026-01-15,101000,0.0,101000
P076,2026-01-16,101000,0.0,101000
P076,2026-01-17,101000,0.0,101000
P076,2026-01-18,101000,0.0,101000
P076,2026-01-19,101000,0.0,101000
P076,2026-01-20,101000,0.0,101000
P076,2026-01-21,101000,0.0,101000
P076,2026-01-22,101000,0.0,101000
P076,2026-01-23,101000,0.0,101000
P076,2026-01-24,101000,0.0,101000
P076,2026-01-25,101000,0.0,101000
P076,2026-01-26,101000,0.0,101000
P076,2026-01-27,101000,0.0,101000
P076,2026-01-28,101000,0.0,101000
P076,2026-01-29,101000,0.0,101000
P076,2026-01-30,101000,0.0,101000
P076,2026-01-31,101000,0.0,101000
P076,2026-02-01,101000,0.0,101000
P076,2026-02-02,101000,0.0,101000
P076,2026-02-03,101000,0.0,101000
P076,2026-02-04,101000,0.0,101000
P076,2026-02-05,101000,0.0,101000
P076,2026-02-06,101000,0.0,101000
P076,2026-02-07,101000,0.0,101000
P076,2026-02-08,101000,0.0,101000
P076,2026-02-09,101000,0.0,101000
P076,2026-02-10,101000,0.0,101000
P076,2026-02-11,101000,0.0,101000
P076,2026-02-12,101000,0.0,101000
P076,2026-02-13,101000,0.0,101000
P076,2026-02-14,101000,0.0,101000
P076,2026-02-15,101000,0.0,101000
P076,2026-02-16,101000,0.0,101000
P076,2026-02-17,101000,0.0,101000
P076,2026-02-18,101000,0.0,101000
P076,2026-02-19,101000,0.0,101000
P076,2026-02-20,101000,0.0,101000
P076,2026-02-21,101000,0.0,101000
P076,2026-02-22,101000,0.0,101000
P076,2026-02-23,101000,0.0,101000
P076,2026-02-24,101000,0.0,101000
P076,2026-02-25,101000,0.0,101000
P076,2026-02-26,101000,0.0,101000
P076,2026-02-27,101000,0.0,101000
P076,2026-02-28,101000,0.0,101000
P076,2026-03-01,101000,0.0,101000
P076,2026-03-02,101000,0.0,101000
P076,2026-03-03,101000,0.0,101000
P076,2026-03-04,101000,0.2,80800
P076,2026-03-05,101000,0.2,80800
P076,2026-03-06,101000,0.2,80800
P076,2026-03-07,101000,0.2,80800
P076,2026-03-08,101000,0.2,80800
P076,2026-03-09,101000,0.2,80800
P076,2026-03-10,101000,0.2,80800
P076,2026-03-11,101000,0.2,80800
P076,2026-03-12,101000,0.2,80800
P076,2026-03-13,101000,0.2,80800
P076,2026-03-14,101000,0.2,80800
P076,2026-03-15,101000,0.2,80800
P076,2026-03-16,101000,0.2,80800
P076,2026-03-17,101000,0.2,80800
P076,2026-03-18,101000,0.2,80800
P076,2026-03-19,101000,0.2,80800
P076,2026-03-20,101000,0.2,80800
P076,2026-03-21,101000,0.2,80800
P076,2026-03-22,101000,0.2,80800
P076,2026-03-23,101000,0.2,80800
P076,2026-03-24,101000,0.2,80800
P076,2026-03-25,101000,0.2,80800
P076,2026-03-26,101000,0.2,80800
P076,2026-03-27,101000,0.2,80800
P076,2026-03-28,101000,0.2,80800
P076,2026-03-29,101000,0.2,80800
P076,2026-03-30,101000,0.2,80800
P076,2026-03-31,101000,0.2,80800
P076,2026-04-01,101000,0.2,80800
P076,2026-04-02,101000,0.2,80800
P076,2026-04-03,101000,0.3,70700
P076,2026-04-04,101000,0.3,70700
P076,2026-04-05,101000,0.3,70700
P076,2026-04-06,101000,0.3,70700
P076,2026-04-07,101000,0.3,70700
P076,2026-04-08,101000,0.3,70700
P076,2026-04-09,101000,0.3,70700
P076,2026-04-10,101000,0.3,70700
P076,2026-04-11,101000,0.3,70700
P076,2026-04-12,101000,0.3,70700
P076,2026-04-13,101000,0.3,70700
P076,2026-04-14,101000,0.3,70700
P076,2026-04-15,101000,0.3,70700
P076,2026-04-16,101000,0.3,70700
P076,2026-04-17,101000,0.3,70700
P076,2026-04-18,101000,0.3,70700
P076,2026-04-19,101000,0.3,70700
P076,2026-04-20,101000,0.3,70700
P076,2026-04-21,101000,0.3,70700
P076,2026-04-22,101000,0.3,70700
P076,2026-04-23,101000,0.3,70700
P076,2026-04-24,101000,0.3,70700
P076,2026-04-25,101000,0.3,70700
P076,2026-04-26,101000,0.3,70700
P076,2026-04-27,101000,0.3,70700
P076,2026-04-28,101000,0.3,70700
P076,2026-04-29,101000,0.3,70700
P076,2026-04-30,101000,0.3,70700
P076,2026-05-01,101000,0.3,70700
P076,2026-05-02,101000,0.3,70700
P076,2026-05-03,101000,0.3,70700
P076,2026-05-04,101000,0.3,70700
P076,2026-05-05,101000,0.3,70700
P076,2026-05-06,101000,0.3,70700
P076,2026-05-07,101000,0.3,70700
P076,2026-05-08,101000,0.3,70700
P076,2026-05-09,101000,0.3,70700
P076,2026-05-10,101000,0.3,70700
P076,2026-05-11,101000,0.3,70700
P076,2026-05-12,101000,0.3,70700
P076,2026-05-13,101000,0.3,70700
P076,2026-05-14,101000,0.3,70700
P076,2026-05-15,101000,0.3,70700
P076,2026-05-16,101000,0.3,70700
P076,2026-05-17,101000,0.3,70700
P076,2026-05-18,101000,0.3,70700
P076,2026-05-19,101000,0.3,70700
P076,2026-05-20,101000,0.3,70700
P076,2026-05-21,101000,0.3,70700
P076,2026-05-22,101000,0.3,70700
P076,2026-05-23,101000,0.3,70700
P076,2026-05-24,101000,0.3,70700
P076,2026-05-25,101000,0.3,70700
P076,2026-05-26,101000,0.3,70700
P076,2026-05-27,101000,0.3,70700
P076,2026-05-28,101000,0.3,70700
P076,2026-05-29,101000,0.3,70700
P076,2026-05-30,101000,0.3,70700
P076,2026-05-31,101000,0.3,70700
P076,2026-06-01,101000,0.3,70700
P076,2026-06-02,101000,0.3,70700
P076,2026-06-03,101000,0.3,70700
P076,2026-06-04,101000,0.3,70700
P076,2026-06-05,101000,0.3,70700
P076,2026-06-06,101000,0.3,70700
P076,2026-06-07,101000,0.3,70700
P076,2026-06-08,101000,0.3,70700
P076,2026-06-09,101000,0.3,70700
P076,2026-06-10,101000,0.3,70700
P076,2026-06-11,101000,0.3,70700
P076,2026-06-12,101000,0.3,70700
P076,2026-06-13,101000,0.3,70700
P076,2026-06-14,101000,0.3,70700
P076,2026-06-15,101000,0.3,70700
P076,2026-06-16,101000,0.3,70700
P076,2026-06-17,101000,0.3,70700
P076,2026-06-18,101000,0.3,70700
P076,2026-06-19,101000,0.3,70700
P076,2026-06-20,101000,0.3,70700
P076,2026-06-21,101000,0.3,70700
P076,2026-06-22,101000,0.3,70700
P076,2026-06-23,101000,0.3,70700
P076,2026-06-24,101000,0.3,70700
P076,2026-06-25,101000,0.3,70700
P076,2026-06-26,101000,0.3,70700
P076,2026-06-27,101000,0.3,70700
P076,2026-06-28,101000,0.3,70700
P076,2026-06-29,101000,0.3,70700
P076,2026-06-30,101000,0.3,70700
P077,2026-01-01,69000,0.0,69000
P077,2026-01-02,69000,0.0,69000
P077,2026-01-03,69000,0.0,69000
P077,2026-01-04,69000,0.0,69000
P077,2026-01-05,69000,0.0,69000
P077,2026-01-06,69000,0.0,69000
P077,2026-01-07,69000,0.0,69000
P077,2026-01-08,69000,0.0,69000
P077,2026-01-09,69000,0.0,69000
P077,2026-01-10,69000,0.0,69000
P077,2026-01-11,69000,0.0,69000
P077,2026-01-12,69000,0.0,69000
P077,2026-01-13,69000,0.0,69000
P077,2026-01-14,69000,0.0,69000
P077,2026-01-15,69000,0.0,69000
P077,2026-01-16,69000,0.0,69000
P077,2026-01-17,69000,0.0,69000
P077,2026-01-18,69000,0.0,69000
P077,2026-01-19,69000,0.0,69000
P077,2026-01-20,69000,0.0,69000
P077,2026-01-21,69000,0.0,69000
P077,2026-01-22,69000,0.0,69000
P077,2026-01-23,69000,0.0,69000
P077,2026-01-24,69000,0.0,69000
P077,2026-01-25,69000,0.0,69000
P077,2026-01-26,69000,0.0,69000
P077,2026-01-27,69000,0.0,69000
P077,2026-01-28,69000,0.0,69000
P077,2026-01-29,69000,0.0,69000
P077,2026-01-30,69000,0.0,69000
P077,2026-01-31,69000,0.0,69000
P077,2026-02-01,69000,0.0,69000
P077,2026-02-02,69000,0.0,69000
P077,2026-02-03,69000,0.0,69000
P077,2026-02-04,69000,0.0,69000
P077,2026-02-05,69000,0.0,69000
P077,2026-02-06,69000,0.0,69000
P077,2026-02-07,69000,0.0,69000
P077,2026-02-08,69000,0.0,69000
P077,2026-02-09,69000,0.0,69000
P077,2026-02-10,69000,0.0,69000
P077,2026-02-11,69000,0.0,69000
P077,2026-02-12,69000,0.0,69000
P077,2026-02-13,69000,0.0,69000
P077,2026-02-14,69000,0.0,69000
P077,2026-02-15,69000,0.0,69000
P077,2026-02-16,69000,0.0,69000
P077,2026-02-17,69000,0.0,69000
P077,2026-02-18,69000,0.0,69000
P077,2026-02-19,69000,0.0,69000
P077,2026-02-20,69000,0.0,69000
P077,2026-02-21,69000,0.0,69000
P077,2026-02-22,69000,0.0,69000
P077,2026-02-23,69000,0.0,69000
P077,2026-02-24,69000,0.0,69000
P077,2026-02-25,69000,0.0,69000
P077,2026-02-26,69000,0.0,69000
P077,2026-02-27,69000,0.0,69000
P077,2026-02-28,69000,0.0,69000
P077,2026-03-01,69000,0.0,69000
P077,2026-03-02,69000,0.0,69000
P077,2026-03-03,69000,0.0,69000
P077,2026-03-04,69000,0.0,69000
P077,2026-03-05,69000,0.0,69000
P077,2026-03-06,69000,0.0,69000
P077,2026-03-07,69000,0.0,69000
P077,2026-03-08,69000,0.0,69000
P077,2026-03-09,69000,0.0,69000
P077,2026-03-10,69000,0.0,69000
P077,2026-03-11,69000,0.0,69000
P077,2026-03-12,69000,0.0,69000
P077,2026-03-13,69000,0.0,69000
P077,2026-03-14,69000,0.0,69000
P077,2026-03-15,69000,0.0,69000
P077,2026-03-16,69000,0.0,69000
P077,2026-03-17,69000,0.0,69000
P077,2026-03-18,69000,0.0,69000
P077,2026-03-19,69000,0.0,69000
P077,2026-03-20,69000,0.0,69000
P077,2026-03-21,69000,0.0,69000
P077,2026-03-22,69000,0.0,69000
P077,2026-03-23,69000,0.0,69000
P077,2026-03-24,69000,0.0,69000
P077,2026-03-25,69000,0.0,69000
P077,2026-03-26,69000,0.0,69000
P077,2026-03-27,69000,0.0,69000
P077,2026-03-28,69000,0.0,69000
P077,2026-03-29,69000,0.0,69000
P077,2026-03-30,69000,0.0,69000
P077,2026-03-31,69000,0.0,69000
P077,2026-04-01,69000,0.0,69000
P077,2026-04-02,69000,0.0,69000
P077,2026-04-03,69000,0.0,69000
P077,2026-04-04,69000,0.0,69000
P077,2026-04-05,69000,0.0,69000
P077,2026-04-06,69000,0.0,69000
P077,2026-04-07,69000,0.0,69000
P077,2026-04-08,69000,0.0,69000
P077,2026-04-09,69000,0.0,69000
P077,2026-04-10,69000,0.0,69000
P077,2026-04-11,69000,0.0,69000
P077,2026-04-12,69000,0.0,69000
P077,2026-04-13,69000,0.0,69000
P077,2026-04-14,69000,0.0,69000
P077,2026-04-15,69000,0.0,69000
P077,2026-04-16,69000,0.0,69000
P077,2026-04-17,69000,0.0,69000
P077,2026-04-18,69000,0.0,69000
P077,2026-04-19,69000,0.0,69000
P077,2026-04-20,69000,0.0,69000
P077,2026-04-21,69000,0.0,69000
P077,2026-04-22,69000,0.0,69000
P077,2026-04-23,69000,0.0,69000
P077,2026-04-24,69000,0.0,69000
P077,2026-04-25,69000,0.0,69000
P077,2026-04-26,69000,0.0,69000
P077,2026-04-27,69000,0.0,69000
P077,2026-04-28,69000,0.0,69000
P077,2026-04-29,69000,0.0,69000
P077,2026-04-30,69000,0.0,69000
P077,2026-05-01,69000,0.0,69000
P077,2026-05-02,69000,0.0,69000
P077,2026-05-03,69000,0.0,69000
P077,2026-05-04,69000,0.0,69000
P077,2026-05-05,69000,0.0,69000
P077,2026-05-06,69000,0.0,69000
P077,2026-05-07,69000,0.0,69000
P077,2026-05-08,69000,0.0,69000
P077,2026-05-09,69000,0.0,69000
P077,2026-05-10,69000,0.0,69000
P077,2026-05-11,69000,0.0,69000
P077,2026-05-12,69000,0.0,69000
P077,2026-05-13,69000,0.0,69000
P077,2026-05-14,69000,0.0,69000
P077,2026-05-15,69000,0.0,69000
P077,2026-05-16,69000,0.0,69000
P077,2026-05-17,69000,0.0,69000
P077,2026-05-18,69000,0.0,69000
P077,2026-05-19,69000,0.0,69000
P077,2026-05-20,69000,0.0,69000
P077,2026-05-21,69000,0.0,69000
P077,2026-05-22,69000,0.0,69000
P077,2026-05-23,69000,0.0,69000
P077,2026-05-24,69000,0.0,69000
P077,2026-05-25,69000,0.0,69000
P077,2026-05-26,69000,0.0,69000
P077,2026-05-27,69000,0.0,69000
P077,2026-05-28,69000,0.0,69000
P077,2026-05-29,69000,0.2,55200
P077,2026-05-30,69000,0.2,55200
P077,2026-05-31,69000,0.2,55200
P077,2026-06-01,69000,0.2,55200
P077,2026-06-02,69000,0.2,55200
P077,2026-06-03,69000,0.2,55200
P077,2026-06-04,69000,0.2,55200
P077,2026-06-05,69000,0.2,55200
P077,2026-06-06,69000,0.2,55200
P077,2026-06-07,69000,0.2,55200
P077,2026-06-08,69000,0.2,55200
P077,2026-06-09,69000,0.2,55200
P077,2026-06-10,69000,0.2,55200
P077,2026-06-11,69000,0.2,55200
P077,2026-06-12,69000,0.2,55200
P077,2026-06-13,69000,0.2,55200
P077,2026-06-14,69000,0.2,55200
P077,2026-06-15,69000,0.2,55200
P077,2026-06-16,69000,0.2,55200
P077,2026-06-17,69000,0.2,55200
P077,2026-06-18,69000,0.2,55200
P077,2026-06-19,69000,0.2,55200
P077,2026-06-20,69000,0.2,55200
P077,2026-06-21,69000,0.2,55200
P077,2026-06-22,69000,0.2,55200
P077,2026-06-23,69000,0.2,55200
P077,2026-06-24,69000,0.2,55200
P077,2026-06-25,69000,0.2,55200
P077,2026-06-26,69000,0.2,55200
P077,2026-06-27,69000,0.2,55200
P077,2026-06-28,69000,0.3,48300
P077,2026-06-29,69000,0.3,48300
P077,2026-06-30,69000,0.3,48300
P078,2026-01-01,108000,0.0,108000
P078,2026-01-02,108000,0.0,108000
P078,2026-01-03,108000,0.0,108000
P078,2026-01-04,108000,0.0,108000
P078,2026-01-05,108000,0.0,108000
P078,2026-01-06,108000,0.0,108000
P078,2026-01-07,108000,0.0,108000
P078,2026-01-08,108000,0.0,108000
P078,2026-01-09,108000,0.0,108000
P078,2026-01-10,108000,0.0,108000
P078,2026-01-11,108000,0.0,108000
P078,2026-01-12,108000,0.0,108000
P078,2026-01-13,108000,0.0,108000
P078,2026-01-14,108000,0.0,108000
P078,2026-01-15,108000,0.0,108000
P078,2026-01-16,108000,0.0,108000
P078,2026-01-17,108000,0.0,108000
P078,2026-01-18,108000,0.0,108000
P078,2026-01-19,108000,0.0,108000
P078,2026-01-20,108000,0.0,108000
P078,2026-01-21,108000,0.0,108000
P078,2026-01-22,108000,0.0,108000
P078,2026-01-23,108000,0.0,108000
P078,2026-01-24,108000,0.0,108000
P078,2026-01-25,108000,0.0,108000
P078,2026-01-26,108000,0.0,108000
P078,2026-01-27,108000,0.0,108000
P078,2026-01-28,108000,0.0,108000
P078,2026-01-29,108000,0.0,108000
P078,2026-01-30,108000,0.0,108000
P078,2026-01-31,108000,0.0,108000
P078,2026-02-01,108000,0.0,108000
P078,2026-02-02,108000,0.0,108000
P078,2026-02-03,108000,0.0,108000
P078,2026-02-04,108000,0.0,108000
P078,2026-02-05,108000,0.0,108000
P078,2026-02-06,108000,0.0,108000
P078,2026-02-07,108000,0.0,108000
P078,2026-02-08,108000,0.0,108000
P078,2026-02-09,108000,0.0,108000
P078,2026-02-10,108000,0.0,108000
P078,2026-02-11,108000,0.0,108000
P078,2026-02-12,108000,0.0,108000
P078,2026-02-13,108000,0.0,108000
P078,2026-02-14,108000,0.0,108000
P078,2026-02-15,108000,0.0,108000
P078,2026-02-16,108000,0.0,108000
P078,2026-02-17,108000,0.0,108000
P078,2026-02-18,108000,0.0,108000
P078,2026-02-19,108000,0.0,108000
P078,2026-02-20,108000,0.0,108000
P078,2026-02-21,108000,0.0,108000
P078,2026-02-22,108000,0.0,108000
P078,2026-02-23,108000,0.0,108000
P078,2026-02-24,108000,0.0,108000
P078,2026-02-25,108000,0.0,108000
P078,2026-02-26,108000,0.0,108000
P078,2026-02-27,108000,0.0,108000
P078,2026-02-28,108000,0.0,108000
P078,2026-03-01,108000,0.0,108000
P078,2026-03-02,108000,0.0,108000
P078,2026-03-03,108000,0.0,108000
P078,2026-03-04,108000,0.0,108000
P078,2026-03-05,108000,0.0,108000
P078,2026-03-06,108000,0.0,108000
P078,2026-03-07,108000,0.0,108000
P078,2026-03-08,108000,0.0,108000
P078,2026-03-09,108000,0.0,108000
P078,2026-03-10,108000,0.0,108000
P078,2026-03-11,108000,0.0,108000
P078,2026-03-12,108000,0.0,108000
P078,2026-03-13,108000,0.0,108000
P078,2026-03-14,108000,0.0,108000
P078,2026-03-15,108000,0.0,108000
P078,2026-03-16,108000,0.0,108000
P078,2026-03-17,108000,0.0,108000
P078,2026-03-18,108000,0.0,108000
P078,2026-03-19,108000,0.0,108000
P078,2026-03-20,108000,0.0,108000
P078,2026-03-21,108000,0.0,108000
P078,2026-03-22,108000,0.0,108000
P078,2026-03-23,108000,0.0,108000
P078,2026-03-24,108000,0.0,108000
P078,2026-03-25,108000,0.0,108000
P078,2026-03-26,108000,0.0,108000
P078,2026-03-27,108000,0.0,108000
P078,2026-03-28,108000,0.0,108000
P078,2026-03-29,108000,0.0,108000
P078,2026-03-30,108000,0.0,108000
P078,2026-03-31,108000,0.0,108000
P078,2026-04-01,108000,0.0,108000
P078,2026-04-02,108000,0.0,108000
P078,2026-04-03,108000,0.0,108000
P078,2026-04-04,108000,0.0,108000
P078,2026-04-05,108000,0.0,108000
P078,2026-04-06,108000,0.0,108000
P078,2026-04-07,108000,0.0,108000
P078,2026-04-08,108000,0.0,108000
P078,2026-04-09,108000,0.0,108000
P078,2026-04-10,108000,0.0,108000
P078,2026-04-11,108000,0.0,108000
P078,2026-04-12,108000,0.2,86400
P078,2026-04-13,108000,0.2,86400
P078,2026-04-14,108000,0.2,86400
P078,2026-04-15,108000,0.2,86400
P078,2026-04-16,108000,0.2,86400
P078,2026-04-17,108000,0.2,86400
P078,2026-04-18,108000,0.2,86400
P078,2026-04-19,108000,0.2,86400
P078,2026-04-20,108000,0.2,86400
P078,2026-04-21,108000,0.2,86400
P078,2026-04-22,108000,0.2,86400
P078,2026-04-23,108000,0.2,86400
P078,2026-04-24,108000,0.2,86400
P078,2026-04-25,108000,0.2,86400
P078,2026-04-26,108000,0.2,86400
P078,2026-04-27,108000,0.2,86400
P078,2026-04-28,108000,0.2,86400
P078,2026-04-29,108000,0.2,86400
P078,2026-04-30,108000,0.2,86400
P078,2026-05-01,108000,0.2,86400
P078,2026-05-02,108000,0.2,86400
P078,2026-05-03,108000,0.2,86400
P078,2026-05-04,108000,0.2,86400
P078,2026-05-05,108000,0.2,86400
P078,2026-05-06,108000,0.2,86400
P078,2026-05-07,108000,0.2,86400
P078,2026-05-08,108000,0.2,86400
P078,2026-05-09,108000,0.2,86400
P078,2026-05-10,108000,0.2,86400
P078,2026-05-11,108000,0.2,86400
P078,2026-05-12,108000,0.3,75600
P078,2026-05-13,108000,0.3,75600
P078,2026-05-14,108000,0.3,75600
P078,2026-05-15,108000,0.3,75600
P078,2026-05-16,108000,0.3,75600
P078,2026-05-17,108000,0.3,75600
P078,2026-05-18,108000,0.3,75600
P078,2026-05-19,108000,0.3,75600
P078,2026-05-20,108000,0.3,75600
P078,2026-05-21,108000,0.3,75600
P078,2026-05-22,108000,0.3,75600
P078,2026-05-23,108000,0.3,75600
P078,2026-05-24,108000,0.3,75600
P078,2026-05-25,108000,0.3,75600
P078,2026-05-26,108000,0.3,75600
P078,2026-05-27,108000,0.3,75600
P078,2026-05-28,108000,0.3,75600
P078,2026-05-29,108000,0.3,75600
P078,2026-05-30,108000,0.3,75600
P078,2026-05-31,108000,0.3,75600
P078,2026-06-01,108000,0.3,75600
P078,2026-06-02,108000,0.3,75600
P078,2026-06-03,108000,0.3,75600
P078,2026-06-04,108000,0.3,75600
P078,2026-06-05,108000,0.3,75600
P078,2026-06-06,108000,0.3,75600
P078,2026-06-07,108000,0.3,75600
P078,2026-06-08,108000,0.3,75600
P078,2026-06-09,108000,0.3,75600
P078,2026-06-10,108000,0.3,75600
P078,2026-06-11,108000,0.3,75600
P078,2026-06-12,108000,0.3,75600
P078,2026-06-13,108000,0.3,75600
P078,2026-06-14,108000,0.3,75600
P078,2026-06-15,108000,0.3,75600
P078,2026-06-16,108000,0.3,75600
P078,2026-06-17,108000,0.3,75600
P078,2026-06-18,108000,0.3,75600
P078,2026-06-19,108000,0.3,75600
P078,2026-06-20,108000,0.3,75600
P078,2026-06-21,108000,0.3,75600
P078,2026-06-22,108000,0.3,75600
P078,2026-06-23,108000,0.3,75600
P078,2026-06-24,108000,0.3,75600
P078,2026-06-25,108000,0.3,75600
P078,2026-06-26,108000,0.3,75600
P078,2026-06-27,108000,0.3,75600
P078,2026-06-28,108000,0.3,75600
P078,2026-06-29,108000,0.3,75600
P078,2026-06-30,108000,0.3,75600
P079,2026-01-01,115000,0.0,115000
P079,2026-01-02,115000,0.0,115000
P079,2026-01-03,115000,0.0,115000
P079,2026-01-04,115000,0.0,115000
P079,2026-01-05,115000,0.0,115000
P079,2026-01-06,115000,0.0,115000
P079,2026-01-07,115000,0.0,115000
P079,2026-01-08,115000,0.0,115000
P079,2026-01-09,115000,0.0,115000
P079,2026-01-10,115000,0.0,115000
P079,2026-01-11,115000,0.0,115000
P079,2026-01-12,115000,0.0,115000
P079,2026-01-13,115000,0.0,115000
P079,2026-01-14,115000,0.0,115000
P079,2026-01-15,115000,0.0,115000
P079,2026-01-16,115000,0.0,115000
P079,2026-01-17,115000,0.0,115000
P079,2026-01-18,115000,0.0,115000
P079,2026-01-19,115000,0.0,115000
P079,2026-01-20,115000,0.0,115000
P079,2026-01-21,115000,0.0,115000
P079,2026-01-22,115000,0.0,115000
P079,2026-01-23,115000,0.0,115000
P079,2026-01-24,115000,0.0,115000
P079,2026-01-25,115000,0.0,115000
P079,2026-01-26,115000,0.0,115000
P079,2026-01-27,115000,0.0,115000
P079,2026-01-28,115000,0.0,115000
P079,2026-01-29,115000,0.0,115000
P079,2026-01-30,115000,0.0,115000
P079,2026-01-31,115000,0.0,115000
P079,2026-02-01,115000,0.0,115000
P079,2026-02-02,115000,0.0,115000
P079,2026-02-03,115000,0.0,115000
P079,2026-02-04,115000,0.0,115000
P079,2026-02-05,115000,0.0,115000
P079,2026-02-06,115000,0.0,115000
P079,2026-02-07,115000,0.0,115000
P079,2026-02-08,115000,0.0,115000
P079,2026-02-09,115000,0.0,115000
P079,2026-02-10,115000,0.0,115000
P079,2026-02-11,115000,0.0,115000
P079,2026-02-12,115000,0.0,115000
P079,2026-02-13,115000,0.0,115000
P079,2026-02-14,115000,0.0,115000
P079,2026-02-15,115000,0.0,115000
P079,2026-02-16,115000,0.0,115000
P079,2026-02-17,115000,0.0,115000
P079,2026-02-18,115000,0.0,115000
P079,2026-02-19,115000,0.0,115000
P079,2026-02-20,115000,0.0,115000
P079,2026-02-21,115000,0.0,115000
P079,2026-02-22,115000,0.0,115000
P079,2026-02-23,115000,0.0,115000
P079,2026-02-24,115000,0.0,115000
P079,2026-02-25,115000,0.0,115000
P079,2026-02-26,115000,0.0,115000
P079,2026-02-27,115000,0.0,115000
P079,2026-02-28,115000,0.0,115000
P079,2026-03-01,115000,0.0,115000
P079,2026-03-02,115000,0.0,115000
P079,2026-03-03,115000,0.0,115000
P079,2026-03-04,115000,0.0,115000
P079,2026-03-05,115000,0.0,115000
P079,2026-03-06,115000,0.0,115000
P079,2026-03-07,115000,0.0,115000
P079,2026-03-08,115000,0.0,115000
P079,2026-03-09,115000,0.0,115000
P079,2026-03-10,115000,0.0,115000
P079,2026-03-11,115000,0.0,115000
P079,2026-03-12,115000,0.0,115000
P079,2026-03-13,115000,0.0,115000
P079,2026-03-14,115000,0.0,115000
P079,2026-03-15,115000,0.0,115000
P079,2026-03-16,115000,0.0,115000
P079,2026-03-17,115000,0.0,115000
P079,2026-03-18,115000,0.0,115000
P079,2026-03-19,115000,0.0,115000
P079,2026-03-20,115000,0.0,115000
P079,2026-03-21,115000,0.0,115000
P079,2026-03-22,115000,0.0,115000
P079,2026-03-23,115000,0.0,115000
P079,2026-03-24,115000,0.0,115000
P079,2026-03-25,115000,0.0,115000
P079,2026-03-26,115000,0.0,115000
P079,2026-03-27,115000,0.0,115000
P079,2026-03-28,115000,0.0,115000
P079,2026-03-29,115000,0.0,115000
P079,2026-03-30,115000,0.0,115000
P079,2026-03-31,115000,0.0,115000
P079,2026-04-01,115000,0.0,115000
P079,2026-04-02,115000,0.0,115000
P079,2026-04-03,115000,0.0,115000
P079,2026-04-04,115000,0.0,115000
P079,2026-04-05,115000,0.0,115000
P079,2026-04-06,115000,0.0,115000
P079,2026-04-07,115000,0.0,115000
P079,2026-04-08,115000,0.0,115000
P079,2026-04-09,115000,0.0,115000
P079,2026-04-10,115000,0.0,115000
P079,2026-04-11,115000,0.0,115000
P079,2026-04-12,115000,0.0,115000
P079,2026-04-13,115000,0.0,115000
P079,2026-04-14,115000,0.0,115000
P079,2026-04-15,115000,0.0,115000
P079,2026-04-16,115000,0.0,115000
P079,2026-04-17,115000,0.0,115000
P079,2026-04-18,115000,0.0,115000
P079,2026-04-19,115000,0.0,115000
P079,2026-04-20,115000,0.0,115000
P079,2026-04-21,115000,0.0,115000
P079,2026-04-22,115000,0.0,115000
P079,2026-04-23,115000,0.0,115000
P079,2026-04-24,115000,0.0,115000
P079,2026-04-25,115000,0.0,115000
P079,2026-04-26,115000,0.0,115000
P079,2026-04-27,115000,0.0,115000
P079,2026-04-28,115000,0.0,115000
P079,2026-04-29,115000,0.0,115000
P079,2026-04-30,115000,0.0,115000
P079,2026-05-01,115000,0.0,115000
P079,2026-05-02,115000,0.0,115000
P079,2026-05-03,115000,0.0,115000
P079,2026-05-04,115000,0.0,115000
P079,2026-05-05,115000,0.0,115000
P079,2026-05-06,115000,0.0,115000
P079,2026-05-07,115000,0.0,115000
P079,2026-05-08,115000,0.0,115000
P079,2026-05-09,115000,0.0,115000
P079,2026-05-10,115000,0.0,115000
P079,2026-05-11,115000,0.0,115000
P079,2026-05-12,115000,0.0,115000
P079,2026-05-13,115000,0.0,115000
P079,2026-05-14,115000,0.0,115000
P079,2026-05-15,115000,0.0,115000
P079,2026-05-16,115000,0.0,115000
P079,2026-05-17,115000,0.0,115000
P079,2026-05-18,115000,0.0,115000
P079,2026-05-19,115000,0.0,115000
P079,2026-05-20,115000,0.0,115000
P079,2026-05-21,115000,0.0,115000
P079,2026-05-22,115000,0.0,115000
P079,2026-05-23,115000,0.0,115000
P079,2026-05-24,115000,0.0,115000
P079,2026-05-25,115000,0.0,115000
P079,2026-05-26,115000,0.0,115000
P079,2026-05-27,115000,0.0,115000
P079,2026-05-28,115000,0.0,115000
P079,2026-05-29,115000,0.0,115000
P079,2026-05-30,115000,0.0,115000
P079,2026-05-31,115000,0.0,115000
P079,2026-06-01,115000,0.0,115000
P079,2026-06-02,115000,0.0,115000
P079,2026-06-03,115000,0.0,115000
P079,2026-06-04,115000,0.0,115000
P079,2026-06-05,115000,0.0,115000
P079,2026-06-06,115000,0.0,115000
P079,2026-06-07,115000,0.0,115000
P079,2026-06-08,115000,0.0,115000
P079,2026-06-09,115000,0.0,115000
P079,2026-06-10,115000,0.0,115000
P079,2026-06-11,115000,0.0,115000
P079,2026-06-12,115000,0.0,115000
P079,2026-06-13,115000,0.0,115000
P079,2026-06-14,115000,0.0,115000
P079,2026-06-15,115000,0.0,115000
P079,2026-06-16,115000,0.0,115000
P079,2026-06-17,115000,0.0,115000
P079,2026-06-18,115000,0.0,115000
P079,2026-06-19,115000,0.0,115000
P079,2026-06-20,115000,0.0,115000
P079,2026-06-21,115000,0.0,115000
P079,2026-06-22,115000,0.0,115000
P079,2026-06-23,115000,0.0,115000
P079,2026-06-24,115000,0.0,115000
P079,2026-06-25,115000,0.0,115000
P079,2026-06-26,115000,0.0,115000
P079,2026-06-27,115000,0.0,115000
P079,2026-06-28,115000,0.0,115000
P079,2026-06-29,115000,0.0,115000
P079,2026-06-30,115000,0.0,115000
P080,2026-01-01,109000,0.0,109000
P080,2026-01-02,109000,0.0,109000
P080,2026-01-03,109000,0.0,109000
P080,2026-01-04,109000,0.0,109000
P080,2026-01-05,109000,0.0,109000
P080,2026-01-06,109000,0.0,109000
P080,2026-01-07,109000,0.0,109000
P080,2026-01-08,109000,0.0,109000
P080,2026-01-09,109000,0.0,109000
P080,2026-01-10,109000,0.0,109000
P080,2026-01-11,109000,0.0,109000
P080,2026-01-12,109000,0.0,109000
P080,2026-01-13,109000,0.0,109000
P080,2026-01-14,109000,0.0,109000
P080,2026-01-15,109000,0.0,109000
P080,2026-01-16,109000,0.0,109000
P080,2026-01-17,109000,0.0,109000
P080,2026-01-18,109000,0.0,109000
P080,2026-01-19,109000,0.0,109000
P080,2026-01-20,109000,0.0,109000
P080,2026-01-21,109000,0.0,109000
P080,2026-01-22,109000,0.0,109000
P080,2026-01-23,109000,0.0,109000
P080,2026-01-24,109000,0.0,109000
P080,2026-01-25,109000,0.0,109000
P080,2026-01-26,109000,0.0,109000
P080,2026-01-27,109000,0.0,109000
P080,2026-01-28,109000,0.0,109000
P080,2026-01-29,109000,0.0,109000
P080,2026-01-30,109000,0.0,109000
P080,2026-01-31,109000,0.0,109000
P080,2026-02-01,109000,0.0,109000
P080,2026-02-02,109000,0.0,109000
P080,2026-02-03,109000,0.0,109000
P080,2026-02-04,109000,0.0,109000
P080,2026-02-05,109000,0.0,109000
P080,2026-02-06,109000,0.0,109000
P080,2026-02-07,109000,0.0,109000
P080,2026-02-08,109000,0.0,109000
P080,2026-02-09,109000,0.0,109000
P080,2026-02-10,109000,0.0,109000
P080,2026-02-11,109000,0.0,109000
P080,2026-02-12,109000,0.0,109000
P080,2026-02-13,109000,0.0,109000
P080,2026-02-14,109000,0.0,109000
P080,2026-02-15,109000,0.0,109000
P080,2026-02-16,109000,0.0,109000
P080,2026-02-17,109000,0.0,109000
P080,2026-02-18,109000,0.0,109000
P080,2026-02-19,109000,0.0,109000
P080,2026-02-20,109000,0.0,109000
P080,2026-02-21,109000,0.0,109000
P080,2026-02-22,109000,0.0,109000
P080,2026-02-23,109000,0.0,109000
P080,2026-02-24,109000,0.0,109000
P080,2026-02-25,109000,0.0,109000
P080,2026-02-26,109000,0.0,109000
P080,2026-02-27,109000,0.0,109000
P080,2026-02-28,109000,0.0,109000
P080,2026-03-01,109000,0.0,109000
P080,2026-03-02,109000,0.0,109000
P080,2026-03-03,109000,0.0,109000
P080,2026-03-04,109000,0.0,109000
P080,2026-03-05,109000,0.0,109000
P080,2026-03-06,109000,0.0,109000
P080,2026-03-07,109000,0.0,109000
P080,2026-03-08,109000,0.0,109000
P080,2026-03-09,109000,0.0,109000
P080,2026-03-10,109000,0.0,109000
P080,2026-03-11,109000,0.0,109000
P080,2026-03-12,109000,0.0,109000
P080,2026-03-13,109000,0.0,109000
P080,2026-03-14,109000,0.0,109000
P080,2026-03-15,109000,0.0,109000
P080,2026-03-16,109000,0.0,109000
P080,2026-03-17,109000,0.0,109000
P080,2026-03-18,109000,0.0,109000
P080,2026-03-19,109000,0.0,109000
P080,2026-03-20,109000,0.0,109000
P080,2026-03-21,109000,0.0,109000
P080,2026-03-22,109000,0.0,109000
P080,2026-03-23,109000,0.0,109000
P080,2026-03-24,109000,0.0,109000
P080,2026-03-25,109000,0.0,109000
P080,2026-03-26,109000,0.0,109000
P080,2026-03-27,109000,0.0,109000
P080,2026-03-28,109000,0.0,109000
P080,2026-03-29,109000,0.0,109000
P080,2026-03-30,109000,0.0,109000
P080,2026-03-31,109000,0.0,109000
P080,2026-04-01,109000,0.0,109000
P080,2026-04-02,109000,0.0,109000
P080,2026-04-03,109000,0.0,109000
P080,2026-04-04,109000,0.0,109000
P080,2026-04-05,109000,0.0,109000
P080,2026-04-06,109000,0.0,109000
P080,2026-04-07,109000,0.0,109000
P080,2026-04-08,109000,0.0,109000
P080,2026-04-09,109000,0.0,109000
P080,2026-04-10,109000,0.0,109000
P080,2026-04-11,109000,0.0,109000
P080,2026-04-12,109000,0.0,109000
P080,2026-04-13,109000,0.0,109000
P080,2026-04-14,109000,0.0,109000
P080,2026-04-15,109000,0.0,109000
P080,2026-04-16,109000,0.0,109000
P080,2026-04-17,109000,0.0,109000
P080,2026-04-18,109000,0.0,109000
P080,2026-04-19,109000,0.0,109000
P080,2026-04-20,109000,0.0,109000
P080,2026-04-21,109000,0.0,109000
P080,2026-04-22,109000,0.0,109000
P080,2026-04-23,109000,0.0,109000
P080,2026-04-24,109000,0.0,109000
P080,2026-04-25,109000,0.0,109000
P080,2026-04-26,109000,0.0,109000
P080,2026-04-27,109000,0.0,109000
P080,2026-04-28,109000,0.0,109000
P080,2026-04-29,109000,0.0,109000
P080,2026-04-30,109000,0.0,109000
P080,2026-05-01,109000,0.0,109000
P080,2026-05-02,109000,0.0,109000
P080,2026-05-03,109000,0.0,109000
P080,2026-05-04,109000,0.0,109000
P080,2026-05-05,109000,0.0,109000
P080,2026-05-06,109000,0.0,109000
P080,2026-05-07,109000,0.0,109000
P080,2026-05-08,109000,0.0,109000
P080,2026-05-09,109000,0.0,109000
P080,2026-05-10,109000,0.0,109000
P080,2026-05-11,109000,0.0,109000
P080,2026-05-12,109000,0.0,109000
P080,2026-05-13,109000,0.0,109000
P080,2026-05-14,109000,0.0,109000
P080,2026-05-15,109000,0.0,109000
P080,2026-05-16,109000,0.0,109000
P080,2026-05-17,109000,0.0,109000
P080,2026-05-18,109000,0.0,109000
P080,2026-05-19,109000,0.0,109000
P080,2026-05-20,109000,0.0,109000
P080,2026-05-21,109000,0.0,109000
P080,2026-05-22,109000,0.0,109000
P080,2026-05-23,109000,0.0,109000
P080,2026-05-24,109000,0.0,109000
P080,2026-05-25,109000,0.0,109000
P080,2026-05-26,109000,0.0,109000
P080,2026-05-27,109000,0.0,109000
P080,2026-05-28,109000,0.0,109000
P080,2026-05-29,109000,0.0,109000
P080,2026-05-30,109000,0.0,109000
P080,2026-05-31,109000,0.0,109000
P080,2026-06-01,109000,0.0,109000
P080,2026-06-02,109000,0.0,109000
P080,2026-06-03,109000,0.0,109000
P080,2026-06-04,109000,0.0,109000
P080,2026-06-05,109000,0.0,109000
P080,2026-06-06,109000,0.0,109000
P080,2026-06-07,109000,0.0,109000
P080,2026-06-08,109000,0.0,109000
P080,2026-06-09,109000,0.0,109000
P080,2026-06-10,109000,0.0,109000
P080,2026-06-11,109000,0.0,109000
P080,2026-06-12,109000,0.0,109000
P080,2026-06-13,109000,0.0,109000
P080,2026-06-14,109000,0.0,109000
P080,2026-06-15,109000,0.0,109000
P080,2026-06-16,109000,0.0,109000
P080,2026-06-17,109000,0.0,109000
P080,2026-06-18,109000,0.0,109000
P080,2026-06-19,109000,0.0,109000
P080,2026-06-20,109000,0.0,109000
P080,2026-06-21,109000,0.0,109000
P080,2026-06-22,109000,0.0,109000
P080,2026-06-23,109000,0.0,109000
P080,2026-06-24,109000,0.0,109000
P080,2026-06-25,109000,0.0,109000
P080,2026-06-26,109000,0.0,109000
P080,2026-06-27,109000,0.0,109000
P080,2026-06-28,109000,0.0,109000
P080,2026-06-29,109000,0.0,109000
P080,2026-06-30,109000,0.0,109000
